Date,activeaddresses3std
2010/07/17,1031
2010/07/18,806.213
2010/07/19,139.87
2010/07/20,57.743
2010/07/21,133.889
2010/07/22,256.262
2010/07/23,178.336
2010/07/24,322.061
2010/07/25,1274
2010/07/26,997.449
2010/07/27,1129
2010/07/28,492.429
2010/07/29,199.749
2010/07/30,120.41
2010/07/31,88.187
2010/08/01,123.032
2010/08/02,140.124
2010/08/03,330.504
2010/08/04,290.803
2010/08/05,200.907
2010/08/06,147.805
2010/08/07,250.477
2010/08/08,101.526
2010/08/09,223.34
2010/08/10,180.143
2010/08/11,154.336
2010/08/12,110.204
2010/08/13,219.113
2010/08/14,260.543
2010/08/15,351.368
2010/08/16,285.294
2010/08/17,299.966
2010/08/18,243.332
2010/08/19,230.879
2010/08/20,216.058
2010/08/21,155.412
2010/08/22,104.665
2010/08/23,102.15
2010/08/24,55.96
2010/08/25,136.375
2010/08/26,135.807
2010/08/27,145.202
2010/08/28,134.247
2010/08/29,117.602
2010/08/30,126.874
2010/08/31,283.395
2010/09/01,174.695
2010/09/02,159.502
2010/09/03,84.48
2010/09/04,75.171
2010/09/05,79.202
2010/09/06,79.939
2010/09/07,123.032
2010/09/08,121.077
2010/09/09,121.922
2010/09/10,27.536
2010/09/11,91.782
2010/09/12,228.86
2010/09/13,265.462
2010/09/14,47.954
2010/09/15,51.88
2010/09/16,20.806
2010/09/17,311.223
2010/09/18,371.623
2010/09/19,379.91
2010/09/20,118.348
2010/09/21,507.528
2010/09/22,423.743
2010/09/23,162.369
2010/09/24,223.595
2010/09/25,220.166
2010/09/26,182.555
2010/09/27,539.653
2010/09/28,884.431
2010/09/29,442.69
2010/09/30,866.749
2010/10/01,462.112
2010/10/02,174.272
2010/10/03,144.188
2010/10/04,130.476
2010/10/05,134.554
2010/10/06,122.956
2010/10/07,49.071
2010/10/08,140.194
2010/10/09,136.844
2010/10/10,158.041
2010/10/11,116.149
2010/10/12,19.067
2010/10/13,271.334
2010/10/14,269.821
2010/10/15,303.387
2010/10/16,309.92
2010/10/17,287.445
2010/10/18,177.616
2010/10/19,550.104
2010/10/20,376.441
2010/10/21,338.455
2010/10/22,189.415
2010/10/23,140.687
2010/10/24,122.322
2010/10/25,86.785
2010/10/26,101.153
2010/10/27,304.939
2010/10/28,205.032
2010/10/29,220.123
2010/10/30,277.402
2010/10/31,230.426
2010/11/01,73.145
2010/11/02,121
2010/11/03,121.666
2010/11/04,127.795
2010/11/05,232.086
2010/11/06,220.329
2010/11/07,196.618
2010/11/08,878.287
2010/11/09,851.105
2010/11/10,868.802
2010/11/11,45.792
2010/11/12,165.395
2010/11/13,127.607
2010/11/14,375.256
2010/11/15,3457
2010/11/16,2933
2010/11/17,3137
2010/11/18,2557
2010/11/19,37.035
2010/11/20,139.258
2010/11/21,124.39
2010/11/22,140.209
2010/11/23,113.247
2010/11/24,304.066
2010/11/25,264.923
2010/11/26,248.177
2010/11/27,319.687
2010/11/28,419.079
2010/11/29,159.41
2010/11/30,158.501
2010/12/01,259.601
2010/12/02,287.346
2010/12/03,253.819
2010/12/04,124.283
2010/12/05,161.735
2010/12/06,34.654
2010/12/07,404.307
2010/12/08,334.761
2010/12/09,263.307
2010/12/10,226.582
2010/12/11,354.766
2010/12/12,478.468
2010/12/13,522.786
2010/12/14,483.549
2010/12/15,534.376
2010/12/16,158.527
2010/12/17,236.104
2010/12/18,125.67
2010/12/19,251.226
2010/12/20,496.941
2010/12/21,351.197
2010/12/22,309.857
2010/12/23,158.529
2010/12/24,293.359
2010/12/25,190.762
2010/12/26,193.515
2010/12/27,91.758
2010/12/28,104.665
2010/12/29,126.842
2010/12/30,83.058
2010/12/31,157.641
2011/01/01,175.735
2011/01/02,157.94
2011/01/03,315.613
2011/01/04,315.199
2011/01/05,386.441
2011/01/06,402.202
2011/01/07,322.55
2011/01/08,261.58
2011/01/09,179.755
2011/01/10,73.973
2011/01/11,140.952
2011/01/12,237.601
2011/01/13,360.09
2011/01/14,373.42
2011/01/15,228.251
2011/01/16,152.406
2011/01/17,154.655
2011/01/18,155.446
2011/01/19,163.4
2011/01/20,108.472
2011/01/21,449.442
2011/01/22,621.766
2011/01/23,233.423
2011/01/24,215.629
2011/01/25,528.652
2011/01/26,524.27
2011/01/27,173.377
2011/01/28,86.085
2011/01/29,383.501
2011/01/30,1279
2011/01/31,993.021
2011/02/01,1091
2011/02/02,605.738
2011/02/03,539.198
2011/02/04,220.692
2011/02/05,237.005
2011/02/06,117.636
2011/02/07,122.162
2011/02/08,29.978
2011/02/09,637.308
2011/02/10,1773
2011/02/11,1844
2011/02/12,859.256
2011/02/13,968.663
2011/02/14,786.793
2011/02/15,743.8
2011/02/16,936.01
2011/02/17,447.218
2011/02/18,543.827
2011/02/19,627.557
2011/02/20,588.649
2011/02/21,335.607
2011/02/22,524.049
2011/02/23,470.195
2011/02/24,107.905
2011/02/25,318.614
2011/02/26,214.838
2011/02/27,185.014
2011/02/28,547.535
2011/03/01,1825
2011/03/02,1805
2011/03/03,1265
2011/03/04,1360
2011/03/05,1392
2011/03/06,295.072
2011/03/07,245.389
2011/03/08,481.67
2011/03/09,444.061
2011/03/10,779.771
2011/03/11,396.751
2011/03/12,262.257
2011/03/13,277.13
2011/03/14,316.364
2011/03/15,379.524
2011/03/16,331.76
2011/03/17,108.824
2011/03/18,107.136
2011/03/19,108.086
2011/03/20,1241
2011/03/21,1306
2011/03/22,669.951
2011/03/23,2541
2011/03/24,2618
2011/03/25,2444
2011/03/26,547.352
2011/03/27,595.727
2011/03/28,507.41
2011/03/29,595.817
2011/03/30,1375
2011/03/31,809.149
2011/04/01,720.524
2011/04/02,818.142
2011/04/03,316.03
2011/04/04,1121
2011/04/05,830.435
2011/04/06,618.407
2011/04/07,720.97
2011/04/08,362.544
2011/04/09,198.993
2011/04/10,115.578
2011/04/11,474.991
2011/04/12,679.738
2011/04/13,500.847
2011/04/14,1409
2011/04/15,1529
2011/04/16,1514
2011/04/17,1070
2011/04/18,1052
2011/04/19,1642
2011/04/20,843.22
2011/04/21,1887
2011/04/22,1180
2011/04/23,761.305
2011/04/24,565.082
2011/04/25,346.906
2011/04/26,1255
2011/04/27,1976
2011/04/28,1232
2011/04/29,1040
2011/04/30,1635
2011/05/01,1152
2011/05/02,1815
2011/05/03,1388
2011/05/04,337.229
2011/05/05,874.827
2011/05/06,601.521
2011/05/07,349.053
2011/05/08,716.989
2011/05/09,991.178
2011/05/10,966.655
2011/05/11,419.947
2011/05/12,117.817
2011/05/13,2166
2011/05/14,1910
2011/05/15,929.874
2011/05/16,2995
2011/05/17,2852
2011/05/18,1995
2011/05/19,2011
2011/05/20,1123
2011/05/21,1021
2011/05/22,753.122
2011/05/23,1216
2011/05/24,1921
2011/05/25,2021
2011/05/26,1260
2011/05/27,3495
2011/05/28,3137
2011/05/29,675.855
2011/05/30,1307
2011/05/31,2330
2011/06/01,1192
2011/06/02,1420
2011/06/03,3151
2011/06/04,3200
2011/06/05,1490
2011/06/06,2532
2011/06/07,2567
2011/06/08,7113
2011/06/09,7428
2011/06/10,2634
2011/06/11,2209
2011/06/12,2898
2011/06/13,2678
2011/06/14,3323
2011/06/15,3249
2011/06/16,1837
2011/06/17,2298
2011/06/18,2624
2011/06/19,1586
2011/06/20,1634
2011/06/21,2296
2011/06/22,1446
2011/06/23,2028
2011/06/24,1984
2011/06/25,2152
2011/06/26,2140
2011/06/27,6692
2011/06/28,5423
2011/06/29,4842
2011/06/30,2269
2011/07/01,5999
2011/07/02,7502
2011/07/03,8621
2011/07/04,8860
2011/07/05,1134
2011/07/06,3298
2011/07/07,3594
2011/07/08,3261
2011/07/09,1679
2011/07/10,4966
2011/07/11,4856
2011/07/12,4625
2011/07/13,3444
2011/07/14,4875
2011/07/15,3636
2011/07/16,4348
2011/07/17,511.261
2011/07/18,3356
2011/07/19,2924
2011/07/20,2481
2011/07/21,806.039
2011/07/22,1196
2011/07/23,2974
2011/07/24,2080
2011/07/25,4280
2011/07/26,3276
2011/07/27,3134
2011/07/28,2141
2011/07/29,3054
2011/07/30,5047
2011/07/31,3583
2011/08/01,3960
2011/08/02,2138
2011/08/03,4405
2011/08/04,2879
2011/08/05,2699
2011/08/06,2077
2011/08/07,1294
2011/08/08,4228
2011/08/09,3933
2011/08/10,4257
2011/08/11,4551
2011/08/12,2113
2011/08/13,1685
2011/08/14,3578
2011/08/15,2172
2011/08/16,1958
2011/08/17,1467
2011/08/18,513.582
2011/08/19,1636
2011/08/20,1312
2011/08/21,1390
2011/08/22,3357
2011/08/23,2323
2011/08/24,2671
2011/08/25,806.375
2011/08/26,1301
2011/08/27,1890
2011/08/28,2624
2011/08/29,2077
2011/08/30,1135
2011/08/31,1572
2011/09/01,498.687
2011/09/02,856.388
2011/09/03,2088
2011/09/04,2511
2011/09/05,3281
2011/09/06,1015
2011/09/07,1648
2011/09/08,2468
2011/09/09,2316
2011/09/10,2581
2011/09/11,2790
2011/09/12,996.56
2011/09/13,1476
2011/09/14,1703
2011/09/15,593.069
2011/09/16,759.396
2011/09/17,1922
2011/09/18,1270
2011/09/19,2409
2011/09/20,6470
2011/09/21,4880
2011/09/22,3951
2011/09/23,2152
2011/09/24,2100
2011/09/25,641.59
2011/09/26,1491
2011/09/27,1217
2011/09/28,4289
2011/09/29,5168
2011/09/30,799.437
2011/10/01,562.141
2011/10/02,1369
2011/10/03,1647
2011/10/04,1871
2011/10/05,164.738
2011/10/06,684.89
2011/10/07,703.586
2011/10/08,1609
2011/10/09,1294
2011/10/10,925.22
2011/10/11,1221
2011/10/12,302.833
2011/10/13,1880
2011/10/14,2406
2011/10/15,2364
2011/10/16,2102
2011/10/17,1767
2011/10/18,1900
2011/10/19,1623
2011/10/20,1257
2011/10/21,1191
2011/10/22,908.218
2011/10/23,1074
2011/10/24,1516
2011/10/25,750.781
2011/10/26,1233
2011/10/27,1355
2011/10/28,1076
2011/10/29,1263
2011/10/30,1317
2011/10/31,1207
2011/11/01,1118
2011/11/02,913.441
2011/11/03,327.635
2011/11/04,2545
2011/11/05,2387
2011/11/06,3494
2011/11/07,1600
2011/11/08,1794
2011/11/09,1407
2011/11/10,578.667
2011/11/11,2061
2011/11/12,2053
2011/11/13,334.255
2011/11/14,1299
2011/11/15,1375
2011/11/16,827.98
2011/11/17,1610
2011/11/18,819.878
2011/11/19,2098
2011/11/20,1908
2011/11/21,1221
2011/11/22,1224
2011/11/23,1260
2011/11/24,517.183
2011/11/25,625.742
2011/11/26,1139
2011/11/27,1159
2011/11/28,2017
2011/11/29,2959
2011/11/30,2321
2011/12/01,1197
2011/12/02,1752
2011/12/03,961.434
2011/12/04,1213
2011/12/05,1048
2011/12/06,2789
2011/12/07,2126
2011/12/08,1906
2011/12/09,1861
2011/12/10,2074
2011/12/11,290.858
2011/12/12,661.713
2011/12/13,672.149
2011/12/14,583.656
2011/12/15,1841
2011/12/16,1628
2011/12/17,508.132
2011/12/18,620.839
2011/12/19,2538
2011/12/20,3239
2011/12/21,1478
2011/12/22,1638
2011/12/23,185.848
2011/12/24,1717
2011/12/25,1625
2011/12/26,1667
2011/12/27,381.192
2011/12/28,1143
2011/12/29,768.731
2011/12/30,646.421
2011/12/31,636.713
2012/01/01,743.485
2012/01/02,839.639
2012/01/03,1425
2012/01/04,999.105
2012/01/05,2493
2012/01/06,2553
2012/01/07,1671
2012/01/08,1304
2012/01/09,1264
2012/01/10,1267
2012/01/11,1763
2012/01/12,2611
2012/01/13,2687
2012/01/14,614.397
2012/01/15,926.561
2012/01/16,1132
2012/01/17,1084
2012/01/18,510.892
2012/01/19,667.499
2012/01/20,739.764
2012/01/21,1285
2012/01/22,2379
2012/01/23,1871
2012/01/24,2884
2012/01/25,2749
2012/01/26,1831
2012/01/27,2022
2012/01/28,1306
2012/01/29,1283
2012/01/30,1111
2012/01/31,1738
2012/02/01,1772
2012/02/02,927.907
2012/02/03,1330
2012/02/04,367.885
2012/02/05,1518
2012/02/06,2031
2012/02/07,846.474
2012/02/08,719.751
2012/02/09,451.868
2012/02/10,1478
2012/02/11,1096
2012/02/12,1779
2012/02/13,1694
2012/02/14,3452
2012/02/15,1806
2012/02/16,756.366
2012/02/17,3838
2012/02/18,4065
2012/02/19,1075
2012/02/20,1097
2012/02/21,1236
2012/02/22,1720
2012/02/23,2324
2012/02/24,1105
2012/02/25,1967
2012/02/26,2616
2012/02/27,1623
2012/02/28,2448
2012/02/29,1164
2012/03/01,759.181
2012/03/02,1809
2012/03/03,4215
2012/03/04,4102
2012/03/05,2953
2012/03/06,992.559
2012/03/07,838.157
2012/03/08,427.471
2012/03/09,512.763
2012/03/10,2700
2012/03/11,2864
2012/03/12,1518
2012/03/13,3427
2012/03/14,2084
2012/03/15,1381
2012/03/16,1010
2012/03/17,970.141
2012/03/18,2153
2012/03/19,1864
2012/03/20,1798
2012/03/21,579.423
2012/03/22,409.397
2012/03/23,1659
2012/03/24,1542
2012/03/25,349.82
2012/03/26,1574
2012/03/27,1241
2012/03/28,598.033
2012/03/29,1232
2012/03/30,1643
2012/03/31,2483
2012/04/01,1862
2012/04/02,1755
2012/04/03,5005
2012/04/04,3196
2012/04/05,2147
2012/04/06,309.259
2012/04/07,1969
2012/04/08,2121
2012/04/09,1090
2012/04/10,2888
2012/04/11,2705
2012/04/12,1192
2012/04/13,2720
2012/04/14,2493
2012/04/15,1327
2012/04/16,2361
2012/04/17,2482
2012/04/18,687.303
2012/04/19,1298
2012/04/20,1486
2012/04/21,2476
2012/04/22,3853
2012/04/23,1756
2012/04/24,2254
2012/04/25,627.645
2012/04/26,1678
2012/04/27,1748
2012/04/28,2636
2012/04/29,1152
2012/04/30,2943
2012/05/01,3454
2012/05/02,965.449
2012/05/03,1651
2012/05/04,2063
2012/05/05,2226
2012/05/06,2316
2012/05/07,4640
2012/05/08,2823
2012/05/09,1527
2012/05/10,3763
2012/05/11,4893
2012/05/12,4697
2012/05/13,4481
2012/05/14,10214
2012/05/15,9578
2012/05/16,5867
2012/05/17,3805
2012/05/18,3135
2012/05/19,7428
2012/05/20,4487
2012/05/21,1698
2012/05/22,2387
2012/05/23,2405
2012/05/24,1778
2012/05/25,1742
2012/05/26,3647
2012/05/27,3938
2012/05/28,3455
2012/05/29,6542
2012/05/30,4974
2012/05/31,5459
2012/06/01,557.691
2012/06/02,7719
2012/06/03,8703
2012/06/04,17163
2012/06/05,10267
2012/06/06,16137
2012/06/07,13976
2012/06/08,9273
2012/06/09,5819
2012/06/10,4569
2012/06/11,1874
2012/06/12,9226
2012/06/13,19123
2012/06/14,23406
2012/06/15,2524
2012/06/16,9457
2012/06/17,9179
2012/06/18,1648
2012/06/19,3113
2012/06/20,4396
2012/06/21,4777
2012/06/22,2665
2012/06/23,839.901
2012/06/24,1440
2012/06/25,4564
2012/06/26,6333
2012/06/27,4213
2012/06/28,5202
2012/06/29,5832
2012/06/30,987.835
2012/07/01,1240
2012/07/02,4504
2012/07/03,4025
2012/07/04,4082
2012/07/05,5541
2012/07/06,3058
2012/07/07,2465
2012/07/08,2473
2012/07/09,3655
2012/07/10,7447
2012/07/11,3933
2012/07/12,2300
2012/07/13,3360
2012/07/14,3599
2012/07/15,1218
2012/07/16,6292
2012/07/17,8189
2012/07/18,4902
2012/07/19,4966
2012/07/20,1823
2012/07/21,618.869
2012/07/22,2963
2012/07/23,5276
2012/07/24,3192
2012/07/25,8692
2012/07/26,6827
2012/07/27,1185
2012/07/28,6760
2012/07/29,5195
2012/07/30,2404
2012/07/31,21395
2012/08/01,19513
2012/08/02,16400
2012/08/03,4908
2012/08/04,5674
2012/08/05,1666
2012/08/06,5415
2012/08/07,3783
2012/08/08,10874
2012/08/09,11530
2012/08/10,11840
2012/08/11,1774
2012/08/12,548.842
2012/08/13,9306
2012/08/14,7830
2012/08/15,6420
2012/08/16,15479
2012/08/17,9250
2012/08/18,8246
2012/08/19,5614
2012/08/20,8816
2012/08/21,8881
2012/08/22,5848
2012/08/23,8704
2012/08/24,4953
2012/08/25,7407
2012/08/26,8973
2012/08/27,3057
2012/08/28,4389
2012/08/29,1212
2012/08/30,5239
2012/08/31,12705
2012/09/01,12866
2012/09/02,12127
2012/09/03,10509
2012/09/04,11495
2012/09/05,10820
2012/09/06,4664
2012/09/07,4328
2012/09/08,11324
2012/09/09,8581
2012/09/10,5314
2012/09/11,6521
2012/09/12,9275
2012/09/13,10014
2012/09/14,3493
2012/09/15,6792
2012/09/16,7160
2012/09/17,2477
2012/09/18,6217
2012/09/19,8055
2012/09/20,6933
2012/09/21,6601
2012/09/22,16394
2012/09/23,10636
2012/09/24,5262
2012/09/25,12180
2012/09/26,12320
2012/09/27,5361
2012/09/28,6814
2012/09/29,9671
2012/09/30,13067
2012/10/01,3361
2012/10/02,16114
2012/10/03,13121
2012/10/04,2516
2012/10/05,6210
2012/10/06,10518
2012/10/07,4809
2012/10/08,7089
2012/10/09,7253
2012/10/10,4511
2012/10/11,9035
2012/10/12,5008
2012/10/13,4295
2012/10/14,5330
2012/10/15,6896
2012/10/16,6315
2012/10/17,2638
2012/10/18,6858
2012/10/19,5708
2012/10/20,6650
2012/10/21,5344
2012/10/22,3636
2012/10/23,2512
2012/10/24,370.504
2012/10/25,1989
2012/10/26,3317
2012/10/27,8555
2012/10/28,8758
2012/10/29,6815
2012/10/30,7076
2012/10/31,2916
2012/11/01,2388
2012/11/02,1175
2012/11/03,1178
2012/11/04,2165
2012/11/05,5802
2012/11/06,8706
2012/11/07,4871
2012/11/08,4792
2012/11/09,5993
2012/11/10,2453
2012/11/11,5500
2012/11/12,3826
2012/11/13,2068
2012/11/14,5401
2012/11/15,11235
2012/11/16,9137
2012/11/17,5536
2012/11/18,8152
2012/11/19,9663
2012/11/20,1109
2012/11/21,1475
2012/11/22,2435
2012/11/23,7458
2012/11/24,5162
2012/11/25,1551
2012/11/26,4435
2012/11/27,4140
2012/11/28,4320
2012/11/29,4376
2012/11/30,5677
2012/12/01,6014
2012/12/02,7901
2012/12/03,5759
2012/12/04,12817
2012/12/05,12658
2012/12/06,2846
2012/12/07,3327
2012/12/08,2495
2012/12/09,2210
2012/12/10,2563
2012/12/11,2445
2012/12/12,5940
2012/12/13,7529
2012/12/14,3848
2012/12/15,9529
2012/12/16,6200
2012/12/17,5568
2012/12/18,10157
2012/12/19,5883
2012/12/20,7019
2012/12/21,5447
2012/12/22,12789
2012/12/23,12491
2012/12/24,14298
2012/12/25,9137
2012/12/26,8424
2012/12/27,6766
2012/12/28,4942
2012/12/29,4792
2012/12/30,4743
2012/12/31,9019
2013/01/01,9298
2013/01/02,6906
2013/01/03,11044
2013/01/04,6667
2013/01/05,5031
2013/01/06,9161
2013/01/07,10879
2013/01/08,12200
2013/01/09,1922
2013/01/10,4804
2013/01/11,4676
2013/01/12,9790
2013/01/13,8433
2013/01/14,9171
2013/01/15,11682
2013/01/16,12945
2013/01/17,1064
2013/01/18,1575
2013/01/19,8277
2013/01/20,9196
2013/01/21,3156
2013/01/22,7045
2013/01/23,6552
2013/01/24,10913
2013/01/25,11685
2013/01/26,9107
2013/01/27,4789
2013/01/28,4622
2013/01/29,5183
2013/01/30,9883
2013/01/31,9289
2013/02/01,17390
2013/02/02,13533
2013/02/03,6987
2013/02/04,814.785
2013/02/05,2359
2013/02/06,5155
2013/02/07,5321
2013/02/08,5500
2013/02/09,3148
2013/02/10,3215
2013/02/11,4524
2013/02/12,5207
2013/02/13,1083
2013/02/14,1443
2013/02/15,2471
2013/02/16,3651
2013/02/17,3795
2013/02/18,1511
2013/02/19,3132
2013/02/20,2919
2013/02/21,1239
2013/02/22,3407
2013/02/23,3184
2013/02/24,2518
2013/02/25,4667
2013/02/26,5633
2013/02/27,3082
2013/02/28,4094
2013/03/01,6585
2013/03/02,11815
2013/03/03,14772
2013/03/04,6129
2013/03/05,9410
2013/03/06,13281
2013/03/07,10033
2013/03/08,10768
2013/03/09,10574
2013/03/10,2541
2013/03/11,3027
2013/03/12,5085
2013/03/13,7890
2013/03/14,2709
2013/03/15,2065
2013/03/16,10911
2013/03/17,11407
2013/03/18,7060
2013/03/19,13787
2013/03/20,8115
2013/03/21,6075
2013/03/22,9929
2013/03/23,6626
2013/03/24,6775
2013/03/25,2400
2013/03/26,5609
2013/03/27,6330
2013/03/28,20345
2013/03/29,17726
2013/03/30,13694
2013/03/31,16040
2013/04/01,12064
2013/04/02,22652
2013/04/03,25630
2013/04/04,15285
2013/04/05,7660
2013/04/06,21411
2013/04/07,14464
2013/04/08,27352
2013/04/09,24452
2013/04/10,19355
2013/04/11,17542
2013/04/12,25616
2013/04/13,34116
2013/04/14,26097
2013/04/15,23724
2013/04/16,27256
2013/04/17,4666
2013/04/18,19916
2013/04/19,21705
2013/04/20,25936
2013/04/21,31179
2013/04/22,18796
2013/04/23,21314
2013/04/24,9588
2013/04/25,10152
2013/04/26,13761
2013/04/27,10339
2013/04/28,34396
2013/04/29,34168
2013/04/30,35028
2013/05/01,8355
2013/05/02,5699
2013/05/03,1346
2013/05/04,11732
2013/05/05,11251
2013/05/06,13446
2013/05/07,30617
2013/05/08,20146
2013/05/09,23129
2013/05/10,18300
2013/05/11,2869
2013/05/12,12592
2013/05/13,11651
2013/05/14,12894
2013/05/15,1604
2013/05/16,849.163
2013/05/17,5685
2013/05/18,13057
2013/05/19,11949
2013/05/20,6096
2013/05/21,15068
2013/05/22,9163
2013/05/23,7674
2013/05/24,8888
2013/05/25,13731
2013/05/26,14445
2013/05/27,4105
2013/05/28,5455
2013/05/29,5450
2013/05/30,3540
2013/05/31,4152
2013/06/01,8820
2013/06/02,8325
2013/06/03,12397
2013/06/04,12687
2013/06/05,1136
2013/06/06,5074
2013/06/07,4872
2013/06/08,14394
2013/06/09,15464
2013/06/10,3597
2013/06/11,8195
2013/06/12,4610
2013/06/13,2566
2013/06/14,10315
2013/06/15,17984
2013/06/16,23427
2013/06/17,6690
2013/06/18,12085
2013/06/19,10009
2013/06/20,4718
2013/06/21,1394
2013/06/22,9310
2013/06/23,14043
2013/06/24,10457
2013/06/25,10814
2013/06/26,3347
2013/06/27,3588
2013/06/28,6199
2013/06/29,7175
2013/06/30,14857
2013/07/01,14905
2013/07/02,15461
2013/07/03,3707
2013/07/04,4263
2013/07/05,5039
2013/07/06,3927
2013/07/07,9682
2013/07/08,11606
2013/07/09,16225
2013/07/10,4082
2013/07/11,7019
2013/07/12,11214
2013/07/13,12754
2013/07/14,24537
2013/07/15,13515
2013/07/16,15298
2013/07/17,3398
2013/07/18,2953
2013/07/19,4088
2013/07/20,8848
2013/07/21,6680
2013/07/22,8135
2013/07/23,11035
2013/07/24,4686
2013/07/25,1815
2013/07/26,3123
2013/07/27,12297
2013/07/28,11823
2013/07/29,16088
2013/07/30,18481
2013/07/31,11693
2013/08/01,37783
2013/08/02,34754
2013/08/03,45531
2013/08/04,13568
2013/08/05,12072
2013/08/06,11490
2013/08/07,3390
2013/08/08,3559
2013/08/09,9251
2013/08/10,10734
2013/08/11,8572
2013/08/12,44206
2013/08/13,40376
2013/08/14,25392
2013/08/15,2749
2013/08/16,5588
2013/08/17,17601
2013/08/18,21949
2013/08/19,18255
2013/08/20,20439
2013/08/21,3445
2013/08/22,3388
2013/08/23,1644
2013/08/24,17518
2013/08/25,14911
2013/08/26,9397
2013/08/27,22292
2013/08/28,15774
2013/08/29,16466
2013/08/30,12122
2013/08/31,13255
2013/09/01,30088
2013/09/02,27068
2013/09/03,12441
2013/09/04,11700
2013/09/05,5468
2013/09/06,5281
2013/09/07,9028
2013/09/08,13872
2013/09/09,14513
2013/09/10,15186
2013/09/11,3500
2013/09/12,5250
2013/09/13,8958
2013/09/14,18785
2013/09/15,11467
2013/09/16,14482
2013/09/17,15885
2013/09/18,7721
2013/09/19,5714
2013/09/20,1890
2013/09/21,11193
2013/09/22,11656
2013/09/23,14846
2013/09/24,15077
2013/09/25,1971
2013/09/26,266.353
2013/09/27,343.788
2013/09/28,8685
2013/09/29,7772
2013/09/30,9938
2013/10/01,15089
2013/10/02,20875
2013/10/03,14812
2013/10/04,22816
2013/10/05,20029
2013/10/06,14114
2013/10/07,12982
2013/10/08,14454
2013/10/09,2918
2013/10/10,3673
2013/10/11,915.101
2013/10/12,12477
2013/10/13,17041
2013/10/14,17568
2013/10/15,4252
2013/10/16,9070
2013/10/17,9793
2013/10/18,9731
2013/10/19,9108
2013/10/20,15787
2013/10/21,20013
2013/10/22,29776
2013/10/23,11727
2013/10/24,3380
2013/10/25,9011
2013/10/26,32111
2013/10/27,30597
2013/10/28,17495
2013/10/29,19569
2013/10/30,9397
2013/10/31,10385
2013/11/01,8888
2013/11/02,15568
2013/11/03,7538
2013/11/04,19346
2013/11/05,28080
2013/11/06,25220
2013/11/07,12486
2013/11/08,761.658
2013/11/09,785.337
2013/11/10,12515
2013/11/11,12433
2013/11/12,665.673
2013/11/13,6289
2013/11/14,14024
2013/11/15,11516
2013/11/16,24158
2013/11/17,13745
2013/11/18,55606
2013/11/19,81932
2013/11/20,40218
2013/11/21,34552
2013/11/22,21989
2013/11/23,31218
2013/11/24,33730
2013/11/25,21977
2013/11/26,45588
2013/11/27,46599
2013/11/28,20058
2013/11/29,10634
2013/11/30,31726
2013/12/01,23183
2013/12/02,12322
2013/12/03,9755
2013/12/04,8346
2013/12/05,9442
2013/12/06,13888
2013/12/07,27128
2013/12/08,45605
2013/12/09,37069
2013/12/10,38554
2013/12/11,2723
2013/12/12,21641
2013/12/13,18460
2013/12/14,15399
2013/12/15,5678
2013/12/16,31564
2013/12/17,29690
2013/12/18,19668
2013/12/19,21662
2013/12/20,24367
2013/12/21,26845
2013/12/22,26363
2013/12/23,25334
2013/12/24,24297
2013/12/25,20822
2013/12/26,7280
2013/12/27,6183
2013/12/28,8673
2013/12/29,11472
2013/12/30,30389
2013/12/31,28072
2014/01/01,45584
2014/01/02,33104
2014/01/03,40940
2014/01/04,22891
2014/01/05,22458
2014/01/06,52033
2014/01/07,37636
2014/01/08,32226
2014/01/09,11017
2014/01/10,16631
2014/01/11,5483
2014/01/12,11253
2014/01/13,29041
2014/01/14,28863
2014/01/15,18819
2014/01/16,1185
2014/01/17,3237
2014/01/18,23090
2014/01/19,20440
2014/01/20,67333
2014/01/21,59216
2014/01/22,22177
2014/01/23,7923
2014/01/24,8789
2014/01/25,19420
2014/01/26,15452
2014/01/27,41738
2014/01/28,37944
2014/01/29,23974
2014/01/30,13973
2014/01/31,8911
2014/02/01,14708
2014/02/02,13033
2014/02/03,35120
2014/02/04,33434
2014/02/05,13450
2014/02/06,10056
2014/02/07,7369
2014/02/08,15352
2014/02/09,29663
2014/02/10,34557
2014/02/11,34772
2014/02/12,50813
2014/02/13,53008
2014/02/14,43297
2014/02/15,21873
2014/02/16,40554
2014/02/17,43172
2014/02/18,43223
2014/02/19,19720
2014/02/20,20095
2014/02/21,2896
2014/02/22,22610
2014/02/23,19026
2014/02/24,52819
2014/02/25,46711
2014/02/26,11231
2014/02/27,20268
2014/02/28,13866
2014/03/01,12699
2014/03/02,30437
2014/03/03,65491
2014/03/04,71218
2014/03/05,31176
2014/03/06,32036
2014/03/07,17650
2014/03/08,20036
2014/03/09,8255
2014/03/10,33644
2014/03/11,28177
2014/03/12,14677
2014/03/13,10898
2014/03/14,9981
2014/03/15,43498
2014/03/16,46085
2014/03/17,43457
2014/03/18,45039
2014/03/19,37997
2014/03/20,21750
2014/03/21,22523
2014/03/22,20525
2014/03/23,32953
2014/03/24,35386
2014/03/25,35583
2014/03/26,23336
2014/03/27,14292
2014/03/28,12931
2014/03/29,35301
2014/03/30,30612
2014/03/31,21794
2014/04/01,10824
2014/04/02,8935
2014/04/03,10540
2014/04/04,9923
2014/04/05,19926
2014/04/06,25874
2014/04/07,25995
2014/04/08,20848
2014/04/09,16781
2014/04/10,15022
2014/04/11,11272
2014/04/12,42920
2014/04/13,36745
2014/04/14,43960
2014/04/15,21650
2014/04/16,14096
2014/04/17,34305
2014/04/18,30437
2014/04/19,13555
2014/04/20,19142
2014/04/21,21265
2014/04/22,33722
2014/04/23,34216
2014/04/24,22044
2014/04/25,20633
2014/04/26,39190
2014/04/27,40122
2014/04/28,32683
2014/04/29,3585
2014/04/30,3030
2014/05/01,12868
2014/05/02,18259
2014/05/03,31565
2014/05/04,32971
2014/05/05,34025
2014/05/06,16616
2014/05/07,16890
2014/05/08,5580
2014/05/09,4155
2014/05/10,27889
2014/05/11,27200
2014/05/12,24737
2014/05/13,13312
2014/05/14,9323
2014/05/15,22576
2014/05/16,18268
2014/05/17,24310
2014/05/18,24936
2014/05/19,31964
2014/05/20,11002
2014/05/21,29007
2014/05/22,29121
2014/05/23,15610
2014/05/24,43527
2014/05/25,54329
2014/05/26,52760
2014/05/27,13342
2014/05/28,10933
2014/05/29,10259
2014/05/30,26248
2014/05/31,21568
2014/06/01,39664
2014/06/02,36985
2014/06/03,13556
2014/06/04,13611
2014/06/05,13685
2014/06/06,10577
2014/06/07,37349
2014/06/08,31678
2014/06/09,28493
2014/06/10,10452
2014/06/11,10604
2014/06/12,3801
2014/06/13,1254
2014/06/14,23550
2014/06/15,24170
2014/06/16,25991
2014/06/17,7742
2014/06/18,14065
2014/06/19,21865
2014/06/20,10738
2014/06/21,4236
2014/06/22,27820
2014/06/23,25226
2014/06/24,16931
2014/06/25,11483
2014/06/26,15420
2014/06/27,13231
2014/06/28,20079
2014/06/29,26026
2014/06/30,33452
2014/07/01,10732
2014/07/02,3814
2014/07/03,21869
2014/07/04,30283
2014/07/05,26630
2014/07/06,46390
2014/07/07,53131
2014/07/08,27499
2014/07/09,27173
2014/07/10,35987
2014/07/11,13123
2014/07/12,15880
2014/07/13,28123
2014/07/14,29274
2014/07/15,26970
2014/07/16,12976
2014/07/17,9279
2014/07/18,7127
2014/07/19,20095
2014/07/20,29604
2014/07/21,30068
2014/07/22,24556
2014/07/23,12869
2014/07/24,13195
2014/07/25,3566
2014/07/26,28600
2014/07/27,37731
2014/07/28,36839
2014/07/29,20831
2014/07/30,10792
2014/07/31,11325
2014/08/01,4375
2014/08/02,24857
2014/08/03,25789
2014/08/04,24865
2014/08/05,24147
2014/08/06,28511
2014/08/07,19407
2014/08/08,24366
2014/08/09,23764
2014/08/10,36554
2014/08/11,39416
2014/08/12,6048
2014/08/13,5020
2014/08/14,2606
2014/08/15,11653
2014/08/16,14912
2014/08/17,21014
2014/08/18,19618
2014/08/19,14820
2014/08/20,8452
2014/08/21,8138
2014/08/22,10061
2014/08/23,31800
2014/08/24,45010
2014/08/25,45202
2014/08/26,26659
2014/08/27,10073
2014/08/28,1258
2014/08/29,23191
2014/08/30,21617
2014/08/31,28787
2014/09/01,22690
2014/09/02,11921
2014/09/03,13248
2014/09/04,9175
2014/09/05,7867
2014/09/06,19559
2014/09/07,67740
2014/09/08,66366
2014/09/09,46142
2014/09/10,36457
2014/09/11,45427
2014/09/12,55500
2014/09/13,16338
2014/09/14,66513
2014/09/15,61786
2014/09/16,36544
2014/09/17,29678
2014/09/18,27576
2014/09/19,19309
2014/09/20,20555
2014/09/21,20368
2014/09/22,24496
2014/09/23,5403
2014/09/24,12021
2014/09/25,11839
2014/09/26,17120
2014/09/27,22531
2014/09/28,58791
2014/09/29,56719
2014/09/30,44084
2014/10/01,27979
2014/10/02,30269
2014/10/03,30408
2014/10/04,9541
2014/10/05,70229
2014/10/06,67123
2014/10/07,53912
2014/10/08,12511
2014/10/09,11238
2014/10/10,5949
2014/10/11,20023
2014/10/12,61149
2014/10/13,59917
2014/10/14,32222
2014/10/15,6616
2014/10/16,29507
2014/10/17,24475
2014/10/18,8701
2014/10/19,53582
2014/10/20,50815
2014/10/21,33452
2014/10/22,9726
2014/10/23,10525
2014/10/24,7040
2014/10/25,17008
2014/10/26,21362
2014/10/27,5557
2014/10/28,18565
2014/10/29,18833
2014/10/30,5396
2014/10/31,3652
2014/11/01,24870
2014/11/02,78037
2014/11/03,77596
2014/11/04,59986
2014/11/05,8103
2014/11/06,19042
2014/11/07,19498
2014/11/08,41614
2014/11/09,53824
2014/11/10,53883
2014/11/11,31881
2014/11/12,18441
2014/11/13,18269
2014/11/14,12153
2014/11/15,34698
2014/11/16,57746
2014/11/17,57837
2014/11/18,41294
2014/11/19,6653
2014/11/20,9165
2014/11/21,10013
2014/11/22,24840
2014/11/23,56426
2014/11/24,56096
2014/11/25,40912
2014/11/26,8277
2014/11/27,9891
2014/11/28,10086
2014/11/29,19904
2014/11/30,76634
2014/12/01,75303
2014/12/02,52226
2014/12/03,19662
2014/12/04,22312
2014/12/05,12662
2014/12/06,25097
2014/12/07,58385
2014/12/08,58760
2014/12/09,37301
2014/12/10,16180
2014/12/11,9130
2014/12/12,17450
2014/12/13,21124
2014/12/14,76320
2014/12/15,72840
2014/12/16,27385
2014/12/17,10576
2014/12/18,8981
2014/12/19,26791
2014/12/20,39709
2014/12/21,39647
2014/12/22,15192
2014/12/23,7098
2014/12/24,44513
2014/12/25,55059
2014/12/26,18249
2014/12/27,34392
2014/12/28,67168
2014/12/29,63748
2014/12/30,65995
2014/12/31,19656
2015/01/01,55593
2015/01/02,57274
2015/01/03,84519
2015/01/04,27317
2015/01/05,7033
2015/01/06,25934
2015/01/07,27152
2015/01/08,18179
2015/01/09,25978
2015/01/10,40201
2015/01/11,29964
2015/01/12,49567
2015/01/13,37022
2015/01/14,37657
2015/01/15,8050
2015/01/16,17723
2015/01/17,31750
2015/01/18,32368
2015/01/19,28265
2015/01/20,22430
2015/01/21,16990
2015/01/22,4540
2015/01/23,13780
2015/01/24,14154
2015/01/25,97160
2015/01/26,85898
2015/01/27,59080
2015/01/28,49128
2015/01/29,37562
2015/01/30,16218
2015/01/31,72267
2015/02/01,70276
2015/02/02,50661
2015/02/03,27260
2015/02/04,14911
2015/02/05,16294
2015/02/06,12147
2015/02/07,18036
2015/02/08,83398
2015/02/09,80598
2015/02/10,60746
2015/02/11,5168
2015/02/12,7263
2015/02/13,57424
2015/02/14,45925
2015/02/15,69123
2015/02/16,80710
2015/02/17,80316
2015/02/18,18509
2015/02/19,44938
2015/02/20,29840
2015/02/21,51695
2015/02/22,26706
2015/02/23,24921
2015/02/24,25259
2015/02/25,16719
2015/02/26,6530
2015/02/27,15569
2015/02/28,52183
2015/03/01,36869
2015/03/02,12440
2015/03/03,16949
2015/03/04,28974
2015/03/05,12615
2015/03/06,15076
2015/03/07,19020
2015/03/08,32990
2015/03/09,17403
2015/03/10,22184
2015/03/11,7968
2015/03/12,5161
2015/03/13,5326
2015/03/14,11744
2015/03/15,12450
2015/03/16,6740
2015/03/17,28210
2015/03/18,28159
2015/03/19,28551
2015/03/20,23809
2015/03/21,21077
2015/03/22,18793
2015/03/23,12327
2015/03/24,38788
2015/03/25,36482
2015/03/26,6939
2015/03/27,15892
2015/03/28,12033
2015/03/29,45663
2015/03/30,38869
2015/03/31,27574
2015/04/01,3899
2015/04/02,5091
2015/04/03,17104
2015/04/04,14792
2015/04/05,29591
2015/04/06,27408
2015/04/07,27620
2015/04/08,12614
2015/04/09,11960
2015/04/10,14718
2015/04/11,24524
2015/04/12,15132
2015/04/13,14673
2015/04/14,10634
2015/04/15,31042
2015/04/16,22919
2015/04/17,5764
2015/04/18,26202
2015/04/19,35790
2015/04/20,25860
2015/04/21,28116
2015/04/22,15875
2015/04/23,12157
2015/04/24,7312
2015/04/25,14331
2015/04/26,11612
2015/04/27,26584
2015/04/28,22349
2015/04/29,12189
2015/04/30,12013
2015/05/01,25662
2015/05/02,44333
2015/05/03,44213
2015/05/04,21136
2015/05/05,5457
2015/05/06,10932
2015/05/07,8330
2015/05/08,27444
2015/05/09,42104
2015/05/10,43034
2015/05/11,30639
2015/05/12,13132
2015/05/13,16169
2015/05/14,22748
2015/05/15,7512
2015/05/16,27803
2015/05/17,20906
2015/05/18,19621
2015/05/19,13744
2015/05/20,8564
2015/05/21,15453
2015/05/22,14396
2015/05/23,18966
2015/05/24,55330
2015/05/25,55618
2015/05/26,37514
2015/05/27,12515
2015/05/28,8881
2015/05/29,34401
2015/05/30,51785
2015/05/31,22343
2015/06/01,18134
2015/06/02,4267
2015/06/03,17827
2015/06/04,28353
2015/06/05,14508
2015/06/06,1041
2015/06/07,1625
2015/06/08,13176
2015/06/09,12376
2015/06/10,73674
2015/06/11,63474
2015/06/12,53424
2015/06/13,15347
2015/06/14,15126
2015/06/15,30914
2015/06/16,28881
2015/06/17,35507
2015/06/18,42574
2015/06/19,43240
2015/06/20,6997
2015/06/21,13698
2015/06/22,39329
2015/06/23,51775
2015/06/24,50149
2015/06/25,54941
2015/06/26,43247
2015/06/27,59677
2015/06/28,25625
2015/06/29,27820
2015/06/30,34723
2015/07/01,28564
2015/07/02,10741
2015/07/03,8262
2015/07/04,20468
2015/07/05,17421
2015/07/06,29510
2015/07/07,13332
2015/07/08,3448
2015/07/09,2804
2015/07/10,5130
2015/07/11,5166
2015/07/12,4432
2015/07/13,29498
2015/07/14,27772
2015/07/15,22246
2015/07/16,19482
2015/07/17,16684
2015/07/18,16824
2015/07/19,35208
2015/07/20,27120
2015/07/21,21734
2015/07/22,229032
2015/07/23,223095
2015/07/24,0
2015/07/25,0
2015/07/26,0
2015/07/27,0
2015/07/28,244073
2015/07/29,249720
2015/07/30,19541
2015/07/31,22812
2015/08/01,21441
2015/08/02,8845
2015/08/03,15982
2015/08/04,11737
2015/08/05,27084
2015/08/06,20389
2015/08/07,26670
2015/08/08,7688
2015/08/09,8940
2015/08/10,11242
2015/08/11,14921
2015/08/12,14437
2015/08/13,8721
2015/08/14,8681
2015/08/15,1413
2015/08/16,9437
2015/08/17,8932
2015/08/18,19891
2015/08/19,17670
2015/08/20,23415
2015/08/21,17345
2015/08/22,25311
2015/08/23,20270
2015/08/24,13017
2015/08/25,17337
2015/08/26,18345
2015/08/27,10504
2015/08/28,18705
2015/08/29,56700
2015/08/30,60166
2015/08/31,59666
2015/09/01,16063
2015/09/02,14599
2015/09/03,14518
2015/09/04,38490
2015/09/05,54799
2015/09/06,54326
2015/09/07,129339
2015/09/08,132322
2015/09/09,239748
2015/09/10,248639
2015/09/11,231516
2015/09/12,41919
2015/09/13,28844
2015/09/14,28712
2015/09/15,16569
2015/09/16,23894
2015/09/17,23834
2015/09/18,29807
2015/09/19,35803
2015/09/20,43202
2015/09/21,42852
2015/09/22,29532
2015/09/23,54123
2015/09/24,63330
2015/09/25,7615
2015/09/26,22880
2015/09/27,16493
2015/09/28,12825
2015/09/29,34782
2015/09/30,34301
2015/10/01,42503
2015/10/02,29489
2015/10/03,33000
2015/10/04,42789
2015/10/05,40698
2015/10/06,18643
2015/10/07,16976
2015/10/08,7816
2015/10/09,46410
2015/10/10,60042
2015/10/11,58090
2015/10/12,24645
2015/10/13,12341
2015/10/14,10470
2015/10/15,55288
2015/10/16,46478
2015/10/17,36873
2015/10/18,37226
2015/10/19,30482
2015/10/20,46276
2015/10/21,35922
2015/10/22,35880
2015/10/23,4212
2015/10/24,27059
2015/10/25,22969
2015/10/26,8836
2015/10/27,23735
2015/10/28,33966
2015/10/29,32900
2015/10/30,35946
2015/10/31,15370
2015/11/01,12329
2015/11/02,11958
2015/11/03,49932
2015/11/04,73530
2015/11/05,43813
2015/11/06,49401
2015/11/07,62084
2015/11/08,51892
2015/11/09,43263
2015/11/10,24837
2015/11/11,25911
2015/11/12,8835
2015/11/13,23854
2015/11/14,34297
2015/11/15,52880
2015/11/16,36739
2015/11/17,49221
2015/11/18,36783
2015/11/19,43524
2015/11/20,42522
2015/11/21,22933
2015/11/22,19054
2015/11/23,35549
2015/11/24,36857
2015/11/25,32934
2015/11/26,18079
2015/11/27,36512
2015/11/28,47404
2015/11/29,66442
2015/11/30,128637
2015/12/01,128980
2015/12/02,59949
2015/12/03,50050
2015/12/04,52672
2015/12/05,80063
2015/12/06,68025
2015/12/07,27411
2015/12/08,13936
2015/12/09,34569
2015/12/10,26193
2015/12/11,41054
2015/12/12,77074
2015/12/13,77627
2015/12/14,56272
2015/12/15,54317
2015/12/16,55988
2015/12/17,8941
2015/12/18,6770
2015/12/19,35313
2015/12/20,69131
2015/12/21,78117
2015/12/22,67206
2015/12/23,27972
2015/12/24,7817
2015/12/25,67460
2015/12/26,56222
2015/12/27,24878
2015/12/28,5802
2015/12/29,5606
2015/12/30,5363
2015/12/31,39449
2016/01/01,89642
2016/01/02,93951
2016/01/03,93623
2016/01/04,46986
2016/01/05,41633
2016/01/06,24093
2016/01/07,24115
2016/01/08,17427
2016/01/09,37355
2016/01/10,32583
2016/01/11,21450
2016/01/12,15215
2016/01/13,41028
2016/01/14,34558
2016/01/15,16024
2016/01/16,66494
2016/01/17,79827
2016/01/18,33903
2016/01/19,74802
2016/01/20,175257
2016/01/21,170692
2016/01/22,131946
2016/01/23,7959
2016/01/24,23914
2016/01/25,32868
2016/01/26,51748
2016/01/27,28424
2016/01/28,31159
2016/01/29,26518
2016/01/30,23848
2016/01/31,48942
2016/02/01,122602
2016/02/02,172495
2016/02/03,117009
2016/02/04,163926
2016/02/05,41665
2016/02/06,21913
2016/02/07,28944
2016/02/08,41148
2016/02/09,50362
2016/02/10,48625
2016/02/11,42893
2016/02/12,14151
2016/02/13,16188
2016/02/14,20806
2016/02/15,34246
2016/02/16,30796
2016/02/17,60445
2016/02/18,64489
2016/02/19,51197
2016/02/20,21714
2016/02/21,15365
2016/02/22,13272
2016/02/23,18479
2016/02/24,41136
2016/02/25,55427
2016/02/26,55653
2016/02/27,52603
2016/02/28,12741
2016/02/29,65005
2016/03/01,51164
2016/03/02,17444
2016/03/03,17508
2016/03/04,25597
2016/03/05,15294
2016/03/06,107897
2016/03/07,102862
2016/03/08,53611
2016/03/09,73290
2016/03/10,58877
2016/03/11,67460
2016/03/12,41680
2016/03/13,36471
2016/03/14,49443
2016/03/15,31830
2016/03/16,12133
2016/03/17,35487
2016/03/18,38892
2016/03/19,58358
2016/03/20,29605
2016/03/21,23825
2016/03/22,46432
2016/03/23,61069
2016/03/24,61031
2016/03/25,35173
2016/03/26,48619
2016/03/27,61901
2016/03/28,91409
2016/03/29,148527
2016/03/30,78478
2016/03/31,126820
2016/04/01,50833
2016/04/02,36537
2016/04/03,14681
2016/04/04,16141
2016/04/05,13958
2016/04/06,6294
2016/04/07,25811
2016/04/08,36760
2016/04/09,11306
2016/04/10,26962
2016/04/11,60914
2016/04/12,98182
2016/04/13,38596
2016/04/14,39639
2016/04/15,45683
2016/04/16,40473
2016/04/17,22699
2016/04/18,40078
2016/04/19,19841
2016/04/20,12506
2016/04/21,3786
2016/04/22,21325
2016/04/23,20133
2016/04/24,9326
2016/04/25,40907
2016/04/26,40715
2016/04/27,19755
2016/04/28,24263
2016/04/29,40591
2016/04/30,66783
2016/05/01,80464
2016/05/02,41729
2016/05/03,44141
2016/05/04,9472
2016/05/05,20711
2016/05/06,17440
2016/05/07,21836
2016/05/08,28235
2016/05/09,49745
2016/05/10,60119
2016/05/11,13073
2016/05/12,13631
2016/05/13,17129
2016/05/14,16124
2016/05/15,18579
2016/05/16,56441
2016/05/17,59326
2016/05/18,19542
2016/05/19,48268
2016/05/20,57214
2016/05/21,15552
2016/05/22,19149
2016/05/23,36244
2016/05/24,57165
2016/05/25,20166
2016/05/26,41342
2016/05/27,37761
2016/05/28,34930
2016/05/29,74852
2016/05/30,101191
2016/05/31,101166
2016/06/01,48221
2016/06/02,12909
2016/06/03,9600
2016/06/04,28694
2016/06/05,30622
2016/06/06,33574
2016/06/07,32391
2016/06/08,11444
2016/06/09,26859
2016/06/10,27122
2016/06/11,43849
2016/06/12,34775
2016/06/13,72212
2016/06/14,47180
2016/06/15,24142
2016/06/16,25402
2016/06/17,9786
2016/06/18,10999
2016/06/19,56470
2016/06/20,42496
2016/06/21,61741
2016/06/22,50268
2016/06/23,46716
2016/06/24,29546
2016/06/25,22782
2016/06/26,31045
2016/06/27,71132
2016/06/28,40056
2016/06/29,23420
2016/06/30,26619
2016/07/01,34421
2016/07/02,35939
2016/07/03,54389
2016/07/04,46947
2016/07/05,48521
2016/07/06,41833
2016/07/07,33146
2016/07/08,6866
2016/07/09,6333
2016/07/10,45700
2016/07/11,65887
2016/07/12,65593
2016/07/13,54303
2016/07/14,30901
2016/07/15,30802
2016/07/16,15108
2016/07/17,31865
2016/07/18,45443
2016/07/19,44071
2016/07/20,27122
2016/07/21,15987
2016/07/22,13148
2016/07/23,14815
2016/07/24,27810
2016/07/25,57947
2016/07/26,67094
2016/07/27,16406
2016/07/28,19987
2016/07/29,293875
2016/07/30,255361
2016/07/31,253798
2016/08/01,122256
2016/08/02,40728
2016/08/03,21792
2016/08/04,27855
2016/08/05,24064
2016/08/06,41456
2016/08/07,28295
2016/08/08,76132
2016/08/09,64468
2016/08/10,48165
2016/08/11,47361
2016/08/12,41264
2016/08/13,42766
2016/08/14,35798
2016/08/15,57266
2016/08/16,82560
2016/08/17,27934
2016/08/18,52591
2016/08/19,37229
2016/08/20,24533
2016/08/21,55380
2016/08/22,66985
2016/08/23,66555
2016/08/24,11524
2016/08/25,55584
2016/08/26,55925
2016/08/27,10880
2016/08/28,54469
2016/08/29,77291
2016/08/30,100931
2016/08/31,21568
2016/09/01,36445
2016/09/02,17659
2016/09/03,22598
2016/09/04,43759
2016/09/05,71540
2016/09/06,78673
2016/09/07,12831
2016/09/08,36619
2016/09/09,43585
2016/09/10,25078
2016/09/11,26097
2016/09/12,55086
2016/09/13,64946
2016/09/14,34214
2016/09/15,40914
2016/09/16,3840
2016/09/17,26275
2016/09/18,80396
2016/09/19,79753
2016/09/20,89176
2016/09/21,37660
2016/09/22,31246
2016/09/23,31852
2016/09/24,8484
2016/09/25,22531
2016/09/26,67100
2016/09/27,80687
2016/09/28,22300
2016/09/29,26250
2016/09/30,36093
2016/10/01,46062
2016/10/02,78080
2016/10/03,138883
2016/10/04,137662
2016/10/05,50565
2016/10/06,21615
2016/10/07,26994
2016/10/08,40152
2016/10/09,49188
2016/10/10,46988
2016/10/11,88616
2016/10/12,83838
2016/10/13,72430
2016/10/14,14281
2016/10/15,41689
2016/10/16,52948
2016/10/17,62501
2016/10/18,67745
2016/10/19,46267
2016/10/20,98751
2016/10/21,102291
2016/10/22,81716
2016/10/23,87873
2016/10/24,102005
2016/10/25,132294
2016/10/26,28606
2016/10/27,76742
2016/10/28,117503
2016/10/29,157079
2016/10/30,74473
2016/10/31,86901
2016/11/01,113583
2016/11/02,25893
2016/11/03,26349
2016/11/04,35538
2016/11/05,35621
2016/11/06,11726
2016/11/07,57975
2016/11/08,97593
2016/11/09,44017
2016/11/10,48001
2016/11/11,36093
2016/11/12,21198
2016/11/13,32694
2016/11/14,75588
2016/11/15,90707
2016/11/16,17056
2016/11/17,18750
2016/11/18,1466
2016/11/19,23950
2016/11/20,27339
2016/11/21,26485
2016/11/22,30098
2016/11/23,46489
2016/11/24,91256
2016/11/25,45609
2016/11/26,40139
2016/11/27,72933
2016/11/28,91555
2016/11/29,90468
2016/11/30,62895
2016/12/01,24543
2016/12/02,81400
2016/12/03,75380
2016/12/04,45004
2016/12/05,31529
2016/12/06,80205
2016/12/07,55023
2016/12/08,78020
2016/12/09,85742
2016/12/10,73425
2016/12/11,45120
2016/12/12,38767
2016/12/13,56641
2016/12/14,28956
2016/12/15,28140
2016/12/16,22078
2016/12/17,41189
2016/12/18,74396
2016/12/19,83925
2016/12/20,102373
2016/12/21,43461
2016/12/22,32041
2016/12/23,50416
2016/12/24,102696
2016/12/25,122104
2016/12/26,101501
2016/12/27,139327
2016/12/28,32293
2016/12/29,17405
2016/12/30,17302
2016/12/31,49764
2017/01/01,125573
2017/01/02,145085
2017/01/03,148109
2017/01/04,46681
2017/01/05,35287
2017/01/06,71291
2017/01/07,72618
2017/01/08,97077
2017/01/09,57138
2017/01/10,70249
2017/01/11,67032
2017/01/12,60536
2017/01/13,11205
2017/01/14,32197
2017/01/15,31758
2017/01/16,31231
2017/01/17,61512
2017/01/18,50717
2017/01/19,58001
2017/01/20,39037
2017/01/21,55706
2017/01/22,75932
2017/01/23,52946
2017/01/24,88032
2017/01/25,56036
2017/01/26,19627
2017/01/27,17946
2017/01/28,60089
2017/01/29,42869
2017/01/30,17069
2017/01/31,21605
2017/02/01,112818
2017/02/02,93521
2017/02/03,77583
2017/02/04,19065
2017/02/05,29285
2017/02/06,28973
2017/02/07,62435
2017/02/08,59009
2017/02/09,39799
2017/02/10,56605
2017/02/11,80235
2017/02/12,82106
2017/02/13,71722
2017/02/14,96643
2017/02/15,29382
2017/02/16,30078
2017/02/17,42753
2017/02/18,49301
2017/02/19,86612
2017/02/20,77648
2017/02/21,60553
2017/02/22,25593
2017/02/23,35411
2017/02/24,91194
2017/02/25,60243
2017/02/26,64460
2017/02/27,44614
2017/02/28,40407
2017/03/01,40038
2017/03/02,16332
2017/03/03,41782
2017/03/04,94687
2017/03/05,95189
2017/03/06,68266
2017/03/07,72325
2017/03/08,74486
2017/03/09,25326
2017/03/10,23311
2017/03/11,37283
2017/03/12,118413
2017/03/13,82704
2017/03/14,132285
2017/03/15,71225
2017/03/16,224611
2017/03/17,220365
2017/03/18,230815
2017/03/19,36863
2017/03/20,361109
2017/03/21,345938
2017/03/22,376493
2017/03/23,66472
2017/03/24,64252
2017/03/25,70723
2017/03/26,95888
2017/03/27,37238
2017/03/28,156583
2017/03/29,143017
2017/03/30,72346
2017/03/31,64679
2017/04/01,64575
2017/04/02,36429
2017/04/03,62982
2017/04/04,71841
2017/04/05,76418
2017/04/06,66110
2017/04/07,28286
2017/04/08,77323
2017/04/09,71360
2017/04/10,33801
2017/04/11,78589
2017/04/12,67292
2017/04/13,101714
2017/04/14,73088
2017/04/15,73997
2017/04/16,94459
2017/04/17,80470
2017/04/18,213477
2017/04/19,437919
2017/04/20,287806
2017/04/21,0
2017/04/22,562915
2017/04/23,543265
2017/04/24,51672
2017/04/25,70269
2017/04/26,101155
2017/04/27,57907
2017/04/28,68675
2017/04/29,119918
2017/04/30,114192
2017/05/01,117841
2017/05/02,89404
2017/05/03,93287
2017/05/04,134522
2017/05/05,167467
2017/05/06,194282
2017/05/07,179668
2017/05/08,94307
2017/05/09,80375
2017/05/10,114897
2017/05/11,51779
2017/05/12,43173
2017/05/13,69240
2017/05/14,115489
2017/05/15,93415
2017/05/16,211464
2017/05/17,143633
2017/05/18,128045
2017/05/19,25576
2017/05/20,53391
2017/05/21,30552
2017/05/22,47838
2017/05/23,91939
2017/05/24,91815
2017/05/25,68422
2017/05/26,11780
2017/05/27,23606
2017/05/28,21584
2017/05/29,419476
2017/05/30,418940
2017/05/31,419146
2017/06/01,17979
2017/06/02,52032
2017/06/03,112095
2017/06/04,147699
2017/06/05,156797
2017/06/06,67993
2017/06/07,107195
2017/06/08,58306
2017/06/09,110515
2017/06/10,80787
2017/06/11,74446
2017/06/12,66865
2017/06/13,95320
2017/06/14,38528
2017/06/15,58597
2017/06/16,60624
2017/06/17,91006
2017/06/18,86582
2017/06/19,58394
2017/06/20,87729
2017/06/21,32304
2017/06/22,34627
2017/06/23,6666
2017/06/24,43614
2017/06/25,128057
2017/06/26,114452
2017/06/27,123286
2017/06/28,43250
2017/06/29,92379
2017/06/30,96783
2017/07/01,72734
2017/07/02,70622
2017/07/03,39053
2017/07/04,63333
2017/07/05,46197
2017/07/06,57102
2017/07/07,113389
2017/07/08,114602
2017/07/09,166533
2017/07/10,161165
2017/07/11,203151
2017/07/12,47070
2017/07/13,89287
2017/07/14,62606
2017/07/15,18782
2017/07/16,32111
2017/07/17,51437
2017/07/18,116839
2017/07/19,65468
2017/07/20,81521
2017/07/21,51387
2017/07/22,50518
2017/07/23,137275
2017/07/24,123842
2017/07/25,127843
2017/07/26,34886
2017/07/27,19420
2017/07/28,22795
2017/07/29,13198
2017/07/30,102155
2017/07/31,116458
2017/08/01,163581
2017/08/02,159151
2017/08/03,86362
2017/08/04,101439
2017/08/05,108813
2017/08/06,123453
2017/08/07,125310
2017/08/08,202707
2017/08/09,96471
2017/08/10,86775
2017/08/11,27134
2017/08/12,53873
2017/08/13,53852
2017/08/14,24191
2017/08/15,139337
2017/08/16,151701
2017/08/17,163559
2017/08/18,158839
2017/08/19,133135
2017/08/20,109227
2017/08/21,113674
2017/08/22,98940
2017/08/23,273187
2017/08/24,275439
2017/08/25,209222
2017/08/26,19497
2017/08/27,132351
2017/08/28,115971
2017/08/29,74916
2017/08/30,103727
2017/08/31,42190
2017/09/01,34280
2017/09/02,37951
2017/09/03,130934
2017/09/04,131153
2017/09/05,151202
2017/09/06,36938
2017/09/07,40680
2017/09/08,46235
2017/09/09,139908
2017/09/10,183769
2017/09/11,116847
2017/09/12,135429
2017/09/13,5226
2017/09/14,24986
2017/09/15,90823
2017/09/16,115034
2017/09/17,193566
2017/09/18,89292
2017/09/19,262333
2017/09/20,281465
2017/09/21,313637
2017/09/22,70319
2017/09/23,110311
2017/09/24,72617
2017/09/25,91064
2017/09/26,136312
2017/09/27,53582
2017/09/28,69161
2017/09/29,80797
2017/09/30,130640
2017/10/01,130855
2017/10/02,180701
2017/10/03,163173
2017/10/04,172088
2017/10/05,134386
2017/10/06,156722
2017/10/07,128237
2017/10/08,126282
2017/10/09,78240
2017/10/10,110386
2017/10/11,35067
2017/10/12,21755
2017/10/13,18816
2017/10/14,36182
2017/10/15,42313
2017/10/16,14736
2017/10/17,17738
2017/10/18,30660
2017/10/19,60488
2017/10/20,60491
2017/10/21,63408
2017/10/22,75450
2017/10/23,75328
2017/10/24,60453
2017/10/25,61524
2017/10/26,133492
2017/10/27,173089
2017/10/28,601868
2017/10/29,559383
2017/10/30,0
2017/10/31,0
2017/11/01,0
2017/11/02,0
2017/11/03,0
2017/11/04,0
2017/11/05,0
2017/11/06,0
2017/11/07,733356
2017/11/08,717304
2017/11/09,63723
2017/11/10,105227
2017/11/11,231915
2017/11/12,212251
2017/11/13,277834
2017/11/14,297695
2017/11/15,91779
2017/11/16,656732
2017/11/17,722301
2017/11/18,743657
2017/11/19,99748
2017/11/20,96414
2017/11/21,35737
2017/11/22,90776
2017/11/23,90082
2017/11/24,74038
2017/11/25,42085
2017/11/26,44271
2017/11/27,85336
2017/11/28,86240
2017/11/29,111529
2017/11/30,108833
2017/12/01,45141
2017/12/02,132723
2017/12/03,129538
2017/12/04,157922
2017/12/05,128733
2017/12/06,87053
2017/12/07,163408
2017/12/08,163500
2017/12/09,98718
2017/12/10,19912
2017/12/11,19269
2017/12/12,13427
2017/12/13,109331
2017/12/14,136166
2017/12/15,78731
2017/12/16,149674
2017/12/17,73269
2017/12/18,55661
2017/12/19,144906
2017/12/20,122799
2017/12/21,59684
2017/12/22,84942
2017/12/23,86191
2017/12/24,57712
2017/12/25,143853
2017/12/26,160303
2017/12/27,156106
2017/12/28,139636
2017/12/29,77091
2017/12/30,84656
2017/12/31,95281
2018/01/01,28169
2018/01/02,129224
2018/01/03,120540
2018/01/04,100609
2018/01/05,112310
2018/01/06,102481
2018/01/07,74872
2018/01/08,39724
2018/01/09,32109
2018/01/10,33820
2018/01/11,85000
2018/01/12,85373
2018/01/13,200285
2018/01/14,152453
2018/01/15,19756
2018/01/16,57717
2018/01/17,117727
2018/01/18,69087
2018/01/19,83255
2018/01/20,75101
2018/01/21,14865
2018/01/22,46072
2018/01/23,67330
2018/01/24,52600
2018/01/25,80706
2018/01/26,106720
2018/01/27,44451
2018/01/28,112557
2018/01/29,123733
2018/01/30,57516
2018/01/31,104548
2018/02/01,130328
2018/02/02,158618
2018/02/03,120905
2018/02/04,147989
2018/02/05,160706
2018/02/06,213593
2018/02/07,126071
2018/02/08,169739
2018/02/09,38737
2018/02/10,79183
2018/02/11,114991
2018/02/12,158923
2018/02/13,48334
2018/02/14,70733
2018/02/15,143339
2018/02/16,166838
2018/02/17,39399
2018/02/18,43816
2018/02/19,50270
2018/02/20,65781
2018/02/21,71214
2018/02/22,20272
2018/02/23,23531
2018/02/24,13082
2018/02/25,181997
2018/02/26,151718
2018/02/27,123819
2018/02/28,133258
2018/03/01,86791
2018/03/02,85723
2018/03/03,130288
2018/03/04,131224
2018/03/05,92509
2018/03/06,47673
2018/03/07,89881
2018/03/08,57600
2018/03/09,53424
2018/03/10,103317
2018/03/11,61447
2018/03/12,82022
2018/03/13,78974
2018/03/14,222914
2018/03/15,151862
2018/03/16,23268
2018/03/17,117746
2018/03/18,100219
2018/03/19,95672
2018/03/20,37375
2018/03/21,24551
2018/03/22,15957
2018/03/23,30960
2018/03/24,76258
2018/03/25,127038
2018/03/26,104157
2018/03/27,135853
2018/03/28,41855
2018/03/29,44645
2018/03/30,22273
2018/03/31,88566
2018/04/01,105911
2018/04/02,38431
2018/04/03,110032
2018/04/04,72747
2018/04/05,33828
2018/04/06,86044
2018/04/07,120752
2018/04/08,181681
2018/04/09,91095
2018/04/10,113770
2018/04/11,16564
2018/04/12,48385
2018/04/13,68427
2018/04/14,103392
2018/04/15,98521
2018/04/16,87069
2018/04/17,51560
2018/04/18,31809
2018/04/19,30176
2018/04/20,58984
2018/04/21,41510
2018/04/22,106591
2018/04/23,97260
2018/04/24,175783
2018/04/25,83386
2018/04/26,73378
2018/04/27,12919
2018/04/28,79022
2018/04/29,103707
2018/04/30,75284
2018/05/01,87110
2018/05/02,12665
2018/05/03,12197
2018/05/04,43323
2018/05/05,52201
2018/05/06,117598
2018/05/07,76406
2018/05/08,98216
2018/05/09,41974
2018/05/10,43636
2018/05/11,34246
2018/05/12,32662
2018/05/13,132193
2018/05/14,155523
2018/05/15,163117
2018/05/16,14494
2018/05/17,9907
2018/05/18,83517
2018/05/19,148202
2018/05/20,191797
2018/05/21,98696
2018/05/22,101651
2018/05/23,48869
2018/05/24,55176
2018/05/25,47301
2018/05/26,99477
2018/05/27,131112
2018/05/28,100888
2018/05/29,112952
2018/05/30,19958
2018/05/31,25952
2018/06/01,92110
2018/06/02,147700
2018/06/03,162677
2018/06/04,143841
2018/06/05,119888
2018/06/06,62651
2018/06/07,28808
2018/06/08,29149
2018/06/09,126175
2018/06/10,129004
2018/06/11,60706
2018/06/12,74190
2018/06/13,24382
2018/06/14,16932
2018/06/15,55420
2018/06/16,144765
2018/06/17,166252
2018/06/18,88622
2018/06/19,98462
2018/06/20,23493
2018/06/21,24886
2018/06/22,42530
2018/06/23,85319
2018/06/24,101532
2018/06/25,91940
2018/06/26,104548
2018/06/27,19878
2018/06/28,42921
2018/06/29,34723
2018/06/30,35178
2018/07/01,82952
2018/07/02,112421
2018/07/03,142467
2018/07/04,27960
2018/07/05,94796
2018/07/06,95987
2018/07/07,141923
2018/07/08,161432
2018/07/09,120388
2018/07/10,142949
2018/07/11,51301
2018/07/12,90870
2018/07/13,148835
2018/07/14,95665
2018/07/15,220360
2018/07/16,124671
2018/07/17,116327
2018/07/18,130229
2018/07/19,91156
2018/07/20,108477
2018/07/21,108549
2018/07/22,113929
2018/07/23,176356
2018/07/24,186238
2018/07/25,59390
2018/07/26,108805
2018/07/27,111674
2018/07/28,117533
2018/07/29,168764
2018/07/30,100163
2018/07/31,128317
2018/08/01,40188
2018/08/02,32858
2018/08/03,43171
2018/08/04,106359
2018/08/05,156683
2018/08/06,97979
2018/08/07,158032
2018/08/08,61829
2018/08/09,60971
2018/08/10,33695
2018/08/11,91329
2018/08/12,133662
2018/08/13,74419
2018/08/14,113148
2018/08/15,51090
2018/08/16,62889
2018/08/17,90587
2018/08/18,105326
2018/08/19,148408
2018/08/20,95448
2018/08/21,114612
2018/08/22,42700
2018/08/23,59023
2018/08/24,69550
2018/08/25,84003
2018/08/26,122040
2018/08/27,138671
2018/08/28,156743
2018/08/29,8169
2018/08/30,50059
2018/08/31,45542
2018/09/01,62945
2018/09/02,119700
2018/09/03,72910
2018/09/04,93128
2018/09/05,21795
2018/09/06,38344
2018/09/07,63633
2018/09/08,108573
2018/09/09,145547
2018/09/10,72989
2018/09/11,91825
2018/09/12,13965
2018/09/13,12413
2018/09/14,11392
2018/09/15,32803
2018/09/16,91977
2018/09/17,115149
2018/09/18,136529
2018/09/19,23307
2018/09/20,25405
2018/09/21,74410
2018/09/22,95839
2018/09/23,138869
2018/09/24,72585
2018/09/25,101609
2018/09/26,30401
2018/09/27,28868
2018/09/28,60283
2018/09/29,89488
2018/09/30,116192
2018/10/01,111954
2018/10/02,110231
2018/10/03,24580
2018/10/04,23124
2018/10/05,24583
2018/10/06,42909
2018/10/07,40970
2018/10/08,39627
2018/10/09,30830
2018/10/10,5697
2018/10/11,50035
2018/10/12,44921
2018/10/13,85397
2018/10/14,120408
2018/10/15,138505
2018/10/16,151214
2018/10/17,46188
2018/10/18,32114
2018/10/19,45477
2018/10/20,86681
2018/10/21,118465
2018/10/22,70640
2018/10/23,105305
2018/10/24,50344
2018/10/25,50272
2018/10/26,42984
2018/10/27,97406
2018/10/28,102524
2018/10/29,97343
2018/10/30,102714
2018/10/31,22148
2018/11/01,15538
2018/11/02,18490
2018/11/03,52906
2018/11/04,73451
2018/11/05,62349
2018/11/06,61914
2018/11/07,46763
2018/11/08,47377
2018/11/09,11106
2018/11/10,99034
2018/11/11,99564
2018/11/12,69031
2018/11/13,55591
2018/11/14,27065
2018/11/15,54884
2018/11/16,58244
2018/11/17,106412
2018/11/18,140996
2018/11/19,88107
2018/11/20,161918
2018/11/21,94462
2018/11/22,88177
2018/11/23,41653
2018/11/24,83145
2018/11/25,77080
2018/11/26,46303
2018/11/27,69379
2018/11/28,30393
2018/11/29,31586
2018/11/30,23168
2018/12/01,24935
2018/12/02,90100
2018/12/03,91379
2018/12/04,134674
2018/12/05,65992
2018/12/06,39099
2018/12/07,44003
2018/12/08,90723
2018/12/09,128527
2018/12/10,65991
2018/12/11,98854
2018/12/12,34485
2018/12/13,4544
2018/12/14,61209
2018/12/15,67652
2018/12/16,123633
2018/12/17,113423
2018/12/18,113396
2018/12/19,66603
2018/12/20,60847
2018/12/21,36970
2018/12/22,95716
2018/12/23,114676
2018/12/24,56044
2018/12/25,83204
2018/12/26,81948
2018/12/27,99356
2018/12/28,70814
2018/12/29,68317
2018/12/30,85814
2018/12/31,16535
2019/01/01,98738
2019/01/02,122444
2019/01/03,140427
2019/01/04,10266
2019/01/05,54419
2019/01/06,69776
2019/01/07,61425
2019/01/08,82069
2019/01/09,27483
2019/01/10,36230
2019/01/11,26958
2019/01/12,107665
2019/01/13,115110
2019/01/14,83203
2019/01/15,117112
2019/01/16,55778
2019/01/17,54321
2019/01/18,54556
2019/01/19,81616
2019/01/20,98079
2019/01/21,68745
2019/01/22,71125
2019/01/23,67734
2019/01/24,60669
2019/01/25,57238
2019/01/26,46736
2019/01/27,83438
2019/01/28,94401
2019/01/29,101771
2019/01/30,10752
2019/01/31,38754
2019/02/01,51822
2019/02/02,78384
2019/02/03,118040
2019/02/04,64455
2019/02/05,93725
2019/02/06,59976
2019/02/07,35280
2019/02/08,29575
2019/02/09,73955
2019/02/10,120982
2019/02/11,92856
2019/02/12,261284
2019/02/13,169474
2019/02/14,176274
2019/02/15,153623
2019/02/16,33792
2019/02/17,72131
2019/02/18,117359
2019/02/19,127708
2019/02/20,18726
2019/02/21,35569
2019/02/22,74523
2019/02/23,138904
2019/02/24,166853
2019/02/25,64426
2019/02/26,124353
2019/02/27,64511
2019/02/28,47023
2019/03/01,22990
2019/03/02,49463
2019/03/03,122828
2019/03/04,102851
2019/03/05,137373
2019/03/06,50702
2019/03/07,19506
2019/03/08,19969
2019/03/09,70688
2019/03/10,138144
2019/03/11,171276
2019/03/12,181764
2019/03/13,40350
2019/03/14,39736
2019/03/15,38208
2019/03/16,98160
2019/03/17,152309
2019/03/18,117861
2019/03/19,168936
2019/03/20,52238
2019/03/21,30852
2019/03/22,26968
2019/03/23,98550
2019/03/24,125592
2019/03/25,108284
2019/03/26,110553
2019/03/27,98782
2019/03/28,98384
2019/03/29,29455
2019/03/30,40684
2019/03/31,91405
2019/04/01,58973
2019/04/02,194607
2019/04/03,142385
2019/04/04,63788
2019/04/05,71836
2019/04/06,195329
2019/04/07,226609
2019/04/08,120018
2019/04/09,118380
2019/04/10,17823
2019/04/11,46300
2019/04/12,30764
2019/04/13,169865
2019/04/14,162747
2019/04/15,135851
2019/04/16,130966
2019/04/17,32390
2019/04/18,5840
2019/04/19,74906
2019/04/20,155500
2019/04/21,155032
2019/04/22,85505
2019/04/23,73371
2019/04/24,191163
2019/04/25,136605
2019/04/26,115552
2019/04/27,103753
2019/04/28,133907
2019/04/29,125646
2019/04/30,168655
2019/05/01,44052
2019/05/02,61171
2019/05/03,44906
2019/05/04,130268
2019/05/05,154720
2019/05/06,121432
2019/05/07,118399
2019/05/08,78179
2019/05/09,75171
2019/05/10,72238
2019/05/11,37591
2019/05/12,79282
2019/05/13,89431
2019/05/14,27441
2019/05/15,30493
2019/05/16,37912
2019/05/17,58151
2019/05/18,55405
2019/05/19,135893
2019/05/20,88772
2019/05/21,130626
2019/05/22,62881
2019/05/23,72620
2019/05/24,62547
2019/05/25,109248
2019/05/26,137689
2019/05/27,180664
2019/05/28,214194
2019/05/29,35501
2019/05/30,60438
2019/05/31,91990
2019/06/01,101597
2019/06/02,160779
2019/06/03,172103
2019/06/04,142490
2019/06/05,150762
2019/06/06,57453
2019/06/07,60659
2019/06/08,166682
2019/06/09,189067
2019/06/10,162985
2019/06/11,168395
2019/06/12,18749
2019/06/13,61682
2019/06/14,65383
2019/06/15,27767
2019/06/16,179324
2019/06/17,141067
2019/06/18,195326
2019/06/19,130495
2019/06/20,123478
2019/06/21,87786
2019/06/22,49646
2019/06/23,77764
2019/06/24,99552
2019/06/25,60582
2019/06/26,102670
2019/06/27,128926
2019/06/28,121692
2019/06/29,89684
2019/06/30,232142
2019/07/01,158596
2019/07/02,132484
2019/07/03,68582
2019/07/04,73394
2019/07/05,72168
2019/07/06,117949
2019/07/07,161005
2019/07/08,151395
2019/07/09,163777
2019/07/10,20520
2019/07/11,21001
2019/07/12,90097
2019/07/13,162736
2019/07/14,227151
2019/07/15,107688
2019/07/16,154950
2019/07/17,63981
2019/07/18,79540
2019/07/19,12243
2019/07/20,38593
2019/07/21,154689
2019/07/22,157508
2019/07/23,141657
2019/07/24,20689
2019/07/25,44961
2019/07/26,27442
2019/07/27,146733
2019/07/28,165296
2019/07/29,124670
2019/07/30,147230
2019/07/31,66366
2019/08/01,51960
2019/08/02,40276
2019/08/03,121730
2019/08/04,163813
2019/08/05,158287
2019/08/06,206994
2019/08/07,46772
2019/08/08,41618
2019/08/09,57994
2019/08/10,119555
2019/08/11,137500
2019/08/12,80255
2019/08/13,232914
2019/08/14,154739
2019/08/15,106000
2019/08/16,62776
2019/08/17,113382
2019/08/18,119632
2019/08/19,142942
2019/08/20,164958
2019/08/21,38789
2019/08/22,57570
2019/08/23,38104
2019/08/24,70388
2019/08/25,198581
2019/08/26,151063
2019/08/27,150049
2019/08/28,29492
2019/08/29,49156
2019/08/30,51179
2019/08/31,107774
2019/09/01,119694
2019/09/02,108741
2019/09/03,167832
2019/09/04,65549
2019/09/05,51681
2019/09/06,53042
2019/09/07,132905
2019/09/08,173763
2019/09/09,112885
2019/09/10,181850
2019/09/11,73491
2019/09/12,43842
2019/09/13,41936
2019/09/14,80757
2019/09/15,120813
2019/09/16,129367
2019/09/17,148360
2019/09/18,94036
2019/09/19,109975
2019/09/20,116040
2019/09/21,60266
2019/09/22,104878
2019/09/23,87329
2019/09/24,161532
2019/09/25,85672
2019/09/26,66780
2019/09/27,114499
2019/09/28,73413
2019/09/29,79353
2019/09/30,109627
2019/10/01,158298
2019/10/02,50909
2019/10/03,55393
2019/10/04,24607
2019/10/05,62356
2019/10/06,125762
2019/10/07,104022
2019/10/08,125656
2019/10/09,46540
2019/10/10,63676
2019/10/11,63650
2019/10/12,105381
2019/10/13,101014
2019/10/14,75317
2019/10/15,130499
2019/10/16,65050
2019/10/17,10899
2019/10/18,27331
2019/10/19,65925
2019/10/20,92922
2019/10/21,116910
2019/10/22,135236
2019/10/23,4643
2019/10/24,35043
2019/10/25,47258
2019/10/26,63159
2019/10/27,152990
2019/10/28,139916
2019/10/29,110471
2019/10/30,30895
2019/10/31,31237
2019/11/01,63093
2019/11/02,89075
2019/11/03,124153
2019/11/04,69589
2019/11/05,137464
2019/11/06,88627
2019/11/07,64897
2019/11/08,71691
2019/11/09,2112
2019/11/10,123763
2019/11/11,110319
2019/11/12,73468
2019/11/13,90116
2019/11/14,90216
2019/11/15,37086
2019/11/16,33063
2019/11/17,93236
2019/11/18,65893
2019/11/19,175983
2019/11/20,130722
2019/11/21,111079
2019/11/22,80404
2019/11/23,81376
2019/11/24,150267
2019/11/25,93883
2019/11/26,149505
2019/11/27,160442
2019/11/28,81449
2019/11/29,112682
2019/11/30,42164
2019/12/01,71716
2019/12/02,99469
2019/12/03,119665
2019/12/04,20818
2019/12/05,21443
2019/12/06,39004
2019/12/07,50436
2019/12/08,107487
2019/12/09,154296
2019/12/10,188370
2019/12/11,18568
2019/12/12,68060
2019/12/13,69909
2019/12/14,61833
2019/12/15,105569
2019/12/16,173811
2019/12/17,225266
2019/12/18,112320
2019/12/19,121252
2019/12/20,15116
2019/12/21,83610
2019/12/22,115569
2019/12/23,100180
2019/12/24,107749
2019/12/25,116868
2019/12/26,92965
2019/12/27,118263
2019/12/28,76743
2019/12/29,90721
2019/12/30,107247
2019/12/31,105539
2020/01/01,162353
2020/01/02,125760
2020/01/03,147292
2020/01/04,65097
2020/01/05,88672
2020/01/06,66934
2020/01/07,110249
2020/01/08,44127
2020/01/09,57408
2020/01/10,61035
2020/01/11,122901
2020/01/12,165156
2020/01/13,81261
2020/01/14,187420
2020/01/15,110358
2020/01/16,60930
2020/01/17,38930
2020/01/18,112585
2020/01/19,73142
2020/01/20,80738
2020/01/21,64965
2020/01/22,32152
2020/01/23,32637
2020/01/24,11168
2020/01/25,120307
2020/01/26,126785
2020/01/27,62854
2020/01/28,168022
2020/01/29,108388
2020/01/30,67875
2020/01/31,40130
2020/02/01,48356
2020/02/02,48318
2020/02/03,123806
2020/02/04,90183
2020/02/05,45035
2020/02/06,43275
2020/02/07,71705
2020/02/08,109149
2020/02/09,142112
2020/02/10,29970
2020/02/11,172096
2020/02/12,147215
2020/02/13,117987
2020/02/14,90907
2020/02/15,88878
2020/02/16,95665
2020/02/17,122414
2020/02/18,116784
2020/02/19,35269
2020/02/20,28938
2020/02/21,32804
2020/02/22,52083
2020/02/23,78199
2020/02/24,68323
2020/02/25,79536
2020/02/26,42124
2020/02/27,49197
2020/02/28,24666
2020/02/29,99122
2020/03/01,102169
2020/03/02,89403
2020/03/03,101956
2020/03/04,55831
2020/03/05,78668
2020/03/06,96085
2020/03/07,47671
2020/03/08,79234
2020/03/09,114763
2020/03/10,141261
2020/03/11,53820
2020/03/12,110455
2020/03/13,112575
2020/03/14,92046
2020/03/15,109370
2020/03/16,90807
2020/03/17,51092
2020/03/18,93499
2020/03/19,95690
2020/03/20,89033
2020/03/21,29655
2020/03/22,119931
2020/03/23,91713
2020/03/24,129464
2020/03/25,147750
2020/03/26,229858
2020/03/27,263555
2020/03/28,184308
2020/03/29,210701
2020/03/30,143074
2020/03/31,192360
2020/04/01,46896
2020/04/02,27548
2020/04/03,47063
2020/04/04,89659
2020/04/05,100988
2020/04/06,119428
2020/04/07,284216
2020/04/08,183884
2020/04/09,205654
2020/04/10,41206
2020/04/11,83929
2020/04/12,108546
2020/04/13,126861
2020/04/14,145651
2020/04/15,143584
2020/04/16,118546
2020/04/17,85343
2020/04/18,28266
2020/04/19,112811
2020/04/20,108804
2020/04/21,70925
2020/04/22,64854
2020/04/23,180253
2020/04/24,180355
2020/04/25,117515
2020/04/26,117095
2020/04/27,94250
2020/04/28,173922
2020/04/29,90883
2020/04/30,80618
2020/05/01,27101
2020/05/02,106343
2020/05/03,93860
2020/05/04,122316
2020/05/05,54703
2020/05/06,84940
2020/05/07,61513
2020/05/08,54880
2020/05/09,100137
2020/05/10,74350
2020/05/11,108062
2020/05/12,107962
2020/05/13,81119
2020/05/14,78222
2020/05/15,47187
2020/05/16,47126
2020/05/17,162872
2020/05/18,210314
2020/05/19,208846
2020/05/20,116672
2020/05/21,25379
2020/05/22,36603
2020/05/23,38604
2020/05/24,4918
2020/05/25,41340
2020/05/26,38343
2020/05/27,80959
2020/05/28,286388
2020/05/29,298792
2020/05/30,293866
2020/05/31,92655
2020/06/01,101131
2020/06/02,60582
2020/06/03,91807
2020/06/04,50519
2020/06/05,47069
2020/06/06,67193
2020/06/07,145446
2020/06/08,126352
2020/06/09,170283
2020/06/10,42205
2020/06/11,129057
2020/06/12,128066
2020/06/13,152808
2020/06/14,182427
2020/06/15,139061
2020/06/16,243291
2020/06/17,119530
2020/06/18,91843
2020/06/19,56129
2020/06/20,155851
2020/06/21,196136
2020/06/22,61642
2020/06/23,252005
2020/06/24,181383
2020/06/25,115597
2020/06/26,37183
2020/06/27,111176
2020/06/28,168700
2020/06/29,166429
2020/06/30,190020
2020/07/01,104813
2020/07/02,106707
2020/07/03,117205
2020/07/04,84253
2020/07/05,110426
2020/07/06,159359
2020/07/07,174328
2020/07/08,63472
2020/07/09,62320
2020/07/10,50527
2020/07/11,303960
2020/07/12,245717
2020/07/13,207119
2020/07/14,179853
2020/07/15,57249
2020/07/16,20747
2020/07/17,124659
2020/07/18,123693
2020/07/19,40504
2020/07/20,42566
2020/07/21,33270
2020/07/22,78414
2020/07/23,60478
2020/07/24,39138
2020/07/25,14481
2020/07/26,11686
2020/07/27,50751
2020/07/28,42456
2020/07/29,36096
2020/07/30,90684
2020/07/31,89757
2020/08/01,106510
2020/08/02,105778
2020/08/03,142710
2020/08/04,114691
2020/08/05,112450
2020/08/06,150816
2020/08/07,126696
2020/08/08,135030
2020/08/09,121581
2020/08/10,13221
2020/08/11,137157
2020/08/12,115405
2020/08/13,110024
2020/08/14,88679
2020/08/15,88090
2020/08/16,102905
2020/08/17,60557
2020/08/18,49906
2020/08/19,58894
2020/08/20,10966
2020/08/21,71189
2020/08/22,98299
2020/08/23,105300
2020/08/24,26101
2020/08/25,29801
2020/08/26,138083
2020/08/27,135644
2020/08/28,145666
2020/08/29,125466
2020/08/30,197109
2020/08/31,129763
2020/09/01,197694
2020/09/02,106042
2020/09/03,100921
2020/09/04,57143
2020/09/05,25109
2020/09/06,20461
2020/09/07,117122
2020/09/08,122247
2020/09/09,125053
2020/09/10,108387
2020/09/11,107297
2020/09/12,131095
2020/09/13,131501
2020/09/14,184155
2020/09/15,193111
2020/09/16,62422
2020/09/17,104570
2020/09/18,129263
2020/09/19,171848
2020/09/20,130901
2020/09/21,118570
2020/09/22,144679
2020/09/23,36287
2020/09/24,15822
2020/09/25,144282
2020/09/26,168578
2020/09/27,262178
2020/09/28,104344
2020/09/29,170995
2020/09/30,144037
2020/10/01,103283
2020/10/02,101063
2020/10/03,88996
2020/10/04,82634
2020/10/05,112492
2020/10/06,83470
2020/10/07,149718
2020/10/08,68639
2020/10/09,95514
2020/10/10,94119
2020/10/11,150261
2020/10/12,135679
2020/10/13,219358
2020/10/14,95507
2020/10/15,72528
2020/10/16,56416
2020/10/17,146739
2020/10/18,184170
2020/10/19,117904
2020/10/20,186985
2020/10/21,104275
2020/10/22,48765
2020/10/23,89456
2020/10/24,114909
2020/10/25,192293
2020/10/26,236214
2020/10/27,36183
2020/10/28,26669
2020/10/29,64407
2020/10/30,60900
2020/10/31,55718
2020/11/01,62501
2020/11/02,80639
2020/11/03,182799
2020/11/04,274086
2020/11/05,106274
2020/11/06,105819
2020/11/07,45882
2020/11/08,122568
2020/11/09,178243
2020/11/10,178748
2020/11/11,140288
2020/11/12,18208
2020/11/13,36651
2020/11/14,46864
2020/11/15,94433
2020/11/16,138362
2020/11/17,208068
2020/11/18,106503
2020/11/19,115936
2020/11/20,119707
2020/11/21,124815
2020/11/22,195636
2020/11/23,94600
2020/11/24,121873
2020/11/25,86736
2020/11/26,73596
2020/11/27,17836
2020/11/28,56733
2020/11/29,215755
2020/11/30,177164
2020/12/01,282228
2020/12/02,230903
2020/12/03,137541
2020/12/04,101932
2020/12/05,59918
2020/12/06,168183
2020/12/07,144926
2020/12/08,134556
2020/12/09,82239
2020/12/10,93424
2020/12/11,94697
2020/12/12,87712
2020/12/13,84264
2020/12/14,22231
2020/12/15,39626
2020/12/16,59106
2020/12/17,35374
2020/12/18,110658
2020/12/19,105637
2020/12/20,109409
2020/12/21,90588
2020/12/22,88033
2020/12/23,50890
2020/12/24,141543
2020/12/25,98808
2020/12/26,71238
2020/12/27,114201
2020/12/28,174547
2020/12/29,59059
2020/12/30,91154
2020/12/31,92029
2021/01/01,189820
2021/01/02,146447
2021/01/03,128958
2021/01/04,101953
2021/01/05,60478
2021/01/06,105000
2021/01/07,105048
2021/01/08,107623
2021/01/09,119843
2021/01/10,74850
2021/01/11,67525
2021/01/12,10108
2021/01/13,7833
2021/01/14,26097
2021/01/15,34668
2021/01/16,40040
2021/01/17,175538
2021/01/18,130749
2021/01/19,109741
2021/01/20,44182
2021/01/21,49545
2021/01/22,73429
2021/01/23,75950
2021/01/24,106425
2021/01/25,53633
2021/01/26,135408
2021/01/27,114968
2021/01/28,103090
2021/01/29,144303
2021/01/30,135426
2021/01/31,154030
2021/02/01,39538
2021/02/02,148805
2021/02/03,163396
2021/02/04,2284
2021/02/05,67508
2021/02/06,120844
2021/02/07,128634
2021/02/08,61046
2021/02/09,954282
2021/02/10,1006377
2021/02/11,953898
2021/02/12,164663
2021/02/13,116420
2021/02/14,38301
2021/02/15,38337
2021/02/16,424875
2021/02/17,580098
2021/02/18,525781
2021/02/19,651708
2021/02/20,80666
2021/02/21,104131
2021/02/22,66730
2021/02/23,36220
2021/02/24,118930
2021/02/25,131360
2021/02/26,84115
2021/02/27,103918
2021/02/28,148583
2021/03/01,192303
2021/03/02,141936
2021/03/03,194332
2021/03/04,125392
2021/03/05,125017
2021/03/06,78986
2021/03/07,118591
2021/03/08,110786
2021/03/09,94517
2021/03/10,100031
2021/03/11,101266
2021/03/12,89214
2021/03/13,101053
2021/03/14,97800
2021/03/15,75454
2021/03/16,37396
2021/03/17,52395
2021/03/18,53648
2021/03/19,40772
2021/03/20,38276
2021/03/21,50863
2021/03/22,32714
2021/03/23,127473
2021/03/24,101691
2021/03/25,87859
2021/03/26,156638
2021/03/27,157135
2021/03/28,91544
2021/03/29,78987
2021/03/30,77902
2021/03/31,114970
2021/04/01,46356
2021/04/02,92128
2021/04/03,145028
2021/04/04,91302
2021/04/05,178771
2021/04/06,133983
2021/04/07,24453
2021/04/08,68136
2021/04/09,72168
2021/04/10,59771
2021/04/11,116617
2021/04/12,95329
2021/04/13,72462
2021/04/14,45216
2021/04/15,211849
2021/04/16,304866
2021/04/17,374720
2021/04/18,151174
2021/04/19,182066
2021/04/20,196977
2021/04/21,187062
2021/04/22,175684
2021/04/23,164502
2021/04/24,58780
2021/04/25,70314
2021/04/26,98312
2021/04/27,148521
2021/04/28,195167
2021/04/29,135497
2021/04/30,136748
2021/05/01,100777
2021/05/02,151272
2021/05/03,166832
2021/05/04,19852
2021/05/05,18959
2021/05/06,44399
2021/05/07,56139
2021/05/08,40599
2021/05/09,92296
2021/05/10,139892
2021/05/11,91814
2021/05/12,91676
2021/05/13,46984
2021/05/14,170903
2021/05/15,178679
2021/05/16,63154
2021/05/17,39672
2021/05/18,102467
2021/05/19,131264
2021/05/20,125279
2021/05/21,72462
2021/05/22,41376
2021/05/23,61527
2021/05/24,58611
2021/05/25,23493
2021/05/26,9694
2021/05/27,72412
2021/05/28,80340
2021/05/29,82522
2021/05/30,96469
2021/05/31,99538
2021/06/01,93694
2021/06/02,182077
2021/06/03,182072
2021/06/04,166513
2021/06/05,183457
2021/06/06,149864
2021/06/07,146112
2021/06/08,222152
2021/06/09,169147
2021/06/10,175783
2021/06/11,131532
2021/06/12,78294
2021/06/13,190352
2021/06/14,197767
2021/06/15,191856
2021/06/16,38920
2021/06/17,97861
2021/06/18,84013
2021/06/19,144730
2021/06/20,167993
2021/06/21,143973
2021/06/22,149548
2021/06/23,45180
2021/06/24,52447
2021/06/25,4667
2021/06/26,138310
2021/06/27,216811
2021/06/28,134843
2021/06/29,186585
2021/06/30,60270
2021/07/01,15654
2021/07/02,35723
2021/07/03,136512
2021/07/04,104451
2021/07/05,87103
2021/07/06,21719
2021/07/07,57499
2021/07/08,37865
2021/07/09,25446
2021/07/10,83304
2021/07/11,69250
2021/07/12,98968
2021/07/13,89574
2021/07/14,27998
2021/07/15,21093
2021/07/16,48704
2021/07/17,138600
2021/07/18,112983
2021/07/19,186018
2021/07/20,179827
2021/07/21,25675
2021/07/22,43500
2021/07/23,38365
2021/07/24,36499
2021/07/25,105385
2021/07/26,209116
2021/07/27,229671
2021/07/28,54118
2021/07/29,38917
2021/07/30,37772
2021/07/31,107417
2021/08/01,106502
2021/08/02,168721
2021/08/03,165693
2021/08/04,64197
2021/08/05,20752
2021/08/06,36507
2021/08/07,100474
2021/08/08,122440
2021/08/09,91668
2021/08/10,128565
2021/08/11,43929
2021/08/12,41647
2021/08/13,43391
2021/08/14,103795
2021/08/15,175522
2021/08/16,217515
2021/08/17,262967
2021/08/18,98910
2021/08/19,110586
2021/08/20,78175
2021/08/21,97461
2021/08/22,172063
2021/08/23,197452
2021/08/24,206149
2021/08/25,76925
2021/08/26,52782
2021/08/27,49258
2021/08/28,61873
2021/08/29,102594
2021/08/30,160255
2021/08/31,177468
2021/09/01,16222
2021/09/02,106607
2021/09/03,91979
2021/09/04,159619
2021/09/05,214839
2021/09/06,180073
2021/09/07,192250
2021/09/08,33430
2021/09/09,4084
2021/09/10,4492
2021/09/11,22734
2021/09/12,170720
2021/09/13,154061
2021/09/14,170775
2021/09/15,56282
2021/09/16,71276
2021/09/17,53024
2021/09/18,148483
2021/09/19,173025
2021/09/20,223270
2021/09/21,220648
2021/09/22,132354
2021/09/23,52658
2021/09/24,58524
2021/09/25,160730
2021/09/26,189004
2021/09/27,131041
2021/09/28,142996
2021/09/29,28099
2021/09/30,165677
2021/10/01,155984
2021/10/02,90575
2021/10/03,148860
2021/10/04,181363
2021/10/05,182588
2021/10/06,118624
2021/10/07,189678
2021/10/08,189745
2021/10/09,127401
2021/10/10,148667
2021/10/11,133318
2021/10/12,122584
2021/10/13,26969
2021/10/14,45981
2021/10/15,69532
2021/10/16,68682
2021/10/17,152484
2021/10/18,124149
2021/10/19,180545
2021/10/20,81172
2021/10/21,127941
2021/10/22,141074
2021/10/23,235009
2021/10/24,173959
2021/10/25,260431
2021/10/26,252868
2021/10/27,95359
2021/10/28,43292
2021/10/29,45399
2021/10/30,132668
2021/10/31,112726
2021/11/01,122933
2021/11/02,85926
2021/11/03,25184
2021/11/04,25742
2021/11/05,27675
2021/11/06,142045
2021/11/07,165171
2021/11/08,137174
2021/11/09,285239
2021/11/10,180947
2021/11/11,162893
2021/11/12,69137
2021/11/13,133908
2021/11/14,94585
2021/11/15,195721
2021/11/16,194180
2021/11/17,38703
2021/11/18,67954
2021/11/19,56844
2021/11/20,78244
2021/11/21,113227
2021/11/22,75223
2021/11/23,84125
2021/11/24,124891
2021/11/25,110964
2021/11/26,66690
2021/11/27,177687
2021/11/28,172324
2021/11/29,159404
2021/11/30,122270
2021/12/01,116655
2021/12/02,205165
2021/12/03,122003
2021/12/04,198479
2021/12/05,80455
2021/12/06,97527
2021/12/07,52083
2021/12/08,117653
2021/12/09,155830
2021/12/10,169770
2021/12/11,219537
2021/12/12,147030
2021/12/13,135866
2021/12/14,175217
