Date,activeaddresses14ema
2010/07/17,1640
2010/07/18,1544
2010/07/19,1468
2010/07/20,1393
2010/07/21,1315
2010/07/22,1220
2010/07/23,1144
2010/07/24,1120
2010/07/25,1255
2010/07/26,1253
2010/07/27,1188
2010/07/28,1120
2010/07/29,1041
2010/07/30,979.834
2010/07/31,912.523
2010/08/01,873.52
2010/08/02,840.651
2010/08/03,858.43
2010/08/04,841.44
2010/08/05,838.448
2010/08/06,811.721
2010/08/07,772.025
2010/08/08,746.955
2010/08/09,751.095
2010/08/10,729.615
2010/08/11,725.8
2010/08/12,706.227
2010/08/13,724.996
2010/08/14,703.397
2010/08/15,666.277
2010/08/16,680.374
2010/08/17,655.524
2010/08/18,664.921
2010/08/19,638.931
2010/08/20,641.207
2010/08/21,626.113
2010/08/22,620.764
2010/08/23,625.062
2010/08/24,625.987
2010/08/25,609.056
2010/08/26,614.782
2010/08/27,599.077
2010/08/28,589.467
2010/08/29,562.872
2010/08/30,557.422
2010/08/31,580.966
2010/09/01,583.904
2010/09/02,578.45
2010/09/03,567.99
2010/09/04,552.391
2010/09/05,551.806
2010/09/06,546.365
2010/09/07,527.25
2010/09/08,529.616
2010/09/09,527.534
2010/09/10,529.33
2010/09/11,516.486
2010/09/12,542.421
2010/09/13,565.831
2010/09/14,578.921
2010/09/15,589.998
2010/09/16,602.665
2010/09/17,656.043
2010/09/18,643.504
2010/09/19,644.903
2010/09/20,652.916
2010/09/21,727.994
2010/09/22,769.461
2010/09/23,806.733
2010/09/24,806.769
2010/09/25,809.2
2010/09/26,784.373
2010/09/27,848.99
2010/09/28,962.325
2010/09/29,993.748
2010/09/30,946.315
2010/10/01,933.073
2010/10/02,912.663
2010/10/03,880.575
2010/10/04,873.565
2010/10/05,850.956
2010/10/06,829.762
2010/10/07,805.394
2010/10/08,806.408
2010/10/09,798.887
2010/10/10,775.435
2010/10/11,756.177
2010/10/12,741.487
2010/10/13,766.089
2010/10/14,748.477
2010/10/15,726.147
2010/10/16,753.727
2010/10/17,753.497
2010/10/18,779.297
2010/10/19,863.124
2010/10/20,905.774
2010/10/21,917.538
2010/10/22,924.799
2010/10/23,912.826
2010/10/24,904.583
2010/10/25,884.238
2010/10/26,881.807
2010/10/27,913.166
2010/10/28,924.477
2010/10/29,914.28
2010/10/30,880.243
2010/10/31,839.144
2010/11/01,806.858
2010/11/02,760.343
2010/11/03,735.498
2010/11/04,718.365
2010/11/05,733.916
2010/11/06,715.527
2010/11/07,712.124
2010/11/08,826.64
2010/11/09,802.822
2010/11/10,782.579
2010/11/11,758.368
2010/11/12,718.053
2010/11/13,699.512
2010/11/14,726.377
2010/11/15,1216
2010/11/16,1502
2010/11/17,1392
2010/11/18,1291
2010/11/19,1204
2010/11/20,1148
2010/11/21,1096
2010/11/22,1033
2010/11/23,983.324
2010/11/24,980.614
2010/11/25,971.466
2010/11/26,1002
2010/11/27,977.599
2010/11/28,941.386
2010/11/29,935.867
2010/11/30,917.352
2010/12/01,942.905
2010/12/02,925.451
2010/12/03,919.524
2010/12/04,894.121
2010/12/05,867.571
2010/12/06,849.762
2010/12/07,888.727
2010/12/08,890.63
2010/12/09,883.213
2010/12/10,850.251
2010/12/11,879.551
2010/12/12,921.477
2010/12/13,1022
2010/12/14,1037
2010/12/15,1044
2010/12/16,1031
2010/12/17,999.767
2010/12/18,980.865
2010/12/19,995.15
2010/12/20,1057
2010/12/21,1061
2010/12/22,1081
2010/12/23,1073
2010/12/24,1043
2010/12/25,1048
2010/12/26,1045
2010/12/27,1058
2010/12/28,1054
2010/12/29,1045
2010/12/30,1052
2010/12/31,1031
2011/01/01,1037
2011/01/02,1039
2011/01/03,1087
2011/01/04,1086
2011/01/05,1146
2011/01/06,1148
2011/01/07,1162
2011/01/08,1204
2011/01/09,1228
2011/01/10,1256
2011/01/11,1295
2011/01/12,1291
2011/01/13,1345
2011/01/14,1380
2011/01/15,1385
2011/01/16,1406
2011/01/17,1398
2011/01/18,1400
2011/01/19,1420
2011/01/20,1424
2011/01/21,1497
2011/01/22,1590
2011/01/23,1636
2011/01/24,1692
2011/01/25,1659
2011/01/26,1649
2011/01/27,1650
2011/01/28,1655
2011/01/29,1711
2011/01/30,1910
2011/01/31,1952
2011/02/01,1947
2011/02/02,1886
2011/02/03,1804
2011/02/04,1764
2011/02/05,1732
2011/02/06,1687
2011/02/07,1649
2011/02/08,1619
2011/02/09,1682
2011/02/10,1931
2011/02/11,2248
2011/02/12,2388
2011/02/13,2505
2011/02/14,2720
2011/02/15,2812
2011/02/16,2835
2011/02/17,2922
2011/02/18,3014
2011/02/19,2998
2011/02/20,3021
2011/02/21,3057
2011/02/22,3154
2011/02/23,3240
2011/02/24,3298
2011/02/25,3314
2011/02/26,3349
2011/02/27,3387
2011/02/28,3339
2011/03/01,3587
2011/03/02,3605
2011/03/03,3777
2011/03/04,3711
2011/03/05,3698
2011/03/06,3647
2011/03/07,3615
2011/03/08,3649
2011/03/09,3613
2011/03/10,3520
2011/03/11,3457
2011/03/12,3427
2011/03/13,3356
2011/03/14,3295
2011/03/15,3296
2011/03/16,3278
2011/03/17,3271
2011/03/18,3248
2011/03/19,3238
2011/03/20,3399
2011/03/21,3566
2011/03/22,3606
2011/03/23,4040
2011/03/24,4087
2011/03/25,4098
2011/03/26,4195
2011/03/27,4272
2011/03/28,4414
2011/03/29,4446
2011/03/30,4341
2011/03/31,4317
2011/04/01,4179
2011/04/02,4062
2011/04/03,4004
2011/04/04,4086
2011/04/05,4115
2011/04/06,4082
2011/04/07,3994
2011/04/08,3948
2011/04/09,3904
2011/04/10,3852
2011/04/11,3880
2011/04/12,3940
2011/04/13,4037
2011/04/14,4294
2011/04/15,4275
2011/04/16,4421
2011/04/17,4411
2011/04/18,4562
2011/04/19,4800
2011/04/20,4878
2011/04/21,4767
2011/04/22,4698
2011/04/23,4730
2011/04/24,4720
2011/04/25,4767
2011/04/26,4951
2011/04/27,5290
2011/04/28,5414
2011/04/29,5592
2011/04/30,5934
2011/05/01,6141
2011/05/02,6121
2011/05/03,6111
2011/05/04,6146
2011/05/05,6273
2011/05/06,6350
2011/05/07,6474
2011/05/08,6464
2011/05/09,6611
2011/05/10,6685
2011/05/11,6738
2011/05/12,6803
2011/05/13,7156
2011/05/14,7399
2011/05/15,7521
2011/05/16,8088
2011/05/17,8409
2011/05/18,9013
2011/05/19,9411
2011/05/20,9703
2011/05/21,9846
2011/05/22,9977
2011/05/23,10259
2011/05/24,10649
2011/05/25,11171
2011/05/26,11612
2011/05/27,11505
2011/05/28,11523
2011/05/29,11480
2011/05/30,11649
2011/05/31,11969
2011/06/01,12237
2011/06/02,12674
2011/06/03,13360
2011/06/04,14168
2011/06/05,14660
2011/06/06,15500
2011/06/07,15962
2011/06/08,17475
2011/06/09,18648
2011/06/10,19381
2011/06/11,19966
2011/06/12,20906
2011/06/13,21560
2011/06/14,22656
2011/06/15,23307
2011/06/16,24048
2011/06/17,24316
2011/06/18,24556
2011/06/19,24984
2011/06/20,25114
2011/06/21,25098
2011/06/22,25320
2011/06/23,25194
2011/06/24,25196
2011/06/25,24854
2011/06/26,24678
2011/06/27,25406
2011/06/28,25509
2011/06/29,25352
2011/06/30,25100
2011/07/01,25782
2011/07/02,26642
2011/07/03,26056
2011/07/04,25723
2011/07/05,25399
2011/07/06,25602
2011/07/07,25247
2011/07/08,25164
2011/07/09,24844
2011/07/10,25359
2011/07/11,25425
2011/07/12,25107
2011/07/13,25383
2011/07/14,25844
2011/07/15,25656
2011/07/16,25442
2011/07/17,25340
2011/07/18,25679
2011/07/19,25575
2011/07/20,25616
2011/07/21,25592
2011/07/22,25441
2011/07/23,24969
2011/07/24,24737
2011/07/25,25033
2011/07/26,24872
2011/07/27,24686
2011/07/28,24848
2011/07/29,24498
2011/07/30,23866
2011/07/31,23902
2011/08/01,23883
2011/08/02,23592
2011/08/03,22901
2011/08/04,22377
2011/08/05,22261
2011/08/06,21990
2011/08/07,21733
2011/08/08,22119
2011/08/09,22325
2011/08/10,21977
2011/08/11,21485
2011/08/12,20904
2011/08/13,20675
2011/08/14,20785
2011/08/15,20577
2011/08/16,20632
2011/08/17,20596
2011/08/18,20607
2011/08/19,20824
2011/08/20,20862
2011/08/21,21118
2011/08/22,21663
2011/08/23,21800
2011/08/24,21844
2011/08/25,22013
2011/08/26,21950
2011/08/27,21804
2011/08/28,21360
2011/08/29,21031
2011/08/30,20565
2011/08/31,20093
2011/09/01,19679
2011/09/02,19201
2011/09/03,18570
2011/09/04,18432
2011/09/05,18407
2011/09/06,18456
2011/09/07,18238
2011/09/08,17914
2011/09/09,18006
2011/09/10,17730
2011/09/11,17422
2011/09/12,17318
2011/09/13,16991
2011/09/14,16698
2011/09/15,16533
2011/09/16,16270
2011/09/17,15850
2011/09/18,15651
2011/09/19,15706
2011/09/20,16534
2011/09/21,16720
2011/09/22,16830
2011/09/23,17252
2011/09/24,17542
2011/09/25,17768
2011/09/26,17768
2011/09/27,17891
2011/09/28,17339
2011/09/29,16733
2011/09/30,16298
2011/10/01,15858
2011/10/02,15322
2011/10/03,15126
2011/10/04,14949
2011/10/05,14776
2011/10/06,14732
2011/10/07,14600
2011/10/08,14320
2011/10/09,14047
2011/10/10,13954
2011/10/11,13922
2011/10/12,13877
2011/10/13,13581
2011/10/14,13711
2011/10/15,13637
2011/10/16,13417
2011/10/17,13514
2011/10/18,13354
2011/10/19,13247
2011/10/20,12964
2011/10/21,12842
2011/10/22,12744
2011/10/23,12807
2011/10/24,12960
2011/10/25,12980
2011/10/26,12909
2011/10/27,12715
2011/10/28,12714
2011/10/29,12735
2011/10/30,12557
2011/10/31,12486
2011/11/01,12524
2011/11/02,12603
2011/11/03,12671
2011/11/04,13090
2011/11/05,13144
2011/11/06,12930
2011/11/07,12892
2011/11/08,13005
2011/11/09,13183
2011/11/10,13340
2011/11/11,13183
2011/11/12,13053
2011/11/13,12984
2011/11/14,13082
2011/11/15,13227
2011/11/16,13217
2011/11/17,13081
2011/11/18,12993
2011/11/19,12606
2011/11/20,12448
2011/11/21,12143
2011/11/22,12056
2011/11/23,11981
2011/11/24,11843
2011/11/25,11822
2011/11/26,11617
2011/11/27,11502
2011/11/28,11651
2011/11/29,12014
2011/11/30,12471
2011/12/01,12678
2011/12/02,12765
2011/12/03,12777
2011/12/04,12657
2011/12/05,12713
2011/12/06,13050
2011/12/07,13032
2011/12/08,13169
2011/12/09,12983
2011/12/10,12845
2011/12/11,12751
2011/12/12,12565
2011/12/13,12488
2011/12/14,12419
2011/12/15,12100
2011/12/16,11904
2011/12/17,11679
2011/12/18,11438
2011/12/19,11609
2011/12/20,11887
2011/12/21,11886
2011/12/22,11906
2011/12/23,11933
2011/12/24,11708
2011/12/25,11721
2011/12/26,11781
2011/12/27,11776
2011/12/28,11647
2011/12/29,11604
2011/12/30,11462
2011/12/31,11386
2012/01/01,11394
2012/01/02,11463
2012/01/03,11686
2012/01/04,11791
2012/01/05,12270
2012/01/06,12622
2012/01/07,12728
2012/01/08,12987
2012/01/09,13234
2012/01/10,13615
2012/01/11,14065
2012/01/12,14040
2012/01/13,14101
2012/01/14,14163
2012/01/15,14081
2012/01/16,14187
2012/01/17,14199
2012/01/18,14271
2012/01/19,14381
2012/01/20,14356
2012/01/21,14245
2012/01/22,13866
2012/01/23,13780
2012/01/24,13934
2012/01/25,14287
2012/01/26,14308
2012/01/27,14325
2012/01/28,14155
2012/01/29,14187
2012/01/30,14096
2012/01/31,14300
2012/02/01,14390
2012/02/02,14618
2012/02/03,14876
2012/02/04,15075
2012/02/05,15046
2012/02/06,14892
2012/02/07,14867
2012/02/08,14831
2012/02/09,14870
2012/02/10,15068
2012/02/11,15097
2012/02/12,14975
2012/02/13,15145
2012/02/14,15580
2012/02/15,15871
2012/02/16,16243
2012/02/17,15974
2012/02/18,15777
2012/02/19,15440
2012/02/20,15287
2012/02/21,15211
2012/02/22,15355
2012/02/23,15649
2012/02/24,15765
2012/02/25,15684
2012/02/26,15370
2012/02/27,15309
2012/02/28,15444
2012/02/29,15444
2012/03/01,15538
2012/03/02,15814
2012/03/03,15385
2012/03/04,15329
2012/03/05,15437
2012/03/06,15420
2012/03/07,15392
2012/03/08,15434
2012/03/09,15482
2012/03/10,15136
2012/03/11,14804
2012/03/12,14745
2012/03/13,15022
2012/03/14,15177
2012/03/15,15173
2012/03/16,15316
2012/03/17,15419
2012/03/18,15214
2012/03/19,15255
2012/03/20,15352
2012/03/21,15467
2012/03/22,15500
2012/03/23,15334
2012/03/24,15149
2012/03/25,15043
2012/03/26,15141
2012/03/27,15192
2012/03/28,15332
2012/03/29,15558
2012/03/30,15488
2012/03/31,15295
2012/04/01,14957
2012/04/02,14948
2012/04/03,15462
2012/04/04,15625
2012/04/05,15728
2012/04/06,15808
2012/04/07,15603
2012/04/08,15379
2012/04/09,15357
2012/04/10,15633
2012/04/11,16009
2012/04/12,16386
2012/04/13,16305
2012/04/14,16445
2012/04/15,16418
2012/04/16,16776
2012/04/17,17012
2012/04/18,17327
2012/04/19,17388
2012/04/20,17649
2012/04/21,17471
2012/04/22,17101
2012/04/23,17052
2012/04/24,17089
2012/04/25,17138
2012/04/26,17409
2012/04/27,17381
2012/04/28,17193
2012/04/29,17033
2012/04/30,17308
2012/05/01,17671
2012/05/02,18008
2012/05/03,18522
2012/05/04,19076
2012/05/05,19201
2012/05/06,19601
2012/05/07,20408
2012/05/08,20858
2012/05/09,21387
2012/05/10,21258
2012/05/11,21908
2012/05/12,22020
2012/05/13,21845
2012/05/14,23254
2012/05/15,23775
2012/05/16,24011
2012/05/17,23819
2012/05/18,24131
2012/05/19,25127
2012/05/20,25716
2012/05/21,26334
2012/05/22,26492
2012/05/23,26908
2012/05/24,27063
2012/05/25,27469
2012/05/26,27227
2012/05/27,27103
2012/05/28,27435
2012/05/29,28346
2012/05/30,28373
2012/05/31,28378
2012/06/01,28469
2012/06/02,27415
2012/06/03,27812
2012/06/04,29647
2012/06/05,31156
2012/06/06,30224
2012/06/07,30912
2012/06/08,30559
2012/06/09,30690
2012/06/10,31109
2012/06/11,31309
2012/06/12,30267
2012/06/13,32462
2012/06/14,34753
2012/06/15,36665
2012/06/16,37022
2012/06/17,37333
2012/06/18,37369
2012/06/19,37126
2012/06/20,36479
2012/06/21,35576
2012/06/22,34730
2012/06/23,34134
2012/06/24,33383
2012/06/25,33462
2012/06/26,33801
2012/06/27,34507
2012/06/28,34270
2012/06/29,34116
2012/06/30,33824
2012/07/01,33541
2012/07/02,33947
2012/07/03,34048
2012/07/04,33726
2012/07/05,32952
2012/07/06,32472
2012/07/07,32268
2012/07/08,31687
2012/07/09,31766
2012/07/10,32468
2012/07/11,32853
2012/07/12,33037
2012/07/13,32814
2012/07/14,32425
2012/07/15,32153
2012/07/16,32772
2012/07/17,33772
2012/07/18,33840
2012/07/19,34169
2012/07/20,34429
2012/07/21,34582
2012/07/22,35165
2012/07/23,36082
2012/07/24,36393
2012/07/25,35748
2012/07/26,35094
2012/07/27,34721
2012/07/28,35241
2012/07/29,35340
2012/07/30,35453
2012/07/31,38563
2012/08/01,38851
2012/08/02,39287
2012/08/03,38897
2012/08/04,38495
2012/08/05,38408
2012/08/06,38933
2012/08/07,38965
2012/08/08,40698
2012/08/09,40656
2012/08/10,40383
2012/08/11,40119
2012/08/12,39979
2012/08/13,41127
2012/08/14,41360
2012/08/15,42566
2012/08/16,45118
2012/08/17,46670
2012/08/18,47329
2012/08/19,48768
2012/08/20,48587
2012/08/21,49362
2012/08/22,49383
2012/08/23,48631
2012/08/24,48151
2012/08/25,46612
2012/08/26,45024
2012/08/27,44147
2012/08/28,43583
2012/08/29,43021
2012/08/30,41833
2012/08/31,42844
2012/09/01,43129
2012/09/02,42035
2012/09/03,40830
2012/09/04,41524
2012/09/05,41527
2012/09/06,42235
2012/09/07,42484
2012/09/08,41313
2012/09/09,41163
2012/09/10,40656
2012/09/11,41267
2012/09/12,40327
2012/09/13,39627
2012/09/14,39447
2012/09/15,38191
2012/09/16,37308
2012/09/17,36742
2012/09/18,37014
2012/09/19,37796
2012/09/20,39060
2012/09/21,39078
2012/09/22,37510
2012/09/23,36327
2012/09/24,35942
2012/09/25,36919
2012/09/26,38432
2012/09/27,38919
2012/09/28,40400
2012/09/29,40140
2012/09/30,39410
2012/10/01,39219
2012/10/02,41080
2012/10/03,42282
2012/10/04,43552
2012/10/05,43683
2012/10/06,43053
2012/10/07,43099
2012/10/08,43704
2012/10/09,44847
2012/10/10,45182
2012/10/11,44655
2012/10/12,44650
2012/10/13,43954
2012/10/14,43238
2012/10/15,43645
2012/10/16,43567
2012/10/17,43734
2012/10/18,44710
2012/10/19,44774
2012/10/20,44567
2012/10/21,43799
2012/10/22,43490
2012/10/23,43218
2012/10/24,43037
2012/10/25,42575
2012/10/26,41940
2012/10/27,40314
2012/10/28,38625
2012/10/29,38234
2012/10/30,37731
2012/10/31,36990
2012/11/01,36289
2012/11/02,35869
2012/11/03,35449
2012/11/04,34811
2012/11/05,35180
2012/11/06,35976
2012/11/07,36980
2012/11/08,37072
2012/11/09,37027
2012/11/10,36720
2012/11/11,35846
2012/11/12,35273
2012/11/13,34928
2012/11/14,35306
2012/11/15,36772
2012/11/16,38309
2012/11/17,40256
2012/11/18,40613
2012/11/19,40853
2012/11/20,41240
2012/11/21,41624
2012/11/22,41591
2012/11/23,40740
2012/11/24,40255
2012/11/25,39724
2012/11/26,39939
2012/11/27,39755
2012/11/28,40301
2012/11/29,40522
2012/11/30,40067
2012/12/01,39356
2012/12/02,37815
2012/12/03,36792
2012/12/04,37541
2012/12/05,38467
2012/12/06,38808
2012/12/07,39087
2012/12/08,38984
2012/12/09,38972
2012/12/10,38567
2012/12/11,38364
2012/12/12,38944
2012/12/13,39908
2012/12/14,40143
2012/12/15,39404
2012/12/16,38916
2012/12/17,39193
2012/12/18,40386
2012/12/19,40836
2012/12/20,40663
2012/12/21,41392
2012/12/22,43225
2012/12/23,42786
2012/12/24,42417
2012/12/25,40800
2012/12/26,40441
2012/12/27,39924
2012/12/28,40255
2012/12/29,40221
2012/12/30,40962
2012/12/31,40132
2013/01/01,39827
2013/01/02,40264
2013/01/03,41731
2013/01/04,42479
2013/01/05,43938
2013/01/06,43707
2013/01/07,45087
2013/01/08,46545
2013/01/09,47827
2013/01/10,49608
2013/01/11,51134
2013/01/12,51081
2013/01/13,51671
2013/01/14,50690
2013/01/15,51615
2013/01/16,52522
2013/01/17,53375
2013/01/18,53866
2013/01/19,53265
2013/01/20,52308
2013/01/21,51458
2013/01/22,51728
2013/01/23,51144
2013/01/24,52418
2013/01/25,52037
2013/01/26,52385
2013/01/27,52010
2013/01/28,52315
2013/01/29,52755
2013/01/30,51659
2013/01/31,51150
2013/02/01,52918
2013/02/02,53407
2013/02/03,53953
2013/02/04,54409
2013/02/05,55146
2013/02/06,54947
2013/02/07,55396
2013/02/08,56037
2013/02/09,56078
2013/02/10,56279
2013/02/11,55747
2013/02/12,55229
2013/02/13,54953
2013/02/14,54489
2013/02/15,53910
2013/02/16,53003
2013/02/17,52013
2013/02/18,51376
2013/02/19,51112
2013/02/20,51069
2013/02/21,51010
2013/02/22,51452
2013/02/23,51441
2013/02/24,51523
2013/02/25,52203
2013/02/26,53084
2013/02/27,53346
2013/02/28,54207
2013/03/01,55389
2013/03/02,54568
2013/03/03,53433
2013/03/04,53447
2013/03/05,53974
2013/03/06,55997
2013/03/07,57380
2013/03/08,57275
2013/03/09,56855
2013/03/10,56873
2013/03/11,56427
2013/03/12,56869
2013/03/13,57692
2013/03/14,58149
2013/03/15,58862
2013/03/16,57803
2013/03/17,57021
2013/03/18,57267
2013/03/19,58797
2013/03/20,59338
2013/03/21,60723
2013/03/22,62623
2013/03/23,63205
2013/03/24,63981
2013/03/25,64273
2013/03/26,65439
2013/03/27,66414
2013/03/28,70154
2013/03/29,71904
2013/03/30,72723
2013/03/31,71595
2013/04/01,72149
2013/04/02,74780
2013/04/03,79095
2013/04/04,83067
2013/04/05,85329
2013/04/06,85030
2013/04/07,85306
2013/04/08,89118
2013/04/09,92179
2013/04/10,97682
2013/04/11,101272
2013/04/12,101498
2013/04/13,99010
2013/04/14,95328
2013/04/15,95984
2013/04/16,96568
2013/04/17,97726
2013/04/18,95645
2013/04/19,96894
2013/04/20,93908
2013/04/21,90704
2013/04/22,90839
2013/04/23,91151
2013/04/24,92669
2013/04/25,92416
2013/04/26,91588
2013/04/27,89811
2013/04/28,93577
2013/04/29,92696
2013/04/30,90592
2013/05/01,89661
2013/05/02,88636
2013/05/03,87865
2013/05/04,85482
2013/05/05,83704
2013/05/06,83905
2013/05/07,87267
2013/05/08,89290
2013/05/09,88310
2013/05/10,87781
2013/05/11,86866
2013/05/12,84565
2013/05/13,84329
2013/05/14,84248
2013/05/15,84316
2013/05/16,84296
2013/05/17,83517
2013/05/18,81497
2013/05/19,79194
2013/05/20,78192
2013/05/21,78776
2013/05/22,78246
2013/05/23,78916
2013/05/24,79722
2013/05/25,78375
2013/05/26,77213
2013/05/27,76784
2013/05/28,76709
2013/05/29,77223
2013/05/30,77357
2013/05/31,77106
2013/06/01,75866
2013/06/02,74528
2013/06/03,75238
2013/06/04,75690
2013/06/05,76087
2013/06/06,75711
2013/06/07,75452
2013/06/08,73159
2013/06/09,70952
2013/06/10,69620
2013/06/11,69218
2013/06/12,68491
2013/06/13,68204
2013/06/14,69212
2013/06/15,67158
2013/06/16,64709
2013/06/17,63668
2013/06/18,63654
2013/06/19,64386
2013/06/20,64820
2013/06/21,65391
2013/06/22,64482
2013/06/23,62825
2013/06/24,63097
2013/06/25,62868
2013/06/26,63152
2013/06/27,62868
2013/06/28,63634
2013/06/29,63280
2013/06/30,61575
2013/07/01,62522
2013/07/02,62740
2013/07/03,63178
2013/07/04,62870
2013/07/05,62555
2013/07/06,61752
2013/07/07,60032
2013/07/08,60434
2013/07/09,61441
2013/07/10,61896
2013/07/11,63424
2013/07/12,65428
2013/07/13,65120
2013/07/14,62891
2013/07/15,62815
2013/07/16,63269
2013/07/17,63234
2013/07/18,63227
2013/07/19,62631
2013/07/20,61267
2013/07/21,59914
2013/07/22,59968
2013/07/23,60546
2013/07/24,61258
2013/07/25,61949
2013/07/26,62074
2013/07/27,60729
2013/07/28,59189
2013/07/29,60294
2013/07/30,61571
2013/07/31,64148
2013/08/01,70835
2013/08/02,71358
2013/08/03,69909
2013/08/04,68621
2013/08/05,69228
2013/08/06,69537
2013/08/07,70354
2013/08/08,70624
2013/08/09,69825
2013/08/10,68422
2013/08/11,66517
2013/08/12,71434
2013/08/13,71908
2013/08/14,72749
2013/08/15,73150
2013/08/16,74399
2013/08/17,72668
2013/08/18,70652
2013/08/19,71705
2013/08/20,72790
2013/08/21,74108
2013/08/22,75412
2013/08/23,76276
2013/08/24,74691
2013/08/25,73881
2013/08/26,74133
2013/08/27,76917
2013/08/28,77844
2013/08/29,77450
2013/08/30,79071
2013/08/31,80283
2013/09/01,77179
2013/09/02,75260
2013/09/03,74839
2013/09/04,75111
2013/09/05,74486
2013/09/06,74324
2013/09/07,72760
2013/09/08,70590
2013/09/09,71044
2013/09/10,70994
2013/09/11,71485
2013/09/12,72224
2013/09/13,71470
2013/09/14,69148
2013/09/15,67235
2013/09/16,67574
2013/09/17,68303
2013/09/18,69742
2013/09/19,70992
2013/09/20,71807
2013/09/21,71082
2013/09/22,70082
2013/09/23,71476
2013/09/24,72400
2013/09/25,73213
2013/09/26,73875
2013/09/27,74438
2013/09/28,73703
2013/09/29,73384
2013/09/30,74327
2013/10/01,76388
2013/10/02,80301
2013/10/03,81630
2013/10/04,81126
2013/10/05,79074
2013/10/06,76679
2013/10/07,76668
2013/10/08,76615
2013/10/09,77002
2013/10/10,77482
2013/10/11,77790
2013/10/12,76349
2013/10/13,77856
2013/10/14,78473
2013/10/15,79421
2013/10/16,81268
2013/10/17,81292
2013/10/18,81923
2013/10/19,83340
2013/10/20,82031
2013/10/21,83950
2013/10/22,87364
2013/10/23,90118
2013/10/24,93052
2013/10/25,94137
2013/10/26,91444
2013/10/27,87958
2013/10/28,87776
2013/10/29,87467
2013/10/30,88598
2013/10/31,89710
2013/11/01,89355
2013/11/02,87825
2013/11/03,87226
2013/11/04,89005
2013/11/05,92834
2013/11/06,97976
2013/11/07,102311
2013/11/08,106102
2013/11/09,109263
2013/11/10,110298
2013/11/11,111092
2013/11/12,111800
2013/11/13,113294
2013/11/14,115979
2013/11/15,116516
2013/11/16,114832
2013/11/17,113885
2013/11/18,120660
2013/11/19,132273
2013/11/20,136704
2013/11/21,143649
2013/11/22,146552
2013/11/23,147131
2013/11/24,144136
2013/11/25,143987
2013/11/26,148723
2013/11/27,155462
2013/11/28,161672
2013/11/29,165399
2013/11/30,165205
2013/12/01,165352
2013/12/02,167043
2013/12/03,167990
2013/12/04,170162
2013/12/05,172014
2013/12/06,171670
2013/12/07,168900
2013/12/08,161652
2013/12/09,160933
2013/12/10,160081
2013/12/11,159127
2013/12/12,155353
2013/12/13,154106
2013/12/14,153307
2013/12/15,151708
2013/12/16,155169
2013/12/17,155657
2013/12/18,159068
2013/12/19,158892
2013/12/20,158181
2013/12/21,154079
2013/12/22,150079
2013/12/23,150397
2013/12/24,147747
2013/12/25,145412
2013/12/26,142379
2013/12/27,140249
2013/12/28,137006
2013/12/29,135974
2013/12/30,138202
2013/12/31,135665
2014/01/01,130545
2014/01/02,131507
2014/01/03,133054
2014/01/04,130860
2014/01/05,131573
2014/01/06,137886
2014/01/07,138507
2014/01/08,139701
2014/01/09,138956
2014/01/10,137423
2014/01/11,136440
2014/01/12,133852
2014/01/13,136299
2014/01/14,135668
2014/01/15,135312
2014/01/16,134939
2014/01/17,134193
2014/01/18,130514
2014/01/19,127635
2014/01/20,134504
2014/01/21,137869
2014/01/22,139885
2014/01/23,141277
2014/01/24,141457
2014/01/25,139528
2014/01/26,137667
2014/01/27,142050
2014/01/28,144209
2014/01/29,143821
2014/01/30,144886
2014/01/31,145446
2014/02/01,144057
2014/02/02,142916
2014/02/03,146863
2014/02/04,149839
2014/02/05,150777
2014/02/06,152468
2014/02/07,154208
2014/02/08,153421
2014/02/09,150192
2014/02/10,153028
2014/02/11,153278
2014/02/12,161526
2014/02/13,161861
2014/02/14,163920
2014/02/15,162133
2014/02/16,157541
2014/02/17,160590
2014/02/18,160274
2014/02/19,162581
2014/02/20,165045
2014/02/21,166869
2014/02/22,165420
2014/02/23,165085
2014/02/24,171761
2014/02/25,176755
2014/02/26,180047
2014/02/27,180696
2014/02/28,182811
2014/03/01,182677
2014/03/02,179591
2014/03/03,187299
2014/03/04,193326
2014/03/05,194504
2014/03/06,194676
2014/03/07,192864
2014/03/08,190005
2014/03/09,187827
2014/03/10,190541
2014/03/11,190579
2014/03/12,192312
2014/03/13,192507
2014/03/14,192486
2014/03/15,186413
2014/03/16,180307
2014/03/17,181538
2014/03/18,176403
2014/03/19,174917
2014/03/20,173840
2014/03/21,175982
2014/03/22,175144
2014/03/23,171730
2014/03/24,174546
2014/03/25,173534
2014/03/26,172985
2014/03/27,174346
2014/03/28,175509
2014/03/29,171533
2014/03/30,170915
2014/03/31,170836
2014/04/01,172019
2014/04/02,173070
2014/04/03,172477
2014/04/04,173238
2014/04/05,170668
2014/04/06,172414
2014/04/07,170648
2014/04/08,169966
2014/04/09,171207
2014/04/10,172779
2014/04/11,172358
2014/04/12,167014
2014/04/13,167774
2014/04/14,169843
2014/04/15,173737
2014/04/16,175249
2014/04/17,172916
2014/04/18,169787
2014/04/19,165969
2014/04/20,165745
2014/04/21,162628
2014/04/22,165430
2014/04/23,164269
2014/04/24,164812
2014/04/25,167099
2014/04/26,162859
2014/04/27,164071
2014/04/28,164536
2014/04/29,165236
2014/04/30,165352
2014/05/01,163928
2014/05/02,161237
2014/05/03,155351
2014/05/04,155531
2014/05/05,154545
2014/05/06,156393
2014/05/07,157120
2014/05/08,158410
2014/05/09,159060
2014/05/10,155934
2014/05/11,157212
2014/05/12,156890
2014/05/13,155907
2014/05/14,156576
2014/05/15,159303
2014/05/16,158800
2014/05/17,157420
2014/05/18,160126
2014/05/19,163522
2014/05/20,167202
2014/05/21,165971
2014/05/22,165596
2014/05/23,167049
2014/05/24,161460
2014/05/25,164924
2014/05/26,165748
2014/05/27,167543
2014/05/28,169788
2014/05/29,170067
2014/05/30,167723
2014/05/31,164914
2014/06/01,168437
2014/06/02,169371
2014/06/03,171796
2014/06/04,171768
2014/06/05,173394
2014/06/06,173537
2014/06/07,169127
2014/06/08,169729
2014/06/09,169288
2014/06/10,170607
2014/06/11,171176
2014/06/12,171752
2014/06/13,172048
2014/06/14,169080
2014/06/15,170092
2014/06/16,171146
2014/06/17,173056
2014/06/18,172420
2014/06/19,170642
2014/06/20,168630
2014/06/21,166683
2014/06/22,169028
2014/06/23,168313
2014/06/24,169338
2014/06/25,170184
2014/06/26,168758
2014/06/27,168674
2014/06/28,165366
2014/06/29,166505
2014/06/30,168706
2014/07/01,171101
2014/07/02,172596
2014/07/03,171130
2014/07/04,167687
2014/07/05,162527
2014/07/06,165427
2014/07/07,168216
2014/07/08,174377
2014/07/09,175782
2014/07/10,175186
2014/07/11,174587
2014/07/12,171865
2014/07/13,174096
2014/07/14,172582
2014/07/15,170622
2014/07/16,167499
2014/07/17,165954
2014/07/18,163962
2014/07/19,159777
2014/07/20,160984
2014/07/21,158868
2014/07/22,156480
2014/07/23,156443
2014/07/24,156014
2014/07/25,156209
2014/07/26,152079
2014/07/27,154473
2014/07/28,154187
2014/07/29,152998
2014/07/30,153728
2014/07/31,153970
2014/08/01,153858
2014/08/02,150417
2014/08/03,151324
2014/08/04,151176
2014/08/05,154832
2014/08/06,158456
2014/08/07,158654
2014/08/08,157978
2014/08/09,154536
2014/08/10,157520
2014/08/11,159212
2014/08/12,161489
2014/08/13,163167
2014/08/14,165034
2014/08/15,164837
2014/08/16,164169
2014/08/17,166779
2014/08/18,167706
2014/08/19,167429
2014/08/20,166987
2014/08/21,167842
2014/08/22,167028
2014/08/23,162810
2014/08/24,166501
2014/08/25,165417
2014/08/26,165947
2014/08/27,166311
2014/08/28,166831
2014/08/29,163905
2014/08/30,162169
2014/08/31,164276
2014/09/01,165014
2014/09/02,164800
2014/09/03,163319
2014/09/04,162031
2014/09/05,162030
2014/09/06,158879
2014/09/07,166907
2014/09/08,167351
2014/09/09,167711
2014/09/10,173191
2014/09/11,170748
2014/09/12,167452
2014/09/13,163112
2014/09/14,169410
2014/09/15,169166
2014/09/16,173330
2014/09/17,172944
2014/09/18,172805
2014/09/19,169862
2014/09/20,167149
2014/09/21,167757
2014/09/22,169136
2014/09/23,169712
2014/09/24,168908
2014/09/25,170099
2014/09/26,168403
2014/09/27,166160
2014/09/28,172890
2014/09/29,171572
2014/09/30,174722
2014/10/01,176660
2014/10/02,174510
2014/10/03,171823
2014/10/04,168761
2014/10/05,176386
2014/10/06,174556
2014/10/07,175013
2014/10/08,174400
2014/10/09,173046
2014/10/10,172731
2014/10/11,169297
2014/10/12,176104
2014/10/13,177008
2014/10/14,178858
2014/10/15,179783
2014/10/16,176793
2014/10/17,175003
2014/10/18,172035
2014/10/19,177649
2014/10/20,177245
2014/10/21,178283
2014/10/22,177820
2014/10/23,177193
2014/10/24,175786
2014/10/25,177284
2014/10/26,179118
2014/10/27,181075
2014/10/28,179980
2014/10/29,179306
2014/10/30,179310
2014/10/31,178934
2014/11/01,175296
2014/11/02,184456
2014/11/03,183647
2014/11/04,183502
2014/11/05,182059
2014/11/06,183906
2014/11/07,184594
2014/11/08,179815
2014/11/09,184383
2014/11/10,185068
2014/11/11,183793
2014/11/12,185668
2014/11/13,185672
2014/11/14,187476
2014/11/15,183487
2014/11/16,189407
2014/11/17,188869
2014/11/18,188073
2014/11/19,186652
2014/11/20,186917
2014/11/21,185827
2014/11/22,182220
2014/11/23,188065
2014/11/24,187039
2014/11/25,186820
2014/11/26,185278
2014/11/27,185384
2014/11/28,185445
2014/11/29,182698
2014/11/30,192280
2014/12/01,192137
2014/12/02,195223
2014/12/03,196237
2014/12/04,195137
2014/12/05,195696
2014/12/06,192125
2014/12/07,198530
2014/12/08,200499
2014/12/09,199731
2014/12/10,199500
2014/12/11,197847
2014/12/12,195018
2014/12/13,190533
2014/12/14,198311
2014/12/15,201234
2014/12/16,203660
2014/12/17,204323
2014/12/18,205376
2014/12/19,202283
2014/12/20,206021
2014/12/21,206783
2014/12/22,208590
2014/12/23,209436
2014/12/24,204265
2014/12/25,196864
2014/12/26,192426
2014/12/27,192144
2014/12/28,199101
2014/12/29,195019
2014/12/30,193307
2014/12/31,188624
2015/01/01,178807
2015/01/02,179561
2015/01/03,184446
2015/01/04,187787
2015/01/05,190502
2015/01/06,189281
2015/01/07,187737
2015/01/08,189177
2015/01/09,191812
2015/01/10,198959
2015/01/11,202263
2015/01/12,200024
2015/01/13,203443
2015/01/14,206337
2015/01/15,210017
2015/01/16,210328
2015/01/17,215772
2015/01/18,216967
2015/01/19,217182
2015/01/20,214687
2015/01/21,213247
2015/01/22,211494
2015/01/23,208328
2015/01/24,205002
2015/01/25,216143
2015/01/26,218465
2015/01/27,218714
2015/01/28,213034
2015/01/29,209594
2015/01/30,203970
2015/01/31,210378
2015/02/01,212112
2015/02/02,209170
2015/02/03,209037
2015/02/04,207964
2015/02/05,205364
2015/02/06,203020
2015/02/07,198484
2015/02/08,207399
2015/02/09,206219
2015/02/10,205866
2015/02/11,204780
2015/02/12,205004
2015/02/13,212673
2015/02/14,216094
2015/02/15,230039
2015/02/16,230322
2015/02/17,231515
2015/02/18,229590
2015/02/19,223586
2015/02/20,222476
2015/02/21,225861
2015/02/22,226927
2015/02/23,225653
2015/02/24,222625
2015/02/25,219286
2015/02/26,216064
2015/02/27,215619
2015/02/28,221155
2015/03/01,223937
2015/03/02,227133
2015/03/03,227212
2015/03/04,225256
2015/03/05,224244
2015/03/06,220977
2015/03/07,221059
2015/03/08,223598
2015/03/09,223344
2015/03/10,222044
2015/03/11,220830
2015/03/12,220547
2015/03/13,219566
2015/03/14,220617
2015/03/15,221201
2015/03/16,222780
2015/03/17,219733
2015/03/18,218191
2015/03/19,220229
2015/03/20,218635
2015/03/21,218289
2015/03/22,219973
2015/03/23,220731
2015/03/24,216287
2015/03/25,212320
2015/03/26,209916
2015/03/27,209378
2015/03/28,209190
2015/03/29,215341
2015/03/30,216948
2015/03/31,218011
2015/04/01,219569
2015/04/02,220137
2015/04/03,218698
2015/04/04,219674
2015/04/05,223124
2015/04/06,221660
2015/04/07,222005
2015/04/08,222605
2015/04/09,221304
2015/04/10,222444
2015/04/11,225157
2015/04/12,225112
2015/04/13,226327
2015/04/14,225711
2015/04/15,221867
2015/04/16,218680
2015/04/17,216651
2015/04/18,218177
2015/04/19,222044
2015/04/20,221204
2015/04/21,220948
2015/04/22,222698
2015/04/23,223027
2015/04/24,223798
2015/04/25,226206
2015/04/26,228076
2015/04/27,226050
2015/04/28,226246
2015/04/29,225781
2015/04/30,224088
2015/05/01,219812
2015/05/02,223290
2015/05/03,223347
2015/05/04,223333
2015/05/05,224123
2015/05/06,225788
2015/05/07,225925
2015/05/08,230409
2015/05/09,227512
2015/05/10,229985
2015/05/11,230026
2015/05/12,230747
2015/05/13,228821
2015/05/14,226089
2015/05/15,224783
2015/05/16,226943
2015/05/17,227952
2015/05/18,226586
2015/05/19,226414
2015/05/20,226595
2015/05/21,224420
2015/05/22,223962
2015/05/23,220471
2015/05/24,226344
2015/05/25,225412
2015/05/26,226645
2015/05/27,226604
2015/05/28,226314
2015/05/29,231050
2015/05/30,238576
2015/05/31,242289
2015/06/01,246100
2015/06/02,249424
2015/06/03,249773
2015/06/04,247984
2015/06/05,246516
2015/06/06,245331
2015/06/07,244044
2015/06/08,241209
2015/06/09,240532
2015/06/10,249359
2015/06/11,248547
2015/06/12,250239
2015/06/13,249871
2015/06/14,251901
2015/06/15,256356
2015/06/16,255517
2015/06/17,260081
2015/06/18,257485
2015/06/19,256230
2015/06/20,254157
2015/06/21,254591
2015/06/22,248637
2015/06/23,251495
2015/06/24,248522
2015/06/25,242499
2015/06/26,244340
2015/06/27,248221
2015/06/28,247406
2015/06/29,247245
2015/06/30,251720
2015/07/01,253876
2015/07/02,256892
2015/07/03,258318
2015/07/04,257442
2015/07/05,259390
2015/07/06,263177
2015/07/07,265910
2015/07/08,268659
2015/07/09,270632
2015/07/10,273179
2015/07/11,275053
2015/07/12,276288
2015/07/13,273395
2015/07/14,270960
2015/07/15,265667
2015/07/16,262657
2015/07/17,257335
2015/07/18,253702
2015/07/19,254970
2015/07/20,254143
2015/07/21,251808
2015/07/22,218234
2015/07/23,189136
2015/07/24,163918
2015/07/25,142062
2015/07/26,123120
2015/07/27,106704
2015/07/28,126994
2015/07/29,146125
2015/07/30,159515
2015/07/31,174380
2015/08/01,186737
2015/08/02,196545
2015/08/03,203375
2015/08/04,210945
2015/08/05,220234
2015/08/06,225268
2015/08/07,228418
2015/08/08,231471
2015/08/09,232723
2015/08/10,235538
2015/08/11,235628
2015/08/12,237040
2015/08/13,237164
2015/08/14,237046
2015/08/15,237013
2015/08/16,238283
2015/08/17,239310
2015/08/18,243049
2015/08/19,245260
2015/08/20,244502
2015/08/21,244373
2015/08/22,247548
2015/08/23,249001
2015/08/24,252367
2015/08/25,252593
2015/08/26,252995
2015/08/27,251765
2015/08/28,253753
2015/08/29,246380
2015/08/30,247753
2015/08/31,250160
2015/09/01,253649
2015/09/02,254303
2015/09/03,256039
2015/09/04,251610
2015/09/05,256540
2015/09/06,257597
2015/09/07,242043
2015/09/08,248911
2015/09/09,215723
2015/09/10,215882
2015/09/11,222645
2015/09/12,226683
2015/09/13,234856
2015/09/14,239268
2015/09/15,244798
2015/09/16,245698
2015/09/17,248397
2015/09/18,253651
2015/09/19,252358
2015/09/20,257579
2015/09/21,261494
2015/09/22,269335
2015/09/23,267293
2015/09/24,265291
2015/09/25,264730
2015/09/26,266728
2015/09/27,268117
2015/09/28,267704
2015/09/29,272869
2015/09/30,275387
2015/10/01,272782
2015/10/02,272469
2015/10/03,266873
2015/10/04,268603
2015/10/05,267618
2015/10/06,269529
2015/10/07,269972
2015/10/08,271305
2015/10/09,265475
2015/10/10,269872
2015/10/11,269666
2015/10/12,271284
2015/10/13,270995
2015/10/14,271366
2015/10/15,279178
2015/10/16,281139
2015/10/17,288382
2015/10/18,289727
2015/10/19,292780
2015/10/20,300819
2015/10/21,303091
2015/10/22,304372
2015/10/23,305848
2015/10/24,310757
2015/10/25,314010
2015/10/26,318228
2015/10/27,318054
2015/10/28,316344
2015/10/29,320094
2015/10/30,323032
2015/10/31,323578
2015/11/01,324859
2015/11/02,327105
2015/11/03,335476
2015/11/04,348303
2015/11/05,352748
2015/11/06,356010
2015/11/07,350366
2015/11/08,349926
2015/11/09,352071
2015/11/10,349919
2015/11/11,348892
2015/11/12,346567
2015/11/13,342133
2015/11/14,343875
2015/11/15,348297
2015/11/16,346131
2015/11/17,342619
2015/11/18,345399
2015/11/19,341366
2015/11/20,338846
2015/11/21,339306
2015/11/22,339802
2015/11/23,335157
2015/11/24,336470
2015/11/25,335498
2015/11/26,337498
2015/11/27,333272
2015/11/28,336867
2015/11/29,329369
2015/11/30,343877
2015/12/01,347284
2015/12/02,351845
2015/12/03,348054
2015/12/04,345398
2015/12/05,354091
2015/12/06,357504
2015/12/07,361009
2015/12/08,365687
2015/12/09,373598
2015/12/10,380125
2015/12/11,380148
2015/12/12,392731
2015/12/13,395896
2015/12/14,406797
2015/12/15,409150
2015/12/16,409742
2015/12/17,410819
2015/12/18,410647
2015/12/19,415952
2015/12/20,409263
2015/12/21,414257
2015/12/22,414919
2015/12/23,414966
2015/12/24,414263
2015/12/25,404507
2015/12/26,399947
2015/12/27,395048
2015/12/28,391268
2015/12/29,388441
2015/12/30,386417
2015/12/31,378884
2016/01/01,363597
2016/01/02,365637
2016/01/03,359862
2016/01/04,359845
2016/01/05,361337
2016/01/06,358729
2016/01/07,358886
2016/01/08,359114
2016/01/09,364548
2016/01/10,365821
2016/01/11,369229
2016/01/12,371833
2016/01/13,368470
2016/01/14,367914
2016/01/15,367235
2016/01/16,376148
2016/01/17,386852
2016/01/18,390598
2016/01/19,387178
2016/01/20,411651
2016/01/21,414883
2016/01/22,416387
2016/01/23,418410
2016/01/24,416479
2016/01/25,420028
2016/01/26,426246
2016/01/27,427105
2016/01/28,432122
2016/01/29,434947
2016/01/30,435053
2016/01/31,429699
2016/02/01,444466
2016/02/02,465241
2016/02/03,464221
2016/02/04,456541
2016/02/05,452998
2016/02/06,449899
2016/02/07,451320
2016/02/08,445893
2016/02/09,448699
2016/02/10,445141
2016/02/11,441908
2016/02/12,437184
2016/02/13,432478
2016/02/14,431601
2016/02/15,433212
2016/02/16,429582
2016/02/17,436306
2016/02/18,434019
2016/02/19,434352
2016/02/20,435809
2016/02/21,438411
2016/02/22,438520
2016/02/23,441526
2016/02/24,437432
2016/02/25,442506
2016/02/26,440101
2016/02/27,436874
2016/02/28,436154
2016/02/29,443507
2016/03/01,448043
2016/03/02,454779
2016/03/03,458732
2016/03/04,459869
2016/03/05,461133
2016/03/06,446832
2016/03/07,436320
2016/03/08,433673
2016/03/09,436870
2016/03/10,430060
2016/03/11,424239
2016/03/12,413260
2016/03/13,407148
2016/03/14,406490
2016/03/15,405631
2016/03/16,403333
2016/03/17,406953
2016/03/18,404709
2016/03/19,398644
2016/03/20,393257
2016/03/21,392021
2016/03/22,395089
2016/03/23,387821
2016/03/24,387252
2016/03/25,383549
2016/03/26,388234
2016/03/27,382878
2016/03/28,392976
2016/03/29,411039
2016/03/30,414414
2016/03/31,409037
2016/04/01,408476
2016/04/02,409695
2016/04/03,408440
2016/04/04,409604
2016/04/05,409790
2016/04/06,410897
2016/04/07,407827
2016/04/08,403327
2016/04/09,400197
2016/04/10,393345
2016/04/11,397309
2016/04/12,406713
2016/04/13,410126
2016/04/14,411633
2016/04/15,407327
2016/04/16,403378
2016/04/17,403268
2016/04/18,406405
2016/04/19,407713
2016/04/20,408273
2016/04/21,409242
2016/04/22,406853
2016/04/23,405861
2016/04/24,405394
2016/04/25,410567
2016/04/26,415395
2016/04/27,416629
2016/04/28,416882
2016/04/29,423206
2016/04/30,417809
2016/05/01,412188
2016/05/02,413633
2016/05/03,414736
2016/05/04,414433
2016/05/05,412081
2016/05/06,409412
2016/05/07,404374
2016/05/08,398149
2016/05/09,400531
2016/05/10,403895
2016/05/11,404693
2016/05/12,405847
2016/05/13,404227
2016/05/14,403908
2016/05/15,400635
2016/05/16,406845
2016/05/17,410705
2016/05/18,417241
2016/05/19,415068
2016/05/20,412699
2016/05/21,413047
2016/05/22,410414
2016/05/23,414051
2016/05/24,420495
2016/05/25,424488
2016/05/26,423062
2016/05/27,427528
2016/05/28,428702
2016/05/29,420743
2016/05/30,430349
2016/05/31,431072
2016/06/01,433718
2016/06/02,434476
2016/06/03,435625
2016/06/04,432339
2016/06/05,429394
2016/06/06,431637
2016/06/07,433116
2016/06/08,433063
2016/06/09,437302
2016/06/10,439802
2016/06/11,436439
2016/06/12,437407
2016/06/13,445948
2016/06/14,449696
2016/06/15,456054
2016/06/16,462387
2016/06/17,468650
2016/06/18,472288
2016/06/19,468502
2016/06/20,468597
2016/06/21,475218
2016/06/22,473390
2016/06/23,476430
2016/06/24,475559
2016/06/25,477637
2016/06/26,474381
2016/06/27,465031
2016/06/28,460559
2016/06/29,453829
2016/06/30,452263
2016/07/01,451942
2016/07/02,446143
2016/07/03,437852
2016/07/04,438307
2016/07/05,436701
2016/07/06,430652
2016/07/07,425350
2016/07/08,421754
2016/07/09,418367
2016/07/10,409108
2016/07/11,411785
2016/07/12,409172
2016/07/13,402991
2016/07/14,402349
2016/07/15,400954
2016/07/16,402174
2016/07/17,398032
2016/07/18,401626
2016/07/19,400795
2016/07/20,400308
2016/07/21,402021
2016/07/22,402638
2016/07/23,401651
2016/07/24,397851
2016/07/25,403817
2016/07/26,409430
2016/07/27,411785
2016/07/28,413273
2016/07/29,373281
2016/07/30,364372
2016/07/31,371900
2016/08/01,381958
2016/08/02,393788
2016/08/03,400990
2016/08/04,405834
2016/08/05,407551
2016/08/06,404825
2016/08/07,402927
2016/08/08,411808
2016/08/09,414319
2016/08/10,424209
2016/08/11,429407
2016/08/12,430547
2016/08/13,427917
2016/08/14,423470
2016/08/15,428578
2016/08/16,437246
2016/08/17,441184
2016/08/18,439622
2016/08/19,437730
2016/08/20,439797
2016/08/21,432592
2016/08/22,436233
2016/08/23,438356
2016/08/24,442075
2016/08/25,436668
2016/08/26,433709
2016/08/27,430641
2016/08/28,420544
2016/08/29,424342
2016/08/30,430612
2016/08/31,432929
2016/09/01,432105
2016/09/02,432335
2016/09/03,428973
2016/09/04,422474
2016/09/05,428264
2016/09/06,432665
2016/09/07,438522
2016/09/08,437709
2016/09/09,436487
2016/09/10,432169
2016/09/11,427678
2016/09/12,431923
2016/09/13,437424
2016/09/14,436707
2016/09/15,435523
2016/09/16,434537
2016/09/17,437378
2016/09/18,427082
2016/09/19,426806
2016/09/20,432391
2016/09/21,436026
2016/09/22,435486
2016/09/23,433689
2016/09/24,432455
2016/09/25,428049
2016/09/26,434938
2016/09/27,442206
2016/09/28,444909
2016/09/29,447029
2016/09/30,454078
2016/10/01,452885
2016/10/02,446450
2016/10/03,462650
2016/10/04,470635
2016/10/05,475720
2016/10/06,483656
2016/10/07,486482
2016/10/08,486493
2016/10/09,481093
2016/10/10,474405
2016/10/11,482024
2016/10/12,479553
2016/10/13,475377
2016/10/14,473764
2016/10/15,465729
2016/10/16,457285
2016/10/17,459452
2016/10/18,461517
2016/10/19,456673
2016/10/20,468520
2016/10/21,474785
2016/10/22,471192
2016/10/23,462927
2016/10/24,472057
2016/10/25,484108
2016/10/26,494362
2016/10/27,514195
2016/10/28,512263
2016/10/29,505341
2016/10/30,492465
2016/10/31,495494
2016/11/01,501370
2016/11/02,502496
2016/11/03,504011
2016/11/04,500051
2016/11/05,497130
2016/11/06,492745
2016/11/07,497912
2016/11/08,509315
2016/11/09,514071
2016/11/10,515622
2016/11/11,513658
2016/11/12,512727
2016/11/13,506960
2016/11/14,514230
2016/11/15,521584
2016/11/16,525198
2016/11/17,528561
2016/11/18,531307
2016/11/19,530387
2016/11/20,528634
2016/11/21,531245
2016/11/22,529137
2016/11/23,534870
2016/11/24,547179
2016/11/25,553087
2016/11/26,556685
2016/11/27,550335
2016/11/28,559586
2016/11/29,560875
2016/11/30,558635
2016/12/01,556476
2016/12/02,566224
2016/12/03,572382
2016/12/04,572816
2016/12/05,577008
2016/12/06,589584
2016/12/07,596759
2016/12/08,594288
2016/12/09,586983
2016/12/10,573862
2016/12/11,563409
2016/12/12,559315
2016/12/13,560043
2016/12/14,556787
2016/12/15,553785
2016/12/16,554392
2016/12/17,548194
2016/12/18,537421
2016/12/19,541694
2016/12/20,547001
2016/12/21,556786
2016/12/22,563280
2016/12/23,562982
2016/12/24,552101
2016/12/25,533369
2016/12/26,533666
2016/12/27,539195
2016/12/28,541469
2016/12/29,545841
2016/12/30,549719
2016/12/31,545999
2017/01/01,529649
2017/01/02,539123
2017/01/03,539921
2017/01/04,545853
2017/01/05,546301
2017/01/06,558262
2017/01/07,560603
2017/01/08,554804
2017/01/09,549294
2017/01/10,554687
2017/01/11,550767
2017/01/12,547435
2017/01/13,542931
2017/01/14,535503
2017/01/15,527533
2017/01/16,525605
2017/01/17,528999
2017/01/18,535082
2017/01/19,546522
2017/01/20,551957
2017/01/21,552050
2017/01/22,544473
2017/01/23,545211
2017/01/24,552921
2017/01/25,561098
2017/01/26,569893
2017/01/27,574598
2017/01/28,572020
2017/01/29,571234
2017/01/30,567767
2017/01/31,568029
2017/02/01,582324
2017/02/02,582533
2017/02/03,585786
2017/02/04,586629
2017/02/05,584576
2017/02/06,580875
2017/02/07,587300
2017/02/08,588288
2017/02/09,595427
2017/02/10,592602
2017/02/11,586424
2017/02/12,571781
2017/02/13,569913
2017/02/14,572830
2017/02/15,571736
2017/02/16,569726
2017/02/17,574491
2017/02/18,579473
2017/02/19,571138
2017/02/20,570959
2017/02/21,573291
2017/02/22,571160
2017/02/23,574874
2017/02/24,587276
2017/02/25,590377
2017/02/26,590625
2017/02/27,586114
2017/02/28,588556
2017/03/01,588841
2017/03/02,591682
2017/03/03,598313
2017/03/04,589080
2017/03/05,592165
2017/03/06,588289
2017/03/07,596716
2017/03/08,600729
2017/03/09,603681
2017/03/10,609768
2017/03/11,608982
2017/03/12,595430
2017/03/13,593661
2017/03/14,603733
2017/03/15,605981
2017/03/16,579905
2017/03/17,590867
2017/03/18,598444
2017/03/19,601033
2017/03/20,554313
2017/03/21,562705
2017/03/22,577829
2017/03/23,580519
2017/03/24,589144
2017/03/25,585086
2017/03/26,578163
2017/03/27,569504
2017/03/28,585352
2017/03/29,587274
2017/03/30,594773
2017/03/31,590730
2017/04/01,592710
2017/04/02,593679
2017/04/03,603776
2017/04/04,601657
2017/04/05,610565
2017/04/06,613829
2017/04/07,617829
2017/04/08,609822
2017/04/09,606854
2017/04/10,605616
2017/04/11,614930
2017/04/12,614701
2017/04/13,606193
2017/04/14,610395
2017/04/15,611254
2017/04/16,600250
2017/04/17,591489
2017/04/18,553326
2017/04/19,479549
2017/04/20,415609
2017/04/21,360195
2017/04/22,391777
2017/04/23,413250
2017/04/24,429583
2017/04/25,454617
2017/04/26,481639
2017/04/27,495629
2017/04/28,507211
2017/04/29,534472
2017/04/30,543297
2017/05/01,547697
2017/05/02,565461
2017/05/03,568582
2017/05/04,593201
2017/05/05,589414
2017/05/06,615471
2017/05/07,623309
2017/05/08,641323
2017/05/09,645430
2017/05/10,641908
2017/05/11,638395
2017/05/12,641673
2017/05/13,649470
2017/05/14,669508
2017/05/15,673734
2017/05/16,656311
2017/05/17,660651
2017/05/18,661362
2017/05/19,665973
2017/05/20,674683
2017/05/21,678458
2017/05/22,677693
2017/05/23,691571
2017/05/24,693165
2017/05/25,696302
2017/05/26,698825
2017/05/27,704444
2017/05/28,706900
2017/05/29,650950
2017/05/30,662809
2017/05/31,670878
2017/06/01,677300
2017/06/02,675810
2017/06/03,692674
2017/06/04,684461
2017/06/05,678715
2017/06/06,682592
2017/06/07,694599
2017/06/08,697233
2017/06/09,689297
2017/06/10,680302
2017/06/11,663197
2017/06/12,657970
2017/06/13,659255
2017/06/14,655381
2017/06/15,661590
2017/06/16,659980
2017/06/17,650723
2017/06/18,636453
2017/06/19,633449
2017/06/20,635555
2017/06/21,632966
2017/06/22,629868
2017/06/23,627026
2017/06/24,618475
2017/06/25,596782
2017/06/26,595563
2017/06/27,594211
2017/06/28,599298
2017/06/29,588690
2017/06/30,591274
2017/07/01,586286
2017/07/02,577793
2017/07/03,576696
2017/07/04,579741
2017/07/05,574840
2017/07/06,569611
2017/07/07,581583
2017/07/08,576066
2017/07/09,560120
2017/07/10,572522
2017/07/11,587758
2017/07/12,593315
2017/07/13,591204
2017/07/14,586326
2017/07/15,583335
2017/07/16,575712
2017/07/17,577446
2017/07/18,589639
2017/07/19,594853
2017/07/20,591494
2017/07/21,595023
2017/07/22,590397
2017/07/23,571993
2017/07/24,575541
2017/07/25,575326
2017/07/26,572758
2017/07/27,573535
2017/07/28,574611
2017/07/29,573509
2017/07/30,559232
2017/07/31,565273
2017/08/01,544543
2017/08/02,540515
2017/08/03,531917
2017/08/04,540666
2017/08/05,546471
2017/08/06,534999
2017/08/07,543788
2017/08/08,565676
2017/08/09,571732
2017/08/10,578385
2017/08/11,587088
2017/08/12,585981
2017/08/13,587975
2017/08/14,585955
2017/08/15,605515
2017/08/16,600872
2017/08/17,621258
2017/08/18,619122
2017/08/19,619402
2017/08/20,603243
2017/08/21,589912
2017/08/22,564042
2017/08/23,585371
2017/08/24,572935
2017/08/25,565031
2017/08/26,557931
2017/08/27,570619
2017/08/28,570535
2017/08/29,580493
2017/08/30,595928
2017/08/31,604969
2017/09/01,611907
2017/09/02,613058
2017/09/03,598454
2017/09/04,606306
2017/09/05,614766
2017/09/06,626293
2017/09/07,629726
2017/09/08,639220
2017/09/09,625225
2017/09/10,606743
2017/09/11,609483
2017/09/12,612623
2017/09/13,614635
2017/09/14,613254
2017/09/15,626175
2017/09/16,619583
2017/09/17,600138
2017/09/18,594399
2017/09/19,548039
2017/09/20,545870
2017/09/21,554715
2017/09/22,553464
2017/09/23,543283
2017/09/24,532421
2017/09/25,536783
2017/09/26,548818
2017/09/27,552606
2017/09/28,567122
2017/09/29,580082
2017/09/30,572651
2017/10/01,566529
2017/10/02,586618
2017/10/03,598319
2017/10/04,587485
2017/10/05,582995
2017/10/06,598408
2017/10/07,595086
2017/10/08,590046
2017/10/09,597664
2017/10/10,609933
2017/10/11,617023
2017/10/12,625158
2017/10/13,633240
2017/10/14,644767
2017/10/15,657020
2017/10/16,665802
2017/10/17,676270
2017/10/18,680354
2017/10/19,693770
2017/10/20,700354
2017/10/21,700750
2017/10/22,713377
2017/10/23,718748
2017/10/24,733246
2017/10/25,742631
2017/10/26,733678
2017/10/27,714963
2017/10/28,619635
2017/10/29,537017
2017/10/30,465414
2017/10/31,403359
2017/11/01,349578
2017/11/02,302968
2017/11/03,262572
2017/11/04,227562
2017/11/05,197221
2017/11/06,170925
2017/11/07,251847
2017/11/08,317276
2017/11/09,384371
2017/11/10,425472
2017/11/11,440331
2017/11/12,439554
2017/11/13,483178
2017/11/14,516180
2017/11/15,534891
2017/11/16,463572
2017/11/17,513996
2017/11/18,541745
2017/11/19,576624
2017/11/20,611334
2017/11/21,642413
2017/11/22,656041
2017/11/23,679936
2017/11/24,694934
2017/11/25,714097
2017/11/26,724354
2017/11/27,747161
2017/11/28,761832
2017/11/29,792237
2017/11/30,811219
2017/12/01,831208
2017/12/02,828244
2017/12/03,830631
2017/12/04,852139
2017/12/05,867988
2017/12/06,895190
2017/12/07,892082
2017/12/08,901945
2017/12/09,912969
2017/12/10,919461
2017/12/11,927244
2017/12/12,933255
2017/12/13,954280
2017/12/14,978130
2017/12/15,985976
2017/12/16,981168
2017/12/17,985321
2017/12/18,987932
2017/12/19,970214
2017/12/20,963381
2017/12/21,949104
2017/12/22,950497
2017/12/23,942283
2017/12/24,940087
2017/12/25,915831
2017/12/26,894189
2017/12/27,897812
2017/12/28,893545
2017/12/29,902366
2017/12/30,898673
2017/12/31,891912
2018/01/01,885310
2018/01/02,898223
2018/01/03,905585
2018/01/04,927717
2018/01/05,930886
2018/01/06,945853
2018/01/07,952367
2018/01/08,961781
2018/01/09,964899
2018/01/10,968169
2018/01/11,982730
2018/01/12,982957
2018/01/13,963137
2018/01/14,943149
2018/01/15,925861
2018/01/16,919023
2018/01/17,924105
2018/01/18,925142
2018/01/19,916317
2018/01/20,907057
2018/01/21,901410
2018/01/22,889145
2018/01/23,875135
2018/01/24,871522
2018/01/25,855425
2018/01/26,837873
2018/01/27,829919
2018/01/28,804773
2018/01/29,784602
2018/01/30,774321
2018/01/31,748405
2018/02/01,745529
2018/02/02,747924
2018/02/03,730990
2018/02/04,712897
2018/02/05,721459
2018/02/06,738476
2018/02/07,732652
2018/02/08,721803
2018/02/09,717485
2018/02/10,700903
2018/02/11,704820
2018/02/12,715018
2018/02/13,716991
2018/02/14,730177
2018/02/15,718199
2018/02/16,707445
2018/02/17,703874
2018/02/18,694216
2018/02/19,693397
2018/02/20,682296
2018/02/21,673350
2018/02/22,668066
2018/02/23,664801
2018/02/24,659857
2018/02/25,630957
2018/02/26,615781
2018/02/27,612975
2018/02/28,621949
2018/03/01,631310
2018/03/02,626585
2018/03/03,643603
2018/03/04,644619
2018/03/05,646915
2018/03/06,654827
2018/03/07,670354
2018/03/08,682634
2018/03/09,686379
2018/03/10,679740
2018/03/11,680422
2018/03/12,687967
2018/03/13,681624
2018/03/14,653083
2018/03/15,631932
2018/03/16,612902
2018/03/17,580118
2018/03/18,561204
2018/03/19,550804
2018/03/20,537790
2018/03/21,528292
2018/03/22,520817
2018/03/23,518290
2018/03/24,503897
2018/03/25,482995
2018/03/26,481888
2018/03/27,484760
2018/03/28,480432
2018/03/29,477852
2018/03/30,478012
2018/03/31,464601
2018/04/01,450445
2018/04/02,444415
2018/04/03,450663
2018/04/04,453009
2018/04/05,452598
2018/04/06,465448
2018/04/07,457299
2018/04/08,440354
2018/04/09,440238
2018/04/10,442836
2018/04/11,443567
2018/04/12,451676
2018/04/13,462159
2018/04/14,455204
2018/04/15,456117
2018/04/16,464185
2018/04/17,471208
2018/04/18,472781
2018/04/19,478113
2018/04/20,488350
2018/04/21,491127
2018/04/22,482461
2018/04/23,490348
2018/04/24,510466
2018/04/25,518660
2018/04/26,523776
2018/04/27,528585
2018/04/28,521394
2018/04/29,509963
2018/04/30,512303
2018/05/01,514474
2018/05/02,518070
2018/05/03,521206
2018/05/04,530041
2018/05/05,529498
2018/05/06,518089
2018/05/07,518868
2018/05/08,524582
2018/05/09,522991
2018/05/10,522441
2018/05/11,516760
2018/05/12,515451
2018/05/13,494078
2018/05/14,498962
2018/05/15,502502
2018/05/16,503956
2018/05/17,505924
2018/05/18,519071
2018/05/19,506275
2018/05/20,490050
2018/05/21,491787
2018/05/22,489806
2018/05/23,496050
2018/05/24,493825
2018/05/25,496722
2018/05/26,483387
2018/05/27,467283
2018/05/28,469314
2018/05/29,471047
2018/05/30,475385
2018/05/31,480455
2018/06/01,497170
2018/06/02,487539
2018/06/03,481606
2018/06/04,495491
2018/06/05,502000
2018/06/06,502946
2018/06/07,506383
2018/06/08,511497
2018/06/09,497114
2018/06/10,485851
2018/06/11,484010
2018/06/12,486394
2018/06/13,486584
2018/06/14,485928
2018/06/15,493575
2018/06/16,476898
2018/06/17,462036
2018/06/18,461888
2018/06/19,463897
2018/06/20,461810
2018/06/21,463098
2018/06/22,468050
2018/06/23,458824
2018/06/24,449273
2018/06/25,454705
2018/06/26,461368
2018/06/27,463922
2018/06/28,462355
2018/06/29,466547
2018/06/30,468689
2018/07/01,459630
2018/07/02,470021
2018/07/03,482411
2018/07/04,488803
2018/07/05,483649
2018/07/06,494453
2018/07/07,481084
2018/07/08,469305
2018/07/09,476217
2018/07/10,487389
2018/07/11,488780
2018/07/12,504789
2018/07/13,527956
2018/07/14,532511
2018/07/15,516105
2018/07/16,511707
2018/07/17,517067
2018/07/18,533743
2018/07/19,534588
2018/07/20,532302
2018/07/21,516703
2018/07/22,499015
2018/07/23,510447
2018/07/24,519485
2018/07/25,536118
2018/07/26,532766
2018/07/27,542302
2018/07/28,531690
2018/07/29,514542
2018/07/30,516035
2018/07/31,520497
2018/08/01,527758
2018/08/02,528754
2018/08/03,536295
2018/08/04,525606
2018/08/05,508569
2018/08/06,509802
2018/08/07,520408
2018/08/08,521962
2018/08/09,521596
2018/08/10,526664
2018/08/11,516318
2018/08/12,500778
2018/08/13,499447
2018/08/14,504289
2018/08/15,500463
2018/08/16,506711
2018/08/17,517117
2018/08/18,509386
2018/08/19,495893
2018/08/20,499744
2018/08/21,504335
2018/08/22,513627
2018/08/23,512060
2018/08/24,520739
2018/08/25,515145
2018/08/26,503860
2018/08/27,516101
2018/08/28,526999
2018/08/29,535172
2018/08/30,535898
2018/08/31,543048
2018/09/01,539104
2018/09/02,526285
2018/09/03,526203
2018/09/04,529687
2018/09/05,531081
2018/09/06,538338
2018/09/07,548920
2018/09/08,541048
2018/09/09,528401
2018/09/10,529358
2018/09/11,532109
2018/09/12,532469
2018/09/13,533699
2018/09/14,532905
2018/09/15,528796
2018/09/16,514280
2018/09/17,520412
2018/09/18,526866
2018/09/19,528745
2018/09/20,530632
2018/09/21,542658
2018/09/22,537751
2018/09/23,526692
2018/09/24,528914
2018/09/25,535033
2018/09/26,535937
2018/09/27,537452
2018/09/28,546901
2018/09/29,540509
2018/09/30,531745
2018/10/01,541346
2018/10/02,545676
2018/10/03,551060
2018/10/04,551962
2018/10/05,553420
2018/10/06,548305
2018/10/07,545312
2018/10/08,547461
2018/10/09,548412
2018/10/10,549535
2018/10/11,557430
2018/10/12,562915
2018/10/13,556328
2018/10/14,542380
2018/10/15,552652
2018/10/16,559446
2018/10/17,560117
2018/10/18,563770
2018/10/19,571256
2018/10/20,563910
2018/10/21,552749
2018/10/22,554560
2018/10/23,561473
2018/10/24,559381
2018/10/25,562855
2018/10/26,567222
2018/10/27,556603
2018/10/28,547210
2018/10/29,552930
2018/10/30,559138
2018/10/31,566832
2018/11/01,571442
2018/11/02,578379
2018/11/03,575885
2018/11/04,570653
2018/11/05,576060
2018/11/06,574185
2018/11/07,579224
2018/11/08,583663
2018/11/09,589044
2018/11/10,578998
2018/11/11,571646
2018/11/12,574289
2018/11/13,573004
2018/11/14,571428
2018/11/15,578045
2018/11/16,584268
2018/11/17,574373
2018/11/18,558531
2018/11/19,559189
2018/11/20,571777
2018/11/21,568304
2018/11/22,571906
2018/11/23,570345
2018/11/24,560297
2018/11/25,548054
2018/11/26,545000
2018/11/27,545885
2018/11/28,541868
2018/11/29,539111
2018/11/30,533144
2018/12/01,531444
2018/12/02,515852
2018/12/03,513584
2018/12/04,522364
2018/12/05,523904
2018/12/06,529990
2018/12/07,537558
2018/12/08,530294
2018/12/09,517232
2018/12/10,516557
2018/12/11,521158
2018/12/12,524456
2018/12/13,527894
2018/12/14,539225
2018/12/15,538607
2018/12/16,528324
2018/12/17,537926
2018/12/18,537334
2018/12/19,546675
2018/12/20,548740
2018/12/21,553783
2018/12/22,543287
2018/12/23,531762
2018/12/24,530629
2018/12/25,516296
2018/12/26,511325
2018/12/27,515773
2018/12/28,521791
2018/12/29,516447
2018/12/30,509117
2018/12/31,504203
2019/01/01,485317
2019/01/02,488069
2019/01/03,491859
2019/01/04,495233
2019/01/05,490417
2019/01/06,482873
2019/01/07,486201
2019/01/08,492006
2019/01/09,498528
2019/01/10,508393
2019/01/11,513730
2019/01/12,504992
2019/01/13,492653
2019/01/14,495360
2019/01/15,502821
2019/01/16,513257
2019/01/17,513447
2019/01/18,518888
2019/01/19,510366
2019/01/20,501791
2019/01/21,504621
2019/01/22,506653
2019/01/23,518197
2019/01/24,524669
2019/01/25,524551
2019/01/26,522944
2019/01/27,510576
2019/01/28,514719
2019/01/29,517319
2019/01/30,518812
2019/01/31,525927
2019/02/01,534503
2019/02/02,529843
2019/02/03,518850
2019/02/04,519642
2019/02/05,524958
2019/02/06,534725
2019/02/07,538390
2019/02/08,543497
2019/02/09,536633
2019/02/10,522288
2019/02/11,524989
2019/02/12,554312
2019/02/13,571562
2019/02/14,566689
2019/02/15,559063
2019/02/16,557917
2019/02/17,545156
2019/02/18,553079
2019/02/19,557932
2019/02/20,565137
2019/02/21,565574
2019/02/22,578118
2019/02/23,566327
2019/02/24,554340
2019/02/25,553817
2019/02/26,563802
2019/02/27,566005
2019/02/28,567531
2019/03/01,572280
2019/03/02,568348
2019/03/03,553053
2019/03/04,556016
2019/03/05,563896
2019/03/06,573570
2019/03/07,579290
2019/03/08,583951
2019/03/09,578145
2019/03/10,560458
2019/03/11,573058
2019/03/12,578717
2019/03/13,582815
2019/03/14,592347
2019/03/15,599161
2019/03/16,591964
2019/03/17,573969
2019/03/18,577449
2019/03/19,588187
2019/03/20,596771
2019/03/21,600253
2019/03/22,603577
2019/03/23,592370
2019/03/24,576792
2019/03/25,580671
2019/03/26,579575
2019/03/27,594280
2019/03/28,602325
2019/03/29,610758
2019/03/30,611724
2019/03/31,604031
2019/04/01,605500
2019/04/02,629309
2019/04/03,643632
2019/04/04,652025
2019/04/05,670853
2019/04/06,655646
2019/04/07,641445
2019/04/08,646599
2019/04/09,649520
2019/04/10,654961
2019/04/11,664265
2019/04/12,668265
2019/04/13,650001
2019/04/14,631788
2019/04/15,636296
2019/04/16,635904
2019/04/17,635045
2019/04/18,633868
2019/04/19,643651
2019/04/20,626826
2019/04/21,625610
2019/04/22,614374
2019/04/23,615196
2019/04/24,636069
2019/04/25,635809
2019/04/26,640949
2019/04/27,628803
2019/04/28,614250
2019/04/29,621075
2019/04/30,634169
2019/05/01,641540
2019/05/02,641981
2019/05/03,649053
2019/05/04,634348
2019/05/05,619641
2019/05/06,624965
2019/05/07,626499
2019/05/08,640098
2019/05/09,646072
2019/05/10,645265
2019/05/11,646374
2019/05/12,657533
2019/05/13,671157
2019/05/14,682816
2019/05/15,688684
2019/05/16,699798
2019/05/17,712771
2019/05/18,715061
2019/05/19,703938
2019/05/20,706211
2019/05/21,717548
2019/05/22,726334
2019/05/23,724238
2019/05/24,724537
2019/05/25,708397
2019/05/26,689286
2019/05/27,700447
2019/05/28,714728
2019/05/29,721756
2019/05/30,723339
2019/05/31,714554
2019/06/01,723381
2019/06/02,705082
2019/06/03,692848
2019/06/04,700338
2019/06/05,712243
2019/06/06,713217
2019/06/07,715883
2019/06/08,693763
2019/06/09,670459
2019/06/10,675098
2019/06/11,676922
2019/06/12,681448
2019/06/13,692240
2019/06/14,705238
2019/06/15,712343
2019/06/16,695478
2019/06/17,691721
2019/06/18,709008
2019/06/19,718624
2019/06/20,712808
2019/06/21,712854
2019/06/22,715818
2019/06/23,727627
2019/06/24,744825
2019/06/25,750163
2019/06/26,771496
2019/06/27,770537
2019/06/28,782966
2019/06/29,781723
2019/06/30,755516
2019/07/01,750790
2019/07/02,748112
2019/07/03,754703
2019/07/04,749019
2019/07/05,747191
2019/07/06,727594
2019/07/07,703029
2019/07/08,705910
2019/07/09,706237
2019/07/10,705393
2019/07/11,702421
2019/07/12,713558
2019/07/13,696641
2019/07/14,672848
2019/07/15,669808
2019/07/16,674143
2019/07/17,667674
2019/07/18,660245
2019/07/19,654007
2019/07/20,653955
2019/07/21,629854
2019/07/22,628877
2019/07/23,628273
2019/07/24,630547
2019/07/25,636998
2019/07/26,640286
2019/07/27,623632
2019/07/28,602789
2019/07/29,604665
2019/07/30,607956
2019/07/31,619250
2019/08/01,624073
2019/08/02,634471
2019/08/03,624023
2019/08/04,608802
2019/08/05,620433
2019/08/06,637973
2019/08/07,648024
2019/08/08,655469
2019/08/09,654426
2019/08/10,641658
2019/08/11,620016
2019/08/12,613249
2019/08/13,632649
2019/08/14,637244
2019/08/15,636717
2019/08/16,630542
2019/08/17,612799
2019/08/18,590538
2019/08/19,594003
2019/08/20,598108
2019/08/21,606517
2019/08/22,618354
2019/08/23,630014
2019/08/24,629539
2019/08/25,607871
2019/08/26,610562
2019/08/27,612386
2019/08/28,610073
2019/08/29,616095
2019/08/30,619319
2019/08/31,607967
2019/09/01,593521
2019/09/02,598156
2019/09/03,612105
2019/09/04,615772
2019/09/05,622698
2019/09/06,633589
2019/09/07,622271
2019/09/08,606086
2019/09/09,610225
2019/09/10,625073
2019/09/11,635907
2019/09/12,640368
2019/09/13,642580
2019/09/14,633994
2019/09/15,617341
2019/09/16,623979
2019/09/17,629553
2019/09/18,647770
2019/09/19,646498
2019/09/20,646785
2019/09/21,637901
2019/09/22,622220
2019/09/23,622856
2019/09/24,635531
2019/09/25,646499
2019/09/26,646569
2019/09/27,637368
2019/09/28,627432
2019/09/29,608709
2019/09/30,610332
2019/10/01,619007
2019/10/02,619396
2019/10/03,618475
2019/10/04,621612
2019/10/05,614229
2019/10/06,597396
2019/10/07,599632
2019/10/08,603330
2019/10/09,599252
2019/10/10,605786
2019/10/11,604181
2019/10/12,592916
2019/10/13,576647
2019/10/14,574839
2019/10/15,582201
2019/10/16,589100
2019/10/17,596295
2019/10/18,598203
2019/10/19,593484
2019/10/20,580655
2019/10/21,588605
2019/10/22,595607
2019/10/23,602270
2019/10/24,602818
2019/10/25,610823
2019/10/26,620099
2019/10/27,605429
2019/10/28,606241
2019/10/29,610518
2019/10/30,609353
2019/10/31,612089
2019/11/01,620900
2019/11/02,614021
2019/11/03,603058
2019/11/04,604895
2019/11/05,617596
2019/11/06,631082
2019/11/07,632607
2019/11/08,633977
2019/11/09,635436
2019/11/10,619063
2019/11/11,616871
2019/11/12,609056
2019/11/13,616911
2019/11/14,617928
2019/11/15,620166
2019/11/16,616901
2019/11/17,604282
2019/11/18,602108
2019/11/19,619545
2019/11/20,617137
2019/11/21,627877
2019/11/22,633198
2019/11/23,628825
2019/11/24,609753
2019/11/25,599810
2019/11/26,608259
2019/11/27,624265
2019/11/28,625069
2019/11/29,621080
2019/11/30,615598
2019/12/01,601870
2019/12/02,606184
2019/12/03,611265
2019/12/04,617703
2019/12/05,619796
2019/12/06,618737
2019/12/07,612571
2019/12/08,595346
2019/12/09,605600
2019/12/10,617193
2019/12/11,627072
2019/12/12,626093
2019/12/13,624585
2019/12/14,614882
2019/12/15,597631
2019/12/16,610458
2019/12/17,628571
2019/12/18,626087
2019/12/19,626234
2019/12/20,625987
2019/12/21,614141
2019/12/22,596821
2019/12/23,598120
2019/12/24,596809
2019/12/25,580498
2019/12/26,573542
2019/12/27,579450
2019/12/28,575297
2019/12/29,566328
2019/12/30,575677
2019/12/31,576926
2020/01/01,559256
2020/01/02,560566
2020/01/03,568443
2020/01/04,564780
2020/01/05,558205
2020/01/06,563203
2020/01/07,574728
2020/01/08,580748
2020/01/09,595304
2020/01/10,606264
2020/01/11,599269
2020/01/12,582973
2020/01/13,581283
2020/01/14,597822
2020/01/15,602452
2020/01/16,609411
2020/01/17,609090
2020/01/18,597046
2020/01/19,590709
2020/01/20,594018
2020/01/21,597616
2020/01/22,604872
2020/01/23,612000
2020/01/24,616355
2020/01/25,604100
2020/01/26,590146
2020/01/27,588127
2020/01/28,603442
2020/01/29,612249
2020/01/30,613329
2020/01/31,617427
2020/02/01,613131
2020/02/02,614044
2020/02/03,629560
2020/02/04,635881
2020/02/05,646498
2020/02/06,648929
2020/02/07,662694
2020/02/08,657118
2020/02/09,647845
2020/02/10,643808
2020/02/11,662400
2020/02/12,659253
2020/02/13,666633
2020/02/14,658559
2020/02/15,659773
2020/02/16,645209
2020/02/17,651204
2020/02/18,650675
2020/02/19,653630
2020/02/20,651655
2020/02/21,649745
2020/02/22,640824
2020/02/23,627631
2020/02/24,627352
2020/02/25,627292
2020/02/26,633105
2020/02/27,639965
2020/02/28,648110
2020/02/29,640182
2020/03/01,634455
2020/03/02,641525
2020/03/03,651602
2020/03/04,665476
2020/03/05,664734
2020/03/06,662574
2020/03/07,654848
2020/03/08,641086
2020/03/09,647724
2020/03/10,656052
2020/03/11,654704
2020/03/12,671566
2020/03/13,674057
2020/03/14,674581
2020/03/15,660451
2020/03/16,653178
2020/03/17,650189
2020/03/18,633034
2020/03/19,630351
2020/03/20,628803
2020/03/21,622933
2020/03/22,603609
2020/03/23,598005
2020/03/24,603135
2020/03/25,583566
2020/03/26,603598
2020/03/27,621516
2020/03/28,610705
2020/03/29,595333
2020/03/30,604567
2020/03/31,620224
2020/04/01,629793
2020/04/02,638306
2020/04/03,638921
2020/04/04,631590
2020/04/05,616615
2020/04/06,623097
2020/04/07,655475
2020/04/08,658358
2020/04/09,654199
2020/04/10,653077
2020/04/11,639190
2020/04/12,623098
2020/04/13,628773
2020/04/14,635521
2020/04/15,660698
2020/04/16,671927
2020/04/17,679111
2020/04/18,689943
2020/04/19,681581
2020/04/20,682534
2020/04/21,686343
2020/04/22,679352
2020/04/23,702322
2020/04/24,712023
2020/04/25,711460
2020/04/26,700834
2020/04/27,706722
2020/04/28,725109
2020/04/29,728672
2020/04/30,734051
2020/05/01,740846
2020/05/02,760594
2020/05/03,765110
2020/05/04,761900
2020/05/05,767348
2020/05/06,777624
2020/05/07,791002
2020/05/08,793633
2020/05/09,788550
2020/05/10,779466
2020/05/11,788669
2020/05/12,791910
2020/05/13,786372
2020/05/14,777372
2020/05/15,777267
2020/05/16,773236
2020/05/17,748933
2020/05/18,761936
2020/05/19,757570
2020/05/20,752176
2020/05/21,751614
2020/05/22,745313
2020/05/23,740647
2020/05/24,736311
2020/05/25,738539
2020/05/26,735890
2020/05/27,746624
2020/05/28,710515
2020/05/29,717379
2020/05/30,729448
2020/05/31,724865
2020/06/01,722514
2020/06/02,728117
2020/06/03,740324
2020/06/04,743984
2020/06/05,747716
2020/06/06,741181
2020/06/07,721654
2020/06/08,724896
2020/06/09,734204
2020/06/10,737032
2020/06/11,759780
2020/06/12,764987
2020/06/13,759172
2020/06/14,735096
2020/06/15,734473
2020/06/16,753417
2020/06/17,759099
2020/06/18,760323
2020/06/19,770496
2020/06/20,754177
2020/06/21,735411
2020/06/22,729202
2020/06/23,753352
2020/06/24,761500
2020/06/25,762922
2020/06/26,768927
2020/06/27,756575
2020/06/28,736261
2020/06/29,745477
2020/06/30,753568
2020/07/01,775351
2020/07/02,778838
2020/07/03,779704
2020/07/04,769764
2020/07/05,753918
2020/07/06,765450
2020/07/07,774172
2020/07/08,791276
2020/07/09,804386
2020/07/10,809615
2020/07/11,774556
2020/07/12,758311
2020/07/13,763772
2020/07/14,777724
2020/07/15,786542
2020/07/16,796571
2020/07/17,786561
2020/07/18,780628
2020/07/19,779328
2020/07/20,781297
2020/07/21,785322
2020/07/22,798557
2020/07/23,803775
2020/07/24,810277
2020/07/25,816041
2020/07/26,822622
2020/07/27,834577
2020/07/28,844406
2020/07/29,858274
2020/07/30,855659
2020/07/31,859988
2020/08/01,846505
2020/08/02,842445
2020/08/03,854184
2020/08/04,847323
2020/08/05,843958
2020/08/06,860962
2020/08/07,870577
2020/08/08,862897
2020/08/09,854082
2020/08/10,847541
2020/08/11,860697
2020/08/12,863466
2020/08/13,856536
2020/08/14,864786
2020/08/15,863145
2020/08/16,853715
2020/08/17,844521
2020/08/18,844065
2020/08/19,845113
2020/08/20,844381
2020/08/21,854534
2020/08/22,847645
2020/08/23,843422
2020/08/24,835522
2020/08/25,832862
2020/08/26,847652
2020/08/27,839723
2020/08/28,853302
2020/08/29,853772
2020/08/30,833727
2020/08/31,831382
2020/09/01,846580
2020/09/02,852622
2020/09/03,848556
2020/09/04,849041
2020/09/05,846711
2020/09/06,847709
2020/09/07,863422
2020/09/08,858059
2020/09/09,856376
2020/09/10,868547
2020/09/11,862744
2020/09/12,853923
2020/09/13,829869
2020/09/14,839052
2020/09/15,840334
2020/09/16,851453
2020/09/17,868068
2020/09/18,861725
2020/09/19,850230
2020/09/20,825498
2020/09/21,822292
2020/09/22,823416
2020/09/23,826300
2020/09/24,826338
2020/09/25,847895
2020/09/26,840952
2020/09/27,818045
2020/09/28,808584
2020/09/29,817634
2020/09/30,830701
2020/10/01,825526
2020/10/02,828998
2020/10/03,838560
2020/10/04,833355
2020/10/05,824794
2020/10/06,830670
2020/10/07,846884
2020/10/08,854158
2020/10/09,851685
2020/10/10,843005
2020/10/11,818268
2020/10/12,817517
2020/10/13,831848
2020/10/14,833023
2020/10/15,842882
2020/10/16,844764
2020/10/17,829792
2020/10/18,803401
2020/10/19,799195
2020/10/20,807143
2020/10/21,819037
2020/10/22,832206
2020/10/23,829782
2020/10/24,845577
2020/10/25,827973
2020/10/26,808831
2020/10/27,790328
2020/10/28,778636
2020/10/29,774626
2020/10/30,774876
2020/10/31,766041
2020/11/01,766994
2020/11/02,754887
2020/11/03,774159
2020/11/04,804926
2020/11/05,815754
2020/11/06,827070
2020/11/07,842181
2020/11/08,835911
2020/11/09,858978
2020/11/10,859263
2020/11/11,859247
2020/11/12,861929
2020/11/13,858278
2020/11/14,853961
2020/11/15,837479
2020/11/16,845724
2020/11/17,863631
2020/11/18,885602
2020/11/19,886004
2020/11/20,900771
2020/11/21,893884
2020/11/22,875967
2020/11/23,874893
2020/11/24,878583
2020/11/25,891066
2020/11/26,903850
2020/11/27,912085
2020/11/28,913009
2020/11/29,886882
2020/11/30,868541
2020/12/01,890233
2020/12/02,887651
2020/12/03,902058
2020/12/04,906193
2020/12/05,909537
2020/12/06,888772
2020/12/07,882324
2020/12/08,887150
2020/12/09,893470
2020/12/10,884796
2020/12/11,889756
2020/12/12,881723
2020/12/13,875638
2020/12/14,872977
2020/12/15,874491
2020/12/16,881569
2020/12/17,885133
2020/12/18,904997
2020/12/19,917307
2020/12/20,915550
2020/12/21,927193
2020/12/22,935701
2020/12/23,936800
2020/12/24,921625
2020/12/25,916944
2020/12/26,901746
2020/12/27,907097
2020/12/28,921236
2020/12/29,927307
2020/12/30,947386
2020/12/31,959548
2021/01/01,946251
2021/01/02,948296
2021/01/03,957230
2021/01/04,974409
2021/01/05,982056
2021/01/06,1005764
2021/01/07,1016396
2021/01/08,1018001
2021/01/09,1007581
2021/01/10,1007183
2021/01/11,1008465
2021/01/12,1009005
2021/01/13,1010750
2021/01/14,1008103
2021/01/15,1011214
2021/01/16,1008022
2021/01/17,983905
2021/01/18,973715
2021/01/19,971969
2021/01/20,968089
2021/01/21,959210
2021/01/22,963494
2021/01/23,958431
2021/01/24,945440
2021/01/25,939897
2021/01/26,950734
2021/01/27,943311
2021/01/28,945999
2021/01/29,962584
2021/01/30,955189
2021/01/31,948753
2021/02/01,937597
2021/02/02,951200
2021/02/03,962658
2021/02/04,972605
2021/02/05,990764
2021/02/06,986772
2021/02/07,986934
2021/02/08,993307
2021/02/09,860866
2021/02/10,892399
2021/02/11,892856
2021/02/12,907544
2021/02/13,923985
2021/02/14,932018
2021/02/15,942736
2021/02/16,890149
2021/02/17,813392
2021/02/18,831740
2021/02/19,860815
2021/02/20,879340
2021/02/21,885186
2021/02/22,892056
2021/02/23,892231
2021/02/24,911329
2021/02/25,927117
2021/02/26,929305
2021/02/27,947759
2021/02/28,940115
2021/03/01,927405
2021/03/02,938802
2021/03/03,956931
2021/03/04,952287
2021/03/05,959793
2021/03/06,965540
2021/03/07,954141
2021/03/08,959104
2021/03/09,952314
2021/03/10,962360
2021/03/11,959262
2021/03/12,969873
2021/03/13,963957
2021/03/14,970859
2021/03/15,973137
2021/03/16,981168
2021/03/17,979866
2021/03/18,985391
2021/03/19,987047
2021/03/20,985365
2021/03/21,978798
2021/03/22,977014
2021/03/23,991222
2021/03/24,991109
2021/03/25,1003436
2021/03/26,988544
2021/03/27,990229
2021/03/28,981577
2021/03/29,972200
2021/03/30,975908
2021/03/31,985826
2021/04/01,988025
2021/04/02,981337
2021/04/03,960725
2021/04/04,951719
2021/04/05,963575
2021/04/06,972333
2021/04/07,983880
2021/04/08,982903
2021/04/09,991246
2021/04/10,996731
2021/04/11,985935
2021/04/12,983723
2021/04/13,986402
2021/04/14,981422
2021/04/15,1010041
2021/04/16,986046
2021/04/17,957676
2021/04/18,957224
2021/04/19,929729
2021/04/20,934453
2021/04/21,914870
2021/04/22,923767
2021/04/23,924815
2021/04/24,923070
2021/04/25,913210
2021/04/26,896962
2021/04/27,906649
2021/04/28,921549
2021/04/29,912894
2021/04/30,921190
2021/05/01,916484
2021/05/02,937103
2021/05/03,952584
2021/05/04,969093
2021/05/05,981727
2021/05/06,987404
2021/05/07,988466
2021/05/08,986646
2021/05/09,999274
2021/05/10,1018610
2021/05/11,1020411
2021/05/12,1028879
2021/05/13,1029871
2021/05/14,1010368
2021/05/15,985547
2021/05/16,962272
2021/05/17,948381
2021/05/18,919771
2021/05/19,915035
2021/05/20,904377
2021/05/21,889885
2021/05/22,876275
2021/05/23,873659
2021/05/24,869152
2021/05/25,863668
2021/05/26,859813
2021/05/27,845812
2021/05/28,845630
2021/05/29,834108
2021/05/30,839252
2021/05/31,841290
2021/06/01,831183
2021/06/02,851968
2021/06/03,858101
2021/06/04,848174
2021/06/05,824856
2021/06/06,795070
2021/06/07,792970
2021/06/08,803067
2021/06/09,784279
2021/06/10,788781
2021/06/11,786983
2021/06/12,798186
2021/06/13,776968
2021/06/14,782096
2021/06/15,792709
2021/06/16,797495
2021/06/17,790547
2021/06/18,783087
2021/06/19,756910
2021/06/20,727555
2021/06/21,724973
2021/06/22,718748
2021/06/23,720723
2021/06/24,722529
2021/06/25,724701
2021/06/26,706728
2021/06/27,675693
2021/06/28,670107
2021/06/29,673470
2021/06/30,676990
2021/07/01,677588
2021/07/02,683915
2021/07/03,705133
2021/07/04,709949
2021/07/05,717222
2021/07/06,720482
2021/07/07,717136
2021/07/08,717665
2021/07/09,714376
2021/07/10,702074
2021/07/11,690761
2021/07/12,695267
2021/07/13,694638
2021/07/14,696870
2021/07/15,699181
2021/07/16,694115
2021/07/17,674638
2021/07/18,656104
2021/07/19,667136
2021/07/20,672955
2021/07/21,678232
2021/07/22,676539
2021/07/23,678230
2021/07/24,673739
2021/07/25,658843
2021/07/26,679431
2021/07/27,695132
2021/07/28,702385
2021/07/29,711799
2021/07/30,713790
2021/07/31,704379
2021/08/01,690222
2021/08/02,704241
2021/08/03,708796
2021/08/04,710283
2021/08/05,714820
2021/08/06,721457
2021/08/07,711842
2021/08/08,700114
2021/08/09,704274
2021/08/10,714011
2021/08/11,716159
2021/08/12,718927
2021/08/13,726958
2021/08/14,717258
2021/08/15,696984
2021/08/16,714340
2021/08/17,733554
2021/08/18,734606
2021/08/19,735439
2021/08/20,747256
2021/08/21,742068
2021/08/22,724950
2021/08/23,742121
2021/08/24,750034
2021/08/25,751325
2021/08/26,749529
2021/08/27,742937
2021/08/28,732155
2021/08/29,711517
2021/08/30,719721
2021/08/31,724709
2021/09/01,731467
2021/09/02,751035
2021/09/03,766449
2021/09/04,758046
2021/09/05,737813
2021/09/06,749617
2021/09/07,754854
2021/09/08,759977
2021/09/09,763849
2021/09/10,767088
2021/09/11,766740
2021/09/12,744028
2021/09/13,745450
2021/09/14,751915
2021/09/15,761446
2021/09/16,777230
2021/09/17,783439
2021/09/18,772578
2021/09/19,751263
2021/09/20,768587
2021/09/21,762144
2021/09/22,765040
2021/09/23,764545
2021/09/24,773476
2021/09/25,755300
2021/09/26,737989
2021/09/27,742248
2021/09/28,747741
2021/09/29,747946
2021/09/30,773496
2021/10/01,781014
2021/10/02,792937
2021/10/03,780041
2021/10/04,796391
2021/10/05,806723
2021/10/06,801153
2021/10/07,827281
2021/10/08,833257
2021/10/09,835987
2021/10/10,818661
2021/10/11,821529
2021/10/12,822860
2021/10/13,828272
2021/10/14,825476
2021/10/15,834191
2021/10/16,835025
2021/10/17,818342
2021/10/18,821589
2021/10/19,835966
2021/10/20,837034
2021/10/21,858822
2021/10/22,858813
2021/10/23,839322
2021/10/24,814267
2021/10/25,832780
2021/10/26,836786
2021/10/27,837723
2021/10/28,845518
2021/10/29,850941
2021/10/30,837580
2021/10/31,831943
2021/11/01,840693
2021/11/02,844328
2021/11/03,850446
2021/11/04,851687
2021/11/05,856510
2021/11/06,838992
2021/11/07,820783
2021/11/08,825737
2021/11/09,855784
2021/11/10,856403
2021/11/11,862870
2021/11/12,857190
2021/11/13,841689
2021/11/14,823796
2021/11/15,837927
2021/11/16,845119
2021/11/17,850594
2021/11/18,846130
2021/11/19,845856
2021/11/20,833202
2021/11/21,816577
2021/11/22,814441
2021/11/23,811801
2021/11/24,827557
2021/11/25,830742
2021/11/26,836141
2021/11/27,814477
2021/11/28,800305
2021/11/29,807909
2021/11/30,806111
2021/12/01,823559
2021/12/02,853071
2021/12/03,859522
2021/12/04,852016
2021/12/05,852965
2021/12/06,862249
2021/12/07,866817
2021/12/08,856151
2021/12/09,872254
2021/12/10,863811
2021/12/11,843452
2021/12/12,814870
2021/12/13,812285
2021/12/14,814600
