Date,difficulty3mom
2010/07/17,136.157
2010/07/18,136.157
2010/07/19,119.171
2010/07/20,0
2010/07/21,0
2010/07/22,0
2010/07/23,0
2010/07/24,0
2010/07/25,0
2010/07/26,0
2010/07/27,57.762
2010/07/28,62.67
2010/07/29,62.67
2010/07/30,4.908
2010/07/31,0
2010/08/01,0
2010/08/02,0
2010/08/03,0
2010/08/04,0
2010/08/05,14.855
2010/08/06,107.948
2010/08/07,107.948
2010/08/08,93.093
2010/08/09,0
2010/08/10,0
2010/08/11,0
2010/08/12,0
2010/08/13,0
2010/08/14,0
2010/08/15,37.783
2010/08/16,159.612
2010/08/17,159.612
2010/08/18,121.83
2010/08/19,0
2010/08/20,0
2010/08/21,0
2010/08/22,0
2010/08/23,0
2010/08/24,0
2010/08/25,0
2010/08/26,4.783
2010/08/27,111.613
2010/08/28,111.613
2010/08/29,106.83
2010/08/30,0
2010/08/31,0
2010/09/01,0
2010/09/02,0
2010/09/03,0
2010/09/04,0
2010/09/05,0
2010/09/06,0
2010/09/07,0
2010/09/08,73.226
2010/09/09,89.498
2010/09/10,89.498
2010/09/11,16.272
2010/09/12,0
2010/09/13,0
2010/09/14,0
2010/09/15,0
2010/09/16,0
2010/09/17,0
2010/09/18,0
2010/09/19,180.431
2010/09/20,204.946
2010/09/21,204.946
2010/09/22,24.515
2010/09/23,0
2010/09/24,0
2010/09/25,0
2010/09/26,0
2010/09/27,0
2010/09/28,60.504
2010/09/29,400.839
2010/09/30,400.839
2010/10/01,340.335
2010/10/02,0
2010/10/03,0
2010/10/04,0
2010/10/05,0
2010/10/06,0
2010/10/07,0
2010/10/08,0
2010/10/09,0
2010/10/10,0
2010/10/11,0
2010/10/12,44.423
2010/10/13,59.358
2010/10/14,59.358
2010/10/15,14.935
2010/10/16,0
2010/10/17,0
2010/10/18,0
2010/10/19,0
2010/10/20,0
2010/10/21,584.463
2010/10/22,770.994
2010/10/23,770.994
2010/10/24,186.531
2010/10/25,0
2010/10/26,0
2010/10/27,0
2010/10/28,0
2010/10/29,0
2010/10/30,37.409
2010/10/31,942.715
2010/11/01,942.715
2010/11/02,905.306
2010/11/03,0
2010/11/04,0
2010/11/05,0
2010/11/06,0
2010/11/07,0
2010/11/08,0
2010/11/09,579.178
2010/11/10,1445
2010/11/11,1445
2010/11/12,865.439
2010/11/13,0
2010/11/14,0
2010/11/15,0
2010/11/16,0
2010/11/17,0
2010/11/18,380.867
2010/11/19,2331
2010/11/20,2331
2010/11/21,1950
2010/11/22,0
2010/11/23,0
2010/11/24,0
2010/11/25,0
2010/11/26,0
2010/11/27,0
2010/11/28,0
2010/11/29,0
2010/11/30,299.826
2010/12/01,1211
2010/12/02,1211
2010/12/03,911.471
2010/12/04,0
2010/12/05,0
2010/12/06,0
2010/12/07,0
2010/12/08,0
2010/12/09,149.733
2010/12/10,4174
2010/12/11,4174
2010/12/12,4024
2010/12/13,0
2010/12/14,0
2010/12/15,0
2010/12/16,0
2010/12/17,0
2010/12/18,0
2010/12/19,0
2010/12/20,0
2010/12/21,354.857
2010/12/22,2232
2010/12/23,2232
2010/12/24,1877
2010/12/25,0
2010/12/26,0
2010/12/27,0
2010/12/28,0
2010/12/29,0
2010/12/30,0
2010/12/31,0
2011/01/01,0
2011/01/02,0
2011/01/03,1426
2011/01/04,1823
2011/01/05,1823
2011/01/06,397.377
2011/01/07,0
2011/01/08,0
2011/01/09,0
2011/01/10,0
2011/01/11,0
2011/01/12,0
2011/01/13,0
2011/01/14,0
2011/01/15,895.508
2011/01/16,2130
2011/01/17,2130
2011/01/18,1235
2011/01/19,0
2011/01/20,0
2011/01/21,0
2011/01/22,0
2011/01/23,0
2011/01/24,0
2011/01/25,0
2011/01/26,0
2011/01/27,2100
2011/01/28,3575
2011/01/29,3575
2011/01/30,1475
2011/01/31,0
2011/02/01,0
2011/02/02,0
2011/02/03,0
2011/02/04,0
2011/02/05,0
2011/02/06,0
2011/02/07,0
2011/02/08,2989
2011/02/09,3985
2011/02/10,3985
2011/02/11,996.375
2011/02/12,0
2011/02/13,0
2011/02/14,0
2011/02/15,0
2011/02/16,0
2011/02/17,0
2011/02/18,8093
2011/02/19,10462
2011/02/20,10462
2011/02/21,2369
2011/02/22,0
2011/02/23,0
2011/02/24,0
2011/02/25,0
2011/02/26,0
2011/02/27,8389
2011/02/28,19130
2011/03/01,19130
2011/03/02,10741
2011/03/03,0
2011/03/04,0
2011/03/05,0
2011/03/06,0
2011/03/07,0
2011/03/08,0
2011/03/09,7082
2011/03/10,20603
2011/03/11,20603
2011/03/12,13521
2011/03/13,0
2011/03/14,0
2011/03/15,0
2011/03/16,0
2011/03/17,0
2011/03/18,0
2011/03/19,0
2011/03/20,0
2011/03/21,0
2011/03/22,0
2011/03/23,0
2011/03/24,0
2011/03/25,-6589
2011/03/26,-7215
2011/03/27,-7215
2011/03/28,-625.564
2011/03/29,0
2011/03/30,0
2011/03/31,0
2011/04/01,0
2011/04/02,0
2011/04/03,0
2011/04/04,0
2011/04/05,964.691
2011/04/06,13368
2011/04/07,13368
2011/04/08,12403
2011/04/09,0
2011/04/10,0
2011/04/11,0
2011/04/12,0
2011/04/13,0
2011/04/14,0
2011/04/15,0
2011/04/16,0
2011/04/17,0
2011/04/18,7096
2011/04/19,10002
2011/04/20,10002
2011/04/21,2906
2011/04/22,0
2011/04/23,0
2011/04/24,0
2011/04/25,0
2011/04/26,0
2011/04/27,0
2011/04/28,0
2011/04/29,0
2011/04/30,15306
2011/05/01,17323
2011/05/02,17323
2011/05/03,2016
2011/05/04,0
2011/05/05,0
2011/05/06,0
2011/05/07,0
2011/05/08,0
2011/05/09,5793
2011/05/10,47746
2011/05/11,47746
2011/05/12,41953
2011/05/13,0
2011/05/14,0
2011/05/15,0
2011/05/16,0
2011/05/17,0
2011/05/18,5117
2011/05/19,86696
2011/05/20,86696
2011/05/21,81579
2011/05/22,0
2011/05/23,0
2011/05/24,0
2011/05/25,0
2011/05/26,33513
2011/05/27,190765
2011/05/28,190765
2011/05/29,157252
2011/05/30,0
2011/05/31,0
2011/06/01,0
2011/06/02,0
2011/06/03,0
2011/06/04,0
2011/06/05,0
2011/06/06,49434
2011/06/07,132392
2011/06/08,132392
2011/06/09,82958
2011/06/10,0
2011/06/11,0
2011/06/12,0
2011/06/13,0
2011/06/14,0
2011/06/15,120988
2011/06/16,309685
2011/06/17,309685
2011/06/18,188697
2011/06/19,0
2011/06/20,0
2011/06/21,0
2011/06/22,0
2011/06/23,0
2011/06/24,190664
2011/06/25,502238
2011/06/26,502238
2011/06/27,311573
2011/06/28,0
2011/06/29,0
2011/06/30,0
2011/07/01,0
2011/07/02,0
2011/07/03,0
2011/07/04,0
2011/07/05,0
2011/07/06,26931
2011/07/07,183836
2011/07/08,183836
2011/07/09,156904
2011/07/10,0
2011/07/11,0
2011/07/12,0
2011/07/13,0
2011/07/14,0
2011/07/15,0
2011/07/16,0
2011/07/17,0
2011/07/18,0
2011/07/19,20711
2011/07/20,127868
2011/07/21,127868
2011/07/22,107157
2011/07/23,0
2011/07/24,0
2011/07/25,0
2011/07/26,0
2011/07/27,0
2011/07/28,0
2011/07/29,0
2011/07/30,0
2011/07/31,0
2011/08/01,116336
2011/08/02,197891
2011/08/03,197891
2011/08/04,81555
2011/08/05,0
2011/08/06,0
2011/08/07,0
2011/08/08,0
2011/08/09,0
2011/08/10,0
2011/08/11,0
2011/08/12,0
2011/08/13,0
2011/08/14,0
2011/08/15,-1288
2011/08/16,-83086
2011/08/17,-83086
2011/08/18,-81798
2011/08/19,0
2011/08/20,0
2011/08/21,0
2011/08/22,0
2011/08/23,0
2011/08/24,0
2011/08/25,0
2011/08/26,0
2011/08/27,0
2011/08/28,0
2011/08/29,0
2011/08/30,-22571
2011/08/31,-27926
2011/09/01,-27926
2011/09/02,-5356
2011/09/03,0
2011/09/04,0
2011/09/05,0
2011/09/06,0
2011/09/07,0
2011/09/08,0
2011/09/09,0
2011/09/10,0
2011/09/11,0
2011/09/12,0
2011/09/13,-12591
2011/09/14,-22349
2011/09/15,-22349
2011/09/16,-9758
2011/09/17,0
2011/09/18,0
2011/09/19,0
2011/09/20,0
2011/09/21,0
2011/09/22,0
2011/09/23,0
2011/09/24,0
2011/09/25,0
2011/09/26,0
2011/09/27,-1988
2011/09/28,-66091
2011/09/29,-66091
2011/09/30,-64103
2011/10/01,0
2011/10/02,0
2011/10/03,0
2011/10/04,0
2011/10/05,0
2011/10/06,0
2011/10/07,0
2011/10/08,0
2011/10/09,0
2011/10/10,0
2011/10/11,0
2011/10/12,0
2011/10/13,0
2011/10/14,-210002
2011/10/15,-221139
2011/10/16,-221139
2011/10/17,-11136
2011/10/18,0
2011/10/19,0
2011/10/20,0
2011/10/21,0
2011/10/22,0
2011/10/23,0
2011/10/24,0
2011/10/25,0
2011/10/26,0
2011/10/27,0
2011/10/28,0
2011/10/29,0
2011/10/30,0
2011/10/31,-232400
2011/11/01,-264734
2011/11/02,-264734
2011/11/03,-32334
2011/11/04,0
2011/11/05,0
2011/11/06,0
2011/11/07,0
2011/11/08,0
2011/11/09,0
2011/11/10,0
2011/11/11,0
2011/11/12,0
2011/11/13,0
2011/11/14,-7437
2011/11/15,-10964
2011/11/16,-10964
2011/11/17,-3527
2011/11/18,0
2011/11/19,0
2011/11/20,0
2011/11/21,0
2011/11/22,0
2011/11/23,0
2011/11/24,0
2011/11/25,0
2011/11/26,0
2011/11/27,0
2011/11/28,0
2011/11/29,-42778
2011/11/30,-101782
2011/12/01,-101782
2011/12/02,-59004
2011/12/03,0
2011/12/04,0
2011/12/05,0
2011/12/06,0
2011/12/07,0
2011/12/08,0
2011/12/09,0
2011/12/10,0
2011/12/11,0
2011/12/12,10636
2011/12/13,64323
2011/12/14,64323
2011/12/15,53687
2011/12/16,0
2011/12/17,0
2011/12/18,0
2011/12/19,0
2011/12/20,0
2011/12/21,0
2011/12/22,0
2011/12/23,0
2011/12/24,0
2011/12/25,0
2011/12/26,1161
2011/12/27,4891
2011/12/28,4891
2011/12/29,3731
2011/12/30,0
2011/12/31,0
2012/01/01,0
2012/01/02,0
2012/01/03,0
2012/01/04,0
2012/01/05,0
2012/01/06,0
2012/01/07,0
2012/01/08,18946
2012/01/09,90828
2012/01/10,90828
2012/01/11,71882
2012/01/12,0
2012/01/13,0
2012/01/14,0
2012/01/15,0
2012/01/16,0
2012/01/17,0
2012/01/18,0
2012/01/19,0
2012/01/20,0
2012/01/21,0
2012/01/22,48174
2012/01/23,56971
2012/01/24,56971
2012/01/25,8797
2012/01/26,0
2012/01/27,0
2012/01/28,0
2012/01/29,0
2012/01/30,0
2012/01/31,0
2012/02/01,0
2012/02/02,0
2012/02/03,0
2012/02/04,38479
2012/02/05,71919
2012/02/06,71919
2012/02/07,33440
2012/02/08,0
2012/02/09,0
2012/02/10,0
2012/02/11,0
2012/02/12,0
2012/02/13,0
2012/02/14,0
2012/02/15,0
2012/02/16,0
2012/02/17,0
2012/02/18,-1937
2012/02/19,-3345
2012/02/20,-3345
2012/02/21,-1408
2012/02/22,0
2012/02/23,0
2012/02/24,0
2012/02/25,0
2012/02/26,0
2012/02/27,0
2012/02/28,0
2012/02/29,0
2012/03/01,0
2012/03/02,69344
2012/03/03,120676
2012/03/04,120676
2012/03/05,51332
2012/03/06,0
2012/03/07,0
2012/03/08,0
2012/03/09,0
2012/03/10,0
2012/03/11,0
2012/03/12,0
2012/03/13,0
2012/03/14,0
2012/03/15,0
2012/03/16,920.177
2012/03/17,1316
2012/03/18,1316
2012/03/19,395.59
2012/03/20,0
2012/03/21,0
2012/03/22,0
2012/03/23,0
2012/03/24,0
2012/03/25,0
2012/03/26,0
2012/03/27,0
2012/03/28,0
2012/03/29,95512
2012/03/30,128259
2012/03/31,128259
2012/04/01,32747
2012/04/02,0
2012/04/03,0
2012/04/04,0
2012/04/05,0
2012/04/06,0
2012/04/07,0
2012/04/08,0
2012/04/09,0
2012/04/10,0
2012/04/11,0
2012/04/12,-13022
2012/04/13,-48640
2012/04/14,-48640
2012/04/15,-35618
2012/04/16,0
2012/04/17,0
2012/04/18,0
2012/04/19,0
2012/04/20,0
2012/04/21,0
2012/04/22,0
2012/04/23,0
2012/04/24,0
2012/04/25,0
2012/04/26,0
2012/04/27,-49810
2012/04/28,-69324
2012/04/29,-69324
2012/04/30,-19513
2012/05/01,0
2012/05/02,0
2012/05/03,0
2012/05/04,0
2012/05/05,0
2012/05/06,0
2012/05/07,0
2012/05/08,0
2012/05/09,97425
2012/05/10,224618
2012/05/11,224618
2012/05/12,127193
2012/05/13,0
2012/05/14,0
2012/05/15,0
2012/05/16,0
2012/05/17,0
2012/05/18,0
2012/05/19,0
2012/05/20,0
2012/05/21,0
2012/05/22,0
2012/05/23,0
2012/05/24,-34112
2012/05/25,-142133
2012/05/26,-142133
2012/05/27,-108021
2012/05/28,0
2012/05/29,0
2012/05/30,0
2012/05/31,0
2012/06/01,0
2012/06/02,0
2012/06/03,0
2012/06/04,0
2012/06/05,0
2012/06/06,0
2012/06/07,-1818
2012/06/08,-7897
2012/06/09,-7897
2012/06/10,-6079
2012/06/11,0
2012/06/12,0
2012/06/13,0
2012/06/14,0
2012/06/15,0
2012/06/16,0
2012/06/17,0
2012/06/18,0
2012/06/19,0
2012/06/20,41533
2012/06/21,143389
2012/06/22,143389
2012/06/23,101855
2012/06/24,0
2012/06/25,0
2012/06/26,0
2012/06/27,0
2012/06/28,0
2012/06/29,0
2012/06/30,0
2012/07/01,0
2012/07/02,0
2012/07/03,0
2012/07/04,13274
2012/07/05,24888
2012/07/06,24888
2012/07/07,11614
2012/07/08,0
2012/07/09,0
2012/07/10,0
2012/07/11,0
2012/07/12,0
2012/07/13,0
2012/07/14,0
2012/07/15,0
2012/07/16,0
2012/07/17,43435
2012/07/18,114937
2012/07/19,114937
2012/07/20,71501
2012/07/21,0
2012/07/22,0
2012/07/23,0
2012/07/24,0
2012/07/25,0
2012/07/26,0
2012/07/27,0
2012/07/28,0
2012/07/29,0
2012/07/30,84172
2012/07/31,170280
2012/08/01,170280
2012/08/02,86107
2012/08/03,0
2012/08/04,0
2012/08/05,0
2012/08/06,0
2012/08/07,0
2012/08/08,0
2012/08/09,0
2012/08/10,0
2012/08/11,0
2012/08/12,77582
2012/08/13,154195
2012/08/14,154195
2012/08/15,76613
2012/08/16,0
2012/08/17,0
2012/08/18,0
2012/08/19,0
2012/08/20,0
2012/08/21,0
2012/08/22,0
2012/08/23,0
2012/08/24,0
2012/08/25,229867
2012/08/26,249777
2012/08/27,249777
2012/08/28,19910
2012/08/29,0
2012/08/30,0
2012/08/31,0
2012/09/01,0
2012/09/02,0
2012/09/03,0
2012/09/04,0
2012/09/05,0
2012/09/06,50385
2012/09/07,253405
2012/09/08,253405
2012/09/09,203021
2012/09/10,0
2012/09/11,0
2012/09/12,0
2012/09/13,0
2012/09/14,0
2012/09/15,0
2012/09/16,0
2012/09/17,0
2012/09/18,0
2012/09/19,15682
2012/09/20,170093
2012/09/21,170093
2012/09/22,154410
2012/09/23,0
2012/09/24,0
2012/09/25,0
2012/09/26,0
2012/09/27,0
2012/09/28,0
2012/09/29,0
2012/09/30,0
2012/10/01,0
2012/10/02,0
2012/10/03,173300
2012/10/04,190487
2012/10/05,190487
2012/10/06,17187
2012/10/07,0
2012/10/08,0
2012/10/09,0
2012/10/10,0
2012/10/11,0
2012/10/12,0
2012/10/13,0
2012/10/14,0
2012/10/15,0
2012/10/16,799.093
2012/10/17,17694
2012/10/18,17694
2012/10/19,16895
2012/10/20,0
2012/10/21,0
2012/10/22,0
2012/10/23,0
2012/10/24,0
2012/10/25,0
2012/10/26,0
2012/10/27,0
2012/10/28,0
2012/10/29,0
2012/10/30,232035
2012/10/31,232035
2012/11/01,232035
2012/11/02,0
2012/11/03,0
2012/11/04,0
2012/11/05,0
2012/11/06,0
2012/11/07,0
2012/11/08,0
2012/11/09,0
2012/11/10,0
2012/11/11,0
2012/11/12,17079
2012/11/13,64411
2012/11/14,64411
2012/11/15,47332
2012/11/16,0
2012/11/17,0
2012/11/18,0
2012/11/19,0
2012/11/20,0
2012/11/21,0
2012/11/22,0
2012/11/23,0
2012/11/24,0
2012/11/25,0
2012/11/26,33507
2012/11/27,70142
2012/11/28,70142
2012/11/29,36635
2012/11/30,0
2012/12/01,0
2012/12/02,0
2012/12/03,0
2012/12/04,0
2012/12/05,0
2012/12/06,0
2012/12/07,0
2012/12/08,0
2012/12/09,0
2012/12/10,-16341
2012/12/11,-68727
2012/12/12,-68727
2012/12/13,-52386
2012/12/14,0
2012/12/15,0
2012/12/16,0
2012/12/17,0
2012/12/18,0
2012/12/19,0
2012/12/20,0
2012/12/21,0
2012/12/22,0
2012/12/23,0
2012/12/24,0
2012/12/25,0
2012/12/26,-187665
2012/12/27,-390545
2012/12/28,-390545
2012/12/29,-202881
2012/12/30,0
2012/12/31,0
2013/01/01,0
2013/01/02,0
2013/01/03,0
2013/01/04,0
2013/01/05,0
2013/01/06,0
2013/01/07,0
2013/01/08,138001
2013/01/09,269913
2013/01/10,269913
2013/01/11,131912
2013/01/12,0
2013/01/13,0
2013/01/14,0
2013/01/15,0
2013/01/16,0
2013/01/17,0
2013/01/18,0
2013/01/19,0
2013/01/20,0
2013/01/21,0
2013/01/22,0
2013/01/23,-62394
2013/01/24,-280774
2013/01/25,-280774
2013/01/26,-218380
2013/01/27,0
2013/01/28,0
2013/01/29,0
2013/01/30,0
2013/01/31,0
2013/02/01,0
2013/02/02,0
2013/02/03,0
2013/02/04,0
2013/02/05,146917
2013/02/06,306689
2013/02/07,306689
2013/02/08,159772
2013/02/09,0
2013/02/10,0
2013/02/11,0
2013/02/12,0
2013/02/13,0
2013/02/14,0
2013/02/15,0
2013/02/16,0
2013/02/17,0
2013/02/18,363884
2013/02/19,375547
2013/02/20,375547
2013/02/21,11663
2013/02/22,0
2013/02/23,0
2013/02/24,0
2013/02/25,0
2013/02/26,0
2013/02/27,0
2013/02/28,0
2013/03/01,193365
2013/03/02,716864
2013/03/03,716864
2013/03/04,523500
2013/03/05,0
2013/03/06,0
2013/03/07,0
2013/03/08,0
2013/03/09,0
2013/03/10,0
2013/03/11,0
2013/03/12,0
2013/03/13,0
2013/03/14,297512
2013/03/15,479771
2013/03/16,479771
2013/03/17,182259
2013/03/18,0
2013/03/19,0
2013/03/20,0
2013/03/21,0
2013/03/22,0
2013/03/23,0
2013/03/24,733404
2013/03/25,1848179
2013/03/26,1848179
2013/03/27,1114775
2013/03/28,0
2013/03/29,0
2013/03/30,0
2013/03/31,0
2013/04/01,0
2013/04/02,0
2013/04/03,0
2013/04/04,0
2013/04/05,309232
2013/04/06,977174
2013/04/07,977174
2013/04/08,667941
2013/04/09,0
2013/04/10,0
2013/04/11,0
2013/04/12,0
2013/04/13,0
2013/04/14,0
2013/04/15,0
2013/04/16,0
2013/04/17,365276
2013/04/18,1301296
2013/04/19,1301296
2013/04/20,936020
2013/04/21,0
2013/04/22,0
2013/04/23,0
2013/04/24,0
2013/04/25,0
2013/04/26,0
2013/04/27,0
2013/04/28,0
2013/04/29,0
2013/04/30,880118
2013/05/01,1101997
2013/05/02,1101997
2013/05/03,221879
2013/05/04,0
2013/05/05,0
2013/05/06,0
2013/05/07,0
2013/05/08,0
2013/05/09,0
2013/05/10,0
2013/05/11,0
2013/05/12,224838
2013/05/13,1110965
2013/05/14,1110965
2013/05/15,886127
2013/05/16,0
2013/05/17,0
2013/05/18,0
2013/05/19,0
2013/05/20,0
2013/05/21,0
2013/05/22,0
2013/05/23,0
2013/05/24,0
2013/05/25,263497
2013/05/26,966154
2013/05/27,966154
2013/05/28,702658
2013/05/29,0
2013/05/30,0
2013/05/31,0
2013/06/01,0
2013/06/02,0
2013/06/03,0
2013/06/04,0
2013/06/05,1313345
2013/06/06,3452221
2013/06/07,3452221
2013/06/08,2138876
2013/06/09,0
2013/06/10,0
2013/06/11,0
2013/06/12,0
2013/06/13,0
2013/06/14,0
2013/06/15,0
2013/06/16,343090
2013/06/17,3733626
2013/06/18,3733626
2013/06/19,3390536
2013/06/20,0
2013/06/21,0
2013/06/22,0
2013/06/23,0
2013/06/24,0
2013/06/25,0
2013/06/26,0
2013/06/27,0
2013/06/28,0
2013/06/29,838586
2013/06/30,1996071
2013/07/01,1996071
2013/07/02,1157485
2013/07/03,0
2013/07/04,0
2013/07/05,0
2013/07/06,0
2013/07/07,0
2013/07/08,0
2013/07/09,0
2013/07/10,0
2013/07/11,4772058
2013/07/12,4827547
2013/07/13,4827547
2013/07/14,55489
2013/07/15,0
2013/07/16,0
2013/07/17,0
2013/07/18,0
2013/07/19,0
2013/07/20,0
2013/07/21,0
2013/07/22,1018817
2013/07/23,5094085
2013/07/24,5094085
2013/07/25,4075268
2013/07/26,0
2013/07/27,0
2013/07/28,0
2013/07/29,0
2013/07/30,0
2013/07/31,0
2013/08/01,0
2013/08/02,0
2013/08/03,2887438
2013/08/04,6135805
2013/08/05,6135805
2013/08/06,3248368
2013/08/07,0
2013/08/08,0
2013/08/09,0
2013/08/10,0
2013/08/11,0
2013/08/12,0
2013/08/13,2419562
2013/08/14,13417573
2013/08/15,13417573
2013/08/16,10998011
2013/08/17,0
2013/08/18,0
2013/08/19,0
2013/08/20,0
2013/08/21,0
2013/08/22,0
2013/08/23,0
2013/08/24,5306458
2013/08/25,14939721
2013/08/26,14939721
2013/08/27,9633263
2013/08/28,0
2013/08/29,0
2013/08/30,0
2013/08/31,0
2013/09/01,0
2013/09/02,0
2013/09/03,0
2013/09/04,15984686
2013/09/05,21182958
2013/09/06,21182958
2013/09/07,5198272
2013/09/08,0
2013/09/09,0
2013/09/10,0
2013/09/11,0
2013/09/12,0
2013/09/13,0
2013/09/14,235739
2013/09/15,25695531
2013/09/16,25695531
2013/09/17,25459792
2013/09/18,0
2013/09/19,0
2013/09/20,0
2013/09/21,0
2013/09/22,0
2013/09/23,0
2013/09/24,0
2013/09/25,13176208
2013/09/26,36190651
2013/09/27,36190651
2013/09/28,23014443
2013/09/29,0
2013/09/30,0
2013/10/01,0
2013/10/02,0
2013/10/03,0
2013/10/04,0
2013/10/05,0
2013/10/06,15309965
2013/10/07,40462049
2013/10/08,40462049
2013/10/09,25152085
2013/10/10,0
2013/10/11,0
2013/10/12,0
2013/10/13,0
2013/10/14,0
2013/10/15,0
2013/10/16,30632857
2013/10/17,78450000
2013/10/18,78450000
2013/10/19,47817143
2013/10/20,0
2013/10/21,0
2013/10/22,0
2013/10/23,0
2013/10/24,0
2013/10/25,0
2013/10/26,105597890
2013/10/27,123197538
2013/10/28,123197538
2013/10/29,17599648
2013/10/30,0
2013/10/31,0
2013/11/01,0
2013/11/02,0
2013/11/03,0
2013/11/04,0
2013/11/05,21379480
2013/11/06,120000950
2013/11/07,120000950
2013/11/08,98621471
2013/11/09,0
2013/11/10,0
2013/11/11,0
2013/11/12,0
2013/11/13,0
2013/11/14,0
2013/11/15,0
2013/11/16,0
2013/11/17,31791272
2013/11/18,98552942
2013/11/19,98552942
2013/11/20,66761670
2013/11/21,0
2013/11/22,0
2013/11/23,0
2013/11/24,0
2013/11/25,0
2013/11/26,0
2013/11/27,0
2013/11/28,0
2013/11/29,24905934
2013/11/30,97925603
2013/12/01,97925603
2013/12/02,73019669
2013/12/03,0
2013/12/04,0
2013/12/05,0
2013/12/06,0
2013/12/07,0
2013/12/08,0
2013/12/09,0
2013/12/10,68027436
2013/12/11,200942579
2013/12/12,200942579
2013/12/13,132915144
2013/12/14,0
2013/12/15,0
2013/12/16,0
2013/12/17,0
2013/12/18,0
2013/12/19,0
2013/12/20,0
2013/12/21,159141610
2013/12/22,272572333
2013/12/23,272572333
2013/12/24,113430722
2013/12/25,0
2013/12/26,0
2013/12/27,0
2013/12/28,0
2013/12/29,0
2013/12/30,0
2013/12/31,0
2014/01/01,0
2014/01/02,225148443
2014/01/03,237558200
2014/01/04,237558200
2014/01/05,12409757
2014/01/06,0
2014/01/07,0
2014/01/08,0
2014/01/09,0
2014/01/10,0
2014/01/11,0
2014/01/12,0
2014/01/13,311782893
2014/01/14,371065556
2014/01/15,371065556
2014/01/16,59282663
2014/01/17,0
2014/01/18,0
2014/01/19,0
2014/01/20,0
2014/01/21,0
2014/01/22,0
2014/01/23,0
2014/01/24,151880239
2014/01/25,404300919
2014/01/26,404300919
2014/01/27,252420680
2014/01/28,0
2014/01/29,0
2014/01/30,0
2014/01/31,0
2014/02/01,0
2014/02/02,0
2014/02/03,0
2014/02/04,0
2014/02/05,274857803
2014/02/06,427556583
2014/02/07,427556583
2014/02/08,152698780
2014/02/09,0
2014/02/10,0
2014/02/11,0
2014/02/12,0
2014/02/13,0
2014/02/14,0
2014/02/15,0
2014/02/16,0
2014/02/17,501611706
2014/02/18,508168721
2014/02/19,508168721
2014/02/20,6557016
2014/02/21,0
2014/02/22,0
2014/02/23,0
2014/02/24,0
2014/02/25,0
2014/02/26,0
2014/02/27,0
2014/02/28,310852769
2014/03/01,686150624
2014/03/02,686150624
2014/03/03,375297855
2014/03/04,0
2014/03/05,0
2014/03/06,0
2014/03/07,0
2014/03/08,0
2014/03/09,0
2014/03/10,0
2014/03/11,0
2014/03/12,0
2014/03/13,402309371
2014/03/14,434494121
2014/03/15,434494121
2014/03/16,32184750
2014/03/17,0
2014/03/18,0
2014/03/19,0
2014/03/20,0
2014/03/21,0
2014/03/22,0
2014/03/23,0
2014/03/24,20123475
2014/03/25,756642669
2014/03/26,756642669
2014/03/27,736519194
2014/03/28,0
2014/03/29,0
2014/03/30,0
2014/03/31,0
2014/04/01,0
2014/04/02,0
2014/04/03,0
2014/04/04,0
2014/04/05,553178757
2014/04/06,1112865500
2014/04/07,1112865500
2014/04/08,559686743
2014/04/09,0
2014/04/10,0
2014/04/11,0
2014/04/12,0
2014/04/13,0
2014/04/14,0
2014/04/15,0
2014/04/16,0
2014/04/17,208424728
2014/04/18,859116560
2014/04/19,859116560
2014/04/20,650691833
2014/04/21,0
2014/04/22,0
2014/04/23,0
2014/04/24,0
2014/04/25,0
2014/04/26,0
2014/04/27,0
2014/04/28,0
2014/04/29,47814245
2014/04/30,1022029486
2014/05/01,1022029486
2014/05/02,974215241
2014/05/03,0
2014/05/04,0
2014/05/05,0
2014/05/06,0
2014/05/07,0
2014/05/08,0
2014/05/09,0
2014/05/10,0
2014/05/11,0
2014/05/12,358692366
2014/05/13,852544173
2014/05/14,852544173
2014/05/15,493851808
2014/05/16,0
2014/05/17,0
2014/05/18,0
2014/05/19,0
2014/05/20,0
2014/05/21,0
2014/05/22,0
2014/05/23,0
2014/05/24,759533633
2014/05/25,1602303829
2014/05/26,1602303829
2014/05/27,842770196
2014/05/28,0
2014/05/29,0
2014/05/30,0
2014/05/31,0
2014/06/01,0
2014/06/02,0
2014/06/03,0
2014/06/04,0
2014/06/05,128371557
2014/06/06,1300831778
2014/06/07,1300831778
2014/06/08,1172460221
2014/06/09,0
2014/06/10,0
2014/06/11,0
2014/06/12,0
2014/06/13,0
2014/06/14,0
2014/06/15,0
2014/06/16,0
2014/06/17,0
2014/06/18,1414491733
2014/06/19,1706028198
2014/06/20,1706028198
2014/06/21,291536464
2014/06/22,0
2014/06/23,0
2014/06/24,0
2014/06/25,0
2014/06/26,0
2014/06/27,0
2014/06/28,0
2014/06/29,1966503666
2014/06/30,3355881257
2014/07/01,3355881257
2014/07/02,1389377590
2014/07/03,0
2014/07/04,0
2014/07/05,0
2014/07/06,0
2014/07/07,0
2014/07/08,0
2014/07/09,0
2014/07/10,0
2014/07/11,0
2014/07/12,16492217
2014/07/13,517855607
2014/07/14,517855607
2014/07/15,501363391
2014/07/16,0
2014/07/17,0
2014/07/18,0
2014/07/19,0
2014/07/20,0
2014/07/21,0
2014/07/22,0
2014/07/23,0
2014/07/24,0
2014/07/25,103076656
2014/07/26,1400124580
2014/07/27,1400124580
2014/07/28,1297047924
2014/07/29,0
2014/07/30,0
2014/07/31,0
2014/08/01,0
2014/08/02,0
2014/08/03,0
2014/08/04,0
2014/08/05,0
2014/08/06,0
2014/08/07,0
2014/08/08,798335168
2014/08/09,993204382
2014/08/10,993204382
2014/08/11,194869214
2014/08/12,0
2014/08/13,0
2014/08/14,0
2014/08/15,0
2014/08/16,0
2014/08/17,0
2014/08/18,0
2014/08/19,619465993
2014/08/20,4115024098
2014/08/21,4115024098
2014/08/22,3495558105
2014/08/23,0
2014/08/24,0
2014/08/25,0
2014/08/26,0
2014/08/27,0
2014/08/28,0
2014/08/29,0
2014/08/30,0
2014/08/31,57190865
2014/09/01,3583960863
2014/09/02,3583960863
2014/09/03,3526769999
2014/09/04,0
2014/09/05,0
2014/09/06,0
2014/09/07,0
2014/09/08,0
2014/09/09,0
2014/09/10,0
2014/09/11,0
2014/09/12,0
2014/09/13,371441228
2014/09/14,2401102222
2014/09/15,2401102222
2014/09/16,2029660994
2014/09/17,0
2014/09/18,0
2014/09/19,0
2014/09/20,0
2014/09/21,0
2014/09/22,0
2014/09/23,0
2014/09/24,0
2014/09/25,589915981
2014/09/26,4831692800
2014/09/27,4831692800
2014/09/28,4241776819
2014/09/29,0
2014/09/30,0
2014/10/01,0
2014/10/02,0
2014/10/03,0
2014/10/04,0
2014/10/05,0
2014/10/06,0
2014/10/07,0
2014/10/08,0
2014/10/09,96786191
2014/10/10,341056102
2014/10/11,341056102
2014/10/12,244269911
2014/10/13,0
2014/10/14,0
2014/10/15,0
2014/10/16,0
2014/10/17,0
2014/10/18,0
2014/10/19,0
2014/10/20,0
2014/10/21,0
2014/10/22,0
2014/10/23,638076208
2014/10/24,983158239
2014/10/25,983158239
2014/10/26,345082031
2014/10/27,0
2014/10/28,0
2014/10/29,0
2014/10/30,0
2014/10/31,0
2014/11/01,0
2014/11/02,0
2014/11/03,0
2014/11/04,0
2014/11/05,2988804077
2014/11/06,3618025987
2014/11/07,3618025987
2014/11/08,629221911
2014/11/09,0
2014/11/10,0
2014/11/11,0
2014/11/12,0
2014/11/13,0
2014/11/14,0
2014/11/15,0
2014/11/16,0
2014/11/17,0
2014/11/18,67827670
2014/11/19,696364075
2014/11/20,696364075
2014/11/21,628536406
2014/11/22,0
2014/11/23,0
2014/11/24,0
2014/11/25,0
2014/11/26,0
2014/11/27,0
2014/11/28,0
2014/11/29,0
2014/11/30,0
2014/12/01,0
2014/12/02,-5851201
2014/12/03,-292560057
2014/12/04,-292560057
2014/12/05,-286708855
2014/12/06,0
2014/12/07,0
2014/12/08,0
2014/12/09,0
2014/12/10,0
2014/12/11,0
2014/12/12,0
2014/12/13,0
2014/12/14,0
2014/12/15,0
2014/12/16,0
2014/12/17,-446711658
2014/12/18,-549798964
2014/12/19,-549798964
2014/12/20,-103087306
2014/12/21,0
2014/12/22,0
2014/12/23,0
2014/12/24,0
2014/12/25,0
2014/12/26,0
2014/12/27,0
2014/12/28,0
2014/12/29,0
2014/12/30,282461273
2014/12/31,1183283709
2015/01/01,1183283709
2015/01/02,900822437
2015/01/03,0
2015/01/04,0
2015/01/05,0
2015/01/06,0
2015/01/07,0
2015/01/08,0
2015/01/09,0
2015/01/10,0
2015/01/11,0
2015/01/12,516025034
2015/01/13,3330707040
2015/01/14,3330707040
2015/01/15,2814682005
2015/01/16,0
2015/01/17,0
2015/01/18,0
2015/01/19,0
2015/01/20,0
2015/01/21,0
2015/01/22,0
2015/01/23,0
2015/01/24,0
2015/01/25,0
2015/01/26,0
2015/01/27,-1014309645
2015/01/28,-2698788161
2015/01/29,-2698788161
2015/01/30,-1684478517
2015/01/31,0
2015/02/01,0
2015/02/02,0
2015/02/03,0
2015/02/04,0
2015/02/05,0
2015/02/06,0
2015/02/07,0
2015/02/08,0
2015/02/09,1186040522
2015/02/10,3182542068
2015/02/11,3182542068
2015/02/12,1996501546
2015/02/13,0
2015/02/14,0
2015/02/15,0
2015/02/16,0
2015/02/17,0
2015/02/18,0
2015/02/19,0
2015/02/20,0
2015/02/21,0
2015/02/22,14761327
2015/02/23,2228960355
2015/02/24,2228960355
2015/02/25,2214199028
2015/02/26,0
2015/02/27,0
2015/02/28,0
2015/03/01,0
2015/03/02,0
2015/03/03,0
2015/03/04,0
2015/03/05,0
2015/03/06,0
2015/03/07,0
2015/03/08,147682934
2015/03/09,743178634
2015/03/10,743178634
2015/03/11,595495700
2015/03/12,0
2015/03/13,0
2015/03/14,0
2015/03/15,0
2015/03/16,0
2015/03/17,0
2015/03/18,0
2015/03/19,0
2015/03/20,0
2015/03/21,0
2015/03/22,-10000075
2015/03/23,-710005306
2015/03/24,-710005306
2015/03/25,-700005231
2015/03/26,0
2015/03/27,0
2015/03/28,0
2015/03/29,0
2015/03/30,0
2015/03/31,0
2015/04/01,0
2015/04/02,0
2015/04/03,0
2015/04/04,0
2015/04/05,2267888165
2015/04/06,2728841044
2015/04/07,2728841044
2015/04/08,460952879
2015/04/09,0
2015/04/10,0
2015/04/11,0
2015/04/12,0
2015/04/13,0
2015/04/14,0
2015/04/15,0
2015/04/16,0
2015/04/17,0
2015/04/18,0
2015/04/19,-569739158
2015/04/20,-1835826175
2015/04/21,-1835826175
2015/04/22,-1266087017
2015/04/23,0
2015/04/24,0
2015/04/25,0
2015/04/26,0
2015/04/27,0
2015/04/28,0
2015/04/29,0
2015/04/30,0
2015/05/01,0
2015/05/02,0
2015/05/03,8383022
2015/05/04,32833504
2015/05/05,32833504
2015/05/06,24450482
2015/05/07,0
2015/05/08,0
2015/05/09,0
2015/05/10,0
2015/05/11,0
2015/05/12,0
2015/05/13,0
2015/05/14,0
2015/05/15,0
2015/05/16,0
2015/05/17,585448383
2015/05/18,1164089227
2015/05/19,1164089227
2015/05/20,578640844
2015/05/21,0
2015/05/22,0
2015/05/23,0
2015/05/24,0
2015/05/25,0
2015/05/26,0
2015/05/27,0
2015/05/28,0
2015/05/29,0
2015/05/30,0
2015/05/31,-271557912
2015/06/01,-1217896091
2015/06/02,-1217896091
2015/06/03,-946338179
2015/06/04,0
2015/06/05,0
2015/06/06,0
2015/06/07,0
2015/06/08,0
2015/06/09,0
2015/06/10,0
2015/06/11,0
2015/06/12,0
2015/06/13,0
2015/06/14,1534472174
2015/06/15,2102795201
2015/06/16,2102795201
2015/06/17,568323027
2015/06/18,0
2015/06/19,0
2015/06/20,0
2015/06/21,0
2015/06/22,0
2015/06/23,0
2015/06/24,0
2015/06/25,0
2015/06/26,0
2015/06/27,0
2015/06/28,-201818436
2015/06/29,-290371424
2015/06/30,-290371424
2015/07/01,-88552987
2015/07/02,0
2015/07/03,0
2015/07/04,0
2015/07/05,0
2015/07/06,0
2015/07/07,0
2015/07/08,0
2015/07/09,0
2015/07/10,0
2015/07/11,248890069
2015/07/12,1674351372
2015/07/13,1674351372
2015/07/14,1425461303
2015/07/15,0
2015/07/16,0
2015/07/17,0
2015/07/18,0
2015/07/19,0
2015/07/20,0
2015/07/21,0
2015/07/22,0
2015/07/23,0
2015/07/24,0
2015/07/25,530726110
2015/07/26,1201938542
2015/07/27,1201938542
2015/07/28,671212433
2015/07/29,0
2015/07/30,0
2015/07/31,0
2015/08/01,0
2015/08/02,0
2015/08/03,0
2015/08/04,0
2015/08/05,0
2015/08/06,0
2015/08/07,0
2015/08/08,238260362
2015/08/09,421537564
2015/08/10,421537564
2015/08/11,183277202
2015/08/12,0
2015/08/13,0
2015/08/14,0
2015/08/15,0
2015/08/16,0
2015/08/17,0
2015/08/18,0
2015/08/19,0
2015/08/20,0
2015/08/21,0
2015/08/22,1507522478
2015/08/23,1556787919
2015/08/24,1556787919
2015/08/25,49265440
2015/08/26,0
2015/08/27,0
2015/08/28,0
2015/08/29,0
2015/08/30,0
2015/08/31,0
2015/09/01,0
2015/09/02,0
2015/09/03,0
2015/09/04,1679479220
2015/09/05,2701018127
2015/09/06,2701018127
2015/09/07,1021538907
2015/09/08,0
2015/09/09,0
2015/09/10,0
2015/09/11,0
2015/09/12,0
2015/09/13,0
2015/09/14,0
2015/09/15,0
2015/09/16,0
2015/09/17,363260147
2015/09/18,2377702779
2015/09/19,2377702779
2015/09/20,2014442632
2015/09/21,0
2015/09/22,0
2015/09/23,0
2015/09/24,0
2015/09/25,0
2015/09/26,0
2015/09/27,0
2015/09/28,0
2015/09/29,0
2015/09/30,0
2015/10/01,664546832
2015/10/02,1477872806
2015/10/03,1477872806
2015/10/04,813325974
2015/10/05,0
2015/10/06,0
2015/10/07,0
2015/10/08,0
2015/10/09,0
2015/10/10,0
2015/10/11,0
2015/10/12,0
2015/10/13,0
2015/10/14,0
2015/10/15,35726030
2015/10/16,70601441
2015/10/17,70601441
2015/10/18,34875410
2015/10/19,0
2015/10/20,0
2015/10/21,0
2015/10/22,0
2015/10/23,0
2015/10/24,0
2015/10/25,0
2015/10/26,0
2015/10/27,0
2015/10/28,0
2015/10/29,1161457564
2015/10/30,1370156970
2015/10/31,1370156970
2015/11/01,208699406
2015/11/02,0
2015/11/03,0
2015/11/04,0
2015/11/05,0
2015/11/06,0
2015/11/07,0
2015/11/08,0
2015/11/09,0
2015/11/10,0
2015/11/11,1946897729
2015/11/12,3594272730
2015/11/13,3594272730
2015/11/14,1647375001
2015/11/15,0
2015/11/16,0
2015/11/17,0
2015/11/18,0
2015/11/19,0
2015/11/20,0
2015/11/21,0
2015/11/22,0
2015/11/23,0
2015/11/24,6213513399
2015/11/25,6874525463
2015/11/26,6874525463
2015/11/27,661012064
2015/11/28,0
2015/11/29,0
2015/11/30,0
2015/12/01,0
2015/12/02,0
2015/12/03,0
2015/12/04,0
2015/12/05,0
2015/12/06,160493088
2015/12/07,6379600258
2015/12/08,6379600258
2015/12/09,6219107169
2015/12/10,0
2015/12/11,0
2015/12/12,0
2015/12/13,0
2015/12/14,0
2015/12/15,0
2015/12/16,0
2015/12/17,0
2015/12/18,1952453654
2015/12/19,14346289896
2015/12/20,14346289896
2015/12/21,12393836242
2015/12/22,0
2015/12/23,0
2015/12/24,0
2015/12/25,0
2015/12/26,0
2015/12/27,0
2015/12/28,0
2015/12/29,0
2015/12/30,0
2015/12/31,5730072264
2016/01/01,10431670019
2016/01/02,10431670019
2016/01/03,4701597755
2016/01/04,0
2016/01/05,0
2016/01/06,0
2016/01/07,0
2016/01/08,0
2016/01/09,0
2016/01/10,0
2016/01/11,0
2016/01/12,0
2016/01/13,6401323639
2016/01/14,9473958986
2016/01/15,9473958986
2016/01/16,3072635347
2016/01/17,0
2016/01/18,0
2016/01/19,0
2016/01/20,0
2016/01/21,0
2016/01/22,0
2016/01/23,0
2016/01/24,0
2016/01/25,0
2016/01/26,3130800398
2016/01/27,6679040850
2016/01/28,6679040850
2016/01/29,3548240451
2016/01/30,0
2016/01/31,0
2016/02/01,0
2016/02/02,0
2016/02/03,0
2016/02/04,0
2016/02/05,0
2016/02/06,0
2016/02/07,20388539615
2016/02/08,24083107196
2016/02/09,24083107196
2016/02/10,3694567581
2016/02/11,0
2016/02/12,0
2016/02/13,0
2016/02/14,0
2016/02/15,0
2016/02/16,0
2016/02/17,0
2016/02/18,0
2016/02/19,8685437648
2016/02/20,19375207062
2016/02/21,19375207062
2016/02/22,10689769413
2016/02/23,0
2016/02/24,0
2016/02/25,0
2016/02/26,0
2016/02/27,0
2016/02/28,0
2016/02/29,0
2016/03/01,0
2016/03/02,0
2016/03/03,0
2016/03/04,-163369392
2016/03/05,-5064451142
2016/03/06,-5064451142
2016/03/07,-4901081750
2016/03/08,0
2016/03/09,0
2016/03/10,0
2016/03/11,0
2016/03/12,0
2016/03/13,0
2016/03/14,0
2016/03/15,0
2016/03/16,0
2016/03/17,0
2016/03/18,3950676343
2016/03/19,7069631351
2016/03/20,7069631351
2016/03/21,3118955008
2016/03/22,0
2016/03/23,0
2016/03/24,0
2016/03/25,0
2016/03/26,0
2016/03/27,0
2016/03/28,0
2016/03/29,0
2016/03/30,0
2016/03/31,0
2016/04/01,1027076255
2016/04/02,1354678165
2016/04/03,1354678165
2016/04/04,327601909
2016/04/05,0
2016/04/06,0
2016/04/07,0
2016/04/08,0
2016/04/09,0
2016/04/10,0
2016/04/11,0
2016/04/12,0
2016/04/13,0
2016/04/14,7644147593
2016/04/15,11826794389
2016/04/16,11826794389
2016/04/17,4182646796
2016/04/18,0
2016/04/19,0
2016/04/20,0
2016/04/21,0
2016/04/22,0
2016/04/23,0
2016/04/24,0
2016/04/25,0
2016/04/26,0
2016/04/27,0
2016/04/28,-12135491
2016/04/29,-19049899
2016/04/30,-19049899
2016/05/01,-6914408
2016/05/02,0
2016/05/03,0
2016/05/04,0
2016/05/05,0
2016/05/06,0
2016/05/07,0
2016/05/08,0
2016/05/09,0
2016/05/10,0
2016/05/11,11843246719
2016/05/12,15595562511
2016/05/13,15595562511
2016/05/14,3752315792
2016/05/15,0
2016/05/16,0
2016/05/17,0
2016/05/18,0
2016/05/19,0
2016/05/20,0
2016/05/21,0
2016/05/22,0
2016/05/23,0
2016/05/24,516045638
2016/05/25,5057247248
2016/05/26,5057247248
2016/05/27,4541201610
2016/05/28,0
2016/05/29,0
2016/05/30,0
2016/05/31,0
2016/06/01,0
2016/06/02,0
2016/06/03,0
2016/06/04,0
2016/06/05,0
2016/06/06,0
2016/06/07,0
2016/06/08,-2889460970
2016/06/09,-3250643592
2016/06/10,-3250643592
2016/06/11,-361182621
2016/06/12,0
2016/06/13,0
2016/06/14,0
2016/06/15,0
2016/06/16,0
2016/06/17,0
2016/06/18,0
2016/06/19,0
2016/06/20,0
2016/06/21,10246025173
2016/06/22,13391734656
2016/06/23,13391734656
2016/06/24,3145709483
2016/06/25,0
2016/06/26,0
2016/06/27,0
2016/06/28,0
2016/06/29,0
2016/06/30,0
2016/07/01,0
2016/07/02,0
2016/07/03,0
2016/07/04,104523622
2016/07/05,3945766736
2016/07/06,3945766736
2016/07/07,3841243114
2016/07/08,0
2016/07/09,0
2016/07/10,0
2016/07/11,0
2016/07/12,0
2016/07/13,0
2016/07/14,0
2016/07/15,0
2016/07/16,0
2016/07/17,0
2016/07/18,3161344
2016/07/19,93575776
2016/07/20,93575776
2016/07/21,90414432
2016/07/22,0
2016/07/23,0
2016/07/24,0
2016/07/25,0
2016/07/26,0
2016/07/27,0
2016/07/28,0
2016/07/29,0
2016/07/30,0
2016/07/31,0
2016/08/01,0
2016/08/02,-2636202331
2016/08/03,-11599290254
2016/08/04,-11599290254
2016/08/05,-8963087924
2016/08/06,0
2016/08/07,0
2016/08/08,0
2016/08/09,0
2016/08/10,0
2016/08/11,0
2016/08/12,0
2016/08/13,0
2016/08/14,0
2016/08/15,1590644374
2016/08/16,15482271904
2016/08/17,15482271904
2016/08/18,13891627530
2016/08/19,0
2016/08/20,0
2016/08/21,0
2016/08/22,0
2016/08/23,0
2016/08/24,0
2016/08/25,0
2016/08/26,0
2016/08/27,0
2016/08/28,0
2016/08/29,1066308738
2016/08/30,3380425573
2016/08/31,3380425573
2016/09/01,2314116835
2016/09/02,0
2016/09/03,0
2016/09/04,0
2016/09/05,0
2016/09/06,0
2016/09/07,0
2016/09/08,0
2016/09/09,0
2016/09/10,0
2016/09/11,0
2016/09/12,3831083150
2016/09/13,5076963849
2016/09/14,5076963849
2016/09/15,1245880699
2016/09/16,0
2016/09/17,0
2016/09/18,0
2016/09/19,0
2016/09/20,0
2016/09/21,0
2016/09/22,0
2016/09/23,0
2016/09/24,0
2016/09/25,8903746494
2016/09/26,15394328051
2016/09/27,15394328051
2016/09/28,6490581556
2016/09/29,0
2016/09/30,0
2016/10/01,0
2016/10/02,0
2016/10/03,0
2016/10/04,0
2016/10/05,0
2016/10/06,0
2016/10/07,0
2016/10/08,9312987479
2016/10/09,17295548175
2016/10/10,17295548175
2016/10/11,7982560696
2016/10/12,0
2016/10/13,0
2016/10/14,0
2016/10/15,0
2016/10/16,0
2016/10/17,0
2016/10/18,0
2016/10/19,0
2016/10/20,0
2016/10/21,0
2016/10/22,-987483576
2016/10/23,-4904501763
2016/10/24,-4904501763
2016/10/25,-3917018187
2016/10/26,0
2016/10/27,0
2016/10/28,0
2016/10/29,0
2016/10/30,0
2016/10/31,0
2016/11/01,0
2016/11/02,0
2016/11/03,0
2016/11/04,0
2016/11/05,347612067
2016/11/06,1001940663
2016/11/07,1001940663
2016/11/08,654328596
2016/11/09,0
2016/11/10,0
2016/11/11,0
2016/11/12,0
2016/11/13,0
2016/11/14,0
2016/11/15,0
2016/11/16,0
2016/11/17,0
2016/11/18,17814397292
2016/11/19,27180729889
2016/11/20,27180729889
2016/11/21,9366332597
2016/11/22,0
2016/11/23,0
2016/11/24,0
2016/11/25,0
2016/11/26,0
2016/11/27,0
2016/11/28,0
2016/11/29,0
2016/11/30,0
2016/12/01,0
2016/12/02,4374622749
2016/12/03,4964849627
2016/12/04,4964849627
2016/12/05,590226879
2016/12/06,0
2016/12/07,0
2016/12/08,0
2016/12/09,0
2016/12/10,0.001
2016/12/11,0
2016/12/12,0
2016/12/13,-0.001
2016/12/14,0.001
2016/12/15,21546507081
2016/12/16,23388088883
2016/12/17,23388088883
2016/12/18,1841581802
2016/12/19,0
2016/12/20,0
2016/12/21,0
2016/12/22,0
2016/12/23,0
2016/12/24,0
2016/12/25,0
2016/12/26,0
2016/12/27,0
2016/12/28,1929578508
2016/12/29,7534544651
2016/12/30,7534544651
2016/12/31,5604966143
2017/01/01,0
2017/01/02,0
2017/01/03,0
2017/01/04,0
2017/01/05,0
2017/01/06,0
2017/01/07,0
2017/01/08,0
2017/01/09,0
2017/01/10,1801081166
2017/01/11,19211532442
2017/01/12,19211532442
2017/01/13,17410451275
2017/01/14,0
2017/01/15,0
2017/01/16,0
2017/01/17,0
2017/01/18,0
2017/01/19,0
2017/01/20,0
2017/01/21,0
2017/01/22,2577624347
2017/01/23,56063329549
2017/01/24,56063329549
2017/01/25,53485705202
2017/01/26,0
2017/01/27,0
2017/01/28,0
2017/01/29,0
2017/01/30,0
2017/01/31,0
2017/02/01,0
2017/02/02,0
2017/02/03,0
2017/02/04,608485511
2017/02/05,29207304539
2017/02/06,29207304539
2017/02/07,28598819028
2017/02/08,0
2017/02/09,0
2017/02/10,0
2017/02/11,0
2017/02/12,0
2017/02/13,0
2017/02/14,0
2017/02/15,0
2017/02/16,0
2017/02/17,0
2017/02/18,10721934967
2017/02/19,18609335403
2017/02/20,18609335403
2017/02/21,7887400436
2017/02/22,0
2017/02/23,0
2017/02/24,0
2017/02/25,0
2017/02/26,0
2017/02/27,0
2017/02/28,0
2017/03/01,0
2017/03/02,0
2017/03/03,4765698073
2017/03/04,19989455804
2017/03/05,19989455804
2017/03/06,15223757732
2017/03/07,0
2017/03/08,0
2017/03/09,0
2017/03/10,0
2017/03/11,0
2017/03/12,0
2017/03/13,0
2017/03/14,0
2017/03/15,0
2017/03/16,0
2017/03/17,9116685813
2017/03/18,14935846971
2017/03/19,14935846971
2017/03/20,5819161157
2017/03/21,0
2017/03/22,0
2017/03/23,0
2017/03/24,-0.001
2017/03/25,0
2017/03/26,-0.001
2017/03/27,0.001
2017/03/28,0
2017/03/29,0.001
2017/03/30,7150033616
2017/03/31,23930724755
2017/04/01,23930724755
2017/04/02,16780691139
2017/04/03,0
2017/04/04,0
2017/04/05,0
2017/04/06,0
2017/04/07,0
2017/04/08,0
2017/04/09,0
2017/04/10,0
2017/04/11,0
2017/04/12,0
2017/04/13,18171947535
2017/04/14,21172819605
2017/04/15,21172819605
2017/04/16,3000872070
2017/04/17,0
2017/04/18,0
2017/04/19,0
2017/04/20,0
2017/04/21,0
2017/04/22,0
2017/04/23,0
2017/04/24,0
2017/04/25,0
2017/04/26,0
2017/04/27,1030953178
2017/04/28,1165770131
2017/04/29,1165770131
2017/04/30,134816954
2017/05/01,0
2017/05/02,0
2017/05/03,0
2017/05/04,0
2017/05/05,0
2017/05/06,0
2017/05/07,0
2017/05/08,-0.001
2017/05/09,0
2017/05/10,33118460544
2017/05/11,37996373337
2017/05/12,37996373337
2017/05/13,4877912793
2017/05/14,0.001
2017/05/15,0
2017/05/16,-0.001
2017/05/17,0
2017/05/18,-0.001
2017/05/19,0.001
2017/05/20,0
2017/05/21,0
2017/05/22,-0.001
2017/05/23,24181343655
2017/05/24,35951024195
2017/05/25,35951024195
2017/05/26,11769680540
2017/05/27,0
2017/05/28,0
2017/05/29,0
2017/05/30,0
2017/05/31,0
2017/06/01,0.001
2017/06/02,-0.001
2017/06/03,0.001
2017/06/04,32414945086
2017/06/05,82838192998
2017/06/06,82838192998
2017/06/07,50423247912
2017/06/08,0
2017/06/09,0
2017/06/10,0.001
2017/06/11,0
2017/06/12,0
2017/06/13,0
2017/06/14,0
2017/06/15,0
2017/06/16,0
2017/06/17,908609327
2017/06/18,32937088091
2017/06/19,32937088091
2017/06/20,32028478764
2017/06/21,0
2017/06/22,0
2017/06/23,-0.001
2017/06/24,0
2017/06/25,0.001
2017/06/26,0.001
2017/06/27,0.001
2017/06/28,-0.001
2017/06/29,0.001
2017/06/30,-0.001
2017/07/01,0
2017/07/02,-2989257498
2017/07/03,-3037731943
2017/07/04,-3037731943
2017/07/05,-48474446
2017/07/06,0
2017/07/07,0
2017/07/08,0
2017/07/09,0
2017/07/10,0
2017/07/11,0
2017/07/12,0
2017/07/13,0
2017/07/14,53105475410
2017/07/15,95865728338
2017/07/16,95865728338
2017/07/17,42760252928
2017/07/18,-0.001
2017/07/19,0
2017/07/20,0
2017/07/21,0
2017/07/22,0
2017/07/23,0
2017/07/24,0
2017/07/25,0
2017/07/26,0.001
2017/07/27,31826737067
2017/07/28,55696789868
2017/07/29,55696789868
2017/07/30,23870052801
2017/07/31,0
2017/08/01,0
2017/08/02,0
2017/08/03,0
2017/08/04,0
2017/08/05,0
2017/08/06,0
2017/08/07,0
2017/08/08,0
2017/08/09,27852725542
2017/08/10,63011084013
2017/08/11,63011084013
2017/08/12,35158358471
2017/08/13,0
2017/08/14,0
2017/08/15,0
2017/08/16,0
2017/08/17,0
2017/08/18,0
2017/08/19,0
2017/08/20,0
2017/08/21,0
2017/08/22,0
2017/08/23,0
2017/08/24,-31589805044
2017/08/25,-35061212192
2017/08/26,-35061212192
2017/08/27,-3471407148
2017/08/28,0.001
2017/08/29,0.002
2017/08/30,-0.001
2017/08/31,0.001
2017/09/01,-0.001
2017/09/02,0
2017/09/03,0
2017/09/04,0
2017/09/05,-0.002
2017/09/06,15143530162
2017/09/07,34552843469
2017/09/08,34552843469
2017/09/09,19409313306
2017/09/10,-0.001
2017/09/11,0
2017/09/12,0
2017/09/13,0.001
2017/09/14,0
2017/09/15,0
2017/09/16,0
2017/09/17,0
2017/09/18,129460923029
2017/09/19,180676233238
2017/09/20,180676233238
2017/09/21,51215310209
2017/09/22,0.001
2017/09/23,-0.002
2017/09/24,0.002
2017/09/25,0.001
2017/09/26,0.002
2017/09/27,0
2017/09/28,-0.003
2017/09/29,-0.002
2017/09/30,0.001
2017/10/01,0.003
2017/10/02,20189520806
2017/10/03,20462352169
2017/10/04,20462352169
2017/10/05,272831362
2017/10/06,0
2017/10/07,0
2017/10/08,0
2017/10/09,0
2017/10/10,0
2017/10/11,0
2017/10/12,0
2017/10/13,0
2017/10/14,0
2017/10/15,59091521111
2017/10/16,72929408966
2017/10/17,72929408966
2017/10/18,13837887855
2017/10/19,0
2017/10/20,-0.001
2017/10/21,0
2017/10/22,0
2017/10/23,0
2017/10/24,-0.001
2017/10/25,0
2017/10/26,29036267376
2017/10/27,256047085047
2017/10/28,256047085047
2017/10/29,227010817671
2017/10/30,-0.005
2017/10/31,-0.005
2017/11/01,0
2017/11/02,0
2017/11/03,0.002
2017/11/04,0.001
2017/11/05,0.001
2017/11/06,-0.001
2017/11/07,-0.002
2017/11/08,0
2017/11/09,-0.001
2017/11/10,-29472566007
2017/11/11,-88417698021
2017/11/12,-88417698021
2017/11/13,-58945132014
2017/11/14,0.002
2017/11/15,0.002
2017/11/16,0
2017/11/17,0.001
2017/11/18,0
2017/11/19,0
2017/11/20,0
2017/11/21,0
2017/11/22,0
2017/11/23,0
2017/11/24,-2455259476
2017/11/25,-17420650567
2017/11/26,-17420650567
2017/11/27,-14965391091
2017/11/28,0
2017/11/29,0
2017/11/30,0
2017/12/01,0
2017/12/02,0
2017/12/03,0
2017/12/04,0
2017/12/05,0
2017/12/06,60973874175
2017/12/07,243895496700
2017/12/08,243895496700
2017/12/09,182921622525
2017/12/10,0
2017/12/11,0.001
2017/12/12,-0.001
2017/12/13,0
2017/12/14,-0.001
2017/12/15,0
2017/12/16,0.001
2017/12/17,0
2017/12/18,127148906225
2017/12/19,282208547964
2017/12/20,282208547964
2017/12/21,155059641738
2017/12/22,0.001
2017/12/23,0
2017/12/24,0.001
2017/12/25,-0.001
2017/12/26,0
2017/12/27,0
2017/12/28,0.001
2017/12/29,0.001
2017/12/30,0
2017/12/31,0
2018/01/01,49475129759
2018/01/02,58030979266
2018/01/03,58030979266
2018/01/04,8555849507
2018/01/05,-0.005
2018/01/06,0.002
2018/01/07,-0.001
2018/01/08,0.004
2018/01/09,0
2018/01/10,0.001
2018/01/11,0.004
2018/01/12,0.002
2018/01/13,203117723286
2018/01/14,296711184016
2018/01/15,296711184016
2018/01/16,93593460730
2018/01/17,0
2018/01/18,0
2018/01/19,0
2018/01/20,0
2018/01/21,0
2018/01/22,0
2018/01/23,0
2018/01/24,0
2018/01/25,232737385114
2018/01/26,375229661715
2018/01/27,375229661715
2018/01/28,142492276601
2018/01/29,0.001
2018/01/30,-0.001
2018/01/31,0.007
2018/02/01,-0.002
2018/02/02,0
2018/02/03,-0.007
2018/02/04,-0.002
2018/02/05,-0.001
2018/02/06,4792887074
2018/02/07,271596934197
2018/02/08,271596934197
2018/02/09,266804047123
2018/02/10,0
2018/02/11,0
2018/02/12,0
2018/02/13,0
2018/02/14,0
2018/02/15,0
2018/02/16,0
2018/02/17,0
2018/02/18,0
2018/02/19,0
2018/02/20,93179103329
2018/02/21,132709632014
2018/02/22,132709632014
2018/02/23,39530528685
2018/02/24,-0.002
2018/02/25,0.002
2018/02/26,-0.001
2018/02/27,0.001
2018/02/28,-0.001
2018/03/01,0.002
2018/03/02,0
2018/03/03,0.002
2018/03/04,-0.001
2018/03/05,226197533938
2018/03/06,283222122325
2018/03/07,283222122325
2018/03/08,57024588388
2018/03/09,0
2018/03/10,0
2018/03/11,0
2018/03/12,0
2018/03/13,0
2018/03/14,0
2018/03/15,0
2018/03/16,0
2018/03/17,0
2018/03/18,91092133741
2018/03/19,171936402437
2018/03/20,171936402437
2018/03/21,80844268695
2018/03/22,0
2018/03/23,0
2018/03/24,0
2018/03/25,0
2018/03/26,0
2018/03/27,0
2018/03/28,0
2018/03/29,0
2018/03/30,0
2018/03/31,0
2018/04/01,31746451488
2018/04/02,48518161708
2018/04/03,48518161708
2018/04/04,16771710220
2018/04/05,0
2018/04/06,-0.003
2018/04/07,0.003
2018/04/08,0
2018/04/09,0.001
2018/04/10,-0.001
2018/04/11,0
2018/04/12,0.001
2018/04/13,0
2018/04/14,285127775106
2018/04/15,328256346130
2018/04/16,328256346130
2018/04/17,43128571024
2018/04/18,0
2018/04/19,-0.009
2018/04/20,0.004
2018/04/21,0
2018/04/22,0.004
2018/04/23,-0.001
2018/04/24,0
2018/04/25,0.002
2018/04/26,0.002
2018/04/27,104240324422
2018/04/28,182742297135
2018/04/29,182742297135
2018/04/30,78501972713
2018/05/01,0.006
2018/05/02,-0.007
2018/05/03,-0.001
2018/05/04,-0.007
2018/05/05,0.008
2018/05/06,-0.004
2018/05/07,0.004
2018/05/08,-0.008
2018/05/09,0.007
2018/05/10,0.001
2018/05/11,116064037081
2018/05/12,121819278589
2018/05/13,121819278589
2018/05/14,5755241508
2018/05/15,-0.006
2018/05/16,0.01
2018/05/17,0
2018/05/18,0
2018/05/19,-0.007
2018/05/20,0.004
2018/05/21,0.003
2018/05/22,-0.001
2018/05/23,0.006
2018/05/24,75263584259
2018/05/25,163071099227
2018/05/26,163071099227
2018/05/27,87807514969
2018/05/28,0
2018/05/29,0
2018/05/30,0
2018/05/31,0
2018/06/01,0
2018/06/02,0
2018/06/03,0
2018/06/04,0
2018/06/05,108643767693
2018/06/06,633755311540
2018/06/07,633755311540
2018/06/08,525111543848
2018/06/09,-0.001
2018/06/10,-0.005
2018/06/11,-0.001
2018/06/12,0
2018/06/13,0.005
2018/06/14,0.004
2018/06/15,0.003
2018/06/16,0.006
2018/06/17,0
2018/06/18,0.002
2018/06/19,83841575412
2018/06/20,136794149357
2018/06/21,136794149357
2018/06/22,52952573945
2018/06/23,0
2018/06/24,0
2018/06/25,0
2018/06/26,0.001
2018/06/27,0.004
2018/06/28,0
2018/06/29,-0.001
2018/06/30,-0.002
2018/07/01,0.001
2018/07/02,95393142201
2018/07/03,286179426602
2018/07/04,286179426602
2018/07/05,190786284402
2018/07/06,0.001
2018/07/07,0.001
2018/07/08,0.001
2018/07/09,-0.001
2018/07/10,0
2018/07/11,-0.001
2018/07/12,0
2018/07/13,-0.001
2018/07/14,0
2018/07/15,0
2018/07/16,0
2018/07/17,-164063159306
2018/07/18,-185007392409
2018/07/19,-185007392409
2018/07/20,-20944233103
2018/07/21,0
2018/07/22,0
2018/07/23,0
2018/07/24,0
2018/07/25,0
2018/07/26,0
2018/07/27,0
2018/07/28,0
2018/07/29,417120587255
2018/07/30,770766302537
2018/07/31,770766302537
2018/08/01,353645715282
2018/08/02,-0.001
2018/08/03,-0.001
2018/08/04,-0.001
2018/08/05,0
2018/08/06,0.003
2018/08/07,0.001
2018/08/08,0
2018/08/09,-0.002
2018/08/10,-0.001
2018/08/11,248402547898
2018/08/12,439879511902
2018/08/13,439879511902
2018/08/14,191476964005
2018/08/15,0.001
2018/08/16,0.002
2018/08/17,0.004
2018/08/18,0
2018/08/19,-0.003
2018/08/20,-0.001
2018/08/21,-0.002
2018/08/22,0.003
2018/08/23,0
2018/08/24,115722118565
2018/08/25,337908586211
2018/08/26,337908586211
2018/08/27,222186467645
2018/08/28,-0.001
2018/08/29,0.002
2018/08/30,0.001
2018/08/31,0
2018/09/01,-0.001
2018/09/02,0.001
2018/09/03,0.001
2018/09/04,0.002
2018/09/05,0.001
2018/09/06,0
2018/09/07,243951761215
2018/09/08,291973761455
2018/09/09,291973761455
2018/09/10,48022000239
2018/09/11,0.002
2018/09/12,0.003
2018/09/13,-0.002
2018/09/14,0.002
2018/09/15,0
2018/09/16,0.001
2018/09/17,-0.001
2018/09/18,0
2018/09/19,-0.003
2018/09/20,12130374612
2018/09/21,133434120729
2018/09/22,133434120729
2018/09/23,121303746117
2018/09/24,-0.001
2018/09/25,0.006
2018/09/26,0.002
2018/09/27,0.001
2018/09/28,-0.006
2018/09/29,-0.003
2018/09/30,0
2018/10/01,-0.001
2018/10/02,0.003
2018/10/03,-0.001
2018/10/04,211634707450
2018/10/05,302335296357
2018/10/06,302335296357
2018/10/07,90700588907
2018/10/08,0
2018/10/09,0
2018/10/10,0
2018/10/11,0
2018/10/12,0
2018/10/13,0
2018/10/14,0
2018/10/15,0
2018/10/16,0
2018/10/17,0
2018/10/18,-27606004932
2018/10/19,-272116334325
2018/10/20,-272116334325
2018/10/21,-244510329393
2018/10/22,0.003
2018/10/23,0.002
2018/10/24,-0.008
2018/10/25,-0.005
2018/10/26,-0.002
2018/10/27,0.007
2018/10/28,0.001
2018/10/29,0.001
2018/10/30,0.004
2018/10/31,0
2018/11/01,161312079
2018/11/02,1552628763
2018/11/03,1552628763
2018/11/04,1391316684
2018/11/05,0
2018/11/06,0.006
2018/11/07,-0.001
2018/11/08,0.005
2018/11/09,0
2018/11/10,-0.001
2018/11/11,-0.006
2018/11/12,-0.003
2018/11/13,0.003
2018/11/14,0.002
2018/11/15,0.003
2018/11/16,-8430187322
2018/11/17,-531101801296
2018/11/18,-531101801296
2018/11/19,-522671613974
2018/11/20,-0.003
2018/11/21,-0.006
2018/11/22,-0.001
2018/11/23,-0.002
2018/11/24,0.011
2018/11/25,0.002
2018/11/26,-0.004
2018/11/27,-0.003
2018/11/28,-0.003
2018/11/29,-0.002
2018/11/30,-0.01
2018/12/01,0.002
2018/12/02,0.003
2018/12/03,-459287395380
2018/12/04,-1006899289871
2018/12/05,-1006899289871
2018/12/06,-547611894491
2018/12/07,-0.002
2018/12/08,0
2018/12/09,-0.001
2018/12/10,0.001
2018/12/11,0
2018/12/12,-0.001
2018/12/13,0
2018/12/14,0.001
2018/12/15,0.003
2018/12/16,-0.001
2018/12/17,0.001
2018/12/18,-25311605947
2018/12/19,-539980926875
2018/12/20,-539980926875
2018/12/21,-514669320928
2018/12/22,0.007
2018/12/23,0.012
2018/12/24,0.004
2018/12/25,-0.004
2018/12/26,-0.005
2018/12/27,0.005
2018/12/28,0.002
2018/12/29,-0.006
2018/12/30,0.001
2018/12/31,142086682196
2019/01/01,512172924193
2019/01/02,512172924193
2019/01/03,370086241998
2019/01/04,0
2019/01/05,-0.001
2019/01/06,0.001
2019/01/07,0.001
2019/01/08,0
2019/01/09,-0.002
2019/01/10,-0.001
2019/01/11,0.001
2019/01/12,0.002
2019/01/13,0.001
2019/01/14,244018682872
2019/01/15,265392582102
2019/01/16,265392582102
2019/01/17,21373899230
2019/01/18,-0.002
2019/01/19,0
2019/01/20,-0.007
2019/01/21,-0.002
2019/01/22,0
2019/01/23,0.003
2019/01/24,-0.003
2019/01/25,-0.002
2019/01/26,-0.001
2019/01/27,0.006
2019/01/28,-47333262147
2019/01/29,-69326495064
2019/01/30,-69326495064
2019/01/31,-21993232917
2019/02/01,-0.003
2019/02/02,-0.002
2019/02/03,0.005
2019/02/04,0.003
2019/02/05,-0.001
2019/02/06,-0.007
2019/02/07,-0.006
2019/02/08,-0.004
2019/02/09,0.003
2019/02/10,79346859151
2019/02/11,246856895135
2019/02/12,246856895135
2019/02/13,167510035985
2019/02/14,0
2019/02/15,0
2019/02/16,0
2019/02/17,-0.001
2019/02/18,-0.002
2019/02/19,-0.001
2019/02/20,0.002
2019/02/21,0.003
2019/02/22,0
2019/02/23,-0.001
2019/02/24,2562959433
2019/02/25,10327218893
2019/02/26,10327218893
2019/02/27,7764259460
2019/02/28,0
2019/03/01,0
2019/03/02,0
2019/03/03,0
2019/03/04,0
2019/03/05,0
2019/03/06,0
2019/03/07,0
2019/03/08,0
2019/03/09,0
2019/03/10,-630005434
2019/03/11,-2954508244
2019/03/12,-2954508244
2019/03/13,-2324502810
2019/03/14,-0.003
2019/03/15,-0.002
2019/03/16,-0.007
2019/03/17,0.002
2019/03/18,-0.002
2019/03/19,-0.002
2019/03/20,-0.004
2019/03/21,0.004
2019/03/22,0.002
2019/03/23,0.004
2019/03/24,300028112743
2019/03/25,310373909735
2019/03/26,310373909735
2019/03/27,10345796991
2019/03/28,0.001
2019/03/29,-0.003
2019/03/30,0.003
2019/03/31,0.002
2019/04/01,0.003
2019/04/02,-0.005
2019/04/03,-0.001
2019/04/04,-0.002
2019/04/05,0
2019/04/06,296940988
2019/04/07,13758265791
2019/04/08,13758265791
2019/04/09,13461324803
2019/04/10,0
2019/04/11,0.001
2019/04/12,0
2019/04/13,0
2019/04/14,-0.001
2019/04/15,0
2019/04/16,0
2019/04/17,0
2019/04/18,0
2019/04/19,0
2019/04/20,0
2019/04/21,-35302599094
2019/04/22,-39993154218
2019/04/23,-39993154218
2019/04/24,-4690555124
2019/04/25,0.001
2019/04/26,0.002
2019/04/27,-0.001
2019/04/28,0.001
2019/04/29,0.001
2019/04/30,0
2019/05/01,0
2019/05/02,0
2019/05/03,0
2019/05/04,201019609271
2019/05/05,349139321365
2019/05/06,349139321365
2019/05/07,148119712094
2019/05/08,-0.005
2019/05/09,0
2019/05/10,0.001
2019/05/11,0.004
2019/05/12,-0.001
2019/05/13,-0.009
2019/05/14,-0.004
2019/05/15,0.001
2019/05/16,0.004
2019/05/17,0
2019/05/18,1609670744
2019/05/19,2462796238
2019/05/20,2462796238
2019/05/21,853125494
2019/05/22,-0.001
2019/05/23,0.001
2019/05/24,0
2019/05/25,0.005
2019/05/26,-0.002
2019/05/27,-0.002
2019/05/28,-0.004
2019/05/29,0.003
2019/05/30,42471452247
2019/05/31,755048039955
2019/06/01,755048039955
2019/06/02,712576587707
2019/06/03,0
2019/06/04,-0.001
2019/06/05,-0.005
2019/06/06,-0.009
2019/06/07,-0.001
2019/06/08,0.007
2019/06/09,0.001
2019/06/10,0
2019/06/11,-0.005
2019/06/12,0.004
2019/06/13,0.002
2019/06/14,-48198806954
2019/06/15,-50281471452
2019/06/16,-50281471452
2019/06/17,-2082664498
2019/06/18,0
2019/06/19,0
2019/06/20,0
2019/06/21,0
2019/06/22,0
2019/06/23,0
2019/06/24,0
2019/06/25,0
2019/06/26,0
2019/06/27,458724875683
2019/06/28,525313970540
2019/06/29,525313970540
2019/06/30,66589094857
2019/07/01,0.015
2019/07/02,0.01
2019/07/03,-0.014
2019/07/04,-0.018
2019/07/05,-0.018
2019/07/06,-0.003
2019/07/07,0.01
2019/07/08,0.006
2019/07/09,652732129939
2019/07/10,1129446606861
2019/07/11,1129446606861
2019/07/12,476714476922
2019/07/13,0.01
2019/07/14,0.012
2019/07/15,-0.01
2019/07/16,0.01
2019/07/17,-0.008
2019/07/18,-0.014
2019/07/19,-0.021
2019/07/20,0.023
2019/07/21,0.016
2019/07/22,0.02
2019/07/23,-30998695754
2019/07/24,-50372880600
2019/07/25,-50372880600
2019/07/26,-19374184846
2019/07/27,0.006
2019/07/28,0.012
2019/07/29,0
2019/07/30,-0.004
2019/07/31,-0.002
2019/08/01,-0.012
2019/08/02,0.012
2019/08/03,0
2019/08/04,0.012
2019/08/05,876443195942
2019/08/06,971561062168
2019/08/07,971561062168
2019/08/08,95117866226
2019/08/09,0.002
2019/08/10,0
2019/08/11,-0.002
2019/08/12,0.004
2019/08/13,0
2019/08/14,0
2019/08/15,-0.004
2019/08/16,0
2019/08/17,0.004
2019/08/18,31450861084
2019/08/19,198140424830
2019/08/20,198140424830
2019/08/21,166689563746
2019/08/22,0
2019/08/23,0
2019/08/24,0
2019/08/25,0
2019/08/26,0
2019/08/27,0
2019/08/28,0
2019/08/29,0
2019/08/30,0
2019/08/31,0
2019/09/01,502083945150
2019/09/02,588508230790
2019/09/03,588508230790
2019/09/04,86424285641
2019/09/05,0.008
2019/09/06,-0.004
2019/09/07,0.008
2019/09/08,0.006
2019/09/09,-0.006
2019/09/10,0.016
2019/09/11,0.002
2019/09/12,0.006
2019/09/13,186433049186
2019/09/14,1118598295115
2019/09/15,1118598295115
2019/09/16,932165245929
2019/09/17,0.002
2019/09/18,-0.004
2019/09/19,0.002
2019/09/20,-0.002
2019/09/21,0
2019/09/22,-0.004
2019/09/23,0.006
2019/09/24,0.002
2019/09/25,0.002
2019/09/26,127079597312
2019/09/27,869224445613
2019/09/28,869224445613
2019/09/29,742144848301
2019/09/30,0
2019/10/01,0.002
2019/10/02,0
2019/10/03,-0.002
2019/10/04,0
2019/10/05,-0.002
2019/10/06,-0.002
2019/10/07,-0.002
2019/10/08,0
2019/10/09,0.002
2019/10/10,114940862298
2019/10/11,248272262563
2019/10/12,248272262563
2019/10/13,133331400265
2019/10/14,-0.01
2019/10/15,0.01
2019/10/16,0
2019/10/17,0.008
2019/10/18,0.002
2019/10/19,0
2019/10/20,-0.002
2019/10/21,0
2019/10/22,0.012
2019/10/23,61016818904
2019/10/24,683388371723
2019/10/25,683388371723
2019/10/26,622371552819
2019/10/27,0
2019/10/28,0
2019/10/29,0
2019/10/30,0
2019/10/31,0
2019/11/01,0
2019/11/02,0
2019/11/03,0
2019/11/04,0
2019/11/05,0
2019/11/06,0
2019/11/07,-21588328251
2019/11/08,-971474771304
2019/11/09,-971474771304
2019/11/10,-949886443053
2019/11/11,0
2019/11/12,0
2019/11/13,0
2019/11/14,0
2019/11/15,0
2019/11/16,0
2019/11/17,0
2019/11/18,0
2019/11/19,0
2019/11/20,0
2019/11/21,75784370495
2019/11/22,253230701409
2019/11/23,253230701409
2019/11/24,177446330915
2019/11/25,0
2019/11/26,0.006
2019/11/27,-0.002
2019/11/28,-0.004
2019/11/29,-0.002
2019/11/30,0.002
2019/12/01,0.002
2019/12/02,0
2019/12/03,-0.004
2019/12/04,-0.002
2019/12/05,-17284419704
2019/12/06,-96393879117
2019/12/07,-96393879117
2019/12/08,-79109459413
2019/12/09,0
2019/12/10,0
2019/12/11,0
2019/12/12,0
2019/12/13,0
2019/12/14,0
2019/12/15,0
2019/12/16,0
2019/12/17,0
2019/12/18,0
2019/12/19,15995519709
2019/12/20,71751331264
2019/12/21,71751331264
2019/12/22,55755811555
2019/12/23,-0.006
2019/12/24,-0.021
2019/12/25,-0.02
2019/12/26,0.012
2019/12/27,0.012
2019/12/28,0.012
2019/12/29,-0.006
2019/12/30,0.008
2019/12/31,-0.002
2020/01/01,83064579952
2020/01/02,850190406570
2020/01/03,850190406570
2020/01/04,767125826618
2020/01/05,0.008
2020/01/06,-0.014
2020/01/07,0.002
2020/01/08,-0.008
2020/01/09,0.01
2020/01/10,-0.01
2020/01/11,0.008
2020/01/12,-0.002
2020/01/13,-0.002
2020/01/14,20225869824
2020/01/15,977583708172
2020/01/16,977583708172
2020/01/17,957357838348
2020/01/18,0.008
2020/01/19,0.004
2020/01/20,0.002
2020/01/21,-0.01
2020/01/22,-0.002
2020/01/23,-0.002
2020/01/24,0
2020/01/25,-0.004
2020/01/26,0.006
2020/01/27,0.012
2020/01/28,427439177382
2020/01/29,689731399866
2020/01/30,689731399866
2020/01/31,262292222484
2020/02/01,0.012
2020/02/02,0.016
2020/02/03,-0.004
2020/02/04,0.008
2020/02/05,-0.021
2020/02/06,0.002
2020/02/07,0.002
2020/02/08,0.021
2020/02/09,-0.01
2020/02/10,-0.002
2020/02/11,55036012348
2020/02/12,80646829975
2020/02/13,80646829975
2020/02/14,25610817627
2020/02/15,0
2020/02/16,0
2020/02/17,0.008
2020/02/18,0.004
2020/02/19,0
2020/02/20,-0.014
2020/02/21,0.002
2020/02/22,0.004
2020/02/23,0.008
2020/02/24,-0.006
2020/02/25,-37395203273
2020/02/26,-59832325237
2020/02/27,-59832325236
2020/02/28,-22437121964
2020/02/29,0.002
2020/03/01,0.01
2020/03/02,-0.002
2020/03/03,0.006
2020/03/04,-0.002
2020/03/05,0.004
2020/03/06,0
2020/03/07,-0.004
2020/03/08,-0.002
2020/03/09,589859158298
2020/03/10,1066010527044
2020/03/11,1066010527044
2020/03/12,476151368746
2020/03/13,0
2020/03/14,0.002
2020/03/15,0.02
2020/03/16,-0.002
2020/03/17,0
2020/03/18,-0.002
2020/03/19,-0.002
2020/03/20,-0.002
2020/03/21,0.004
2020/03/22,0.004
2020/03/23,0
2020/03/24,0
2020/03/25,-0.006
2020/03/26,-2409364925532
2020/03/27,-2640399918391
2020/03/28,-2640399918391
2020/03/29,-231034992859
2020/03/30,-0.004
2020/03/31,0.01
2020/04/01,0
2020/04/02,0.002
2020/04/03,-0.012
2020/04/04,0.002
2020/04/05,0.008
2020/04/06,-0.002
2020/04/07,0.004
2020/04/08,488349867264
2020/04/09,802690011711
2020/04/10,802690011711
2020/04/11,314340144446
2020/04/12,0
2020/04/13,0
2020/04/14,0
2020/04/15,0
2020/04/16,0
2020/04/17,0
2020/04/18,0
2020/04/19,0
2020/04/20,0
2020/04/21,909629336936
2020/04/22,1243438267922
2020/04/23,1243438267922
2020/04/24,333808930986
2020/04/25,0.002
2020/04/26,0
2020/04/27,0
2020/04/28,0.006
2020/04/29,0.002
2020/04/30,-0.002
2020/05/01,-0.004
2020/05/02,0.002
2020/05/03,0.01
2020/05/04,0.004
2020/05/05,121179275700
2020/05/06,146155156951
2020/05/07,146155156951
2020/05/08,24975881251
2020/05/09,-0.006
2020/05/10,0.008
2020/05/11,0.006
2020/05/12,0.002
2020/05/13,-0.018
2020/05/14,-0.018
2020/05/15,-0.008
2020/05/16,0.002
2020/05/17,-0.008
2020/05/18,0.002
2020/05/19,-0.006
2020/05/20,-891104428481
2020/05/21,-966764238447
2020/05/22,-966764238447
2020/05/23,-75659809965
2020/05/24,-0.01
2020/05/25,0.008
2020/05/26,0.004
2020/05/27,0.014
2020/05/28,0.004
2020/05/29,0.002
2020/05/30,0.004
2020/05/31,0.006
2020/06/01,0.004
2020/06/02,-0.01
2020/06/03,-0.002
2020/06/04,-660954112686
2020/06/05,-1405691141065
2020/06/06,-1405691141065
2020/06/07,-744737028379
2020/06/08,-0.02
2020/06/09,-0.037
2020/06/10,0
2020/06/11,0.025
2020/06/12,0
2020/06/13,0
2020/06/14,-0.018
2020/06/15,0.002
2020/06/16,533621971859
2020/06/17,2052392199459
2020/06/18,2052392199459
2020/06/19,1518770227600
2020/06/20,0
2020/06/21,0.01
2020/06/22,0
2020/06/23,0.008
2020/06/24,-0.002
2020/06/25,-0.002
2020/06/26,0.002
2020/06/27,-0.002
2020/06/28,0.004
2020/06/29,-0.006
2020/06/30,-125418855
2020/07/01,-526759189
2020/07/02,-526759189
2020/07/03,-401340335
2020/07/04,0.006
2020/07/05,0
2020/07/06,0.012
2020/07/07,-0.004
2020/07/08,0.018
2020/07/09,-0.012
2020/07/10,0
2020/07/11,-0.008
2020/07/12,0.016
2020/07/13,786177674428
2020/07/14,1561731326228
2020/07/15,1561731326228
2020/07/16,775553651800
2020/07/17,0.012
2020/07/18,0.004
2020/07/19,0.002
2020/07/20,-0.012
2020/07/21,0.002
2020/07/22,-0.004
2020/07/23,0.002
2020/07/24,-0.014
2020/07/25,0
2020/07/26,-0.008
2020/07/27,-36793690407
2020/07/28,-498387260966
2020/07/29,-498387260966
2020/07/30,-461593570559
2020/07/31,0.012
2020/08/01,-0.018
2020/08/02,0.01
2020/08/03,0.01
2020/08/04,0.014
2020/08/05,-0.012
2020/08/06,-0.006
2020/08/07,0.01
2020/08/08,0.012
2020/08/09,0
2020/08/10,24145575468
2020/08/11,100240722396
2020/08/12,100240722396
2020/08/13,76095146929
2020/08/14,-0.004
2020/08/15,0
2020/08/16,-0.002
2020/08/17,0.014
2020/08/18,0.006
2020/08/19,0.006
2020/08/20,-0.008
2020/08/21,-0.006
2020/08/22,0
2020/08/23,-0.004
2020/08/24,393143002129
2020/08/25,610190701221
2020/08/26,610190701221
2020/08/27,217047699092
2020/08/28,0.051
2020/08/29,0.006
2020/08/30,-0.002
2020/08/31,-0.016
2020/09/01,0.01
2020/09/02,0.025
2020/09/03,-0.033
2020/09/04,-0.027
2020/09/05,-0.004
2020/09/06,0.033
2020/09/07,-112660321824
2020/09/08,-211995229238
2020/09/09,-211995229238
2020/09/10,-99334907414
2020/09/11,0.006
2020/09/12,-0.006
2020/09/13,0
2020/09/14,-0.012
2020/09/15,0.004
2020/09/16,0.002
2020/09/17,0
2020/09/18,-0.004
2020/09/19,0.002
2020/09/20,1802293082830
2020/09/21,1968658598168
2020/09/22,1968658598168
2020/09/23,166365515338
2020/09/24,0
2020/09/25,0
2020/09/26,0
2020/09/27,0
2020/09/28,0
2020/09/29,0
2020/09/30,0
2020/10/01,0
2020/10/02,0
2020/10/03,0
2020/10/04,-13947506152
2020/10/05,-16569217834
2020/10/06,-16569217834
2020/10/07,-2621711683
2020/10/08,-0.008
2020/10/09,-0.004
2020/10/10,0.004
2020/10/11,0.008
2020/10/12,-0.004
2020/10/13,-0.008
2020/10/14,-0.004
2020/10/15,0
2020/10/16,0.004
2020/10/17,231598331373
2020/10/18,699248808184
2020/10/19,699248808184
2020/10/20,467650476811
2020/10/21,-0.004
2020/10/22,-0.004
2020/10/23,0.004
2020/10/24,-0.008
2020/10/25,0.008
2020/10/26,0.008
2020/10/27,0.023
2020/10/28,0.012
2020/10/29,0
2020/10/30,-0.008
2020/10/31,-0.008
2020/11/01,-0.008
2020/11/02,0.012
2020/11/03,-2132062455427
2020/11/04,-3209556384513
2020/11/05,-3209556384513
2020/11/06,-1077493929087
2020/11/07,0.018
2020/11/08,0.014
2020/11/09,-0.035
2020/11/10,0
2020/11/11,-0.014
2020/11/12,0.027
2020/11/13,0.012
2020/11/14,0.008
2020/11/15,0.014
2020/11/16,252819203012
2020/11/17,809021449639
2020/11/18,809021449639
2020/11/19,556202246627
2020/11/20,0.004
2020/11/21,0
2020/11/22,0.012
2020/11/23,-0.008
2020/11/24,-0.012
2020/11/25,-0.004
2020/11/26,0
2020/11/27,0.008
2020/11/28,0
2020/11/29,561727319450
2020/11/30,1560353665139
2020/12/01,1560353665139
2020/12/02,998626345689
2020/12/03,-0.016
2020/12/04,0
2020/12/05,-0.008
2020/12/06,0.008
2020/12/07,0
2020/12/08,0
2020/12/09,0
2020/12/10,0.008
2020/12/11,0.004
2020/12/12,0.004
2020/12/13,-12486824777
2020/12/14,-486986166311
2020/12/15,-486986166311
2020/12/16,-474499341533
2020/12/17,0.008
2020/12/18,-0.008
2020/12/19,-0.008
2020/12/20,-0.008
2020/12/21,0.008
2020/12/22,0.008
2020/12/23,0
2020/12/24,0.004
2020/12/25,-0.004
2020/12/26,0.004
2020/12/27,-0.008
2020/12/28,-70134413162
2020/12/29,-70575510100
2020/12/30,-70575510100
2020/12/31,-441096938
2021/01/01,0
2021/01/02,0
2021/01/03,0
2021/01/04,0
2021/01/05,0
2021/01/06,0
2021/01/07,0
2021/01/08,0
2021/01/09,765573658795
2021/01/10,2007825256086
2021/01/11,2007825256086
2021/01/12,1242251597291
2021/01/13,0.004
2021/01/14,0
2021/01/15,0
2021/01/16,0
2021/01/17,0.008
2021/01/18,0
2021/01/19,0
2021/01/20,-0.004
2021/01/21,0.008
2021/01/22,0.004
2021/01/23,128836504183
2021/01/24,216112845726
2021/01/25,216112845726
2021/01/26,87276341543
2021/01/27,0
2021/01/28,0
2021/01/29,0
2021/01/30,0
2021/01/31,0
2021/02/01,0
2021/02/02,0
2021/02/03,0
2021/02/04,0
2021/02/05,0
2021/02/06,560919889564
2021/02/07,610864811237
2021/02/08,610864811237
2021/02/09,49944921673
2021/02/10,-0.004
2021/02/11,-0.012
2021/02/12,0
2021/02/13,0.004
2021/02/14,0.008
2021/02/15,0.004
2021/02/16,-0.012
2021/02/17,-0.004
2021/02/18,-0.004
2021/02/19,20830904089
2021/02/20,289738938698
2021/02/21,289738938698
2021/02/22,268908034609
2021/02/23,-0.023
2021/02/24,0.02
2021/02/25,0.027
2021/02/26,0.016
2021/02/27,-0.004
2021/02/28,-0.031
2021/03/01,-0.012
2021/03/02,-0.016
2021/03/03,0.027
2021/03/04,-0.004
2021/03/05,0.008
2021/03/06,-250449244607
2021/03/07,-275857138988
2021/03/08,-275857138988
2021/03/09,-25407894380
2021/03/10,-0.004
2021/03/11,0.031
2021/03/12,-0.012
2021/03/13,0.008
2021/03/14,-0.031
2021/03/15,0
2021/03/16,-0.008
2021/03/17,0.023
2021/03/18,-0.004
2021/03/19,76125457134
2021/03/20,417280283551
2021/03/21,417280283551
2021/03/22,341154826417
2021/03/23,0
2021/03/24,0
2021/03/25,0
2021/03/26,0
2021/03/27,0
2021/03/28,0
2021/03/29,0
2021/03/30,0
2021/03/31,0
2021/04/01,0
2021/04/02,1199202672041
2021/04/03,1271881621862
2021/04/04,1271881621862
2021/04/05,72678949821
2021/04/06,-0.004
2021/04/07,-0.004
2021/04/08,0.004
2021/04/09,-0.004
2021/04/10,0
2021/04/11,0
2021/04/12,0.004
2021/04/13,0.004
2021/04/14,0
2021/04/15,80120901703
2021/04/16,444541777192
2021/04/17,444541777192
2021/04/18,364420875489
2021/04/19,-0.012
2021/04/20,0.059
2021/04/21,-0.043
2021/04/22,0.074
2021/04/23,0.008
2021/04/24,0.066
2021/04/25,-0.004
2021/04/26,-0.031
2021/04/27,-0.004
2021/04/28,0
2021/04/29,0.016
2021/04/30,0.004
2021/05/01,-577515568771
2021/05/02,-2973135705896
2021/05/03,-2973135705896
2021/05/04,-2395620137125
2021/05/05,0.027
2021/05/06,0.004
2021/05/07,0.008
2021/05/08,-0.016
2021/05/09,-0.012
2021/05/10,-0.008
2021/05/11,0
2021/05/12,0.012
2021/05/13,2618484322795
2021/05/14,4437641852315
2021/05/15,4437641852315
2021/05/16,1819157529520
2021/05/17,-0.016
2021/05/18,-0.039
2021/05/19,-0.008
2021/05/20,-0.016
2021/05/21,0.02
2021/05/22,-0.012
2021/05/23,0.012
2021/05/24,0.023
2021/05/25,0.008
2021/05/26,0.004
2021/05/27,-0.012
2021/05/28,-0.004
2021/05/29,-0.008
2021/05/30,-3832142141897
2021/05/31,-3998757017632
2021/06/01,-3998757017632
2021/06/02,-166614875735
2021/06/03,-0.004
2021/06/04,0.004
2021/06/05,0.012
2021/06/06,0
2021/06/07,0
2021/06/08,-0.008
2021/06/09,0.008
2021/06/10,0.004
2021/06/11,0.016
2021/06/12,0
2021/06/13,-211162792649
2021/06/14,-1114939545189
2021/06/15,-1114939545189
2021/06/16,-903776752539
2021/06/17,0.008
2021/06/18,0.012
2021/06/19,0.02
2021/06/20,0.031
2021/06/21,0.02
2021/06/22,-0.004
2021/06/23,0
2021/06/24,0
2021/06/25,0.004
2021/06/26,-0.004
2021/06/27,-0.016
2021/06/28,-0.004
2021/06/29,0
2021/06/30,0.012
2021/07/01,0
2021/07/02,0
2021/07/03,-4297929170497
2021/07/04,-5569765353603
2021/07/05,-5569765353603
2021/07/06,-1271836183106
2021/07/07,0
2021/07/08,0
2021/07/09,0
2021/07/10,0
2021/07/11,0
2021/07/12,0
2021/07/13,0
2021/07/14,0
2021/07/15,0
2021/07/16,0
2021/07/17,-14484574843
2021/07/18,-690431400846
2021/07/19,-690431400846
2021/07/20,-675946826003
2021/07/21,-0.002
2021/07/22,0.006
2021/07/23,-0.008
2021/07/24,-0.004
2021/07/25,0
2021/07/26,-0.008
2021/07/27,-0.004
2021/07/28,-0.002
2021/07/29,-0.004
2021/07/30,0.002
2021/07/31,646564711129
2021/08/01,823848583535
2021/08/02,823848583535
2021/08/03,177283872406
2021/08/04,0.008
2021/08/05,-0.006
2021/08/06,0.004
2021/08/07,-0.012
2021/08/08,0
2021/08/09,0.002
2021/08/10,0
2021/08/11,0.004
2021/08/12,0.002
2021/08/13,828318631058
2021/08/14,1059650861353
2021/08/15,1059650861353
2021/08/16,231332230295
2021/08/17,-0.004
2021/08/18,0.016
2021/08/19,0.002
2021/08/20,0.004
2021/08/21,-0.012
2021/08/22,-0.002
2021/08/23,-0.01
2021/08/24,0.004
2021/08/25,875049211670
2021/08/26,2058939321576
2021/08/27,2058939321576
2021/08/28,1183890109906
2021/08/29,0.004
2021/08/30,-0.004
2021/08/31,0.004
2021/09/01,-0.008
2021/09/02,0.004
2021/09/03,0
2021/09/04,0.008
2021/09/05,0.004
2021/09/06,0.008
2021/09/07,-0.004
2021/09/08,788854443644
2021/09/09,800123792839
2021/09/10,800123792839
2021/09/11,11269349195
2021/09/12,-0.012
2021/09/13,-0.031
2021/09/14,-0.023
2021/09/15,0.004
2021/09/16,0.031
2021/09/17,0.027
2021/09/18,-0.016
2021/09/19,-0.035
2021/09/20,-0.023
2021/09/21,217839667996
2021/09/22,582484329641
2021/09/23,582484329641
2021/09/24,364644661645
2021/09/25,0
2021/09/26,0
2021/09/27,0
2021/09/28,0
2021/09/29,0
2021/09/30,0
2021/10/01,0
2021/10/02,0
2021/10/03,0
2021/10/04,11479537010
2021/10/05,895403886816
2021/10/06,895403886816
2021/10/07,883924349806
2021/10/08,0.016
2021/10/09,-0.008
2021/10/10,-0.008
2021/10/11,-0.012
2021/10/12,0.004
2021/10/13,0
2021/10/14,0.004
2021/10/15,0
2021/10/16,0.012
2021/10/17,-0.008
2021/10/18,24316801100
2021/10/19,189415082256
2021/10/20,189415082256
2021/10/21,165098281155
2021/10/22,0.004
2021/10/23,-0.004
2021/10/24,0.008
2021/10/25,0.023
2021/10/26,0.008
2021/10/27,0.004
2021/10/28,-0.027
2021/10/29,0.02
2021/10/30,-0.004
2021/10/31,204200896718
2021/11/01,1576884702434
2021/11/02,1576884702434
2021/11/03,1372683805716
2021/11/04,-0.008
2021/11/05,0
2021/11/06,-0.008
2021/11/07,0.012
2021/11/08,-0.023
2021/11/09,0
2021/11/10,-0.004
2021/11/11,0.023
2021/11/12,-0.012
2021/11/13,0.004
2021/11/14,775645910972
2021/11/15,1014803400188
2021/11/16,1014803400188
2021/11/17,239157489216
2021/11/18,0.004
2021/11/19,0.004
2021/11/20,0.004
2021/11/21,0.004
2021/11/22,0
2021/11/23,0.004
2021/11/24,-0.008
2021/11/25,0.004
2021/11/26,0
2021/11/27,0.004
2021/11/28,-209424826967
2021/11/29,-338488964517
2021/11/30,-338488964517
2021/12/01,-129064137550
2021/12/02,0.004
2021/12/03,0.008
2021/12/04,0.004
2021/12/05,0.004
2021/12/06,0
2021/12/07,0
2021/12/08,0
2021/12/09,0
2021/12/10,0
2021/12/11,1133018208439
2021/12/12,1859627711677
2021/12/13,1859627711677
