Date,difficulty90roc
2010/07/17,2222
2010/07/18,2222
2010/07/19,2222
2010/07/20,2173
2010/07/21,1484
2010/07/22,1484
2010/07/23,1484
2010/07/24,1484
2010/07/25,1484
2010/07/26,1484
2010/07/27,1987
2010/07/28,2030
2010/07/29,2030
2010/07/30,2030
2010/07/31,2030
2010/08/01,2030
2010/08/02,1894
2010/08/03,1801
2010/08/04,1801
2010/08/05,1916
2010/08/06,2641
2010/08/07,2641
2010/08/08,2641
2010/08/09,2641
2010/08/10,2641
2010/08/11,2641
2010/08/12,2641
2010/08/13,2641
2010/08/14,2641
2010/08/15,2935
2010/08/16,3883
2010/08/17,4024
2010/08/18,4220
2010/08/19,4220
2010/08/20,4220
2010/08/21,4220
2010/08/22,4220
2010/08/23,4220
2010/08/24,4220
2010/08/25,4220
2010/08/26,4261
2010/08/27,4542
2010/08/28,3651
2010/08/29,3651
2010/08/30,3651
2010/08/31,3651
2010/09/01,3651
2010/09/02,3651
2010/09/03,3651
2010/09/04,3651
2010/09/05,3651
2010/09/06,3651
2010/09/07,3651
2010/09/08,4092
2010/09/09,4188
2010/09/10,4001
2010/09/11,4001
2010/09/12,4001
2010/09/13,4001
2010/09/14,4001
2010/09/15,4001
2010/09/16,4001
2010/09/17,4001
2010/09/18,4001
2010/09/19,5039
2010/09/20,5181
2010/09/21,5181
2010/09/22,4918
2010/09/23,4630
2010/09/24,4630
2010/09/25,4630
2010/09/26,4630
2010/09/27,4630
2010/09/28,4942
2010/09/29,6696
2010/09/30,6696
2010/10/01,6696
2010/10/02,6696
2010/10/03,6696
2010/10/04,5599
2010/10/05,5511
2010/10/06,5511
2010/10/07,5511
2010/10/08,5511
2010/10/09,5511
2010/10/10,5511
2010/10/11,3639
2010/10/12,2903
2010/10/13,2936
2010/10/14,2109
2010/10/15,659.063
2010/10/16,659.063
2010/10/17,659.063
2010/10/18,659.063
2010/10/19,659.063
2010/10/20,659.063
2010/10/21,981.004
2010/10/22,1084
2010/10/23,1084
2010/10/24,1084
2010/10/25,798.025
2010/10/26,779.978
2010/10/27,779.978
2010/10/28,779.978
2010/10/29,779.978
2010/10/30,795.296
2010/10/31,1166
2010/11/01,1166
2010/11/02,1166
2010/11/03,1093
2010/11/04,777.932
2010/11/05,777.932
2010/11/06,777.932
2010/11/07,777.932
2010/11/08,777.932
2010/11/09,942.396
2010/11/10,1188
2010/11/11,1188
2010/11/12,1188
2010/11/13,1063
2010/11/14,786.399
2010/11/15,786.399
2010/11/16,786.399
2010/11/17,786.399
2010/11/18,860.82
2010/11/19,1242
2010/11/20,1242
2010/11/21,1242
2010/11/22,1242
2010/11/23,1242
2010/11/24,1229
2010/11/25,1002
2010/11/26,1002
2010/11/27,1002
2010/11/28,1002
2010/11/29,1002
2010/11/30,1050
2010/12/01,1196
2010/12/02,1196
2010/12/03,1196
2010/12/04,1196
2010/12/05,1196
2010/12/06,1196
2010/12/07,1060
2010/12/08,1033
2010/12/09,1054
2010/12/10,1619
2010/12/11,1619
2010/12/12,1619
2010/12/13,1619
2010/12/14,1619
2010/12/15,1619
2010/12/16,1619
2010/12/17,1619
2010/12/18,1272
2010/12/19,1235
2010/12/20,1235
2010/12/21,1274
2010/12/22,1478
2010/12/23,1478
2010/12/24,1478
2010/12/25,1478
2010/12/26,1478
2010/12/27,1380
2010/12/28,998.392
2010/12/29,998.392
2010/12/30,998.392
2010/12/31,998.392
2011/01/01,998.392
2011/01/02,998.392
2011/01/03,1107
2011/01/04,1137
2011/01/05,1137
2011/01/06,1137
2011/01/07,1137
2011/01/08,1137
2011/01/09,1137
2011/01/10,1096
2011/01/11,1083
2011/01/12,1083
2011/01/13,1083
2011/01/14,1083
2011/01/15,1148
2011/01/16,1238
2011/01/17,1238
2011/01/18,1238
2011/01/19,839.502
2011/01/20,757.955
2011/01/21,757.955
2011/01/22,757.955
2011/01/23,757.955
2011/01/24,757.955
2011/01/25,757.955
2011/01/26,757.955
2011/01/27,855.681
2011/01/28,906.772
2011/01/29,611.975
2011/01/30,611.975
2011/01/31,611.975
2011/02/01,611.975
2011/02/02,611.975
2011/02/03,611.975
2011/02/04,611.975
2011/02/05,611.975
2011/02/06,611.975
2011/02/07,499.643
2011/02/08,451.137
2011/02/09,473.101
2011/02/10,473.101
2011/02/11,473.101
2011/02/12,473.101
2011/02/13,473.101
2011/02/14,473.101
2011/02/15,473.101
2011/02/16,428.711
2011/02/17,278.597
2011/02/18,396.456
2011/02/19,430.951
2011/02/20,430.951
2011/02/21,430.951
2011/02/22,430.951
2011/02/23,430.951
2011/02/24,430.951
2011/02/25,430.951
2011/02/26,430.951
2011/02/27,553.114
2011/02/28,675.661
2011/03/01,588.143
2011/03/02,588.143
2011/03/03,588.143
2011/03/04,588.143
2011/03/05,588.143
2011/03/06,588.143
2011/03/07,588.143
2011/03/08,588.143
2011/03/09,661.696
2011/03/10,521.879
2011/03/11,521.879
2011/03/12,521.879
2011/03/13,521.879
2011/03/14,521.879
2011/03/15,521.879
2011/03/16,521.879
2011/03/17,521.879
2011/03/18,521.879
2011/03/19,521.879
2011/03/20,521.879
2011/03/21,504.374
2011/03/22,426.041
2011/03/23,426.041
2011/03/24,426.041
2011/03/25,380.548
2011/03/26,376.229
2011/03/27,376.229
2011/03/28,376.229
2011/03/29,376.229
2011/03/30,376.229
2011/03/31,376.229
2011/04/01,376.229
2011/04/02,376.229
2011/04/03,333.549
2011/04/04,322.984
2011/04/05,328.9
2011/04/06,404.958
2011/04/07,404.958
2011/04/08,404.958
2011/04/09,404.958
2011/04/10,404.958
2011/04/11,404.958
2011/04/12,404.958
2011/04/13,404.958
2011/04/14,404.958
2011/04/15,378.672
2011/04/16,346.617
2011/04/17,346.617
2011/04/18,385.103
2011/04/19,400.864
2011/04/20,400.864
2011/04/21,400.864
2011/04/22,400.864
2011/04/23,400.864
2011/04/24,400.864
2011/04/25,400.864
2011/04/26,400.864
2011/04/27,349.647
2011/04/28,319.526
2011/04/29,319.526
2011/04/30,389.06
2011/05/01,398.22
2011/05/02,398.22
2011/05/03,398.22
2011/05/04,398.22
2011/05/05,398.22
2011/05/06,398.22
2011/05/07,398.22
2011/05/08,398.22
2011/05/09,361.827
2011/05/10,505.497
2011/05/11,505.497
2011/05/12,505.497
2011/05/13,505.497
2011/05/14,505.497
2011/05/15,505.497
2011/05/16,505.497
2011/05/17,505.497
2011/05/18,525.181
2011/05/19,616.059
2011/05/20,569.537
2011/05/21,569.537
2011/05/22,569.537
2011/05/23,569.537
2011/05/24,569.537
2011/05/25,569.537
2011/05/26,661.454
2011/05/27,1093
2011/05/28,869.654
2011/05/29,682.3
2011/05/30,682.3
2011/05/31,682.3
2011/06/01,682.3
2011/06/02,682.3
2011/06/03,682.3
2011/06/04,682.3
2011/06/05,682.3
2011/06/06,771.227
2011/06/07,805.143
2011/06/08,644.52
2011/06/09,644.52
2011/06/10,644.52
2011/06/11,644.52
2011/06/12,644.52
2011/06/13,644.52
2011/06/14,644.52
2011/06/15,803.313
2011/06/16,1051
2011/06/17,1051
2011/06/18,1051
2011/06/19,1051
2011/06/20,1051
2011/06/21,1051
2011/06/22,1051
2011/06/23,1160
2011/06/24,1448
2011/06/25,1899
2011/06/26,1899
2011/06/27,1899
2011/06/28,1899
2011/06/29,1899
2011/06/30,1899
2011/07/01,1899
2011/07/02,1899
2011/07/03,1899
2011/07/04,1872
2011/07/05,1575
2011/07/06,1608
2011/07/07,1798
2011/07/08,1798
2011/07/09,1798
2011/07/10,1798
2011/07/11,1798
2011/07/12,1798
2011/07/13,1798
2011/07/14,1798
2011/07/15,1798
2011/07/16,1798
2011/07/17,1648
2011/07/18,1593
2011/07/19,1615
2011/07/20,1731
2011/07/21,1731
2011/07/22,1731
2011/07/23,1731
2011/07/24,1731
2011/07/25,1731
2011/07/26,1731
2011/07/27,1731
2011/07/28,1731
2011/07/29,1471
2011/07/30,1442
2011/07/31,1442
2011/08/01,1548
2011/08/02,1622
2011/08/03,1622
2011/08/04,1622
2011/08/05,1622
2011/08/06,1622
2011/08/07,1536
2011/08/08,1100
2011/08/09,1100
2011/08/10,1100
2011/08/11,1100
2011/08/12,1100
2011/08/13,1100
2011/08/14,1100
2011/08/15,1099
2011/08/16,1011
2011/08/17,639.7
2011/08/18,639.7
2011/08/19,639.7
2011/08/20,639.7
2011/08/21,639.7
2011/08/22,639.7
2011/08/23,639.7
2011/08/24,550.41
2011/08/25,315.221
2011/08/26,315.221
2011/08/27,315.221
2011/08/28,315.221
2011/08/29,315.221
2011/08/30,310.031
2011/08/31,308.799
2011/09/01,308.799
2011/09/02,308.799
2011/09/03,308.799
2011/09/04,267.073
2011/09/05,213.391
2011/09/06,213.391
2011/09/07,213.391
2011/09/08,213.391
2011/09/09,213.391
2011/09/10,213.391
2011/09/11,213.391
2011/09/12,213.391
2011/09/13,156.471
2011/09/14,100.173
2011/09/15,100.173
2011/09/16,100.173
2011/09/17,100.173
2011/09/18,100.173
2011/09/19,100.173
2011/09/20,100.173
2011/09/21,100.173
2011/09/22,64.424
2011/09/23,27.279
2011/09/24,27.279
2011/09/25,27.279
2011/09/26,27.279
2011/09/27,27.135
2011/09/28,22.487
2011/09/29,22.487
2011/09/30,22.487
2011/10/01,22.487
2011/10/02,22.487
2011/10/03,22.487
2011/10/04,20.141
2011/10/05,8.081
2011/10/06,8.081
2011/10/07,8.081
2011/10/08,8.081
2011/10/09,8.081
2011/10/10,8.081
2011/10/11,8.081
2011/10/12,8.081
2011/10/13,8.081
2011/10/14,-5.355
2011/10/15,-6.067
2011/10/16,-6.067
2011/10/17,-7.296
2011/10/18,-13.171
2011/10/19,-13.171
2011/10/20,-13.171
2011/10/21,-13.171
2011/10/22,-13.171
2011/10/23,-13.171
2011/10/24,-13.171
2011/10/25,-13.171
2011/10/26,-13.171
2011/10/27,-13.171
2011/10/28,-13.171
2011/10/29,-13.171
2011/10/30,-18.76
2011/10/31,-34.572
2011/11/01,-36.284
2011/11/02,-36.284
2011/11/03,-36.284
2011/11/04,-36.284
2011/11/05,-36.284
2011/11/06,-36.284
2011/11/07,-36.284
2011/11/08,-36.284
2011/11/09,-36.284
2011/11/10,-36.284
2011/11/11,-36.284
2011/11/12,-36.284
2011/11/13,-36.24
2011/11/14,-33.764
2011/11/15,-33.959
2011/11/16,-33.959
2011/11/17,-33.959
2011/11/18,-33.959
2011/11/19,-33.959
2011/11/20,-33.959
2011/11/21,-33.959
2011/11/22,-33.959
2011/11/23,-33.959
2011/11/24,-33.959
2011/11/25,-33.959
2011/11/26,-33.959
2011/11/27,-33.959
2011/11/28,-33.123
2011/11/29,-35.328
2011/11/30,-38.647
2011/12/01,-38.647
2011/12/02,-38.647
2011/12/03,-38.647
2011/12/04,-38.647
2011/12/05,-38.647
2011/12/06,-38.647
2011/12/07,-38.647
2011/12/08,-38.647
2011/12/09,-38.647
2011/12/10,-38.647
2011/12/11,-38.647
2011/12/12,-37.607
2011/12/13,-34.202
2011/12/14,-34.202
2011/12/15,-34.202
2011/12/16,-34.202
2011/12/17,-34.202
2011/12/18,-34.202
2011/12/19,-34.202
2011/12/20,-34.202
2011/12/21,-34.202
2011/12/22,-34.202
2011/12/23,-34.202
2011/12/24,-34.202
2011/12/25,-34.202
2011/12/26,-34.061
2011/12/27,-31.338
2011/12/28,-31.338
2011/12/29,-31.338
2011/12/30,-31.338
2011/12/31,-31.338
2012/01/01,-31.338
2012/01/02,-31.338
2012/01/03,-31.338
2012/01/04,-31.338
2012/01/05,-31.338
2012/01/06,-31.338
2012/01/07,-31.338
2012/01/08,-30.217
2012/01/09,-25.962
2012/01/10,-25.962
2012/01/11,-25.962
2012/01/12,-15.451
2012/01/13,-14.81
2012/01/14,-14.81
2012/01/15,-14.81
2012/01/16,-14.81
2012/01/17,-14.81
2012/01/18,-14.81
2012/01/19,-14.81
2012/01/20,-14.81
2012/01/21,-14.81
2012/01/22,-11.529
2012/01/23,-10.93
2012/01/24,-10.93
2012/01/25,-10.93
2012/01/26,-10.93
2012/01/27,-10.93
2012/01/28,-10.93
2012/01/29,5.821
2012/01/30,8.664
2012/01/31,8.664
2012/02/01,8.664
2012/02/02,8.664
2012/02/03,8.664
2012/02/04,11.861
2012/02/05,14.64
2012/02/06,14.64
2012/02/07,14.64
2012/02/08,14.64
2012/02/09,14.64
2012/02/10,14.64
2012/02/11,14.64
2012/02/12,15.353
2012/02/13,15.694
2012/02/14,15.694
2012/02/15,15.694
2012/02/16,15.694
2012/02/17,15.694
2012/02/18,15.532
2012/02/19,15.413
2012/02/20,15.413
2012/02/21,15.413
2012/02/22,15.413
2012/02/23,15.413
2012/02/24,15.413
2012/02/25,15.413
2012/02/26,15.413
2012/02/27,19.708
2012/02/28,26.183
2012/02/29,26.183
2012/03/01,26.183
2012/03/02,32.541
2012/03/03,37.247
2012/03/04,37.247
2012/03/05,37.247
2012/03/06,37.247
2012/03/07,37.247
2012/03/08,37.247
2012/03/09,37.247
2012/03/10,37.247
2012/03/11,35.922
2012/03/12,29.604
2012/03/13,29.604
2012/03/14,29.604
2012/03/15,29.604
2012/03/16,29.684
2012/03/17,29.718
2012/03/18,29.718
2012/03/19,29.718
2012/03/20,29.718
2012/03/21,29.718
2012/03/22,29.718
2012/03/23,29.718
2012/03/24,29.718
2012/03/25,29.588
2012/03/26,29.171
2012/03/27,29.171
2012/03/28,29.171
2012/03/29,37.405
2012/03/30,40.229
2012/03/31,40.229
2012/04/01,40.229
2012/04/02,40.229
2012/04/03,40.229
2012/04/04,40.229
2012/04/05,40.229
2012/04/06,40.229
2012/04/07,37.975
2012/04/08,30.045
2012/04/09,30.045
2012/04/10,30.045
2012/04/11,30.045
2012/04/12,29.004
2012/04/13,26.157
2012/04/14,26.157
2012/04/15,26.157
2012/04/16,26.157
2012/04/17,26.157
2012/04/18,26.157
2012/04/19,26.157
2012/04/20,26.157
2012/04/21,21.478
2012/04/22,20.661
2012/04/23,20.661
2012/04/24,20.661
2012/04/25,20.661
2012/04/26,20.661
2012/04/27,16.852
2012/04/28,15.36
2012/04/29,15.36
2012/04/30,15.36
2012/05/01,15.36
2012/05/02,15.36
2012/05/03,15.36
2012/05/04,12.062
2012/05/05,9.346
2012/05/06,9.346
2012/05/07,9.346
2012/05/08,9.346
2012/05/09,16.408
2012/05/10,25.627
2012/05/11,25.627
2012/05/12,25.627
2012/05/13,25.627
2012/05/14,25.627
2012/05/15,25.627
2012/05/16,25.627
2012/05/17,25.627
2012/05/18,25.803
2012/05/19,25.932
2012/05/20,25.932
2012/05/21,25.932
2012/05/22,25.932
2012/05/23,25.932
2012/05/24,23.454
2012/05/25,15.605
2012/05/26,15.605
2012/05/27,15.605
2012/05/28,15.605
2012/05/29,15.605
2012/05/30,15.605
2012/05/31,10.06
2012/06/01,6.286
2012/06/02,6.286
2012/06/03,6.286
2012/06/04,6.286
2012/06/05,6.286
2012/06/06,6.286
2012/06/07,6.164
2012/06/08,5.758
2012/06/09,5.758
2012/06/10,5.758
2012/06/11,5.758
2012/06/12,5.758
2012/06/13,5.758
2012/06/14,5.693
2012/06/15,5.665
2012/06/16,5.665
2012/06/17,5.665
2012/06/18,5.665
2012/06/19,5.665
2012/06/20,8.437
2012/06/21,15.235
2012/06/22,15.235
2012/06/23,15.235
2012/06/24,15.235
2012/06/25,15.235
2012/06/26,15.235
2012/06/27,8.33
2012/06/28,6.149
2012/06/29,6.149
2012/06/30,6.149
2012/07/01,6.149
2012/07/02,6.149
2012/07/03,6.149
2012/07/04,6.965
2012/07/05,7.679
2012/07/06,7.679
2012/07/07,7.679
2012/07/08,7.679
2012/07/09,7.679
2012/07/10,7.679
2012/07/11,8.548
2012/07/12,10.998
2012/07/13,10.998
2012/07/14,10.998
2012/07/15,10.998
2012/07/16,10.998
2012/07/17,13.751
2012/07/18,18.282
2012/07/19,18.282
2012/07/20,18.282
2012/07/21,18.282
2012/07/22,18.282
2012/07/23,18.282
2012/07/24,18.282
2012/07/25,18.282
2012/07/26,22.138
2012/07/27,23.718
2012/07/28,23.718
2012/07/29,23.718
2012/07/30,29.297
2012/07/31,35.005
2012/08/01,35.005
2012/08/02,35.005
2012/08/03,35.005
2012/08/04,35.005
2012/08/05,35.005
2012/08/06,35.005
2012/08/07,26.815
2012/08/08,17.509
2012/08/09,17.509
2012/08/10,17.509
2012/08/11,17.509
2012/08/12,21.985
2012/08/13,26.405
2012/08/14,26.405
2012/08/15,26.405
2012/08/16,26.405
2012/08/17,26.405
2012/08/18,26.405
2012/08/19,26.405
2012/08/20,26.405
2012/08/21,26.405
2012/08/22,28.943
2012/08/23,37.697
2012/08/24,37.697
2012/08/25,52.144
2012/08/26,53.396
2012/08/27,53.396
2012/08/28,53.396
2012/08/29,53.396
2012/08/30,53.396
2012/08/31,53.396
2012/09/01,53.396
2012/09/02,53.396
2012/09/03,53.396
2012/09/04,53.396
2012/09/05,53.571
2012/09/06,57.343
2012/09/07,70.167
2012/09/08,70.167
2012/09/09,70.167
2012/09/10,70.167
2012/09/11,70.167
2012/09/12,70.167
2012/09/13,70.167
2012/09/14,70.167
2012/09/15,70.167
2012/09/16,70.167
2012/09/17,70.167
2012/09/18,65.817
2012/09/19,56.943
2012/09/20,65.886
2012/09/21,65.886
2012/09/22,65.886
2012/09/23,65.886
2012/09/24,65.886
2012/09/25,65.886
2012/09/26,65.886
2012/09/27,65.886
2012/09/28,65.886
2012/09/29,65.886
2012/09/30,65.886
2012/10/01,65.886
2012/10/02,64.621
2012/10/03,73.424
2012/10/04,74.405
2012/10/05,74.405
2012/10/06,74.405
2012/10/07,74.405
2012/10/08,74.405
2012/10/09,74.405
2012/10/10,74.405
2012/10/11,74.405
2012/10/12,74.405
2012/10/13,74.405
2012/10/14,74.405
2012/10/15,70.185
2012/10/16,63.708
2012/10/17,64.613
2012/10/18,64.613
2012/10/19,64.613
2012/10/20,64.613
2012/10/21,64.613
2012/10/22,64.613
2012/10/23,64.613
2012/10/24,64.613
2012/10/25,64.613
2012/10/26,64.613
2012/10/27,64.613
2012/10/28,57.509
2012/10/29,50.85
2012/10/30,62.243
2012/10/31,62.243
2012/11/01,62.243
2012/11/02,62.243
2012/11/03,62.243
2012/11/04,62.243
2012/11/05,62.243
2012/11/06,62.243
2012/11/07,62.243
2012/11/08,62.243
2012/11/09,62.243
2012/11/10,56.29
2012/11/11,50.824
2012/11/12,51.604
2012/11/13,53.764
2012/11/14,53.764
2012/11/15,53.764
2012/11/16,53.764
2012/11/17,53.764
2012/11/18,53.764
2012/11/19,53.764
2012/11/20,53.764
2012/11/21,53.764
2012/11/22,53.764
2012/11/23,39.163
2012/11/24,38.028
2012/11/25,38.028
2012/11/26,39.401
2012/11/27,40.902
2012/11/28,40.902
2012/11/29,40.902
2012/11/30,40.902
2012/12/01,40.902
2012/12/02,40.902
2012/12/03,40.902
2012/12/04,40.902
2012/12/05,38.052
2012/12/06,27.648
2012/12/07,27.648
2012/12/08,27.648
2012/12/09,27.648
2012/12/10,27.042
2012/12/11,25.097
2012/12/12,25.097
2012/12/13,25.097
2012/12/14,25.097
2012/12/15,25.097
2012/12/16,25.097
2012/12/17,25.097
2012/12/18,24.373
2012/12/19,17.668
2012/12/20,17.668
2012/12/21,17.668
2012/12/22,17.668
2012/12/23,17.668
2012/12/24,17.668
2012/12/25,17.668
2012/12/26,11.116
2012/12/27,4.032
2012/12/28,4.032
2012/12/29,4.032
2012/12/30,4.032
2012/12/31,4.032
2013/01/01,-1.903
2013/01/02,-2.455
2013/01/03,-2.455
2013/01/04,-2.455
2013/01/05,-2.455
2013/01/06,-2.455
2013/01/07,-2.455
2013/01/08,2.063
2013/01/09,6.381
2013/01/10,6.381
2013/01/11,6.381
2013/01/12,6.381
2013/01/13,6.381
2013/01/14,6.353
2013/01/15,5.769
2013/01/16,5.769
2013/01/17,5.769
2013/01/18,5.769
2013/01/19,5.769
2013/01/20,5.769
2013/01/21,5.769
2013/01/22,5.769
2013/01/23,3.738
2013/01/24,-3.37
2013/01/25,-3.37
2013/01/26,-3.37
2013/01/27,-3.37
2013/01/28,-10.156
2013/01/29,-10.156
2013/01/30,-10.156
2013/01/31,-10.156
2013/02/01,-10.156
2013/02/02,-10.156
2013/02/03,-10.156
2013/02/04,-10.156
2013/02/05,-5.71
2013/02/06,-0.874
2013/02/07,-0.874
2013/02/08,-0.874
2013/02/09,-0.874
2013/02/10,-1.384
2013/02/11,-2.77
2013/02/12,-2.77
2013/02/13,-2.77
2013/02/14,-2.77
2013/02/15,-2.77
2013/02/16,-2.77
2013/02/17,-2.77
2013/02/18,8.032
2013/02/19,8.378
2013/02/20,8.378
2013/02/21,8.378
2013/02/22,8.378
2013/02/23,8.378
2013/02/24,7.311
2013/02/25,6.168
2013/02/26,6.168
2013/02/27,6.168
2013/02/28,6.168
2013/03/01,11.791
2013/03/02,27.013
2013/03/03,27.013
2013/03/04,27.013
2013/03/05,27.013
2013/03/06,27.013
2013/03/07,27.013
2013/03/08,27.013
2013/03/09,27.013
2013/03/10,27.62
2013/03/11,29.604
2013/03/12,29.604
2013/03/13,29.604
2013/03/14,38.431
2013/03/15,43.839
2013/03/16,43.839
2013/03/17,43.839
2013/03/18,43.839
2013/03/19,43.839
2013/03/20,43.839
2013/03/21,43.839
2013/03/22,43.839
2013/03/23,43.839
2013/03/24,65.601
2013/03/25,98.678
2013/03/26,110.394
2013/03/27,124.72
2013/03/28,124.72
2013/03/29,124.72
2013/03/30,124.72
2013/03/31,124.72
2013/04/01,124.72
2013/04/02,124.72
2013/04/03,124.72
2013/04/04,124.72
2013/04/05,135.098
2013/04/06,157.515
2013/04/07,157.515
2013/04/08,146.116
2013/04/09,136.125
2013/04/10,136.125
2013/04/11,136.125
2013/04/12,136.125
2013/04/13,136.125
2013/04/14,136.125
2013/04/15,136.125
2013/04/16,136.125
2013/04/17,147.366
2013/04/18,176.17
2013/04/19,176.17
2013/04/20,176.17
2013/04/21,176.17
2013/04/22,176.17
2013/04/23,181.577
2013/04/24,202.289
2013/04/25,202.289
2013/04/26,202.289
2013/04/27,202.289
2013/04/28,202.289
2013/04/29,202.289
2013/04/30,231.935
2013/05/01,239.409
2013/05/02,239.409
2013/05/03,239.409
2013/05/04,239.409
2013/05/05,239.409
2013/05/06,223.405
2013/05/07,207.629
2013/05/08,207.629
2013/05/09,207.629
2013/05/10,207.629
2013/05/11,207.629
2013/05/12,214.494
2013/05/13,241.547
2013/05/14,241.547
2013/05/15,241.547
2013/05/16,241.547
2013/05/17,241.547
2013/05/18,241.547
2013/05/19,207.397
2013/05/20,206.415
2013/05/21,206.415
2013/05/22,206.415
2013/05/23,206.415
2013/05/24,206.415
2013/05/25,213.632
2013/05/26,232.878
2013/05/27,232.878
2013/05/28,232.878
2013/05/29,232.878
2013/05/30,216.135
2013/05/31,178.245
2013/06/01,178.245
2013/06/02,178.245
2013/06/03,178.245
2013/06/04,178.245
2013/06/05,208.314
2013/06/06,257.282
2013/06/07,257.282
2013/06/08,257.282
2013/06/09,257.282
2013/06/10,257.282
2013/06/11,257.282
2013/06/12,234.498
2013/06/13,221.922
2013/06/14,221.922
2013/06/15,221.922
2013/06/16,228.999
2013/06/17,298.941
2013/06/18,298.941
2013/06/19,298.941
2013/06/20,298.941
2013/06/21,298.941
2013/06/22,246.516
2013/06/23,188.826
2013/06/24,188.826
2013/06/25,188.826
2013/06/26,188.826
2013/06/27,188.826
2013/06/28,188.826
2013/06/29,201.35
2013/06/30,218.636
2013/07/01,218.636
2013/07/02,218.636
2013/07/03,218.636
2013/07/04,204.57
2013/07/05,178.057
2013/07/06,178.057
2013/07/07,178.057
2013/07/08,178.057
2013/07/09,178.057
2013/07/10,178.057
2013/07/11,240.25
2013/07/12,240.973
2013/07/13,240.973
2013/07/14,240.973
2013/07/15,240.973
2013/07/16,225.479
2013/07/17,191.531
2013/07/18,191.531
2013/07/19,191.531
2013/07/20,191.531
2013/07/21,191.531
2013/07/22,202.884
2013/07/23,248.294
2013/07/24,248.294
2013/07/25,248.294
2013/07/26,248.294
2013/07/27,248.294
2013/07/28,248.294
2013/07/29,217.187
2013/07/30,210.203
2013/07/31,210.203
2013/08/01,210.203
2013/08/02,210.203
2013/08/03,238.859
2013/08/04,271.096
2013/08/05,271.096
2013/08/06,271.096
2013/08/07,271.096
2013/08/08,271.096
2013/08/09,271.096
2013/08/10,262.997
2013/08/11,234.244
2013/08/12,234.244
2013/08/13,255.872
2013/08/14,354.18
2013/08/15,354.18
2013/08/16,354.18
2013/08/17,354.18
2013/08/18,354.18
2013/08/19,354.18
2013/08/20,354.18
2013/08/21,354.18
2013/08/22,354.18
2013/08/23,343.729
2013/08/24,361.737
2013/08/25,441.001
2013/08/26,441.001
2013/08/27,441.001
2013/08/28,441.001
2013/08/29,441.001
2013/08/30,441.001
2013/08/31,441.001
2013/09/01,441.001
2013/09/02,441.001
2013/09/03,388.24
2013/09/04,423.752
2013/09/05,457.062
2013/09/06,457.062
2013/09/07,457.062
2013/09/08,457.062
2013/09/09,457.062
2013/09/10,457.062
2013/09/11,457.062
2013/09/12,457.062
2013/09/13,457.062
2013/09/14,446.556
2013/09/15,482.383
2013/09/16,482.383
2013/09/17,482.383
2013/09/18,482.383
2013/09/19,482.383
2013/09/20,482.383
2013/09/21,482.383
2013/09/22,482.383
2013/09/23,482.383
2013/09/24,482.383
2013/09/25,550.515
2013/09/26,669.519
2013/09/27,637.538
2013/09/28,597.525
2013/09/29,597.525
2013/09/30,597.525
2013/10/01,597.525
2013/10/02,597.525
2013/10/03,597.525
2013/10/04,597.525
2013/10/05,597.525
2013/10/06,669.283
2013/10/07,787.173
2013/10/08,787.173
2013/10/09,625.01
2013/10/10,623.473
2013/10/11,623.473
2013/10/12,623.473
2013/10/13,623.473
2013/10/14,623.473
2013/10/15,623.473
2013/10/16,740.558
2013/10/17,923.325
2013/10/18,923.325
2013/10/19,923.325
2013/10/20,884.969
2013/10/21,756.549
2013/10/22,756.549
2013/10/23,756.549
2013/10/24,756.549
2013/10/25,756.549
2013/10/26,1094
2013/10/27,1151
2013/10/28,1151
2013/10/29,1151
2013/10/30,1151
2013/10/31,1151
2013/11/01,1045
2013/11/02,945.466
2013/11/03,945.466
2013/11/04,945.466
2013/11/05,1003
2013/11/06,1266
2013/11/07,1266
2013/11/08,1266
2013/11/09,1266
2013/11/10,1266
2013/11/11,1183
2013/11/12,905.563
2013/11/13,905.563
2013/11/14,905.563
2013/11/15,905.563
2013/11/16,905.563
2013/11/17,968.131
2013/11/18,1100
2013/11/19,1100
2013/11/20,1100
2013/11/21,1100
2013/11/22,986.097
2013/11/23,826.969
2013/11/24,826.969
2013/11/25,826.969
2013/11/26,826.969
2013/11/27,826.969
2013/11/28,826.969
2013/11/29,864.849
2013/11/30,975.905
2013/12/01,975.905
2013/12/02,975.905
2013/12/03,765.493
2013/12/04,713.739
2013/12/05,713.739
2013/12/06,713.739
2013/12/07,713.739
2013/12/08,713.739
2013/12/09,713.739
2013/12/10,791.992
2013/12/11,944.886
2013/12/12,944.886
2013/12/13,942.06
2013/12/14,706.501
2013/12/15,706.501
2013/12/16,706.501
2013/12/17,706.501
2013/12/18,706.501
2013/12/19,706.501
2013/12/20,706.501
2013/12/21,847.799
2013/12/22,948.511
2013/12/23,948.511
2013/12/24,838.695
2013/12/25,693.529
2013/12/26,693.529
2013/12/27,693.529
2013/12/28,693.529
2013/12/29,693.529
2013/12/30,693.529
2013/12/31,693.529
2014/01/01,693.529
2014/01/02,844.819
2014/01/03,853.158
2014/01/04,764.247
2014/01/05,649.404
2014/01/06,649.404
2014/01/07,649.404
2014/01/08,649.404
2014/01/09,649.404
2014/01/10,649.404
2014/01/11,649.404
2014/01/12,649.404
2014/01/13,814.123
2014/01/14,713.748
2014/01/15,568.412
2014/01/16,568.412
2014/01/17,568.412
2014/01/18,568.412
2014/01/19,568.412
2014/01/20,568.412
2014/01/21,568.412
2014/01/22,568.412
2014/01/23,568.412
2014/01/24,420.031
2014/01/25,461.189
2014/01/26,461.189
2014/01/27,461.189
2014/01/28,461.189
2014/01/29,461.189
2014/01/30,461.189
2014/01/31,461.189
2014/02/01,461.189
2014/02/02,461.189
2014/02/03,432.089
2014/02/04,329.383
2014/02/05,383.179
2014/02/06,413.066
2014/02/07,413.066
2014/02/08,413.066
2014/02/09,413.066
2014/02/10,413.066
2014/02/11,413.066
2014/02/12,413.066
2014/02/13,413.066
2014/02/14,413.066
2014/02/15,383.011
2014/02/16,330.103
2014/02/17,412.404
2014/02/18,413.48
2014/02/19,413.48
2014/02/20,413.48
2014/02/21,413.48
2014/02/22,413.48
2014/02/23,413.48
2014/02/24,413.48
2014/02/25,413.48
2014/02/26,413.48
2014/02/27,393.321
2014/02/28,386.342
2014/03/01,439.395
2014/03/02,439.395
2014/03/03,439.395
2014/03/04,439.395
2014/03/05,439.395
2014/03/06,439.395
2014/03/07,439.395
2014/03/08,439.395
2014/03/09,439.395
2014/03/10,392.075
2014/03/11,320.072
2014/03/12,320.072
2014/03/13,364.362
2014/03/14,367.905
2014/03/15,367.905
2014/03/16,367.905
2014/03/17,367.905
2014/03/18,367.905
2014/03/19,367.905
2014/03/20,367.905
2014/03/21,298.15
2014/03/22,259.906
2014/03/23,259.906
2014/03/24,261.61
2014/03/25,323.979
2014/03/26,323.979
2014/03/27,323.979
2014/03/28,323.979
2014/03/29,323.979
2014/03/30,323.979
2014/03/31,323.979
2014/04/01,323.979
2014/04/02,256.089
2014/04/03,252.973
2014/04/04,252.973
2014/04/05,291.971
2014/04/06,331.428
2014/04/07,331.428
2014/04/08,331.428
2014/04/09,331.428
2014/04/10,331.428
2014/04/11,331.428
2014/04/12,331.428
2014/04/13,253.687
2014/04/14,241.971
2014/04/15,241.971
2014/04/16,241.971
2014/04/17,253.617
2014/04/18,289.978
2014/04/19,289.978
2014/04/20,289.978
2014/04/21,289.978
2014/04/22,289.978
2014/04/23,289.978
2014/04/24,259.47
2014/04/25,218.11
2014/04/26,218.11
2014/04/27,218.11
2014/04/28,218.11
2014/04/29,220.289
2014/04/30,264.696
2014/05/01,264.696
2014/05/02,264.696
2014/05/03,264.696
2014/05/04,264.696
2014/05/05,264.696
2014/05/06,224.092
2014/05/07,205.213
2014/05/08,205.213
2014/05/09,205.213
2014/05/10,205.213
2014/05/11,205.213
2014/05/12,218.896
2014/05/13,237.736
2014/05/14,237.736
2014/05/15,237.736
2014/05/16,237.736
2014/05/17,237.736
2014/05/18,183.489
2014/05/19,182.895
2014/05/20,182.895
2014/05/21,182.895
2014/05/22,182.895
2014/05/23,182.895
2014/05/24,207.165
2014/05/25,234.094
2014/05/26,234.094
2014/05/27,234.094
2014/05/28,234.094
2014/05/29,203.908
2014/05/30,174.017
2014/05/31,174.017
2014/06/01,174.017
2014/06/02,174.017
2014/06/03,174.017
2014/06/04,174.017
2014/06/05,177.381
2014/06/06,208.108
2014/06/07,208.108
2014/06/08,208.108
2014/06/09,208.108
2014/06/10,208.108
2014/06/11,178.721
2014/06/12,176.611
2014/06/13,176.611
2014/06/14,176.611
2014/06/15,176.611
2014/06/16,176.611
2014/06/17,176.611
2014/06/18,209.891
2014/06/19,216.75
2014/06/20,216.75
2014/06/21,216.75
2014/06/22,215.258
2014/06/23,168.883
2014/06/24,168.883
2014/06/25,168.883
2014/06/26,168.883
2014/06/27,168.883
2014/06/28,168.883
2014/06/29,208.159
2014/06/30,235.908
2014/07/01,235.908
2014/07/02,235.908
2014/07/03,235.908
2014/07/04,202.488
2014/07/05,174.824
2014/07/06,174.824
2014/07/07,174.824
2014/07/08,174.824
2014/07/09,174.824
2014/07/10,174.824
2014/07/11,174.824
2014/07/12,175.093
2014/07/13,183.286
2014/07/14,183.286
2014/07/15,183.286
2014/07/16,173.955
2014/07/17,148.412
2014/07/18,148.412
2014/07/19,148.412
2014/07/20,148.412
2014/07/21,148.412
2014/07/22,148.412
2014/07/23,148.412
2014/07/24,148.412
2014/07/25,149.889
2014/07/26,168.475
2014/07/27,168.475
2014/07/28,166.648
2014/07/29,134.18
2014/07/30,134.18
2014/07/31,134.18
2014/08/01,134.18
2014/08/02,134.18
2014/08/03,134.18
2014/08/04,134.18
2014/08/05,134.18
2014/08/06,134.18
2014/08/07,134.18
2014/08/08,144.158
2014/08/09,146.594
2014/08/10,136.013
2014/08/11,122.848
2014/08/12,122.848
2014/08/13,122.848
2014/08/14,122.848
2014/08/15,122.848
2014/08/16,122.848
2014/08/17,122.848
2014/08/18,122.848
2014/08/19,129.845
2014/08/20,169.327
2014/08/21,169.327
2014/08/22,148.047
2014/08/23,128.054
2014/08/24,128.054
2014/08/25,128.054
2014/08/26,128.054
2014/08/27,128.054
2014/08/28,128.054
2014/08/29,128.054
2014/08/30,128.054
2014/08/31,128.601
2014/09/01,162.331
2014/09/02,162.331
2014/09/03,159.15
2014/09/04,133.305
2014/09/05,133.305
2014/09/06,133.305
2014/09/07,133.305
2014/09/08,133.305
2014/09/09,133.305
2014/09/10,133.305
2014/09/11,133.305
2014/09/12,133.305
2014/09/13,136.465
2014/09/14,153.729
2014/09/15,153.729
2014/09/16,126.48
2014/09/17,121.575
2014/09/18,121.575
2014/09/19,121.575
2014/09/20,121.575
2014/09/21,121.575
2014/09/22,121.575
2014/09/23,121.575
2014/09/24,121.575
2014/09/25,125.957
2014/09/26,157.465
2014/09/27,124.65
2014/09/28,106.092
2014/09/29,106.092
2014/09/30,106.092
2014/10/01,106.092
2014/10/02,106.092
2014/10/03,106.092
2014/10/04,106.092
2014/10/05,106.092
2014/10/06,106.092
2014/10/07,106.092
2014/10/08,106.092
2014/10/09,106.667
2014/10/10,107.916
2014/10/11,101.903
2014/10/12,101.903
2014/10/13,101.903
2014/10/14,101.903
2014/10/15,101.903
2014/10/16,101.903
2014/10/17,101.903
2014/10/18,101.903
2014/10/19,101.903
2014/10/20,101.903
2014/10/21,101.903
2014/10/22,101.903
2014/10/23,104.368
2014/10/24,92.062
2014/10/25,92.062
2014/10/26,92.062
2014/10/27,92.062
2014/10/28,92.062
2014/10/29,92.062
2014/10/30,92.062
2014/10/31,92.062
2014/11/01,92.062
2014/11/02,92.062
2014/11/03,92.062
2014/11/04,92.062
2014/11/05,108.014
2014/11/06,102.734
2014/11/07,100.732
2014/11/08,100.732
2014/11/09,100.732
2014/11/10,100.732
2014/11/11,100.732
2014/11/12,100.732
2014/11/13,100.732
2014/11/14,100.732
2014/11/15,100.732
2014/11/16,100.732
2014/11/17,94.621
2014/11/18,66.375
2014/11/19,69.011
2014/11/20,69.011
2014/11/21,69.011
2014/11/22,69.011
2014/11/23,69.011
2014/11/24,69.011
2014/11/25,69.011
2014/11/26,69.011
2014/11/27,69.011
2014/11/28,69.011
2014/11/29,68.606
2014/11/30,46.927
2014/12/01,46.927
2014/12/02,46.906
2014/12/03,45.86
2014/12/04,45.86
2014/12/05,45.86
2014/12/06,45.86
2014/12/07,45.86
2014/12/08,45.86
2014/12/09,45.86
2014/12/10,45.86
2014/12/11,45.86
2014/12/12,43.911
2014/12/13,34.119
2014/12/14,34.119
2014/12/15,34.119
2014/12/16,34.119
2014/12/17,32.622
2014/12/18,32.276
2014/12/19,32.276
2014/12/20,32.276
2014/12/21,32.276
2014/12/22,32.276
2014/12/23,32.276
2014/12/24,29.711
2014/12/25,13.837
2014/12/26,13.837
2014/12/27,13.837
2014/12/28,13.837
2014/12/29,13.837
2014/12/30,14.652
2014/12/31,17.251
2015/01/01,17.251
2015/01/02,17.251
2015/01/03,17.251
2015/01/04,17.251
2015/01/05,17.251
2015/01/06,17.251
2015/01/07,16.925
2015/01/08,16.109
2015/01/09,16.109
2015/01/10,16.109
2015/01/11,16.109
2015/01/12,17.583
2015/01/13,25.624
2015/01/14,25.624
2015/01/15,25.624
2015/01/16,25.624
2015/01/17,25.624
2015/01/18,25.624
2015/01/19,25.624
2015/01/20,25.624
2015/01/21,23.375
2015/01/22,22.192
2015/01/23,22.192
2015/01/24,22.192
2015/01/25,22.192
2015/01/26,22.192
2015/01/27,19.374
2015/01/28,14.693
2015/01/29,14.693
2015/01/30,14.693
2015/01/31,14.693
2015/02/01,14.693
2015/02/02,14.693
2015/02/03,5.897
2015/02/04,4.215
2015/02/05,4.215
2015/02/06,4.215
2015/02/07,4.215
2015/02/08,4.215
2015/02/09,7.21
2015/02/10,12.251
2015/02/11,12.251
2015/02/12,12.251
2015/02/13,12.251
2015/02/14,12.251
2015/02/15,12.251
2015/02/16,12.059
2015/02/17,10.311
2015/02/18,10.311
2015/02/19,10.311
2015/02/20,10.311
2015/02/21,10.311
2015/02/22,10.348
2015/02/23,15.842
2015/02/24,15.842
2015/02/25,15.842
2015/02/26,15.842
2015/02/27,15.842
2015/02/28,15.842
2015/03/01,15.842
2015/03/02,15.859
2015/03/03,16.689
2015/03/04,16.689
2015/03/05,16.689
2015/03/06,16.689
2015/03/07,16.689
2015/03/08,17.058
2015/03/09,18.547
2015/03/10,18.547
2015/03/11,18.547
2015/03/12,18.547
2015/03/13,18.547
2015/03/14,18.547
2015/03/15,18.547
2015/03/16,18.547
2015/03/17,19.885
2015/03/18,20.199
2015/03/19,20.199
2015/03/20,20.199
2015/03/21,20.199
2015/03/22,20.173
2015/03/23,18.399
2015/03/24,18.399
2015/03/25,18.399
2015/03/26,18.399
2015/03/27,18.399
2015/03/28,18.399
2015/03/29,18.399
2015/03/30,17.558
2015/03/31,14.952
2015/04/01,14.952
2015/04/02,14.952
2015/04/03,14.952
2015/04/04,14.952
2015/04/05,20.532
2015/04/06,21.666
2015/04/07,21.666
2015/04/08,21.666
2015/04/09,21.666
2015/04/10,21.666
2015/04/11,21.666
2015/04/12,20.141
2015/04/13,12.451
2015/04/14,12.451
2015/04/15,12.451
2015/04/16,12.451
2015/04/17,12.451
2015/04/18,12.451
2015/04/19,11.155
2015/04/20,8.276
2015/04/21,8.276
2015/04/22,8.276
2015/04/23,8.276
2015/04/24,8.276
2015/04/25,8.276
2015/04/26,8.276
2015/04/27,10.832
2015/04/28,15.356
2015/04/29,15.356
2015/04/30,15.356
2015/05/01,15.356
2015/05/02,15.356
2015/05/03,15.376
2015/05/04,15.435
2015/05/05,15.435
2015/05/06,15.435
2015/05/07,15.435
2015/05/08,15.435
2015/05/09,15.435
2015/05/10,12.211
2015/05/11,7.171
2015/05/12,7.171
2015/05/13,7.171
2015/05/14,7.171
2015/05/15,7.171
2015/05/16,7.171
2015/05/17,8.488
2015/05/18,9.79
2015/05/19,9.79
2015/05/20,9.79
2015/05/21,9.79
2015/05/22,9.79
2015/05/23,9.753
2015/05/24,4.548
2015/05/25,4.548
2015/05/26,4.548
2015/05/27,4.548
2015/05/28,4.548
2015/05/29,4.548
2015/05/30,4.548
2015/05/31,3.966
2015/06/01,1.939
2015/06/02,1.939
2015/06/03,1.939
2015/06/04,1.939
2015/06/05,1.939
2015/06/06,1.618
2015/06/07,0.342
2015/06/08,0.342
2015/06/09,0.342
2015/06/10,0.342
2015/06/11,0.342
2015/06/12,0.342
2015/06/13,0.342
2015/06/14,3.577
2015/06/15,4.775
2015/06/16,4.775
2015/06/17,4.775
2015/06/18,4.775
2015/06/19,4.775
2015/06/20,4.797
2015/06/21,6.368
2015/06/22,6.368
2015/06/23,6.368
2015/06/24,6.368
2015/06/25,6.368
2015/06/26,6.368
2015/06/27,6.368
2015/06/28,5.936
2015/06/29,5.746
2015/06/30,5.746
2015/07/01,5.746
2015/07/02,5.746
2015/07/03,5.746
2015/07/04,0.85
2015/07/05,-0.09
2015/07/06,-0.09
2015/07/07,-0.09
2015/07/08,-0.09
2015/07/09,-0.09
2015/07/10,-0.09
2015/07/11,0.414
2015/07/12,3.296
2015/07/13,3.296
2015/07/14,3.296
2015/07/15,3.296
2015/07/16,3.296
2015/07/17,3.296
2015/07/18,4.501
2015/07/19,7.279
2015/07/20,7.279
2015/07/21,7.279
2015/07/22,7.279
2015/07/23,7.279
2015/07/24,7.279
2015/07/25,8.394
2015/07/26,9.804
2015/07/27,9.804
2015/07/28,9.804
2015/07/29,9.804
2015/07/30,9.804
2015/07/31,9.804
2015/08/01,9.785
2015/08/02,9.728
2015/08/03,9.728
2015/08/04,9.728
2015/08/05,9.728
2015/08/06,9.728
2015/08/07,9.728
2015/08/08,10.228
2015/08/09,10.613
2015/08/10,10.613
2015/08/11,10.613
2015/08/12,10.613
2015/08/13,10.613
2015/08/14,10.613
2015/08/15,9.27
2015/08/16,7.975
2015/08/17,7.975
2015/08/18,7.975
2015/08/19,7.975
2015/08/20,7.975
2015/08/21,7.975
2015/08/22,11.064
2015/08/23,11.165
2015/08/24,11.165
2015/08/25,11.165
2015/08/26,11.165
2015/08/27,11.165
2015/08/28,11.165
2015/08/29,11.787
2015/08/30,14.009
2015/08/31,14.009
2015/09/01,14.009
2015/09/02,14.009
2015/09/03,14.009
2015/09/04,17.539
2015/09/05,19.685
2015/09/06,19.685
2015/09/07,19.685
2015/09/08,19.685
2015/09/09,19.685
2015/09/10,19.685
2015/09/11,19.685
2015/09/12,15.947
2015/09/13,14.62
2015/09/14,14.62
2015/09/15,14.62
2015/09/16,14.62
2015/09/17,15.351
2015/09/18,19.405
2015/09/19,19.405
2015/09/20,19.405
2015/09/21,19.405
2015/09/22,19.405
2015/09/23,19.405
2015/09/24,19.405
2015/09/25,19.405
2015/09/26,19.892
2015/09/27,20.107
2015/09/28,20.107
2015/09/29,20.107
2015/09/30,20.107
2015/10/01,21.452
2015/10/02,23.099
2015/10/03,23.099
2015/10/04,23.099
2015/10/05,23.099
2015/10/06,23.099
2015/10/07,23.099
2015/10/08,23.099
2015/10/09,22.482
2015/10/10,19.063
2015/10/11,19.063
2015/10/12,19.063
2015/10/13,19.063
2015/10/14,19.063
2015/10/15,19.133
2015/10/16,19.202
2015/10/17,19.202
2015/10/18,19.202
2015/10/19,19.202
2015/10/20,19.202
2015/10/21,19.202
2015/10/22,19.202
2015/10/23,17.976
2015/10/24,16.461
2015/10/25,16.461
2015/10/26,16.461
2015/10/27,16.461
2015/10/28,16.461
2015/10/29,18.683
2015/10/30,19.082
2015/10/31,19.082
2015/11/01,19.082
2015/11/02,19.082
2015/11/03,19.082
2015/11/04,19.082
2015/11/05,19.082
2015/11/06,18.542
2015/11/07,18.129
2015/11/08,18.129
2015/11/09,18.129
2015/11/10,18.129
2015/11/11,21.824
2015/11/12,24.95
2015/11/13,24.95
2015/11/14,24.95
2015/11/15,24.95
2015/11/16,24.95
2015/11/17,24.95
2015/11/18,24.95
2015/11/19,24.95
2015/11/20,21.475
2015/11/21,21.364
2015/11/22,21.364
2015/11/23,21.364
2015/11/24,32.817
2015/11/25,34.035
2015/11/26,34.035
2015/11/27,34.035
2015/11/28,34.035
2015/11/29,34.035
2015/11/30,34.035
2015/12/01,34.035
2015/12/02,34.035
2015/12/03,30.01
2015/12/04,27.679
2015/12/05,27.679
2015/12/06,27.96
2015/12/07,38.879
2015/12/08,38.879
2015/12/09,38.879
2015/12/10,38.879
2015/12/11,38.879
2015/12/12,38.879
2015/12/13,38.879
2015/12/14,38.879
2015/12/15,38.879
2015/12/16,37.999
2015/12/17,33.314
2015/12/18,36.605
2015/12/19,57.492
2015/12/20,57.492
2015/12/21,57.492
2015/12/22,57.492
2015/12/23,57.492
2015/12/24,57.492
2015/12/25,57.492
2015/12/26,57.492
2015/12/27,57.492
2015/12/28,57.492
2015/12/29,57.492
2015/12/30,55.748
2015/12/31,63.087
2016/01/01,70.819
2016/01/02,70.819
2016/01/03,70.819
2016/01/04,70.819
2016/01/05,70.819
2016/01/06,70.819
2016/01/07,70.819
2016/01/08,70.819
2016/01/09,70.819
2016/01/10,70.819
2016/01/11,70.819
2016/01/12,70.819
2016/01/13,81.238
2016/01/14,86.181
2016/01/15,86.181
2016/01/16,86.181
2016/01/17,86.181
2016/01/18,86.181
2016/01/19,86.181
2016/01/20,86.181
2016/01/21,86.181
2016/01/22,86.181
2016/01/23,86.181
2016/01/24,86.181
2016/01/25,86.181
2016/01/26,91.324
2016/01/27,93.461
2016/01/28,92.812
2016/01/29,92.812
2016/01/30,92.812
2016/01/31,92.812
2016/02/01,92.812
2016/02/02,92.812
2016/02/03,92.812
2016/02/04,92.812
2016/02/05,92.812
2016/02/06,92.812
2016/02/07,125.563
2016/02/08,131.498
2016/02/09,124.477
2016/02/10,118.861
2016/02/11,118.861
2016/02/12,118.861
2016/02/13,118.861
2016/02/14,118.861
2016/02/15,118.861
2016/02/16,118.861
2016/02/17,118.861
2016/02/18,118.861
2016/02/19,132.052
2016/02/20,148.285
2016/02/21,148.285
2016/02/22,126.877
2016/02/23,124.815
2016/02/24,124.815
2016/02/25,124.815
2016/02/26,124.815
2016/02/27,124.815
2016/02/28,124.815
2016/02/29,124.815
2016/03/01,124.815
2016/03/02,124.815
2016/03/03,124.815
2016/03/04,124.59
2016/03/05,117.371
2016/03/06,100.281
2016/03/07,100.281
2016/03/08,100.281
2016/03/09,100.281
2016/03/10,100.281
2016/03/11,100.281
2016/03/12,100.281
2016/03/13,100.281
2016/03/14,100.281
2016/03/15,100.281
2016/03/16,100.281
2016/03/17,95.457
2016/03/18,73.762
2016/03/19,77.099
2016/03/20,77.099
2016/03/21,77.099
2016/03/22,77.099
2016/03/23,77.099
2016/03/24,77.099
2016/03/25,77.099
2016/03/26,77.099
2016/03/27,77.099
2016/03/28,77.099
2016/03/29,77.099
2016/03/30,66.867
2016/03/31,59.315
2016/04/01,60.304
2016/04/02,60.619
2016/04/03,60.619
2016/04/04,60.619
2016/04/05,60.619
2016/04/06,60.619
2016/04/07,60.619
2016/04/08,60.619
2016/04/09,60.619
2016/04/10,60.619
2016/04/11,60.619
2016/04/12,51.296
2016/04/13,47.195
2016/04/14,53.938
2016/04/15,57.628
2016/04/16,57.628
2016/04/17,57.628
2016/04/18,57.628
2016/04/19,57.628
2016/04/20,57.628
2016/04/21,57.628
2016/04/22,57.628
2016/04/23,57.628
2016/04/24,57.628
2016/04/25,53.392
2016/04/26,48.857
2016/04/27,48.857
2016/04/28,48.847
2016/04/29,48.841
2016/04/30,48.841
2016/05/01,48.841
2016/05/02,48.841
2016/05/03,48.841
2016/05/04,48.841
2016/05/05,48.841
2016/05/06,48.841
2016/05/07,27.23
2016/05/08,23.969
2016/05/09,23.969
2016/05/10,23.969
2016/05/11,32.187
2016/05/12,34.79
2016/05/13,34.79
2016/05/14,34.79
2016/05/15,34.79
2016/05/16,34.79
2016/05/17,34.79
2016/05/18,34.79
2016/05/19,27.129
2016/05/20,18.816
2016/05/21,18.816
2016/05/22,18.816
2016/05/23,18.816
2016/05/24,19.132
2016/05/25,21.91
2016/05/26,21.91
2016/05/27,21.91
2016/05/28,21.91
2016/05/29,21.91
2016/05/30,21.91
2016/05/31,21.91
2016/06/01,21.91
2016/06/02,22.032
2016/06/03,25.807
2016/06/04,25.807
2016/06/05,25.807
2016/06/06,25.807
2016/06/07,25.807
2016/06/08,23.983
2016/06/09,23.755
2016/06/10,23.755
2016/06/11,23.755
2016/06/12,23.755
2016/06/13,23.755
2016/06/14,23.755
2016/06/15,23.755
2016/06/16,20.744
2016/06/17,18.468
2016/06/18,18.468
2016/06/19,18.468
2016/06/20,18.468
2016/06/21,24.659
2016/06/22,26.56
2016/06/23,26.56
2016/06/24,26.56
2016/06/25,26.56
2016/06/26,26.56
2016/06/27,26.56
2016/06/28,26.56
2016/06/29,26.56
2016/06/30,25.78
2016/07/01,25.533
2016/07/02,25.533
2016/07/03,25.533
2016/07/04,25.595
2016/07/05,27.898
2016/07/06,27.898
2016/07/07,27.898
2016/07/08,27.898
2016/07/09,27.898
2016/07/10,27.898
2016/07/11,27.898
2016/07/12,27.898
2016/07/13,22.295
2016/07/14,19.432
2016/07/15,19.432
2016/07/16,19.432
2016/07/17,19.432
2016/07/18,19.434
2016/07/19,19.484
2016/07/20,19.484
2016/07/21,19.484
2016/07/22,19.484
2016/07/23,19.484
2016/07/24,19.484
2016/07/25,19.484
2016/07/26,19.484
2016/07/27,19.492
2016/07/28,19.497
2016/07/29,19.497
2016/07/30,19.497
2016/07/31,19.497
2016/08/01,19.497
2016/08/02,18.021
2016/08/03,13.005
2016/08/04,13.005
2016/08/05,13.005
2016/08/06,13.005
2016/08/07,13.005
2016/08/08,13.005
2016/08/09,5.979
2016/08/10,3.932
2016/08/11,3.932
2016/08/12,3.932
2016/08/13,3.932
2016/08/14,3.932
2016/08/15,4.751
2016/08/16,11.902
2016/08/17,11.902
2016/08/18,11.902
2016/08/19,11.902
2016/08/20,11.902
2016/08/21,11.902
2016/08/22,11.606
2016/08/23,9.063
2016/08/24,9.063
2016/08/25,9.063
2016/08/26,9.063
2016/08/27,9.063
2016/08/28,9.063
2016/08/29,9.598
2016/08/30,10.759
2016/08/31,10.759
2016/09/01,10.759
2016/09/02,10.759
2016/09/03,10.759
2016/09/04,10.759
2016/09/05,10.759
2016/09/06,12.388
2016/09/07,12.595
2016/09/08,12.595
2016/09/09,12.595
2016/09/10,12.595
2016/09/11,12.595
2016/09/12,14.549
2016/09/13,15.185
2016/09/14,15.185
2016/09/15,15.185
2016/09/16,15.185
2016/09/17,15.185
2016/09/18,15.185
2016/09/19,9.464
2016/09/20,7.82
2016/09/21,7.82
2016/09/22,7.82
2016/09/23,7.82
2016/09/24,7.82
2016/09/25,12.071
2016/09/26,15.17
2016/09/27,15.17
2016/09/28,15.17
2016/09/29,15.17
2016/09/30,15.17
2016/10/01,15.17
2016/10/02,15.113
2016/10/03,13.04
2016/10/04,13.04
2016/10/05,13.04
2016/10/06,13.04
2016/10/07,13.04
2016/10/08,17.405
2016/10/09,21.145
2016/10/10,21.145
2016/10/11,21.145
2016/10/12,21.145
2016/10/13,21.145
2016/10/14,21.145
2016/10/15,21.145
2016/10/16,21.143
2016/10/17,21.092
2016/10/18,21.092
2016/10/19,21.092
2016/10/20,21.092
2016/10/21,21.092
2016/10/22,20.63
2016/10/23,18.795
2016/10/24,18.795
2016/10/25,18.795
2016/10/26,18.795
2016/10/27,18.795
2016/10/28,18.795
2016/10/29,18.795
2016/10/30,18.795
2016/10/31,20.28
2016/11/01,25.62
2016/11/02,25.62
2016/11/03,25.62
2016/11/04,25.62
2016/11/05,25.792
2016/11/06,26.116
2016/11/07,26.116
2016/11/08,26.116
2016/11/09,26.116
2016/11/10,26.116
2016/11/11,26.116
2016/11/12,26.116
2016/11/13,25.13
2016/11/14,17.134
2016/11/15,17.134
2016/11/16,17.134
2016/11/17,17.134
2016/11/18,25.329
2016/11/19,29.638
2016/11/20,29.638
2016/11/21,29.638
2016/11/22,29.638
2016/11/23,29.638
2016/11/24,29.638
2016/11/25,29.638
2016/11/26,29.638
2016/11/27,29.005
2016/11/28,27.653
2016/11/29,27.653
2016/11/30,27.653
2016/12/01,27.653
2016/12/02,29.634
2016/12/03,29.902
2016/12/04,29.902
2016/12/05,29.902
2016/12/06,29.902
2016/12/07,29.902
2016/12/08,29.902
2016/12/09,29.902
2016/12/10,29.902
2016/12/11,27.686
2016/12/12,26.981
2016/12/13,26.981
2016/12/14,26.981
2016/12/15,36.522
2016/12/16,37.338
2016/12/17,37.338
2016/12/18,37.338
2016/12/19,37.338
2016/12/20,37.338
2016/12/21,37.338
2016/12/22,37.338
2016/12/23,37.338
2016/12/24,32.128
2016/12/25,28.573
2016/12/26,28.573
2016/12/27,28.573
2016/12/28,29.373
2016/12/29,31.697
2016/12/30,31.697
2016/12/31,31.697
2017/01/01,31.697
2017/01/02,31.697
2017/01/03,31.697
2017/01/04,31.697
2017/01/05,31.697
2017/01/06,26.801
2017/01/07,22.886
2017/01/08,22.886
2017/01/09,22.886
2017/01/10,23.583
2017/01/11,30.317
2017/01/12,30.317
2017/01/13,30.317
2017/01/14,30.317
2017/01/15,30.317
2017/01/16,30.317
2017/01/17,30.317
2017/01/18,30.317
2017/01/19,30.317
2017/01/20,30.817
2017/01/21,32.837
2017/01/22,33.854
2017/01/23,54.943
2017/01/24,54.943
2017/01/25,54.943
2017/01/26,54.943
2017/01/27,54.943
2017/01/28,54.943
2017/01/29,54.943
2017/01/30,54.943
2017/01/31,54.943
2017/02/01,54.943
2017/02/02,54.943
2017/02/03,54.731
2017/02/04,54.572
2017/02/05,65.804
2017/02/06,65.804
2017/02/07,65.804
2017/02/08,65.804
2017/02/09,65.804
2017/02/10,65.804
2017/02/11,65.804
2017/02/12,65.804
2017/02/13,65.804
2017/02/14,65.804
2017/02/15,65.804
2017/02/16,54.962
2017/02/17,49.812
2017/02/18,53.616
2017/02/19,56.415
2017/02/20,56.415
2017/02/21,56.415
2017/02/22,56.415
2017/02/23,56.415
2017/02/24,56.415
2017/02/25,56.415
2017/02/26,56.415
2017/02/27,56.415
2017/02/28,56.415
2017/03/01,56.415
2017/03/02,54.024
2017/03/03,55.369
2017/03/04,60.678
2017/03/05,60.678
2017/03/06,60.678
2017/03/07,60.678
2017/03/08,60.678
2017/03/09,60.678
2017/03/10,60.678
2017/03/11,60.678
2017/03/12,60.678
2017/03/13,60.678
2017/03/14,60.678
2017/03/15,49.449
2017/03/16,48.562
2017/03/17,51.501
2017/03/18,53.377
2017/03/19,53.377
2017/03/20,53.377
2017/03/21,53.377
2017/03/22,53.377
2017/03/23,53.377
2017/03/24,53.377
2017/03/25,53.377
2017/03/26,53.377
2017/03/27,53.377
2017/03/28,52.429
2017/03/29,49.74
2017/03/30,51.99
2017/03/31,57.272
2017/04/01,57.272
2017/04/02,57.272
2017/04/03,57.272
2017/04/04,57.272
2017/04/05,57.272
2017/04/06,57.272
2017/04/07,57.272
2017/04/08,57.272
2017/04/09,57.272
2017/04/10,56.386
2017/04/11,48.304
2017/04/12,48.304
2017/04/13,53.698
2017/04/14,54.589
2017/04/15,54.589
2017/04/16,54.589
2017/04/17,54.589
2017/04/18,54.589
2017/04/19,54.589
2017/04/20,54.589
2017/04/21,54.589
2017/04/22,53.415
2017/04/23,32.534
2017/04/24,32.534
2017/04/25,32.534
2017/04/26,32.534
2017/04/27,32.796
2017/04/28,32.83
2017/04/29,32.83
2017/04/30,32.83
2017/05/01,32.83
2017/05/02,32.83
2017/05/03,32.83
2017/05/04,32.83
2017/05/05,32.625
2017/05/06,23.641
2017/05/07,23.641
2017/05/08,23.641
2017/05/09,23.641
2017/05/10,31.485
2017/05/11,32.641
2017/05/12,32.641
2017/05/13,32.641
2017/05/14,32.641
2017/05/15,32.641
2017/05/16,32.641
2017/05/17,32.641
2017/05/18,32.641
2017/05/19,29.356
2017/05/20,27.041
2017/05/21,27.041
2017/05/22,27.041
2017/05/23,32.527
2017/05/24,35.197
2017/05/25,35.197
2017/05/26,35.197
2017/05/27,35.197
2017/05/28,35.197
2017/05/29,35.197
2017/05/30,35.197
2017/05/31,35.197
2017/06/01,33.751
2017/06/02,29.332
2017/06/03,29.332
2017/06/04,36.367
2017/06/05,47.31
2017/06/06,47.31
2017/06/07,47.31
2017/06/08,47.31
2017/06/09,47.31
2017/06/10,47.31
2017/06/11,47.31
2017/06/12,47.31
2017/06/13,47.31
2017/06/14,47.31
2017/06/15,44.452
2017/06/16,42.685
2017/06/17,42.876
2017/06/18,49.609
2017/06/19,49.609
2017/06/20,49.609
2017/06/21,49.609
2017/06/22,49.609
2017/06/23,49.609
2017/06/24,49.609
2017/06/25,49.609
2017/06/26,49.609
2017/06/27,49.609
2017/06/28,47.393
2017/06/29,42.443
2017/06/30,42.443
2017/07/01,42.443
2017/07/02,41.845
2017/07/03,41.835
2017/07/04,41.835
2017/07/05,41.835
2017/07/06,41.835
2017/07/07,41.835
2017/07/08,41.835
2017/07/09,41.835
2017/07/10,41.835
2017/07/11,41.835
2017/07/12,36.858
2017/07/13,36.069
2017/07/14,46.266
2017/07/15,54.476
2017/07/16,54.476
2017/07/17,54.476
2017/07/18,54.476
2017/07/19,54.476
2017/07/20,54.476
2017/07/21,54.476
2017/07/22,54.476
2017/07/23,54.476
2017/07/24,54.476
2017/07/25,54.476
2017/07/26,54.171
2017/07/27,60.228
2017/07/28,64.802
2017/07/29,64.802
2017/07/30,64.802
2017/07/31,64.802
2017/08/01,64.802
2017/08/02,64.802
2017/08/03,64.802
2017/08/04,64.802
2017/08/05,64.802
2017/08/06,64.802
2017/08/07,64.802
2017/08/08,54.969
2017/08/09,58.593
2017/08/10,64.872
2017/08/11,64.872
2017/08/12,64.872
2017/08/13,64.872
2017/08/14,64.872
2017/08/15,64.872
2017/08/16,64.872
2017/08/17,64.872
2017/08/18,64.872
2017/08/19,64.872
2017/08/20,64.872
2017/08/21,58.047
2017/08/22,54.925
2017/08/23,54.925
2017/08/24,49.624
2017/08/25,49.042
2017/08/26,49.042
2017/08/27,49.042
2017/08/28,49.042
2017/08/29,49.042
2017/08/30,49.042
2017/08/31,49.042
2017/09/01,49.042
2017/09/02,41.353
2017/09/03,30.852
2017/09/04,30.852
2017/09/05,30.852
2017/09/06,33.083
2017/09/07,35.943
2017/09/08,35.943
2017/09/09,35.943
2017/09/10,35.943
2017/09/11,35.943
2017/09/12,35.943
2017/09/13,35.943
2017/09/14,35.943
2017/09/15,35.761
2017/09/16,29.651
2017/09/17,29.651
2017/09/18,47.842
2017/09/19,55.038
2017/09/20,55.038
2017/09/21,55.038
2017/09/22,55.038
2017/09/23,55.038
2017/09/24,55.038
2017/09/25,55.038
2017/09/26,55.038
2017/09/27,55.038
2017/09/28,55.038
2017/09/29,55.038
2017/09/30,55.692
2017/10/01,55.703
2017/10/02,58.552
2017/10/03,58.59
2017/10/04,58.59
2017/10/05,58.59
2017/10/06,58.59
2017/10/07,58.59
2017/10/08,58.59
2017/10/09,58.59
2017/10/10,58.59
2017/10/11,58.59
2017/10/12,47.534
2017/10/13,39.693
2017/10/14,39.693
2017/10/15,47.038
2017/10/16,48.758
2017/10/17,48.758
2017/10/18,48.758
2017/10/19,48.758
2017/10/20,48.758
2017/10/21,48.758
2017/10/22,48.758
2017/10/23,48.758
2017/10/24,48.758
2017/10/25,43.097
2017/10/26,42.501
2017/10/27,68.891
2017/10/28,68.891
2017/10/29,68.891
2017/10/30,68.891
2017/10/31,68.891
2017/11/01,68.891
2017/11/02,68.891
2017/11/03,68.891
2017/11/04,68.891
2017/11/05,68.891
2017/11/06,68.891
2017/11/07,63.594
2017/11/08,57.364
2017/11/09,57.364
2017/11/10,54.172
2017/11/11,47.787
2017/11/12,47.787
2017/11/13,47.787
2017/11/14,47.787
2017/11/15,47.787
2017/11/16,47.787
2017/11/17,47.787
2017/11/18,47.787
2017/11/19,47.787
2017/11/20,47.787
2017/11/21,47.787
2017/11/22,53.023
2017/11/23,53.621
2017/11/24,53.345
2017/11/25,51.66
2017/11/26,51.66
2017/11/27,51.66
2017/11/28,51.66
2017/11/29,51.66
2017/11/30,51.66
2017/12/01,51.66
2017/12/02,51.66
2017/12/03,51.66
2017/12/04,51.66
2017/12/05,49.118
2017/12/06,52.589
2017/12/07,72.413
2017/12/08,72.413
2017/12/09,72.413
2017/12/10,72.413
2017/12/11,72.413
2017/12/12,72.413
2017/12/13,72.413
2017/12/14,72.413
2017/12/15,72.413
2017/12/16,72.413
2017/12/17,51.199
2017/12/18,55.705
2017/12/19,69.757
2017/12/20,69.757
2017/12/21,69.757
2017/12/22,69.757
2017/12/23,69.757
2017/12/24,69.757
2017/12/25,69.757
2017/12/26,69.757
2017/12/27,69.757
2017/12/28,69.757
2017/12/29,69.757
2017/12/30,69.757
2017/12/31,66.707
2018/01/01,71.069
2018/01/02,71.83
2018/01/03,71.83
2018/01/04,71.83
2018/01/05,71.83
2018/01/06,71.83
2018/01/07,71.83
2018/01/08,71.83
2018/01/09,71.83
2018/01/10,71.83
2018/01/11,71.83
2018/01/12,71.83
2018/01/13,80.417
2018/01/14,86.152
2018/01/15,86.152
2018/01/16,86.152
2018/01/17,86.152
2018/01/18,86.152
2018/01/19,86.152
2018/01/20,86.152
2018/01/21,86.152
2018/01/22,86.152
2018/01/23,86.152
2018/01/24,81.742
2018/01/25,69.364
2018/01/26,79.172
2018/01/27,79.172
2018/01/28,79.172
2018/01/29,79.172
2018/01/30,79.172
2018/01/31,79.172
2018/02/01,79.172
2018/02/02,79.172
2018/02/03,79.172
2018/02/04,79.172
2018/02/05,79.172
2018/02/06,79.502
2018/02/07,97.866
2018/02/08,101.963
2018/02/09,110.688
2018/02/10,110.688
2018/02/11,110.688
2018/02/12,110.688
2018/02/13,110.688
2018/02/14,110.688
2018/02/15,110.688
2018/02/16,110.688
2018/02/17,110.688
2018/02/18,110.688
2018/02/19,110.688
2018/02/20,117.517
2018/02/21,120.414
2018/02/22,120.812
2018/02/23,123.265
2018/02/24,123.265
2018/02/25,123.265
2018/02/26,123.265
2018/02/27,123.265
2018/02/28,123.265
2018/03/01,123.265
2018/03/02,123.265
2018/03/03,123.265
2018/03/04,123.265
2018/03/05,140.058
2018/03/06,133.712
2018/03/07,106.84
2018/03/08,106.84
2018/03/09,106.84
2018/03/10,106.84
2018/03/11,106.84
2018/03/12,106.84
2018/03/13,106.84
2018/03/14,106.84
2018/03/15,106.84
2018/03/16,106.84
2018/03/17,106.84
2018/03/18,96.834
2018/03/19,84.856
2018/03/20,84.856
2018/03/21,84.856
2018/03/22,84.856
2018/03/23,84.856
2018/03/24,84.856
2018/03/25,84.856
2018/03/26,84.856
2018/03/27,84.856
2018/03/28,84.856
2018/03/29,84.856
2018/03/30,84.856
2018/03/31,84.856
2018/04/01,81.75
2018/04/02,81.813
2018/04/03,81.813
2018/04/04,81.813
2018/04/05,81.813
2018/04/06,81.813
2018/04/07,81.813
2018/04/08,81.813
2018/04/09,81.813
2018/04/10,81.813
2018/04/11,81.813
2018/04/12,81.813
2018/04/13,64.51
2018/04/14,70.397
2018/04/15,72.333
2018/04/16,72.333
2018/04/17,72.333
2018/04/18,72.333
2018/04/19,72.333
2018/04/20,72.333
2018/04/21,72.333
2018/04/22,72.333
2018/04/23,72.333
2018/04/24,72.333
2018/04/25,56.033
2018/04/26,47.491
2018/04/27,51.496
2018/04/28,54.512
2018/04/29,54.512
2018/04/30,54.512
2018/05/01,54.512
2018/05/02,54.512
2018/05/03,54.512
2018/05/04,54.512
2018/05/05,54.512
2018/05/06,54.512
2018/05/07,54.228
2018/05/08,39.914
2018/05/09,39.914
2018/05/10,39.914
2018/05/11,43.951
2018/05/12,44.151
2018/05/13,44.151
2018/05/14,44.151
2018/05/15,44.151
2018/05/16,44.151
2018/05/17,44.151
2018/05/18,44.151
2018/05/19,44.151
2018/05/20,44.151
2018/05/21,39.625
2018/05/22,37.79
2018/05/23,37.79
2018/05/24,40.293
2018/05/25,43.212
2018/05/26,43.212
2018/05/27,43.212
2018/05/28,43.212
2018/05/29,43.212
2018/05/30,43.212
2018/05/31,43.212
2018/06/01,43.212
2018/06/02,43.212
2018/06/03,33.194
2018/06/04,30.886
2018/06/05,34.188
2018/06/06,50.146
2018/06/07,50.146
2018/06/08,50.146
2018/06/09,50.146
2018/06/10,50.146
2018/06/11,50.146
2018/06/12,50.146
2018/06/13,50.146
2018/06/14,50.146
2018/06/15,50.146
2018/06/16,46.101
2018/06/17,42.69
2018/06/18,42.69
2018/06/19,45.111
2018/06/20,46.641
2018/06/21,46.641
2018/06/22,46.641
2018/06/23,46.641
2018/06/24,46.641
2018/06/25,46.641
2018/06/26,46.641
2018/06/27,46.641
2018/06/28,46.641
2018/06/29,46.641
2018/06/30,45.309
2018/07/01,44.614
2018/07/02,47.331
2018/07/03,52.765
2018/07/04,52.765
2018/07/05,52.765
2018/07/06,52.765
2018/07/07,52.765
2018/07/08,52.765
2018/07/09,52.765
2018/07/10,52.765
2018/07/11,52.765
2018/07/12,52.765
2018/07/13,41.291
2018/07/14,39.704
2018/07/15,39.704
2018/07/16,39.704
2018/07/17,35.431
2018/07/18,34.885
2018/07/19,34.885
2018/07/20,34.885
2018/07/21,34.885
2018/07/22,34.885
2018/07/23,34.885
2018/07/24,34.885
2018/07/25,34.885
2018/07/26,31.32
2018/07/27,28.757
2018/07/28,28.757
2018/07/29,39.128
2018/07/30,47.92
2018/07/31,47.92
2018/08/01,47.92
2018/08/02,47.92
2018/08/03,47.92
2018/08/04,47.92
2018/08/05,47.92
2018/08/06,47.92
2018/08/07,47.92
2018/08/08,47.92
2018/08/09,43.771
2018/08/10,43.572
2018/08/11,49.566
2018/08/12,54.187
2018/08/13,54.187
2018/08/14,54.187
2018/08/15,54.187
2018/08/16,54.187
2018/08/17,54.187
2018/08/18,54.187
2018/08/19,54.187
2018/08/20,54.187
2018/08/21,54.187
2018/08/22,51.436
2018/08/23,48.349
2018/08/24,51.036
2018/08/25,56.195
2018/08/26,56.195
2018/08/27,56.195
2018/08/28,56.195
2018/08/29,56.195
2018/08/30,56.195
2018/08/31,56.195
2018/09/01,56.195
2018/09/02,56.195
2018/09/03,52.352
2018/09/04,36.159
2018/09/05,36.159
2018/09/06,36.159
2018/09/07,41.097
2018/09/08,42.069
2018/09/09,42.069
2018/09/10,42.069
2018/09/11,42.069
2018/09/12,42.069
2018/09/13,42.069
2018/09/14,42.069
2018/09/15,42.069
2018/09/16,42.069
2018/09/17,39.698
2018/09/18,38.241
2018/09/19,38.241
2018/09/20,38.48
2018/09/21,40.869
2018/09/22,40.869
2018/09/23,40.869
2018/09/24,40.869
2018/09/25,40.869
2018/09/26,40.869
2018/09/27,40.869
2018/09/28,40.869
2018/09/29,40.869
2018/09/30,38.271
2018/10/01,33.353
2018/10/02,33.353
2018/10/03,33.353
2018/10/04,37.299
2018/10/05,38.99
2018/10/06,38.99
2018/10/07,38.99
2018/10/08,38.99
2018/10/09,38.99
2018/10/10,38.99
2018/10/11,38.99
2018/10/12,38.99
2018/10/13,38.99
2018/10/14,38.99
2018/10/15,43.375
2018/10/16,43.955
2018/10/17,43.955
2018/10/18,43.422
2018/10/19,38.701
2018/10/20,38.701
2018/10/21,38.701
2018/10/22,38.701
2018/10/23,38.701
2018/10/24,38.701
2018/10/25,38.701
2018/10/26,38.701
2018/10/27,28.362
2018/10/28,20.732
2018/10/29,20.732
2018/10/30,20.732
2018/10/31,20.732
2018/11/01,20.734
2018/11/02,20.758
2018/11/03,20.758
2018/11/04,20.758
2018/11/05,20.758
2018/11/06,20.758
2018/11/07,20.758
2018/11/08,20.758
2018/11/09,15.918
2018/11/10,12.444
2018/11/11,12.444
2018/11/12,12.444
2018/11/13,12.444
2018/11/14,12.444
2018/11/15,12.444
2018/11/16,12.312
2018/11/17,4.132
2018/11/18,4.132
2018/11/19,4.132
2018/11/20,4.132
2018/11/21,4.132
2018/11/22,2.279
2018/11/23,-1.099
2018/11/24,-1.099
2018/11/25,-1.099
2018/11/26,-1.099
2018/11/27,-1.099
2018/11/28,-1.099
2018/11/29,-1.099
2018/11/30,-1.099
2018/12/01,-1.099
2018/12/02,-1.099
2018/12/03,-7.926
2018/12/04,-16.066
2018/12/05,-16.066
2018/12/06,-19.004
2018/12/07,-19.558
2018/12/08,-19.558
2018/12/09,-19.558
2018/12/10,-19.558
2018/12/11,-19.558
2018/12/12,-19.558
2018/12/13,-19.558
2018/12/14,-19.558
2018/12/15,-19.558
2018/12/16,-19.558
2018/12/17,-19.558
2018/12/18,-19.918
2018/12/19,-27.376
2018/12/20,-28.608
2018/12/21,-28.608
2018/12/22,-28.608
2018/12/23,-28.608
2018/12/24,-28.608
2018/12/25,-28.608
2018/12/26,-28.608
2018/12/27,-28.608
2018/12/28,-28.608
2018/12/29,-28.608
2018/12/30,-28.608
2018/12/31,-26.621
2019/01/01,-21.447
2019/01/02,-23.705
2019/01/03,-24.633
2019/01/04,-24.633
2019/01/05,-24.633
2019/01/06,-24.633
2019/01/07,-24.633
2019/01/08,-24.633
2019/01/09,-24.633
2019/01/10,-24.633
2019/01/11,-24.633
2019/01/12,-24.633
2019/01/13,-24.633
2019/01/14,-21.36
2019/01/15,-21.073
2019/01/16,-20.78
2019/01/17,-18.083
2019/01/18,-18.083
2019/01/19,-18.083
2019/01/20,-18.083
2019/01/21,-18.083
2019/01/22,-18.083
2019/01/23,-18.083
2019/01/24,-18.083
2019/01/25,-18.083
2019/01/26,-18.083
2019/01/27,-18.083
2019/01/28,-18.742
2019/01/29,-19.048
2019/01/30,-19.05
2019/01/31,-19.066
2019/02/01,-19.066
2019/02/02,-19.066
2019/02/03,-19.066
2019/02/04,-19.066
2019/02/05,-19.066
2019/02/06,-19.066
2019/02/07,-19.066
2019/02/08,-19.066
2019/02/09,-19.066
2019/02/10,-17.961
2019/02/11,-15.629
2019/02/12,-15.629
2019/02/13,-15.629
2019/02/14,-15.53
2019/02/15,-8.895
2019/02/16,-8.895
2019/02/17,-8.895
2019/02/18,-8.895
2019/02/19,-8.895
2019/02/20,-8.895
2019/02/21,-8.895
2019/02/22,-8.895
2019/02/23,-8.895
2019/02/24,-8.856
2019/02/25,-8.739
2019/02/26,-8.739
2019/02/27,-8.739
2019/02/28,-8.739
2019/03/01,-8.739
2019/03/02,-8.739
2019/03/03,-1.972
2019/03/04,7.535
2019/03/05,7.535
2019/03/06,7.535
2019/03/07,7.535
2019/03/08,7.535
2019/03/09,7.535
2019/03/10,7.524
2019/03/11,7.482
2019/03/12,7.482
2019/03/13,7.482
2019/03/14,7.482
2019/03/15,7.482
2019/03/16,7.482
2019/03/17,7.482
2019/03/18,7.966
2019/03/19,18.848
2019/03/20,18.848
2019/03/21,18.848
2019/03/22,18.848
2019/03/23,18.848
2019/03/24,24.724
2019/03/25,24.926
2019/03/26,24.926
2019/03/27,24.926
2019/03/28,24.926
2019/03/29,24.926
2019/03/30,24.926
2019/03/31,21.544
2019/04/01,13.538
2019/04/02,13.538
2019/04/03,13.538
2019/04/04,13.538
2019/04/05,13.538
2019/04/06,13.544
2019/04/07,13.783
2019/04/08,13.783
2019/04/09,13.783
2019/04/10,13.783
2019/04/11,13.783
2019/04/12,13.783
2019/04/13,13.783
2019/04/14,9.047
2019/04/15,8.651
2019/04/16,8.651
2019/04/17,8.651
2019/04/18,8.651
2019/04/19,8.651
2019/04/20,8.651
2019/04/21,8.051
2019/04/22,7.971
2019/04/23,7.971
2019/04/24,7.971
2019/04/25,7.971
2019/04/26,7.971
2019/04/27,7.971
2019/04/28,8.847
2019/04/29,9.259
2019/04/30,9.259
2019/05/01,9.259
2019/05/02,9.259
2019/05/03,9.259
2019/05/04,12.716
2019/05/05,15.263
2019/05/06,15.263
2019/05/07,15.263
2019/05/08,15.263
2019/05/09,15.263
2019/05/10,15.263
2019/05/11,13.712
2019/05/12,10.569
2019/05/13,10.569
2019/05/14,10.569
2019/05/15,10.569
2019/05/16,10.569
2019/05/17,10.569
2019/05/18,10.596
2019/05/19,10.61
2019/05/20,10.61
2019/05/21,10.61
2019/05/22,10.61
2019/05/23,10.61
2019/05/24,10.61
2019/05/25,10.563
2019/05/26,10.422
2019/05/27,10.422
2019/05/28,10.422
2019/05/29,10.422
2019/05/30,11.121
2019/05/31,22.857
2019/06/01,22.857
2019/06/02,22.857
2019/06/03,22.857
2019/06/04,22.857
2019/06/05,22.857
2019/06/06,22.857
2019/06/07,22.857
2019/06/08,22.87
2019/06/09,22.917
2019/06/10,22.917
2019/06/11,22.917
2019/06/12,22.917
2019/06/13,22.917
2019/06/14,22.122
2019/06/15,22.088
2019/06/16,22.088
2019/06/17,22.088
2019/06/18,22.088
2019/06/19,22.088
2019/06/20,22.088
2019/06/21,22.088
2019/06/22,16.337
2019/06/23,16.148
2019/06/24,16.148
2019/06/25,16.148
2019/06/26,16.148
2019/06/27,23.339
2019/06/28,24.383
2019/06/29,24.383
2019/06/30,24.383
2019/07/01,24.383
2019/07/02,24.383
2019/07/03,24.383
2019/07/04,24.383
2019/07/05,24.377
2019/07/06,24.115
2019/07/07,24.115
2019/07/08,24.115
2019/07/09,34.325
2019/07/10,41.782
2019/07/11,41.782
2019/07/12,41.782
2019/07/13,41.782
2019/07/14,41.782
2019/07/15,41.782
2019/07/16,41.782
2019/07/17,41.782
2019/07/18,41.782
2019/07/19,41.782
2019/07/20,42.569
2019/07/21,42.675
2019/07/22,42.675
2019/07/23,42.187
2019/07/24,41.882
2019/07/25,41.882
2019/07/26,41.882
2019/07/27,41.882
2019/07/28,41.882
2019/07/29,41.882
2019/07/30,41.882
2019/07/31,41.882
2019/08/01,41.882
2019/08/02,37.53
2019/08/03,34.491
2019/08/04,34.491
2019/08/05,47.568
2019/08/06,48.987
2019/08/07,48.987
2019/08/08,48.987
2019/08/09,48.987
2019/08/10,48.987
2019/08/11,48.987
2019/08/12,48.987
2019/08/13,48.987
2019/08/14,48.987
2019/08/15,48.987
2019/08/16,48.951
2019/08/17,48.932
2019/08/18,49.401
2019/08/19,51.887
2019/08/20,51.887
2019/08/21,51.887
2019/08/22,51.887
2019/08/23,51.887
2019/08/24,51.887
2019/08/25,51.887
2019/08/26,51.887
2019/08/27,51.887
2019/08/28,50.931
2019/08/29,36.514
2019/08/30,36.514
2019/08/31,36.514
2019/09/01,43.244
2019/09/02,44.403
2019/09/03,44.403
2019/09/04,44.403
2019/09/05,44.403
2019/09/06,44.403
2019/09/07,44.403
2019/09/08,44.403
2019/09/09,44.403
2019/09/10,44.403
2019/09/11,44.403
2019/09/12,45.342
2019/09/13,47.899
2019/09/14,60.48
2019/09/15,60.48
2019/09/16,60.48
2019/09/17,60.48
2019/09/18,60.48
2019/09/19,60.48
2019/09/20,60.48
2019/09/21,60.48
2019/09/22,60.48
2019/09/23,60.48
2019/09/24,60.48
2019/09/25,51.124
2019/09/26,51.457
2019/09/27,60.81
2019/09/28,60.81
2019/09/29,60.81
2019/09/30,60.81
2019/10/01,60.81
2019/10/02,60.81
2019/10/03,60.81
2019/10/04,60.81
2019/10/05,60.81
2019/10/06,60.81
2019/10/07,48.587
2019/10/08,40.772
2019/10/09,40.772
2019/10/10,42.04
2019/10/11,43.511
2019/10/12,43.511
2019/10/13,43.511
2019/10/14,43.511
2019/10/15,43.511
2019/10/16,43.511
2019/10/17,43.511
2019/10/18,43.511
2019/10/19,43.511
2019/10/20,43.511
2019/10/21,44.004
2019/10/22,44.313
2019/10/23,44.99
2019/10/24,51.895
2019/10/25,51.895
2019/10/26,51.895
2019/10/27,51.895
2019/10/28,51.895
2019/10/29,51.895
2019/10/30,51.895
2019/10/31,51.895
2019/11/01,51.895
2019/11/02,51.895
2019/11/03,38.434
2019/11/04,37.116
2019/11/05,37.116
2019/11/06,37.116
2019/11/07,36.9
2019/11/08,27.387
2019/11/09,27.387
2019/11/10,27.387
2019/11/11,27.387
2019/11/12,27.387
2019/11/13,27.387
2019/11/14,27.387
2019/11/15,27.387
2019/11/16,26.987
2019/11/17,24.908
2019/11/18,24.908
2019/11/19,24.908
2019/11/20,24.908
2019/11/21,25.652
2019/11/22,27.395
2019/11/23,27.395
2019/11/24,27.395
2019/11/25,27.395
2019/11/26,27.395
2019/11/27,27.395
2019/11/28,27.395
2019/11/29,27.395
2019/11/30,21.409
2019/12/01,20.435
2019/12/02,20.435
2019/12/03,20.435
2019/12/04,20.435
2019/12/05,20.274
2019/12/06,19.54
2019/12/07,19.54
2019/12/08,19.54
2019/12/09,19.54
2019/12/10,19.54
2019/12/11,19.54
2019/12/12,17.506
2019/12/13,8.294
2019/12/14,8.294
2019/12/15,8.294
2019/12/16,8.294
2019/12/17,8.294
2019/12/18,8.294
2019/12/19,8.429
2019/12/20,8.898
2019/12/21,8.898
2019/12/22,8.898
2019/12/23,8.898
2019/12/24,8.898
2019/12/25,7.746
2019/12/26,1.479
2019/12/27,1.479
2019/12/28,1.479
2019/12/29,1.479
2019/12/30,1.479
2019/12/31,1.479
2020/01/01,2.13
2020/01/02,8.142
2020/01/03,8.142
2020/01/04,8.142
2020/01/05,8.142
2020/01/06,8.142
2020/01/07,8.142
2020/01/08,7.177
2020/01/09,6.078
2020/01/10,6.078
2020/01/11,6.078
2020/01/12,6.078
2020/01/13,6.078
2020/01/14,6.234
2020/01/15,13.594
2020/01/16,13.594
2020/01/17,13.594
2020/01/18,13.594
2020/01/19,13.594
2020/01/20,13.594
2020/01/21,13.063
2020/01/22,7.924
2020/01/23,7.924
2020/01/24,7.924
2020/01/25,7.924
2020/01/26,7.924
2020/01/27,7.924
2020/01/28,11.046
2020/01/29,12.961
2020/01/30,12.961
2020/01/31,12.961
2020/02/01,12.961
2020/02/02,12.961
2020/02/03,12.961
2020/02/04,12.961
2020/02/05,13.14
2020/02/06,21.589
2020/02/07,21.589
2020/02/08,21.589
2020/02/09,21.589
2020/02/10,21.589
2020/02/11,22.021
2020/02/12,22.223
2020/02/13,22.223
2020/02/14,22.223
2020/02/15,22.223
2020/02/16,22.223
2020/02/17,22.223
2020/02/18,22.223
2020/02/19,21.499
2020/02/20,19.837
2020/02/21,19.837
2020/02/22,19.837
2020/02/23,19.837
2020/02/24,19.837
2020/02/25,19.549
2020/02/26,19.376
2020/02/27,19.376
2020/02/28,19.376
2020/02/29,19.376
2020/03/01,19.376
2020/03/02,19.376
2020/03/03,19.376
2020/03/04,19.535
2020/03/05,20.269
2020/03/06,20.269
2020/03/07,20.269
2020/03/08,20.269
2020/03/09,24.85
2020/03/10,28.548
2020/03/11,28.548
2020/03/12,28.548
2020/03/13,28.548
2020/03/14,28.548
2020/03/15,28.548
2020/03/16,28.548
2020/03/17,28.548
2020/03/18,28.389
2020/03/19,27.836
2020/03/20,27.836
2020/03/21,27.836
2020/03/22,27.836
2020/03/23,27.836
2020/03/24,27.836
2020/03/25,27.836
2020/03/26,9.229
2020/03/27,7.444
2020/03/28,7.444
2020/03/29,7.444
2020/03/30,7.444
2020/03/31,6.759
2020/04/01,0.824
2020/04/02,0.824
2020/04/03,0.824
2020/04/04,0.824
2020/04/05,0.824
2020/04/06,0.824
2020/04/07,0.824
2020/04/08,4.363
2020/04/09,6.641
2020/04/10,6.641
2020/04/11,6.641
2020/04/12,6.641
2020/04/13,6.485
2020/04/14,-0.414
2020/04/15,-0.414
2020/04/16,-0.414
2020/04/17,-0.414
2020/04/18,-0.414
2020/04/19,-0.414
2020/04/20,-0.414
2020/04/21,5.742
2020/04/22,8.001
2020/04/23,8.001
2020/04/24,8.001
2020/04/25,8.001
2020/04/26,8.001
2020/04/27,4.965
2020/04/28,3.185
2020/04/29,3.185
2020/04/30,3.185
2020/05/01,3.185
2020/05/02,3.185
2020/05/03,3.185
2020/05/04,3.185
2020/05/05,3.968
2020/05/06,4.13
2020/05/07,4.13
2020/05/08,4.13
2020/05/09,4.13
2020/05/10,4.13
2020/05/11,3.761
2020/05/12,3.59
2020/05/13,3.59
2020/05/14,3.59
2020/05/15,3.59
2020/05/16,3.59
2020/05/17,3.59
2020/05/18,3.59
2020/05/19,3.59
2020/05/20,-2.142
2020/05/21,-2.629
2020/05/22,-2.629
2020/05/23,-2.629
2020/05/24,-2.629
2020/05/25,-2.394
2020/05/26,-2.253
2020/05/27,-2.253
2020/05/28,-2.253
2020/05/29,-2.253
2020/05/30,-2.253
2020/05/31,-2.253
2020/06/01,-2.253
2020/06/02,-2.253
2020/06/03,-2.253
2020/06/04,-6.521
2020/06/05,-11.329
2020/06/06,-11.329
2020/06/07,-14.583
2020/06/08,-17.04
2020/06/09,-17.04
2020/06/10,-17.04
2020/06/11,-17.04
2020/06/12,-17.04
2020/06/13,-17.04
2020/06/14,-17.04
2020/06/15,-17.04
2020/06/16,-13.816
2020/06/17,-4.641
2020/06/18,-4.641
2020/06/19,-4.641
2020/06/20,-4.641
2020/06/21,-4.641
2020/06/22,-4.641
2020/06/23,-4.641
2020/06/24,11.604
2020/06/25,13.457
2020/06/26,13.457
2020/06/27,13.457
2020/06/28,13.457
2020/06/29,13.457
2020/06/30,13.456
2020/07/01,13.453
2020/07/02,13.453
2020/07/03,13.453
2020/07/04,13.453
2020/07/05,13.453
2020/07/06,13.453
2020/07/07,9.606
2020/07/08,7.265
2020/07/09,7.265
2020/07/10,7.265
2020/07/11,7.265
2020/07/12,7.265
2020/07/13,12.607
2020/07/14,17.878
2020/07/15,17.878
2020/07/16,17.878
2020/07/17,17.878
2020/07/18,17.878
2020/07/19,17.878
2020/07/20,11.015
2020/07/21,8.693
2020/07/22,8.693
2020/07/23,8.693
2020/07/24,8.693
2020/07/25,8.693
2020/07/26,8.693
2020/07/27,8.463
2020/07/28,5.57
2020/07/29,5.57
2020/07/30,5.57
2020/07/31,5.57
2020/08/01,5.57
2020/08/02,5.57
2020/08/03,4.774
2020/08/04,4.612
2020/08/05,4.612
2020/08/06,4.612
2020/08/07,4.612
2020/08/08,4.612
2020/08/09,4.612
2020/08/10,4.762
2020/08/11,5.234
2020/08/12,5.234
2020/08/13,5.234
2020/08/14,5.234
2020/08/15,5.234
2020/08/16,5.234
2020/08/17,5.234
2020/08/18,11.398
2020/08/19,11.955
2020/08/20,11.955
2020/08/21,11.955
2020/08/22,11.955
2020/08/23,11.955
2020/08/24,14.552
2020/08/25,15.986
2020/08/26,15.986
2020/08/27,15.986
2020/08/28,15.986
2020/08/29,15.986
2020/08/30,15.986
2020/08/31,15.986
2020/09/01,15.986
2020/09/02,21.281
2020/09/03,27.859
2020/09/04,27.859
2020/09/05,27.859
2020/09/06,27.859
2020/09/07,27.038
2020/09/08,26.315
2020/09/09,26.315
2020/09/10,26.315
2020/09/11,26.315
2020/09/12,26.315
2020/09/13,26.315
2020/09/14,21.59
2020/09/15,9.891
2020/09/16,9.891
2020/09/17,9.891
2020/09/18,9.891
2020/09/19,9.891
2020/09/20,21.309
2020/09/21,22.363
2020/09/22,22.363
2020/09/23,22.363
2020/09/24,22.363
2020/09/25,22.363
2020/09/26,22.363
2020/09/27,22.363
2020/09/28,22.364
2020/09/29,22.367
2020/09/30,22.367
2020/10/01,22.367
2020/10/02,22.367
2020/10/03,22.367
2020/10/04,22.279
2020/10/05,22.262
2020/10/06,22.262
2020/10/07,22.262
2020/10/08,22.262
2020/10/09,22.262
2020/10/10,22.262
2020/10/11,16.461
2020/10/12,11.254
2020/10/13,11.254
2020/10/14,11.254
2020/10/15,11.254
2020/10/16,11.254
2020/10/17,12.589
2020/10/18,15.285
2020/10/19,15.285
2020/10/20,15.285
2020/10/21,15.285
2020/10/22,15.285
2020/10/23,15.285
2020/10/24,15.285
2020/10/25,15.53
2020/10/26,18.696
2020/10/27,18.696
2020/10/28,18.696
2020/10/29,18.696
2020/10/30,18.696
2020/10/31,18.696
2020/11/01,18.696
2020/11/02,18.696
2020/11/03,6.041
2020/11/04,-0.355
2020/11/05,-0.355
2020/11/06,-0.355
2020/11/07,-0.355
2020/11/08,-0.497
2020/11/09,-0.944
2020/11/10,-0.944
2020/11/11,-0.944
2020/11/12,-0.944
2020/11/13,-0.944
2020/11/14,-0.944
2020/11/15,-0.944
2020/11/16,0.548
2020/11/17,3.829
2020/11/18,3.829
2020/11/19,3.829
2020/11/20,3.829
2020/11/21,3.829
2020/11/22,1.475
2020/11/23,0.221
2020/11/24,0.221
2020/11/25,0.221
2020/11/26,0.221
2020/11/27,0.221
2020/11/28,0.221
2020/11/29,3.42
2020/11/30,9.108
2020/12/01,9.108
2020/12/02,9.108
2020/12/03,9.108
2020/12/04,9.108
2020/12/05,9.108
2020/12/06,9.812
2020/12/07,10.441
2020/12/08,10.441
2020/12/09,10.441
2020/12/10,10.441
2020/12/11,10.441
2020/12/12,10.441
2020/12/13,10.369
2020/12/14,7.634
2020/12/15,7.634
2020/12/16,7.634
2020/12/17,7.634
2020/12/18,7.634
2020/12/19,-2.497
2020/12/20,-3.337
2020/12/21,-3.337
2020/12/22,-3.337
2020/12/23,-3.337
2020/12/24,-3.337
2020/12/25,-3.337
2020/12/26,-3.337
2020/12/27,-3.337
2020/12/28,-3.7
2020/12/29,-3.702
2020/12/30,-3.702
2020/12/31,-3.702
2021/01/01,-3.702
2021/01/02,-3.633
2021/01/03,-3.619
2021/01/04,-3.619
2021/01/05,-3.619
2021/01/06,-3.619
2021/01/07,-3.619
2021/01/08,-3.619
2021/01/09,0.348
2021/01/10,6.785
2021/01/11,6.785
2021/01/12,6.785
2021/01/13,6.785
2021/01/14,6.785
2021/01/15,5.518
2021/01/16,3.051
2021/01/17,3.051
2021/01/18,3.051
2021/01/19,3.051
2021/01/20,3.051
2021/01/21,3.051
2021/01/22,3.051
2021/01/23,3.695
2021/01/24,4.132
2021/01/25,4.132
2021/01/26,4.132
2021/01/27,4.132
2021/01/28,4.132
2021/01/29,4.132
2021/01/30,4.132
2021/01/31,4.132
2021/02/01,16.559
2021/02/02,24.04
2021/02/03,24.04
2021/02/04,24.04
2021/02/05,24.04
2021/02/06,27.381
2021/02/07,27.679
2021/02/08,27.679
2021/02/09,27.679
2021/02/10,27.679
2021/02/11,27.679
2021/02/12,27.679
2021/02/13,27.679
2021/02/14,25.784
2021/02/15,21.808
2021/02/16,21.808
2021/02/17,21.808
2021/02/18,21.808
2021/02/19,21.927
2021/02/20,23.455
2021/02/21,23.455
2021/02/22,23.455
2021/02/23,23.455
2021/02/24,23.455
2021/02/25,23.455
2021/02/26,23.455
2021/02/27,19.636
2021/02/28,13.4
2021/03/01,13.4
2021/03/02,13.4
2021/03/03,13.4
2021/03/04,13.4
2021/03/05,13.4
2021/03/06,12.092
2021/03/07,11.96
2021/03/08,11.96
2021/03/09,11.96
2021/03/10,11.96
2021/03/11,11.96
2021/03/12,11.96
2021/03/13,12.033
2021/03/14,14.88
2021/03/15,14.88
2021/03/16,14.88
2021/03/17,14.88
2021/03/18,14.88
2021/03/19,15.288
2021/03/20,17.115
2021/03/21,17.115
2021/03/22,17.115
2021/03/23,17.115
2021/03/24,17.115
2021/03/25,17.115
2021/03/26,17.115
2021/03/27,17.115
2021/03/28,17.557
2021/03/29,17.559
2021/03/30,17.559
2021/03/31,17.559
2021/04/01,17.559
2021/04/02,24.007
2021/04/03,24.398
2021/04/04,24.398
2021/04/05,24.398
2021/04/06,24.398
2021/04/07,24.398
2021/04/08,24.398
2021/04/09,19.48
2021/04/10,12.277
2021/04/11,12.277
2021/04/12,12.277
2021/04/13,12.277
2021/04/14,12.277
2021/04/15,12.666
2021/04/16,14.434
2021/04/17,14.434
2021/04/18,14.434
2021/04/19,14.434
2021/04/20,14.434
2021/04/21,14.434
2021/04/22,14.434
2021/04/23,13.723
2021/04/24,13.247
2021/04/25,13.247
2021/04/26,13.247
2021/04/27,13.247
2021/04/28,13.247
2021/04/29,13.247
2021/04/30,13.247
2021/05/01,10.473
2021/05/02,-1.031
2021/05/03,-1.031
2021/05/04,-1.031
2021/05/05,-1.031
2021/05/06,-1.031
2021/05/07,-3.627
2021/05/08,-3.852
2021/05/09,-3.852
2021/05/10,-3.852
2021/05/11,-3.852
2021/05/12,-3.852
2021/05/13,8.365
2021/05/14,16.852
2021/05/15,16.852
2021/05/16,16.852
2021/05/17,16.852
2021/05/18,16.852
2021/05/19,16.852
2021/05/20,16.738
2021/05/21,15.293
2021/05/22,15.293
2021/05/23,15.293
2021/05/24,15.293
2021/05/25,15.293
2021/05/26,15.293
2021/05/27,15.293
2021/05/28,15.293
2021/05/29,15.293
2021/05/30,-2.347
2021/05/31,-3.114
2021/06/01,-3.114
2021/06/02,-3.114
2021/06/03,-3.114
2021/06/04,-1.984
2021/06/05,-1.868
2021/06/06,-1.868
2021/06/07,-1.868
2021/06/08,-1.868
2021/06/09,-1.868
2021/06/10,-1.868
2021/06/11,-1.868
2021/06/12,-1.868
2021/06/13,-2.852
2021/06/14,-7.066
2021/06/15,-7.066
2021/06/16,-7.066
2021/06/17,-7.394
2021/06/18,-8.839
2021/06/19,-8.839
2021/06/20,-8.839
2021/06/21,-8.839
2021/06/22,-8.839
2021/06/23,-8.839
2021/06/24,-8.839
2021/06/25,-8.839
2021/06/26,-8.839
2021/06/27,-8.839
2021/06/28,-8.839
2021/06/29,-8.839
2021/06/30,-8.839
2021/07/01,-13.579
2021/07/02,-13.85
2021/07/03,-32.426
2021/07/04,-37.923
2021/07/05,-37.923
2021/07/06,-37.923
2021/07/07,-37.923
2021/07/08,-37.923
2021/07/09,-37.923
2021/07/10,-37.923
2021/07/11,-37.923
2021/07/12,-37.923
2021/07/13,-37.923
2021/07/14,-38.137
2021/07/15,-39.093
2021/07/16,-39.093
2021/07/17,-39.155
2021/07/18,-42.021
2021/07/19,-42.021
2021/07/20,-42.021
2021/07/21,-42.021
2021/07/22,-42.021
2021/07/23,-42.021
2021/07/24,-42.021
2021/07/25,-42.021
2021/07/26,-42.021
2021/07/27,-42.021
2021/07/28,-42.021
2021/07/29,-42.021
2021/07/30,-40.565
2021/07/31,-30.519
2021/08/01,-29.659
2021/08/02,-29.659
2021/08/03,-29.659
2021/08/04,-29.659
2021/08/05,-29.659
2021/08/06,-29.659
2021/08/07,-29.659
2021/08/08,-29.659
2021/08/09,-29.659
2021/08/10,-29.659
2021/08/11,-37.589
2021/08/12,-42.122
2021/08/13,-38.815
2021/08/14,-37.891
2021/08/15,-37.891
2021/08/16,-37.891
2021/08/17,-37.891
2021/08/18,-37.891
2021/08/19,-37.891
2021/08/20,-37.891
2021/08/21,-37.891
2021/08/22,-37.891
2021/08/23,-37.891
2021/08/24,-37.891
2021/08/25,-34.397
2021/08/26,-29.671
2021/08/27,-29.671
2021/08/28,-16.966
2021/08/29,-16.309
2021/08/30,-16.309
2021/08/31,-16.309
2021/09/01,-16.309
2021/09/02,-16.309
2021/09/03,-16.309
2021/09/04,-16.309
2021/09/05,-16.309
2021/09/06,-16.309
2021/09/07,-16.309
2021/09/08,-12.561
2021/09/09,-12.508
2021/09/10,-12.508
2021/09/11,-11.621
2021/09/12,-7.614
2021/09/13,-7.614
2021/09/14,-7.614
2021/09/15,-7.614
2021/09/16,-7.614
2021/09/17,-7.614
2021/09/18,-7.614
2021/09/19,-7.614
2021/09/20,-7.614
2021/09/21,-6.521
2021/09/22,-4.692
2021/09/23,-4.692
2021/09/24,-4.692
2021/09/25,-4.692
2021/09/26,-4.692
2021/09/27,-4.692
2021/09/28,-4.692
2021/09/29,-4.692
2021/09/30,-4.692
2021/10/01,21.508
2021/10/02,32.268
2021/10/03,32.268
2021/10/04,32.348
2021/10/05,38.502
2021/10/06,38.502
2021/10/07,38.502
2021/10/08,38.502
2021/10/09,38.502
2021/10/10,38.502
2021/10/11,38.502
2021/10/12,38.502
2021/10/13,38.502
2021/10/14,38.502
2021/10/15,38.642
2021/10/16,45.496
2021/10/17,45.496
2021/10/18,45.674
2021/10/19,46.881
2021/10/20,46.881
2021/10/21,46.881
2021/10/22,46.881
2021/10/23,46.881
2021/10/24,46.881
2021/10/25,46.881
2021/10/26,46.881
2021/10/27,46.881
2021/10/28,46.881
2021/10/29,40.249
2021/10/30,38.534
2021/10/31,39.942
2021/11/01,49.411
2021/11/02,49.411
2021/11/03,49.411
2021/11/04,49.411
2021/11/05,49.411
2021/11/06,49.411
2021/11/07,49.411
2021/11/08,49.411
2021/11/09,49.411
2021/11/10,49.411
2021/11/11,41.336
2021/11/12,39.234
2021/11/13,39.234
2021/11/14,44.22
2021/11/15,45.757
2021/11/16,45.757
2021/11/17,45.757
2021/11/18,45.757
2021/11/19,45.757
2021/11/20,45.757
2021/11/21,45.757
2021/11/22,45.757
2021/11/23,37.995
2021/11/24,28.72
2021/11/25,28.72
2021/11/26,28.72
2021/11/27,28.72
2021/11/28,27.532
2021/11/29,26.799
2021/11/30,26.799
2021/12/01,26.799
2021/12/02,26.799
2021/12/03,26.799
2021/12/04,26.799
2021/12/05,26.799
2021/12/06,26.799
2021/12/07,21.364
2021/12/08,21.29
2021/12/09,21.29
2021/12/10,21.29
2021/12/11,27.442
2021/12/12,31.388
2021/12/13,31.388
