Date,difficulty90rsi
2010/07/17,99.689
2010/07/18,99.689
2010/07/19,99.689
2010/07/20,99.689
2010/07/21,99.689
2010/07/22,99.689
2010/07/23,99.689
2010/07/24,99.689
2010/07/25,99.689
2010/07/26,99.689
2010/07/27,99.775
2010/07/28,99.78
2010/07/29,99.78
2010/07/30,99.78
2010/07/31,99.78
2010/08/01,99.78
2010/08/02,99.78
2010/08/03,99.78
2010/08/04,99.78
2010/08/05,99.796
2010/08/06,99.859
2010/08/07,99.859
2010/08/08,99.859
2010/08/09,99.859
2010/08/10,99.859
2010/08/11,99.859
2010/08/12,99.859
2010/08/13,99.859
2010/08/14,99.859
2010/08/15,99.876
2010/08/16,99.912
2010/08/17,99.912
2010/08/18,99.912
2010/08/19,99.912
2010/08/20,99.912
2010/08/21,99.912
2010/08/22,99.912
2010/08/23,99.912
2010/08/24,99.912
2010/08/25,99.912
2010/08/26,99.913
2010/08/27,99.932
2010/08/28,99.932
2010/08/29,99.932
2010/08/30,99.932
2010/08/31,99.932
2010/09/01,99.932
2010/09/02,99.932
2010/09/03,99.932
2010/09/04,99.932
2010/09/05,99.932
2010/09/06,99.932
2010/09/07,99.932
2010/09/08,99.942
2010/09/09,99.944
2010/09/10,99.944
2010/09/11,99.944
2010/09/12,99.944
2010/09/13,99.944
2010/09/14,99.944
2010/09/15,99.944
2010/09/16,99.944
2010/09/17,99.944
2010/09/18,99.944
2010/09/19,99.96
2010/09/20,99.961
2010/09/21,99.961
2010/09/22,99.961
2010/09/23,99.961
2010/09/24,99.961
2010/09/25,99.961
2010/09/26,99.961
2010/09/27,99.961
2010/09/28,99.965
2010/09/29,99.977
2010/09/30,99.977
2010/10/01,99.977
2010/10/02,99.977
2010/10/03,99.977
2010/10/04,99.977
2010/10/05,99.977
2010/10/06,99.977
2010/10/07,99.977
2010/10/08,99.977
2010/10/09,99.977
2010/10/10,99.977
2010/10/11,99.977
2010/10/12,99.978
2010/10/13,99.978
2010/10/14,99.978
2010/10/15,99.978
2010/10/16,99.978
2010/10/17,99.978
2010/10/18,99.978
2010/10/19,99.978
2010/10/20,99.978
2010/10/21,99.987
2010/10/22,99.989
2010/10/23,99.989
2010/10/24,99.989
2010/10/25,99.989
2010/10/26,99.989
2010/10/27,99.989
2010/10/28,99.989
2010/10/29,99.989
2010/10/30,99.989
2010/10/31,99.993
2010/11/01,99.993
2010/11/02,99.993
2010/11/03,99.993
2010/11/04,99.993
2010/11/05,99.993
2010/11/06,99.993
2010/11/07,99.993
2010/11/08,99.993
2010/11/09,99.995
2010/11/10,99.996
2010/11/11,99.996
2010/11/12,99.996
2010/11/13,99.996
2010/11/14,99.996
2010/11/15,99.996
2010/11/16,99.996
2010/11/17,99.996
2010/11/18,99.996
2010/11/19,99.998
2010/11/20,99.998
2010/11/21,99.998
2010/11/22,99.998
2010/11/23,99.998
2010/11/24,99.998
2010/11/25,99.998
2010/11/26,99.998
2010/11/27,99.998
2010/11/28,99.998
2010/11/29,99.998
2010/11/30,99.998
2010/12/01,99.998
2010/12/02,99.998
2010/12/03,99.998
2010/12/04,99.998
2010/12/05,99.998
2010/12/06,99.998
2010/12/07,99.998
2010/12/08,99.998
2010/12/09,99.998
2010/12/10,99.999
2010/12/11,99.999
2010/12/12,99.999
2010/12/13,99.999
2010/12/14,99.999
2010/12/15,99.999
2010/12/16,99.999
2010/12/17,99.999
2010/12/18,99.999
2010/12/19,99.999
2010/12/20,99.999
2010/12/21,99.999
2010/12/22,99.999
2010/12/23,99.999
2010/12/24,99.999
2010/12/25,99.999
2010/12/26,99.999
2010/12/27,99.999
2010/12/28,99.999
2010/12/29,99.999
2010/12/30,99.999
2010/12/31,99.999
2011/01/01,99.999
2011/01/02,99.999
2011/01/03,99.999
2011/01/04,99.999
2011/01/05,99.999
2011/01/06,99.999
2011/01/07,99.999
2011/01/08,99.999
2011/01/09,99.999
2011/01/10,99.999
2011/01/11,99.999
2011/01/12,99.999
2011/01/13,99.999
2011/01/14,99.999
2011/01/15,99.999
2011/01/16,99.999
2011/01/17,99.999
2011/01/18,99.999
2011/01/19,99.999
2011/01/20,99.999
2011/01/21,99.999
2011/01/22,99.999
2011/01/23,99.999
2011/01/24,99.999
2011/01/25,99.999
2011/01/26,99.999
2011/01/27,100
2011/01/28,100
2011/01/29,100
2011/01/30,100
2011/01/31,100
2011/02/01,100
2011/02/02,100
2011/02/03,100
2011/02/04,100
2011/02/05,100
2011/02/06,100
2011/02/07,100
2011/02/08,100
2011/02/09,100
2011/02/10,100
2011/02/11,100
2011/02/12,100
2011/02/13,100
2011/02/14,100
2011/02/15,100
2011/02/16,100
2011/02/17,100
2011/02/18,100
2011/02/19,100
2011/02/20,100
2011/02/21,100
2011/02/22,100
2011/02/23,100
2011/02/24,100
2011/02/25,100
2011/02/26,100
2011/02/27,100
2011/02/28,100
2011/03/01,100
2011/03/02,100
2011/03/03,100
2011/03/04,100
2011/03/05,100
2011/03/06,100
2011/03/07,100
2011/03/08,100
2011/03/09,100
2011/03/10,100
2011/03/11,100
2011/03/12,100
2011/03/13,100
2011/03/14,100
2011/03/15,100
2011/03/16,100
2011/03/17,100
2011/03/18,100
2011/03/19,100
2011/03/20,100
2011/03/21,100
2011/03/22,100
2011/03/23,100
2011/03/24,100
2011/03/25,88.076
2011/03/26,87.079
2011/03/27,87.079
2011/03/28,87.079
2011/03/29,87.079
2011/03/30,87.079
2011/03/31,87.079
2011/04/01,87.079
2011/04/02,87.079
2011/04/03,87.079
2011/04/04,87.079
2011/04/05,87.326
2011/04/06,89.852
2011/04/07,89.852
2011/04/08,89.852
2011/04/09,89.852
2011/04/10,89.852
2011/04/11,89.852
2011/04/12,89.852
2011/04/13,89.852
2011/04/14,89.852
2011/04/15,89.852
2011/04/16,89.852
2011/04/17,89.852
2011/04/18,91.023
2011/04/19,91.432
2011/04/20,91.432
2011/04/21,91.432
2011/04/22,91.432
2011/04/23,91.432
2011/04/24,91.432
2011/04/25,91.432
2011/04/26,91.432
2011/04/27,91.432
2011/04/28,91.432
2011/04/29,91.432
2011/04/30,93.261
2011/05/01,93.448
2011/05/02,93.448
2011/05/03,93.448
2011/05/04,93.448
2011/05/05,93.448
2011/05/06,93.448
2011/05/07,93.448
2011/05/08,93.448
2011/05/09,93.972
2011/05/10,96.198
2011/05/11,96.198
2011/05/12,96.198
2011/05/13,96.198
2011/05/14,96.198
2011/05/15,96.198
2011/05/16,96.198
2011/05/17,96.198
2011/05/18,96.376
2011/05/19,97.937
2011/05/20,97.937
2011/05/21,97.937
2011/05/22,97.937
2011/05/23,97.937
2011/05/24,97.937
2011/05/25,97.937
2011/05/26,98.269
2011/05/27,99.017
2011/05/28,99.017
2011/05/29,99.017
2011/05/30,99.017
2011/05/31,99.017
2011/06/01,99.017
2011/06/02,99.017
2011/06/03,99.017
2011/06/04,99.017
2011/06/05,99.017
2011/06/06,99.147
2011/06/07,99.303
2011/06/08,99.303
2011/06/09,99.303
2011/06/10,99.303
2011/06/11,99.303
2011/06/12,99.303
2011/06/13,99.303
2011/06/14,99.303
2011/06/15,99.461
2011/06/16,99.602
2011/06/17,99.602
2011/06/18,99.602
2011/06/19,99.602
2011/06/20,99.602
2011/06/21,99.602
2011/06/22,99.602
2011/06/23,99.602
2011/06/24,99.692
2011/06/25,99.775
2011/06/26,99.775
2011/06/27,99.775
2011/06/28,99.775
2011/06/29,99.775
2011/06/30,99.775
2011/07/01,99.775
2011/07/02,99.775
2011/07/03,99.775
2011/07/04,99.775
2011/07/05,99.775
2011/07/06,99.781
2011/07/07,99.81
2011/07/08,99.81
2011/07/09,99.81
2011/07/10,99.81
2011/07/11,99.81
2011/07/12,99.81
2011/07/13,99.81
2011/07/14,99.81
2011/07/15,99.81
2011/07/16,99.81
2011/07/17,99.81
2011/07/18,99.81
2011/07/19,99.814
2011/07/20,99.831
2011/07/21,99.831
2011/07/22,99.831
2011/07/23,99.831
2011/07/24,99.831
2011/07/25,99.831
2011/07/26,99.831
2011/07/27,99.831
2011/07/28,99.831
2011/07/29,99.831
2011/07/30,99.831
2011/07/31,99.831
2011/08/01,99.848
2011/08/02,99.859
2011/08/03,99.859
2011/08/04,99.859
2011/08/05,99.859
2011/08/06,99.859
2011/08/07,99.859
2011/08/08,99.859
2011/08/09,99.859
2011/08/10,99.859
2011/08/11,99.859
2011/08/12,99.859
2011/08/13,99.859
2011/08/14,99.859
2011/08/15,99.735
2011/08/16,92.359
2011/08/17,92.359
2011/08/18,92.359
2011/08/19,92.359
2011/08/20,92.359
2011/08/21,92.359
2011/08/22,92.359
2011/08/23,92.359
2011/08/24,92.359
2011/08/25,92.359
2011/08/26,92.359
2011/08/27,92.359
2011/08/28,92.359
2011/08/29,92.359
2011/08/30,90.206
2011/08/31,89.705
2011/09/01,89.705
2011/09/02,89.705
2011/09/03,89.705
2011/09/04,89.705
2011/09/05,89.705
2011/09/06,89.705
2011/09/07,89.705
2011/09/08,89.705
2011/09/09,89.705
2011/09/10,89.705
2011/09/11,89.705
2011/09/12,89.705
2011/09/13,88.369
2011/09/14,87.349
2011/09/15,87.349
2011/09/16,87.349
2011/09/17,87.349
2011/09/18,87.349
2011/09/19,87.349
2011/09/20,87.349
2011/09/21,87.349
2011/09/22,87.349
2011/09/23,87.349
2011/09/24,87.349
2011/09/25,87.349
2011/09/26,87.349
2011/09/27,87.113
2011/09/28,80.039
2011/09/29,80.039
2011/09/30,80.039
2011/10/01,80.039
2011/10/02,80.039
2011/10/03,80.039
2011/10/04,80.039
2011/10/05,80.039
2011/10/06,80.039
2011/10/07,80.039
2011/10/08,80.039
2011/10/09,80.039
2011/10/10,80.039
2011/10/11,80.039
2011/10/12,80.039
2011/10/13,80.039
2011/10/14,60.723
2011/10/15,59.947
2011/10/16,59.947
2011/10/17,59.947
2011/10/18,59.947
2011/10/19,59.947
2011/10/20,59.947
2011/10/21,59.947
2011/10/22,59.947
2011/10/23,59.947
2011/10/24,59.947
2011/10/25,59.947
2011/10/26,59.947
2011/10/27,59.947
2011/10/28,59.947
2011/10/29,59.947
2011/10/30,59.947
2011/10/31,45.455
2011/11/01,43.96
2011/11/02,43.96
2011/11/03,43.96
2011/11/04,43.96
2011/11/05,43.96
2011/11/06,43.96
2011/11/07,43.96
2011/11/08,43.96
2011/11/09,43.96
2011/11/10,43.96
2011/11/11,43.96
2011/11/12,43.96
2011/11/13,43.96
2011/11/14,43.579
2011/11/15,43.399
2011/11/16,43.399
2011/11/17,43.399
2011/11/18,43.399
2011/11/19,43.399
2011/11/20,43.399
2011/11/21,43.399
2011/11/22,43.399
2011/11/23,43.399
2011/11/24,43.399
2011/11/25,43.399
2011/11/26,43.399
2011/11/27,43.399
2011/11/28,43.399
2011/11/29,40.991
2011/11/30,38.046
2011/12/01,38.046
2011/12/02,38.046
2011/12/03,38.046
2011/12/04,38.046
2011/12/05,38.046
2011/12/06,38.046
2011/12/07,38.046
2011/12/08,38.046
2011/12/09,38.046
2011/12/10,38.046
2011/12/11,38.046
2011/12/12,38.95
2011/12/13,43.182
2011/12/14,43.182
2011/12/15,43.182
2011/12/16,43.182
2011/12/17,43.182
2011/12/18,43.182
2011/12/19,43.182
2011/12/20,43.182
2011/12/21,43.182
2011/12/22,43.182
2011/12/23,43.182
2011/12/24,43.182
2011/12/25,43.182
2011/12/26,43.28
2011/12/27,43.597
2011/12/28,43.597
2011/12/29,43.597
2011/12/30,43.597
2011/12/31,43.597
2012/01/01,43.597
2012/01/02,43.597
2012/01/03,43.597
2012/01/04,43.597
2012/01/05,43.597
2012/01/06,43.597
2012/01/07,43.597
2012/01/08,45.37
2012/01/09,51.252
2012/01/10,51.252
2012/01/11,51.252
2012/01/12,51.252
2012/01/13,51.252
2012/01/14,51.252
2012/01/15,51.252
2012/01/16,51.252
2012/01/17,51.252
2012/01/18,51.252
2012/01/19,51.252
2012/01/20,51.252
2012/01/21,51.252
2012/01/22,55.005
2012/01/23,55.636
2012/01/24,55.636
2012/01/25,55.636
2012/01/26,55.636
2012/01/27,55.636
2012/01/28,55.636
2012/01/29,55.636
2012/01/30,55.636
2012/01/31,55.636
2012/02/01,55.636
2012/02/02,55.636
2012/02/03,55.636
2012/02/04,58.543
2012/02/05,60.801
2012/02/06,60.801
2012/02/07,60.801
2012/02/08,60.801
2012/02/09,60.801
2012/02/10,60.801
2012/02/11,60.801
2012/02/12,60.801
2012/02/13,60.801
2012/02/14,60.801
2012/02/15,60.801
2012/02/16,60.801
2012/02/17,60.801
2012/02/18,60.58
2012/02/19,60.418
2012/02/20,60.418
2012/02/21,60.418
2012/02/22,60.418
2012/02/23,60.418
2012/02/24,60.418
2012/02/25,60.418
2012/02/26,60.418
2012/02/27,60.418
2012/02/28,60.418
2012/02/29,60.418
2012/03/01,60.418
2012/03/02,65.582
2012/03/03,68.644
2012/03/04,68.644
2012/03/05,68.644
2012/03/06,68.644
2012/03/07,68.644
2012/03/08,68.644
2012/03/09,68.644
2012/03/10,68.644
2012/03/11,68.644
2012/03/12,68.644
2012/03/13,68.644
2012/03/14,68.644
2012/03/15,68.644
2012/03/16,68.702
2012/03/17,68.727
2012/03/18,68.727
2012/03/19,68.727
2012/03/20,68.727
2012/03/21,68.727
2012/03/22,68.727
2012/03/23,68.727
2012/03/24,68.727
2012/03/25,68.727
2012/03/26,68.727
2012/03/27,68.727
2012/03/28,68.727
2012/03/29,74.382
2012/03/30,75.894
2012/03/31,75.894
2012/04/01,75.894
2012/04/02,75.894
2012/04/03,75.894
2012/04/04,75.894
2012/04/05,75.894
2012/04/06,75.894
2012/04/07,75.894
2012/04/08,75.894
2012/04/09,75.894
2012/04/10,75.894
2012/04/11,75.894
2012/04/12,73.889
2012/04/13,68.859
2012/04/14,68.859
2012/04/15,68.859
2012/04/16,68.859
2012/04/17,68.859
2012/04/18,68.859
2012/04/19,68.859
2012/04/20,68.859
2012/04/21,68.859
2012/04/22,68.859
2012/04/23,68.859
2012/04/24,68.859
2012/04/25,68.859
2012/04/26,68.859
2012/04/27,61.96
2012/04/28,59.595
2012/04/29,59.595
2012/04/30,59.595
2012/05/01,59.595
2012/05/02,59.595
2012/05/03,59.595
2012/05/04,59.595
2012/05/05,59.595
2012/05/06,59.595
2012/05/07,59.595
2012/05/08,59.595
2012/05/09,66.759
2012/05/10,73.064
2012/05/11,73.064
2012/05/12,73.064
2012/05/13,73.064
2012/05/14,73.064
2012/05/15,73.064
2012/05/16,73.064
2012/05/17,73.064
2012/05/18,73.064
2012/05/19,73.064
2012/05/20,73.064
2012/05/21,73.064
2012/05/22,73.064
2012/05/23,73.064
2012/05/24,68.962
2012/05/25,58.453
2012/05/26,58.453
2012/05/27,58.453
2012/05/28,58.453
2012/05/29,58.453
2012/05/30,58.453
2012/05/31,58.453
2012/06/01,58.453
2012/06/02,58.453
2012/06/03,58.453
2012/06/04,58.453
2012/06/05,58.453
2012/06/06,58.453
2012/06/07,58.28
2012/06/08,57.703
2012/06/09,57.703
2012/06/10,57.703
2012/06/11,57.703
2012/06/12,57.703
2012/06/13,57.703
2012/06/14,57.703
2012/06/15,57.703
2012/06/16,57.703
2012/06/17,57.703
2012/06/18,57.703
2012/06/19,57.703
2012/06/20,60.74
2012/06/21,66.673
2012/06/22,66.673
2012/06/23,66.673
2012/06/24,66.673
2012/06/25,66.673
2012/06/26,66.673
2012/06/27,66.673
2012/06/28,66.673
2012/06/29,66.673
2012/06/30,66.673
2012/07/01,66.673
2012/07/02,66.673
2012/07/03,66.673
2012/07/04,67.415
2012/07/05,68.044
2012/07/06,68.044
2012/07/07,68.044
2012/07/08,68.044
2012/07/09,68.044
2012/07/10,68.044
2012/07/11,68.044
2012/07/12,68.044
2012/07/13,68.044
2012/07/14,68.044
2012/07/15,68.044
2012/07/16,68.044
2012/07/17,70.483
2012/07/18,73.81
2012/07/19,73.81
2012/07/20,73.81
2012/07/21,73.81
2012/07/22,73.81
2012/07/23,73.81
2012/07/24,73.81
2012/07/25,73.81
2012/07/26,73.81
2012/07/27,73.81
2012/07/28,73.81
2012/07/29,73.81
2012/07/30,77.261
2012/07/31,79.988
2012/08/01,79.988
2012/08/02,79.988
2012/08/03,79.988
2012/08/04,79.988
2012/08/05,79.988
2012/08/06,79.988
2012/08/07,79.988
2012/08/08,79.988
2012/08/09,79.988
2012/08/10,79.988
2012/08/11,79.988
2012/08/12,82.189
2012/08/13,83.952
2012/08/14,83.952
2012/08/15,83.952
2012/08/16,83.952
2012/08/17,83.952
2012/08/18,83.952
2012/08/19,83.952
2012/08/20,83.952
2012/08/21,83.952
2012/08/22,83.952
2012/08/23,83.952
2012/08/24,83.952
2012/08/25,88.019
2012/08/26,88.279
2012/08/27,88.279
2012/08/28,88.279
2012/08/29,88.279
2012/08/30,88.279
2012/08/31,88.279
2012/09/01,88.279
2012/09/02,88.279
2012/09/03,88.279
2012/09/04,88.279
2012/09/05,88.279
2012/09/06,88.965
2012/09/07,91.09
2012/09/08,91.09
2012/09/09,91.09
2012/09/10,91.09
2012/09/11,91.09
2012/09/12,91.09
2012/09/13,91.09
2012/09/14,91.09
2012/09/15,91.09
2012/09/16,91.09
2012/09/17,91.09
2012/09/18,91.09
2012/09/19,91.239
2012/09/20,92.489
2012/09/21,92.489
2012/09/22,92.489
2012/09/23,92.489
2012/09/24,92.489
2012/09/25,92.489
2012/09/26,92.489
2012/09/27,92.489
2012/09/28,92.489
2012/09/29,92.489
2012/09/30,92.489
2012/10/01,92.489
2012/10/02,92.489
2012/10/03,93.663
2012/10/04,93.761
2012/10/05,93.761
2012/10/06,93.761
2012/10/07,93.761
2012/10/08,93.761
2012/10/09,93.761
2012/10/10,93.761
2012/10/11,93.761
2012/10/12,93.761
2012/10/13,93.761
2012/10/14,93.761
2012/10/15,93.761
2012/10/16,93.766
2012/10/17,93.873
2012/10/18,93.873
2012/10/19,93.873
2012/10/20,93.873
2012/10/21,93.873
2012/10/22,93.873
2012/10/23,93.873
2012/10/24,93.873
2012/10/25,93.873
2012/10/26,93.873
2012/10/27,93.873
2012/10/28,93.873
2012/10/29,93.873
2012/10/30,95.189
2012/10/31,95.189
2012/11/01,95.189
2012/11/02,95.189
2012/11/03,95.189
2012/11/04,95.189
2012/11/05,95.189
2012/11/06,95.189
2012/11/07,95.189
2012/11/08,95.189
2012/11/09,95.189
2012/11/10,95.189
2012/11/11,95.189
2012/11/12,95.275
2012/11/13,95.502
2012/11/14,95.502
2012/11/15,95.502
2012/11/16,95.502
2012/11/17,95.502
2012/11/18,95.502
2012/11/19,95.502
2012/11/20,95.502
2012/11/21,95.502
2012/11/22,95.502
2012/11/23,95.502
2012/11/24,95.502
2012/11/25,95.502
2012/11/26,95.671
2012/11/27,95.845
2012/11/28,95.845
2012/11/29,95.845
2012/11/30,95.845
2012/12/01,95.845
2012/12/02,95.845
2012/12/03,95.845
2012/12/04,95.845
2012/12/05,95.845
2012/12/06,95.845
2012/12/07,95.845
2012/12/08,95.845
2012/12/09,95.845
2012/12/10,93.905
2012/12/11,88.124
2012/12/12,88.124
2012/12/13,88.124
2012/12/14,88.124
2012/12/15,88.124
2012/12/16,88.124
2012/12/17,88.124
2012/12/18,88.124
2012/12/19,88.124
2012/12/20,88.124
2012/12/21,88.124
2012/12/22,88.124
2012/12/23,88.124
2012/12/24,88.124
2012/12/25,88.124
2012/12/26,69.895
2012/12/27,57.004
2012/12/28,57.004
2012/12/29,57.004
2012/12/30,57.004
2012/12/31,57.004
2013/01/01,57.004
2013/01/02,57.004
2013/01/03,57.004
2013/01/04,57.004
2013/01/05,57.004
2013/01/06,57.004
2013/01/07,57.004
2013/01/08,62.398
2013/01/09,66.465
2013/01/10,66.465
2013/01/11,66.465
2013/01/12,66.465
2013/01/13,66.465
2013/01/14,66.465
2013/01/15,66.465
2013/01/16,66.465
2013/01/17,66.465
2013/01/18,66.465
2013/01/19,66.465
2013/01/20,66.465
2013/01/21,66.465
2013/01/22,66.465
2013/01/23,62.714
2013/01/24,52.272
2013/01/25,52.272
2013/01/26,52.272
2013/01/27,52.272
2013/01/28,52.272
2013/01/29,52.272
2013/01/30,52.272
2013/01/31,52.272
2013/02/01,52.272
2013/02/02,52.272
2013/02/03,52.272
2013/02/04,52.272
2013/02/05,57.691
2013/02/06,62.388
2013/02/07,62.388
2013/02/08,62.388
2013/02/09,62.388
2013/02/10,62.388
2013/02/11,62.388
2013/02/12,62.388
2013/02/13,62.388
2013/02/14,62.388
2013/02/15,62.388
2013/02/16,62.388
2013/02/17,62.388
2013/02/18,70.823
2013/02/19,71.033
2013/02/20,71.033
2013/02/21,71.033
2013/02/22,71.033
2013/02/23,71.033
2013/02/24,71.033
2013/02/25,71.033
2013/02/26,71.033
2013/02/27,71.033
2013/02/28,71.033
2013/03/01,74.451
2013/03/02,80.689
2013/03/03,80.689
2013/03/04,80.689
2013/03/05,80.689
2013/03/06,80.689
2013/03/07,80.689
2013/03/08,80.689
2013/03/09,80.689
2013/03/10,80.689
2013/03/11,80.689
2013/03/12,80.689
2013/03/13,80.689
2013/03/14,83.334
2013/03/15,84.637
2013/03/16,84.637
2013/03/17,84.637
2013/03/18,84.637
2013/03/19,84.637
2013/03/20,84.637
2013/03/21,84.637
2013/03/22,84.637
2013/03/23,84.637
2013/03/24,88.603
2013/03/25,91.841
2013/03/26,91.841
2013/03/27,91.841
2013/03/28,91.841
2013/03/29,91.841
2013/03/30,91.841
2013/03/31,91.841
2013/04/01,91.841
2013/04/02,91.841
2013/04/03,91.841
2013/04/04,91.841
2013/04/05,92.508
2013/04/06,93.644
2013/04/07,93.644
2013/04/08,93.644
2013/04/09,93.644
2013/04/10,93.644
2013/04/11,93.644
2013/04/12,93.644
2013/04/13,93.644
2013/04/14,93.644
2013/04/15,93.644
2013/04/16,93.644
2013/04/17,94.189
2013/04/18,95.245
2013/04/19,95.245
2013/04/20,95.245
2013/04/21,95.245
2013/04/22,95.245
2013/04/23,95.245
2013/04/24,95.245
2013/04/25,95.245
2013/04/26,95.245
2013/04/27,95.245
2013/04/28,95.245
2013/04/29,95.245
2013/04/30,96.022
2013/05/01,96.181
2013/05/02,96.181
2013/05/03,96.181
2013/05/04,96.181
2013/05/05,96.181
2013/05/06,96.181
2013/05/07,96.181
2013/05/08,96.181
2013/05/09,96.181
2013/05/10,96.181
2013/05/11,96.181
2013/05/12,96.349
2013/05/13,96.892
2013/05/14,96.892
2013/05/15,96.892
2013/05/16,96.892
2013/05/17,96.892
2013/05/18,96.892
2013/05/19,96.892
2013/05/20,96.892
2013/05/21,96.892
2013/05/22,96.892
2013/05/23,96.892
2013/05/24,96.892
2013/05/25,97.041
2013/05/26,97.381
2013/05/27,97.381
2013/05/28,97.381
2013/05/29,97.381
2013/05/30,97.381
2013/05/31,97.381
2013/06/01,97.381
2013/06/02,97.381
2013/06/03,97.381
2013/06/04,97.381
2013/06/05,97.888
2013/06/06,98.399
2013/06/07,98.399
2013/06/08,98.399
2013/06/09,98.399
2013/06/10,98.399
2013/06/11,98.399
2013/06/12,98.399
2013/06/13,98.399
2013/06/14,98.399
2013/06/15,98.399
2013/06/16,98.465
2013/06/17,98.916
2013/06/18,98.916
2013/06/19,98.916
2013/06/20,98.916
2013/06/21,98.916
2013/06/22,98.916
2013/06/23,98.916
2013/06/24,98.916
2013/06/25,98.916
2013/06/26,98.916
2013/06/27,98.916
2013/06/28,98.916
2013/06/29,98.999
2013/06/30,99.096
2013/07/01,99.096
2013/07/02,99.096
2013/07/03,99.096
2013/07/04,99.096
2013/07/05,99.096
2013/07/06,99.096
2013/07/07,99.096
2013/07/08,99.096
2013/07/09,99.096
2013/07/10,99.096
2013/07/11,99.377
2013/07/12,99.379
2013/07/13,99.379
2013/07/14,99.379
2013/07/15,99.379
2013/07/16,99.379
2013/07/17,99.379
2013/07/18,99.379
2013/07/19,99.379
2013/07/20,99.379
2013/07/21,99.379
2013/07/22,99.422
2013/07/23,99.549
2013/07/24,99.549
2013/07/25,99.549
2013/07/26,99.549
2013/07/27,99.549
2013/07/28,99.549
2013/07/29,99.549
2013/07/30,99.549
2013/07/31,99.549
2013/08/01,99.549
2013/08/02,99.549
2013/08/03,99.616
2013/08/04,99.672
2013/08/05,99.672
2013/08/06,99.672
2013/08/07,99.672
2013/08/08,99.672
2013/08/09,99.672
2013/08/10,99.672
2013/08/11,99.672
2013/08/12,99.672
2013/08/13,99.707
2013/08/14,99.804
2013/08/15,99.804
2013/08/16,99.804
2013/08/17,99.804
2013/08/18,99.804
2013/08/19,99.804
2013/08/20,99.804
2013/08/21,99.804
2013/08/22,99.804
2013/08/23,99.804
2013/08/24,99.833
2013/08/25,99.869
2013/08/26,99.869
2013/08/27,99.869
2013/08/28,99.869
2013/08/29,99.869
2013/08/30,99.869
2013/08/31,99.869
2013/09/01,99.869
2013/09/02,99.869
2013/09/03,99.869
2013/09/04,99.907
2013/09/05,99.915
2013/09/06,99.915
2013/09/07,99.915
2013/09/08,99.915
2013/09/09,99.915
2013/09/10,99.915
2013/09/11,99.915
2013/09/12,99.915
2013/09/13,99.915
2013/09/14,99.915
2013/09/15,99.942
2013/09/16,99.942
2013/09/17,99.942
2013/09/18,99.942
2013/09/19,99.942
2013/09/20,99.942
2013/09/21,99.942
2013/09/22,99.942
2013/09/23,99.942
2013/09/24,99.942
2013/09/25,99.951
2013/09/26,99.962
2013/09/27,99.962
2013/09/28,99.962
2013/09/29,99.962
2013/09/30,99.962
2013/10/01,99.962
2013/10/02,99.962
2013/10/03,99.962
2013/10/04,99.962
2013/10/05,99.962
2013/10/06,99.967
2013/10/07,99.973
2013/10/08,99.973
2013/10/09,99.973
2013/10/10,99.973
2013/10/11,99.973
2013/10/12,99.973
2013/10/13,99.973
2013/10/14,99.973
2013/10/15,99.973
2013/10/16,99.979
2013/10/17,99.984
2013/10/18,99.984
2013/10/19,99.984
2013/10/20,99.984
2013/10/21,99.984
2013/10/22,99.984
2013/10/23,99.984
2013/10/24,99.984
2013/10/25,99.984
2013/10/26,99.99
2013/10/27,99.99
2013/10/28,99.99
2013/10/29,99.99
2013/10/30,99.99
2013/10/31,99.99
2013/11/01,99.99
2013/11/02,99.99
2013/11/03,99.99
2013/11/04,99.99
2013/11/05,99.991
2013/11/06,99.993
2013/11/07,99.993
2013/11/08,99.993
2013/11/09,99.993
2013/11/10,99.993
2013/11/11,99.993
2013/11/12,99.993
2013/11/13,99.993
2013/11/14,99.993
2013/11/15,99.993
2013/11/16,99.993
2013/11/17,99.994
2013/11/18,99.995
2013/11/19,99.995
2013/11/20,99.995
2013/11/21,99.995
2013/11/22,99.995
2013/11/23,99.995
2013/11/24,99.995
2013/11/25,99.995
2013/11/26,99.995
2013/11/27,99.995
2013/11/28,99.995
2013/11/29,99.995
2013/11/30,99.996
2013/12/01,99.996
2013/12/02,99.996
2013/12/03,99.996
2013/12/04,99.996
2013/12/05,99.996
2013/12/06,99.996
2013/12/07,99.996
2013/12/08,99.996
2013/12/09,99.996
2013/12/10,99.996
2013/12/11,99.997
2013/12/12,99.997
2013/12/13,99.997
2013/12/14,99.997
2013/12/15,99.997
2013/12/16,99.997
2013/12/17,99.997
2013/12/18,99.997
2013/12/19,99.997
2013/12/20,99.997
2013/12/21,99.998
2013/12/22,99.998
2013/12/23,99.998
2013/12/24,99.998
2013/12/25,99.998
2013/12/26,99.998
2013/12/27,99.998
2013/12/28,99.998
2013/12/29,99.998
2013/12/30,99.998
2013/12/31,99.998
2014/01/01,99.998
2014/01/02,99.999
2014/01/03,99.999
2014/01/04,99.999
2014/01/05,99.999
2014/01/06,99.999
2014/01/07,99.999
2014/01/08,99.999
2014/01/09,99.999
2014/01/10,99.999
2014/01/11,99.999
2014/01/12,99.999
2014/01/13,99.999
2014/01/14,99.999
2014/01/15,99.999
2014/01/16,99.999
2014/01/17,99.999
2014/01/18,99.999
2014/01/19,99.999
2014/01/20,99.999
2014/01/21,99.999
2014/01/22,99.999
2014/01/23,99.999
2014/01/24,99.999
2014/01/25,99.999
2014/01/26,99.999
2014/01/27,99.999
2014/01/28,99.999
2014/01/29,99.999
2014/01/30,99.999
2014/01/31,99.999
2014/02/01,99.999
2014/02/02,99.999
2014/02/03,99.999
2014/02/04,99.999
2014/02/05,99.999
2014/02/06,99.999
2014/02/07,99.999
2014/02/08,99.999
2014/02/09,99.999
2014/02/10,99.999
2014/02/11,99.999
2014/02/12,99.999
2014/02/13,99.999
2014/02/14,99.999
2014/02/15,99.999
2014/02/16,99.999
2014/02/17,100
2014/02/18,100
2014/02/19,100
2014/02/20,100
2014/02/21,100
2014/02/22,100
2014/02/23,100
2014/02/24,100
2014/02/25,100
2014/02/26,100
2014/02/27,100
2014/02/28,100
2014/03/01,100
2014/03/02,100
2014/03/03,100
2014/03/04,100
2014/03/05,100
2014/03/06,100
2014/03/07,100
2014/03/08,100
2014/03/09,100
2014/03/10,100
2014/03/11,100
2014/03/12,100
2014/03/13,100
2014/03/14,100
2014/03/15,100
2014/03/16,100
2014/03/17,100
2014/03/18,100
2014/03/19,100
2014/03/20,100
2014/03/21,100
2014/03/22,100
2014/03/23,100
2014/03/24,100
2014/03/25,100
2014/03/26,100
2014/03/27,100
2014/03/28,100
2014/03/29,100
2014/03/30,100
2014/03/31,100
2014/04/01,100
2014/04/02,100
2014/04/03,100
2014/04/04,100
2014/04/05,100
2014/04/06,100
2014/04/07,100
2014/04/08,100
2014/04/09,100
2014/04/10,100
2014/04/11,100
2014/04/12,100
2014/04/13,100
2014/04/14,100
2014/04/15,100
2014/04/16,100
2014/04/17,100
2014/04/18,100
2014/04/19,100
2014/04/20,100
2014/04/21,100
2014/04/22,100
2014/04/23,100
2014/04/24,100
2014/04/25,100
2014/04/26,100
2014/04/27,100
2014/04/28,100
2014/04/29,100
2014/04/30,100
2014/05/01,100
2014/05/02,100
2014/05/03,100
2014/05/04,100
2014/05/05,100
2014/05/06,100
2014/05/07,100
2014/05/08,100
2014/05/09,100
2014/05/10,100
2014/05/11,100
2014/05/12,100
2014/05/13,100
2014/05/14,100
2014/05/15,100
2014/05/16,100
2014/05/17,100
2014/05/18,100
2014/05/19,100
2014/05/20,100
2014/05/21,100
2014/05/22,100
2014/05/23,100
2014/05/24,100
2014/05/25,100
2014/05/26,100
2014/05/27,100
2014/05/28,100
2014/05/29,100
2014/05/30,100
2014/05/31,100
2014/06/01,100
2014/06/02,100
2014/06/03,100
2014/06/04,100
2014/06/05,100
2014/06/06,100
2014/06/07,100
2014/06/08,100
2014/06/09,100
2014/06/10,100
2014/06/11,100
2014/06/12,100
2014/06/13,100
2014/06/14,100
2014/06/15,100
2014/06/16,100
2014/06/17,100
2014/06/18,100
2014/06/19,100
2014/06/20,100
2014/06/21,100
2014/06/22,100
2014/06/23,100
2014/06/24,100
2014/06/25,100
2014/06/26,100
2014/06/27,100
2014/06/28,100
2014/06/29,100
2014/06/30,100
2014/07/01,100
2014/07/02,100
2014/07/03,100
2014/07/04,100
2014/07/05,100
2014/07/06,100
2014/07/07,100
2014/07/08,100
2014/07/09,100
2014/07/10,100
2014/07/11,100
2014/07/12,100
2014/07/13,100
2014/07/14,100
2014/07/15,100
2014/07/16,100
2014/07/17,100
2014/07/18,100
2014/07/19,100
2014/07/20,100
2014/07/21,100
2014/07/22,100
2014/07/23,100
2014/07/24,100
2014/07/25,100
2014/07/26,100
2014/07/27,100
2014/07/28,100
2014/07/29,100
2014/07/30,100
2014/07/31,100
2014/08/01,100
2014/08/02,100
2014/08/03,100
2014/08/04,100
2014/08/05,100
2014/08/06,100
2014/08/07,100
2014/08/08,100
2014/08/09,100
2014/08/10,100
2014/08/11,100
2014/08/12,100
2014/08/13,100
2014/08/14,100
2014/08/15,100
2014/08/16,100
2014/08/17,100
2014/08/18,100
2014/08/19,100
2014/08/20,100
2014/08/21,100
2014/08/22,100
2014/08/23,100
2014/08/24,100
2014/08/25,100
2014/08/26,100
2014/08/27,100
2014/08/28,100
2014/08/29,100
2014/08/30,100
2014/08/31,100
2014/09/01,100
2014/09/02,100
2014/09/03,100
2014/09/04,100
2014/09/05,100
2014/09/06,100
2014/09/07,100
2014/09/08,100
2014/09/09,100
2014/09/10,100
2014/09/11,100
2014/09/12,100
2014/09/13,100
2014/09/14,100
2014/09/15,100
2014/09/16,100
2014/09/17,100
2014/09/18,100
2014/09/19,100
2014/09/20,100
2014/09/21,100
2014/09/22,100
2014/09/23,100
2014/09/24,100
2014/09/25,100
2014/09/26,100
2014/09/27,100
2014/09/28,100
2014/09/29,100
2014/09/30,100
2014/10/01,100
2014/10/02,100
2014/10/03,100
2014/10/04,100
2014/10/05,100
2014/10/06,100
2014/10/07,100
2014/10/08,100
2014/10/09,100
2014/10/10,100
2014/10/11,100
2014/10/12,100
2014/10/13,100
2014/10/14,100
2014/10/15,100
2014/10/16,100
2014/10/17,100
2014/10/18,100
2014/10/19,100
2014/10/20,100
2014/10/21,100
2014/10/22,100
2014/10/23,100
2014/10/24,100
2014/10/25,100
2014/10/26,100
2014/10/27,100
2014/10/28,100
2014/10/29,100
2014/10/30,100
2014/10/31,100
2014/11/01,100
2014/11/02,100
2014/11/03,100
2014/11/04,100
2014/11/05,100
2014/11/06,100
2014/11/07,100
2014/11/08,100
2014/11/09,100
2014/11/10,100
2014/11/11,100
2014/11/12,100
2014/11/13,100
2014/11/14,100
2014/11/15,100
2014/11/16,100
2014/11/17,100
2014/11/18,100
2014/11/19,100
2014/11/20,100
2014/11/21,100
2014/11/22,100
2014/11/23,100
2014/11/24,100
2014/11/25,100
2014/11/26,100
2014/11/27,100
2014/11/28,100
2014/11/29,100
2014/11/30,100
2014/12/01,100
2014/12/02,99.953
2014/12/03,97.665
2014/12/04,97.665
2014/12/05,97.665
2014/12/06,97.665
2014/12/07,97.665
2014/12/08,97.665
2014/12/09,97.665
2014/12/10,97.665
2014/12/11,97.665
2014/12/12,97.665
2014/12/13,97.665
2014/12/14,97.665
2014/12/15,97.665
2014/12/16,97.665
2014/12/17,93.756
2014/12/18,92.889
2014/12/19,92.889
2014/12/20,92.889
2014/12/21,92.889
2014/12/22,92.889
2014/12/23,92.889
2014/12/24,92.889
2014/12/25,92.889
2014/12/26,92.889
2014/12/27,92.889
2014/12/28,92.889
2014/12/29,92.889
2014/12/30,93.089
2014/12/31,93.665
2015/01/01,93.665
2015/01/02,93.665
2015/01/03,93.665
2015/01/04,93.665
2015/01/05,93.665
2015/01/06,93.665
2015/01/07,93.665
2015/01/08,93.665
2015/01/09,93.665
2015/01/10,93.665
2015/01/11,93.665
2015/01/12,93.993
2015/01/13,95.326
2015/01/14,95.326
2015/01/15,95.326
2015/01/16,95.326
2015/01/17,95.326
2015/01/18,95.326
2015/01/19,95.326
2015/01/20,95.326
2015/01/21,95.326
2015/01/22,95.326
2015/01/23,95.326
2015/01/24,95.326
2015/01/25,95.326
2015/01/26,95.326
2015/01/27,87.171
2015/01/28,76.22
2015/01/29,76.22
2015/01/30,76.22
2015/01/31,76.22
2015/02/01,76.22
2015/02/02,76.22
2015/02/03,76.22
2015/02/04,76.22
2015/02/05,76.22
2015/02/06,76.22
2015/02/07,76.22
2015/02/08,76.22
2015/02/09,78.404
2015/02/10,81.324
2015/02/11,81.324
2015/02/12,81.324
2015/02/13,81.324
2015/02/14,81.324
2015/02/15,81.324
2015/02/16,81.324
2015/02/17,81.324
2015/02/18,81.324
2015/02/19,81.324
2015/02/20,81.324
2015/02/21,81.324
2015/02/22,81.346
2015/02/23,84.1
2015/02/24,84.1
2015/02/25,84.1
2015/02/26,84.1
2015/02/27,84.1
2015/02/28,84.1
2015/03/01,84.1
2015/03/02,84.1
2015/03/03,84.1
2015/03/04,84.1
2015/03/05,84.1
2015/03/06,84.1
2015/03/07,84.1
2015/03/08,84.279
2015/03/09,84.969
2015/03/10,84.969
2015/03/11,84.969
2015/03/12,84.969
2015/03/13,84.969
2015/03/14,84.969
2015/03/15,84.969
2015/03/16,84.969
2015/03/17,84.969
2015/03/18,84.969
2015/03/19,84.969
2015/03/20,84.969
2015/03/21,84.969
2015/03/22,84.896
2015/03/23,80.07
2015/03/24,80.07
2015/03/25,80.07
2015/03/26,80.07
2015/03/27,80.07
2015/03/28,80.07
2015/03/29,80.07
2015/03/30,80.07
2015/03/31,80.07
2015/04/01,80.07
2015/04/02,80.07
2015/04/03,80.07
2015/04/04,80.07
2015/04/05,83.569
2015/04/06,84.142
2015/04/07,84.142
2015/04/08,84.142
2015/04/09,84.142
2015/04/10,84.142
2015/04/11,84.142
2015/04/12,84.142
2015/04/13,84.142
2015/04/14,84.142
2015/04/15,84.142
2015/04/16,84.142
2015/04/17,84.142
2015/04/18,84.142
2015/04/19,80.151
2015/04/20,72.432
2015/04/21,72.432
2015/04/22,72.432
2015/04/23,72.432
2015/04/24,72.432
2015/04/25,72.432
2015/04/26,72.432
2015/04/27,72.432
2015/04/28,72.432
2015/04/29,72.432
2015/04/30,72.432
2015/05/01,72.432
2015/05/02,72.432
2015/05/03,72.453
2015/05/04,72.513
2015/05/05,72.513
2015/05/06,72.513
2015/05/07,72.513
2015/05/08,72.513
2015/05/09,72.513
2015/05/10,72.513
2015/05/11,72.513
2015/05/12,72.513
2015/05/13,72.513
2015/05/14,72.513
2015/05/15,72.513
2015/05/16,72.513
2015/05/17,74.069
2015/05/18,75.459
2015/05/19,75.459
2015/05/20,75.459
2015/05/21,75.459
2015/05/22,75.459
2015/05/23,75.459
2015/05/24,75.459
2015/05/25,75.459
2015/05/26,75.459
2015/05/27,75.459
2015/05/28,75.459
2015/05/29,75.459
2015/05/30,75.459
2015/05/31,73.327
2015/06/01,66.687
2015/06/02,66.687
2015/06/03,66.687
2015/06/04,66.687
2015/06/05,66.687
2015/06/06,66.687
2015/06/07,66.687
2015/06/08,66.687
2015/06/09,66.687
2015/06/10,66.687
2015/06/11,66.687
2015/06/12,66.687
2015/06/13,66.687
2015/06/14,71.522
2015/06/15,72.99
2015/06/16,72.99
2015/06/17,72.99
2015/06/18,72.99
2015/06/19,72.99
2015/06/20,72.99
2015/06/21,72.99
2015/06/22,72.99
2015/06/23,72.99
2015/06/24,72.99
2015/06/25,72.99
2015/06/26,72.99
2015/06/27,72.99
2015/06/28,71.477
2015/06/29,70.826
2015/06/30,70.826
2015/07/01,70.826
2015/07/02,70.826
2015/07/03,70.826
2015/07/04,70.826
2015/07/05,70.826
2015/07/06,70.826
2015/07/07,70.826
2015/07/08,70.826
2015/07/09,70.826
2015/07/10,70.826
2015/07/11,71.656
2015/07/12,75.667
2015/07/13,75.667
2015/07/14,75.667
2015/07/15,75.667
2015/07/16,75.667
2015/07/17,75.667
2015/07/18,75.667
2015/07/19,75.667
2015/07/20,75.667
2015/07/21,75.667
2015/07/22,75.667
2015/07/23,75.667
2015/07/24,75.667
2015/07/25,77.064
2015/07/26,78.633
2015/07/27,78.633
2015/07/28,78.633
2015/07/29,78.633
2015/07/30,78.633
2015/07/31,78.633
2015/08/01,78.633
2015/08/02,78.633
2015/08/03,78.633
2015/08/04,78.633
2015/08/05,78.633
2015/08/06,78.633
2015/08/07,78.633
2015/08/08,79.217
2015/08/09,79.649
2015/08/10,79.649
2015/08/11,79.649
2015/08/12,79.649
2015/08/13,79.649
2015/08/14,79.649
2015/08/15,79.649
2015/08/16,79.649
2015/08/17,79.649
2015/08/18,79.649
2015/08/19,79.649
2015/08/20,79.649
2015/08/21,79.649
2015/08/22,83.011
2015/08/23,83.103
2015/08/24,83.103
2015/08/25,83.103
2015/08/26,83.103
2015/08/27,83.103
2015/08/28,83.103
2015/08/29,83.103
2015/08/30,83.103
2015/08/31,83.103
2015/09/01,83.103
2015/09/02,83.103
2015/09/03,83.103
2015/09/04,86.055
2015/09/05,87.408
2015/09/06,87.408
2015/09/07,87.408
2015/09/08,87.408
2015/09/09,87.408
2015/09/10,87.408
2015/09/11,87.408
2015/09/12,87.408
2015/09/13,87.408
2015/09/14,87.408
2015/09/15,87.408
2015/09/16,87.408
2015/09/17,87.886
2015/09/18,90.012
2015/09/19,90.012
2015/09/20,90.012
2015/09/21,90.012
2015/09/22,90.012
2015/09/23,90.012
2015/09/24,90.012
2015/09/25,90.012
2015/09/26,90.012
2015/09/27,90.012
2015/09/28,90.012
2015/09/29,90.012
2015/09/30,90.012
2015/10/01,90.638
2015/10/02,91.313
2015/10/03,91.313
2015/10/04,91.313
2015/10/05,91.313
2015/10/06,91.313
2015/10/07,91.313
2015/10/08,91.313
2015/10/09,91.313
2015/10/10,91.313
2015/10/11,91.313
2015/10/12,91.313
2015/10/13,91.313
2015/10/14,91.313
2015/10/15,91.344
2015/10/16,91.375
2015/10/17,91.375
2015/10/18,91.375
2015/10/19,91.375
2015/10/20,91.375
2015/10/21,91.375
2015/10/22,91.375
2015/10/23,91.375
2015/10/24,91.375
2015/10/25,91.375
2015/10/26,91.375
2015/10/27,91.375
2015/10/28,91.375
2015/10/29,92.422
2015/10/30,92.586
2015/10/31,92.586
2015/11/01,92.586
2015/11/02,92.586
2015/11/03,92.586
2015/11/04,92.586
2015/11/05,92.586
2015/11/06,92.586
2015/11/07,92.586
2015/11/08,92.586
2015/11/09,92.586
2015/11/10,92.586
2015/11/11,93.973
2015/11/12,94.805
2015/11/13,94.805
2015/11/14,94.805
2015/11/15,94.805
2015/11/16,94.805
2015/11/17,94.805
2015/11/18,94.805
2015/11/19,94.805
2015/11/20,94.805
2015/11/21,94.805
2015/11/22,94.805
2015/11/23,94.805
2015/11/24,96.743
2015/11/25,96.869
2015/11/26,96.869
2015/11/27,96.869
2015/11/28,96.869
2015/11/29,96.869
2015/11/30,96.869
2015/12/01,96.869
2015/12/02,96.869
2015/12/03,96.869
2015/12/04,96.869
2015/12/05,96.869
2015/12/06,96.902
2015/12/07,97.804
2015/12/08,97.804
2015/12/09,97.804
2015/12/10,97.804
2015/12/11,97.804
2015/12/12,97.804
2015/12/13,97.804
2015/12/14,97.804
2015/12/15,97.804
2015/12/16,97.804
2015/12/17,97.804
2015/12/18,98.01
2015/12/19,98.757
2015/12/20,98.757
2015/12/21,98.757
2015/12/22,98.757
2015/12/23,98.757
2015/12/24,98.757
2015/12/25,98.757
2015/12/26,98.757
2015/12/27,98.757
2015/12/28,98.757
2015/12/29,98.757
2015/12/30,98.757
2015/12/31,98.963
2016/01/01,99.088
2016/01/02,99.088
2016/01/03,99.088
2016/01/04,99.088
2016/01/05,99.088
2016/01/06,99.088
2016/01/07,99.088
2016/01/08,99.088
2016/01/09,99.088
2016/01/10,99.088
2016/01/11,99.088
2016/01/12,99.088
2016/01/13,99.233
2016/01/14,99.287
2016/01/15,99.287
2016/01/16,99.287
2016/01/17,99.287
2016/01/18,99.287
2016/01/19,99.287
2016/01/20,99.287
2016/01/21,99.287
2016/01/22,99.287
2016/01/23,99.287
2016/01/24,99.287
2016/01/25,99.287
2016/01/26,99.342
2016/01/27,99.395
2016/01/28,99.395
2016/01/29,99.395
2016/01/30,99.395
2016/01/31,99.395
2016/02/01,99.395
2016/02/02,99.395
2016/02/03,99.395
2016/02/04,99.395
2016/02/05,99.395
2016/02/06,99.395
2016/02/07,99.604
2016/02/08,99.627
2016/02/09,99.627
2016/02/10,99.627
2016/02/11,99.627
2016/02/12,99.627
2016/02/13,99.627
2016/02/14,99.627
2016/02/15,99.627
2016/02/16,99.627
2016/02/17,99.627
2016/02/18,99.627
2016/02/19,99.678
2016/02/20,99.725
2016/02/21,99.725
2016/02/22,99.725
2016/02/23,99.725
2016/02/24,99.725
2016/02/25,99.725
2016/02/26,99.725
2016/02/27,99.725
2016/02/28,99.725
2016/02/29,99.725
2016/03/01,99.725
2016/03/02,99.725
2016/03/03,99.725
2016/03/04,99.47
2016/03/05,92.31
2016/03/06,92.31
2016/03/07,92.31
2016/03/08,92.31
2016/03/09,92.31
2016/03/10,92.31
2016/03/11,92.31
2016/03/12,92.31
2016/03/13,92.31
2016/03/14,92.31
2016/03/15,92.31
2016/03/16,92.31
2016/03/17,92.31
2016/03/18,92.793
2016/03/19,93.138
2016/03/20,93.138
2016/03/21,93.138
2016/03/22,93.138
2016/03/23,93.138
2016/03/24,93.138
2016/03/25,93.138
2016/03/26,93.138
2016/03/27,93.138
2016/03/28,93.138
2016/03/29,93.138
2016/03/30,93.138
2016/03/31,93.138
2016/04/01,93.26
2016/04/02,93.299
2016/04/03,93.299
2016/04/04,93.299
2016/04/05,93.299
2016/04/06,93.299
2016/04/07,93.299
2016/04/08,93.299
2016/04/09,93.299
2016/04/10,93.299
2016/04/11,93.299
2016/04/12,93.299
2016/04/13,93.299
2016/04/14,94.188
2016/04/15,94.585
2016/04/16,94.585
2016/04/17,94.585
2016/04/18,94.585
2016/04/19,94.585
2016/04/20,94.585
2016/04/21,94.585
2016/04/22,94.585
2016/04/23,94.585
2016/04/24,94.585
2016/04/25,94.585
2016/04/26,94.585
2016/04/27,94.585
2016/04/28,94.564
2016/04/29,94.551
2016/04/30,94.551
2016/05/01,94.551
2016/05/02,94.551
2016/05/03,94.551
2016/05/04,94.551
2016/05/05,94.551
2016/05/06,94.551
2016/05/07,94.551
2016/05/08,94.551
2016/05/09,94.551
2016/05/10,94.551
2016/05/11,95.671
2016/05/12,95.939
2016/05/13,95.939
2016/05/14,95.939
2016/05/15,95.939
2016/05/16,95.939
2016/05/17,95.939
2016/05/18,95.939
2016/05/19,95.939
2016/05/20,95.939
2016/05/21,95.939
2016/05/22,95.939
2016/05/23,95.939
2016/05/24,95.978
2016/05/25,96.295
2016/05/26,96.295
2016/05/27,96.295
2016/05/28,96.295
2016/05/29,96.295
2016/05/30,96.295
2016/05/31,96.295
2016/06/01,96.295
2016/06/02,96.295
2016/06/03,96.295
2016/06/04,96.295
2016/06/05,96.295
2016/06/06,96.295
2016/06/07,96.295
2016/06/08,90.956
2016/06/09,90.323
2016/06/10,90.323
2016/06/11,90.323
2016/06/12,90.323
2016/06/13,90.323
2016/06/14,90.323
2016/06/15,90.323
2016/06/16,90.323
2016/06/17,90.323
2016/06/18,90.323
2016/06/19,90.323
2016/06/20,90.323
2016/06/21,92.105
2016/06/22,92.532
2016/06/23,92.532
2016/06/24,92.532
2016/06/25,92.532
2016/06/26,92.532
2016/06/27,92.532
2016/06/28,92.532
2016/06/29,92.532
2016/06/30,92.532
2016/07/01,92.532
2016/07/02,92.532
2016/07/03,92.532
2016/07/04,92.548
2016/07/05,93.076
2016/07/06,93.076
2016/07/07,93.076
2016/07/08,93.076
2016/07/09,93.076
2016/07/10,93.076
2016/07/11,93.076
2016/07/12,93.076
2016/07/13,93.076
2016/07/14,93.076
2016/07/15,93.076
2016/07/16,93.076
2016/07/17,93.076
2016/07/18,93.076
2016/07/19,93.09
2016/07/20,93.09
2016/07/21,93.09
2016/07/22,93.09
2016/07/23,93.09
2016/07/24,93.09
2016/07/25,93.09
2016/07/26,93.09
2016/07/27,93.09
2016/07/28,93.09
2016/07/29,93.09
2016/07/30,93.09
2016/07/31,93.09
2016/08/01,93.09
2016/08/02,87.3
2016/08/03,71.92
2016/08/04,71.92
2016/08/05,71.92
2016/08/06,71.92
2016/08/07,71.92
2016/08/08,71.92
2016/08/09,71.92
2016/08/10,71.92
2016/08/11,71.92
2016/08/12,71.92
2016/08/13,71.92
2016/08/14,71.92
2016/08/15,72.889
2016/08/16,79.223
2016/08/17,79.223
2016/08/18,79.223
2016/08/19,79.223
2016/08/20,79.223
2016/08/21,79.223
2016/08/22,79.223
2016/08/23,79.223
2016/08/24,79.223
2016/08/25,79.223
2016/08/26,79.223
2016/08/27,79.223
2016/08/28,79.223
2016/08/29,79.645
2016/08/30,80.513
2016/08/31,80.513
2016/09/01,80.513
2016/09/02,80.513
2016/09/03,80.513
2016/09/04,80.513
2016/09/05,80.513
2016/09/06,80.513
2016/09/07,80.513
2016/09/08,80.513
2016/09/09,80.513
2016/09/10,80.513
2016/09/11,80.513
2016/09/12,81.985
2016/09/13,82.422
2016/09/14,82.422
2016/09/15,82.422
2016/09/16,82.422
2016/09/17,82.422
2016/09/18,82.422
2016/09/19,82.422
2016/09/20,82.422
2016/09/21,82.422
2016/09/22,82.422
2016/09/23,82.422
2016/09/24,82.422
2016/09/25,85.328
2016/09/26,86.922
2016/09/27,86.922
2016/09/28,86.922
2016/09/29,86.922
2016/09/30,86.922
2016/10/01,86.922
2016/10/02,86.922
2016/10/03,86.922
2016/10/04,86.922
2016/10/05,86.922
2016/10/06,86.922
2016/10/07,86.922
2016/10/08,88.9
2016/10/09,90.187
2016/10/10,90.187
2016/10/11,90.187
2016/10/12,90.187
2016/10/13,90.187
2016/10/14,90.187
2016/10/15,90.187
2016/10/16,90.187
2016/10/17,90.187
2016/10/18,90.187
2016/10/19,90.187
2016/10/20,90.187
2016/10/21,90.187
2016/10/22,88.716
2016/10/23,83.268
2016/10/24,83.268
2016/10/25,83.268
2016/10/26,83.268
2016/10/27,83.268
2016/10/28,83.268
2016/10/29,83.268
2016/10/30,83.268
2016/10/31,83.268
2016/11/01,83.268
2016/11/02,83.268
2016/11/03,83.268
2016/11/04,83.268
2016/11/05,83.373
2016/11/06,83.568
2016/11/07,83.568
2016/11/08,83.568
2016/11/09,83.568
2016/11/10,83.568
2016/11/11,83.568
2016/11/12,83.568
2016/11/13,83.568
2016/11/14,83.568
2016/11/15,83.568
2016/11/16,83.568
2016/11/17,83.568
2016/11/18,87.977
2016/11/19,89.478
2016/11/20,89.478
2016/11/21,89.478
2016/11/22,89.478
2016/11/23,89.478
2016/11/24,89.478
2016/11/25,89.478
2016/11/26,89.478
2016/11/27,89.478
2016/11/28,89.478
2016/11/29,89.478
2016/11/30,89.478
2016/12/01,89.478
2016/12/02,90.143
2016/12/03,90.227
2016/12/04,90.227
2016/12/05,90.227
2016/12/06,90.227
2016/12/07,90.227
2016/12/08,90.227
2016/12/09,90.227
2016/12/10,90.227
2016/12/11,90.227
2016/12/12,90.227
2016/12/13,90.227
2016/12/14,90.227
2016/12/15,92.797
2016/12/16,92.957
2016/12/17,92.957
2016/12/18,92.957
2016/12/19,92.957
2016/12/20,92.957
2016/12/21,92.957
2016/12/22,92.957
2016/12/23,92.957
2016/12/24,92.957
2016/12/25,92.957
2016/12/26,92.957
2016/12/27,92.957
2016/12/28,93.139
2016/12/29,93.625
2016/12/30,93.625
2016/12/31,93.625
2017/01/01,93.625
2017/01/02,93.625
2017/01/03,93.625
2017/01/04,93.625
2017/01/05,93.625
2017/01/06,93.625
2017/01/07,93.625
2017/01/08,93.625
2017/01/09,93.625
2017/01/10,93.787
2017/01/11,95.02
2017/01/12,95.02
2017/01/13,95.02
2017/01/14,95.02
2017/01/15,95.02
2017/01/16,95.02
2017/01/17,95.02
2017/01/18,95.02
2017/01/19,95.02
2017/01/20,95.02
2017/01/21,95.02
2017/01/22,95.181
2017/01/23,97.123
2017/01/24,97.123
2017/01/25,97.123
2017/01/26,97.123
2017/01/27,97.123
2017/01/28,97.123
2017/01/29,97.123
2017/01/30,97.123
2017/01/31,97.123
2017/02/01,97.123
2017/02/02,97.123
2017/02/03,97.123
2017/02/04,97.138
2017/02/05,97.707
2017/02/06,97.707
2017/02/07,97.707
2017/02/08,97.707
2017/02/09,97.707
2017/02/10,97.707
2017/02/11,97.707
2017/02/12,97.707
2017/02/13,97.707
2017/02/14,97.707
2017/02/15,97.707
2017/02/16,97.707
2017/02/17,97.707
2017/02/18,97.888
2017/02/19,98.006
2017/02/20,98.006
2017/02/21,98.006
2017/02/22,98.006
2017/02/23,98.006
2017/02/24,98.006
2017/02/25,98.006
2017/02/26,98.006
2017/02/27,98.006
2017/02/28,98.006
2017/03/01,98.006
2017/03/02,98.006
2017/03/03,98.08
2017/03/04,98.285
2017/03/05,98.285
2017/03/06,98.285
2017/03/07,98.285
2017/03/08,98.285
2017/03/09,98.285
2017/03/10,98.285
2017/03/11,98.285
2017/03/12,98.285
2017/03/13,98.285
2017/03/14,98.285
2017/03/15,98.285
2017/03/16,98.285
2017/03/17,98.403
2017/03/18,98.471
2017/03/19,98.471
2017/03/20,98.471
2017/03/21,98.471
2017/03/22,98.471
2017/03/23,98.471
2017/03/24,98.471
2017/03/25,98.471
2017/03/26,98.471
2017/03/27,98.471
2017/03/28,98.471
2017/03/29,98.471
2017/03/30,98.558
2017/03/31,98.728
2017/04/01,98.728
2017/04/02,98.728
2017/04/03,98.728
2017/04/04,98.728
2017/04/05,98.728
2017/04/06,98.728
2017/04/07,98.728
2017/04/08,98.728
2017/04/09,98.728
2017/04/10,98.728
2017/04/11,98.728
2017/04/12,98.728
2017/04/13,98.892
2017/04/14,98.915
2017/04/15,98.915
2017/04/16,98.915
2017/04/17,98.915
2017/04/18,98.915
2017/04/19,98.915
2017/04/20,98.915
2017/04/21,98.915
2017/04/22,98.915
2017/04/23,98.915
2017/04/24,98.915
2017/04/25,98.915
2017/04/26,98.915
2017/04/27,98.924
2017/04/28,98.926
2017/04/29,98.926
2017/04/30,98.926
2017/05/01,98.926
2017/05/02,98.926
2017/05/03,98.926
2017/05/04,98.926
2017/05/05,98.926
2017/05/06,98.926
2017/05/07,98.926
2017/05/08,98.926
2017/05/09,98.926
2017/05/10,99.179
2017/05/11,99.206
2017/05/12,99.206
2017/05/13,99.206
2017/05/14,99.206
2017/05/15,99.206
2017/05/16,99.206
2017/05/17,99.206
2017/05/18,99.206
2017/05/19,99.206
2017/05/20,99.206
2017/05/21,99.206
2017/05/22,99.206
2017/05/23,99.334
2017/05/24,99.383
2017/05/25,99.383
2017/05/26,99.383
2017/05/27,99.383
2017/05/28,99.383
2017/05/29,99.383
2017/05/30,99.383
2017/05/31,99.383
2017/06/01,99.383
2017/06/02,99.383
2017/06/03,99.383
2017/06/04,99.498
2017/06/05,99.612
2017/06/06,99.612
2017/06/07,99.612
2017/06/08,99.612
2017/06/09,99.612
2017/06/10,99.612
2017/06/11,99.612
2017/06/12,99.612
2017/06/13,99.612
2017/06/14,99.612
2017/06/15,99.612
2017/06/16,99.612
2017/06/17,99.614
2017/06/18,99.669
2017/06/19,99.669
2017/06/20,99.669
2017/06/21,99.669
2017/06/22,99.669
2017/06/23,99.669
2017/06/24,99.669
2017/06/25,99.669
2017/06/26,99.669
2017/06/27,99.669
2017/06/28,99.669
2017/06/29,99.669
2017/06/30,99.669
2017/07/01,99.669
2017/07/02,98.146
2017/07/03,98.122
2017/07/04,98.122
2017/07/05,98.122
2017/07/06,98.122
2017/07/07,98.122
2017/07/08,98.122
2017/07/09,98.122
2017/07/10,98.122
2017/07/11,98.122
2017/07/12,98.122
2017/07/13,98.122
2017/07/14,98.566
2017/07/15,98.798
2017/07/16,98.798
2017/07/17,98.798
2017/07/18,98.798
2017/07/19,98.798
2017/07/20,98.798
2017/07/21,98.798
2017/07/22,98.798
2017/07/23,98.798
2017/07/24,98.798
2017/07/25,98.798
2017/07/26,98.798
2017/07/27,98.943
2017/07/28,99.032
2017/07/29,99.032
2017/07/30,99.032
2017/07/31,99.032
2017/08/01,99.032
2017/08/02,99.032
2017/08/03,99.032
2017/08/04,99.032
2017/08/05,99.032
2017/08/06,99.032
2017/08/07,99.032
2017/08/08,99.032
2017/08/09,99.13
2017/08/10,99.229
2017/08/11,99.229
2017/08/12,99.229
2017/08/13,99.229
2017/08/14,99.229
2017/08/15,99.229
2017/08/16,99.229
2017/08/17,99.229
2017/08/18,99.229
2017/08/19,99.229
2017/08/20,99.229
2017/08/21,99.229
2017/08/22,99.229
2017/08/23,99.229
2017/08/24,88.617
2017/08/25,87.576
2017/08/26,87.576
2017/08/27,87.576
2017/08/28,87.576
2017/08/29,87.576
2017/08/30,87.576
2017/08/31,87.576
2017/09/01,87.576
2017/09/02,87.576
2017/09/03,87.576
2017/09/04,87.576
2017/09/05,87.576
2017/09/06,88.263
2017/09/07,89.049
2017/09/08,89.049
2017/09/09,89.049
2017/09/10,89.049
2017/09/11,89.049
2017/09/12,89.049
2017/09/13,89.049
2017/09/14,89.049
2017/09/15,89.049
2017/09/16,89.049
2017/09/17,89.049
2017/09/18,92.723
2017/09/19,93.584
2017/09/20,93.584
2017/09/21,93.584
2017/09/22,93.584
2017/09/23,93.584
2017/09/24,93.584
2017/09/25,93.584
2017/09/26,93.584
2017/09/27,93.584
2017/09/28,93.584
2017/09/29,93.584
2017/09/30,93.584
2017/10/01,93.584
2017/10/02,93.912
2017/10/03,93.916
2017/10/04,93.916
2017/10/05,93.916
2017/10/06,93.916
2017/10/07,93.916
2017/10/08,93.916
2017/10/09,93.916
2017/10/10,93.916
2017/10/11,93.916
2017/10/12,93.916
2017/10/13,93.916
2017/10/14,93.916
2017/10/15,94.814
2017/10/16,94.989
2017/10/17,94.989
2017/10/18,94.989
2017/10/19,94.989
2017/10/20,94.989
2017/10/21,94.989
2017/10/22,94.989
2017/10/23,94.989
2017/10/24,94.989
2017/10/25,94.989
2017/10/26,95.357
2017/10/27,97.062
2017/10/28,97.062
2017/10/29,97.062
2017/10/30,97.062
2017/10/31,97.062
2017/11/01,97.062
2017/11/02,97.062
2017/11/03,97.062
2017/11/04,97.062
2017/11/05,97.062
2017/11/06,97.062
2017/11/07,97.062
2017/11/08,97.062
2017/11/09,97.062
2017/11/10,91.937
2017/11/11,83.066
2017/11/12,83.066
2017/11/13,83.066
2017/11/14,83.066
2017/11/15,83.066
2017/11/16,83.066
2017/11/17,83.066
2017/11/18,83.066
2017/11/19,83.066
2017/11/20,83.066
2017/11/21,83.066
2017/11/22,83.066
2017/11/23,83.066
2017/11/24,82.682
2017/11/25,80.39
2017/11/26,80.39
2017/11/27,80.39
2017/11/28,80.39
2017/11/29,80.39
2017/11/30,80.39
2017/12/01,80.39
2017/12/02,80.39
2017/12/03,80.39
2017/12/04,80.39
2017/12/05,80.39
2017/12/06,82.611
2017/12/07,87.057
2017/12/08,87.057
2017/12/09,87.057
2017/12/10,87.057
2017/12/11,87.057
2017/12/12,87.057
2017/12/13,87.057
2017/12/14,87.057
2017/12/15,87.057
2017/12/16,87.057
2017/12/17,87.057
2017/12/18,89.223
2017/12/19,91.067
2017/12/20,91.067
2017/12/21,91.067
2017/12/22,91.067
2017/12/23,91.067
2017/12/24,91.067
2017/12/25,91.067
2017/12/26,91.067
2017/12/27,91.067
2017/12/28,91.067
2017/12/29,91.067
2017/12/30,91.067
2017/12/31,91.067
2018/01/01,91.597
2018/01/02,91.684
2018/01/03,91.684
2018/01/04,91.684
2018/01/05,91.684
2018/01/06,91.684
2018/01/07,91.684
2018/01/08,91.684
2018/01/09,91.684
2018/01/10,91.684
2018/01/11,91.684
2018/01/12,91.684
2018/01/13,93.482
2018/01/14,94.079
2018/01/15,94.079
2018/01/16,94.079
2018/01/17,94.079
2018/01/18,94.079
2018/01/19,94.079
2018/01/20,94.079
2018/01/21,94.079
2018/01/22,94.079
2018/01/23,94.079
2018/01/24,94.079
2018/01/25,95.291
2018/01/26,95.82
2018/01/27,95.82
2018/01/28,95.82
2018/01/29,95.82
2018/01/30,95.82
2018/01/31,95.82
2018/02/01,95.82
2018/02/02,95.82
2018/02/03,95.82
2018/02/04,95.82
2018/02/05,95.82
2018/02/06,95.838
2018/02/07,96.643
2018/02/08,96.643
2018/02/09,96.643
2018/02/10,96.643
2018/02/11,96.643
2018/02/12,96.643
2018/02/13,96.643
2018/02/14,96.643
2018/02/15,96.643
2018/02/16,96.643
2018/02/17,96.643
2018/02/18,96.643
2018/02/19,96.643
2018/02/20,96.886
2018/02/21,96.98
2018/02/22,96.98
2018/02/23,96.98
2018/02/24,96.98
2018/02/25,96.98
2018/02/26,96.98
2018/02/27,96.98
2018/02/28,96.98
2018/03/01,96.98
2018/03/02,96.98
2018/03/03,96.98
2018/03/04,96.98
2018/03/05,97.478
2018/03/06,97.579
2018/03/07,97.579
2018/03/08,97.579
2018/03/09,97.579
2018/03/10,97.579
2018/03/11,97.579
2018/03/12,97.579
2018/03/13,97.579
2018/03/14,97.579
2018/03/15,97.579
2018/03/16,97.579
2018/03/17,97.579
2018/03/18,97.745
2018/03/19,97.876
2018/03/20,97.876
2018/03/21,97.876
2018/03/22,97.876
2018/03/23,97.876
2018/03/24,97.876
2018/03/25,97.876
2018/03/26,97.876
2018/03/27,97.876
2018/03/28,97.876
2018/03/29,97.876
2018/03/30,97.876
2018/03/31,97.876
2018/04/01,97.93
2018/04/02,97.958
2018/04/03,97.958
2018/04/04,97.958
2018/04/05,97.958
2018/04/06,97.958
2018/04/07,97.958
2018/04/08,97.958
2018/04/09,97.958
2018/04/10,97.958
2018/04/11,97.958
2018/04/12,97.958
2018/04/13,97.958
2018/04/14,98.383
2018/04/15,98.433
2018/04/16,98.433
2018/04/17,98.433
2018/04/18,98.433
2018/04/19,98.433
2018/04/20,98.433
2018/04/21,98.433
2018/04/22,98.433
2018/04/23,98.433
2018/04/24,98.433
2018/04/25,98.433
2018/04/26,98.433
2018/04/27,98.556
2018/04/28,98.638
2018/04/29,98.638
2018/04/30,98.638
2018/05/01,98.638
2018/05/02,98.638
2018/05/03,98.638
2018/05/04,98.638
2018/05/05,98.638
2018/05/06,98.638
2018/05/07,98.638
2018/05/08,98.638
2018/05/09,98.638
2018/05/10,98.638
2018/05/11,98.758
2018/05/12,98.763
2018/05/13,98.763
2018/05/14,98.763
2018/05/15,98.763
2018/05/16,98.763
2018/05/17,98.763
2018/05/18,98.763
2018/05/19,98.763
2018/05/20,98.763
2018/05/21,98.763
2018/05/22,98.763
2018/05/23,98.763
2018/05/24,98.839
2018/05/25,98.918
2018/05/26,98.918
2018/05/27,98.918
2018/05/28,98.918
2018/05/29,98.918
2018/05/30,98.918
2018/05/31,98.918
2018/06/01,98.918
2018/06/02,98.918
2018/06/03,98.918
2018/06/04,98.918
2018/06/05,99.012
2018/06/06,99.306
2018/06/07,99.306
2018/06/08,99.306
2018/06/09,99.306
2018/06/10,99.306
2018/06/11,99.306
2018/06/12,99.306
2018/06/13,99.306
2018/06/14,99.306
2018/06/15,99.306
2018/06/16,99.306
2018/06/17,99.306
2018/06/18,99.306
2018/06/19,99.342
2018/06/20,99.363
2018/06/21,99.363
2018/06/22,99.363
2018/06/23,99.363
2018/06/24,99.363
2018/06/25,99.363
2018/06/26,99.363
2018/06/27,99.363
2018/06/28,99.363
2018/06/29,99.363
2018/06/30,99.363
2018/07/01,99.363
2018/07/02,99.403
2018/07/03,99.469
2018/07/04,99.469
2018/07/05,99.469
2018/07/06,99.469
2018/07/07,99.469
2018/07/08,99.469
2018/07/09,99.469
2018/07/10,99.469
2018/07/11,99.469
2018/07/12,99.469
2018/07/13,99.469
2018/07/14,99.469
2018/07/15,99.469
2018/07/16,99.469
2018/07/17,89.425
2018/07/18,88.274
2018/07/19,88.274
2018/07/20,88.274
2018/07/21,88.274
2018/07/22,88.274
2018/07/23,88.274
2018/07/24,88.274
2018/07/25,88.274
2018/07/26,88.274
2018/07/27,88.274
2018/07/28,88.274
2018/07/29,90.909
2018/07/30,92.377
2018/07/31,92.377
2018/08/01,92.377
2018/08/02,92.377
2018/08/03,92.377
2018/08/04,92.377
2018/08/05,92.377
2018/08/06,92.377
2018/08/07,92.377
2018/08/08,92.377
2018/08/09,92.377
2018/08/10,92.377
2018/08/11,93.253
2018/08/12,93.807
2018/08/13,93.807
2018/08/14,93.807
2018/08/15,93.807
2018/08/16,93.807
2018/08/17,93.807
2018/08/18,93.807
2018/08/19,93.807
2018/08/20,93.807
2018/08/21,93.807
2018/08/22,93.807
2018/08/23,93.807
2018/08/24,94.14
2018/08/25,94.693
2018/08/26,94.693
2018/08/27,94.693
2018/08/28,94.693
2018/08/29,94.693
2018/08/30,94.693
2018/08/31,94.693
2018/09/01,94.693
2018/09/02,94.693
2018/09/03,94.693
2018/09/04,94.693
2018/09/05,94.693
2018/09/06,94.693
2018/09/07,95.262
2018/09/08,95.36
2018/09/09,95.36
2018/09/10,95.36
2018/09/11,95.36
2018/09/12,95.36
2018/09/13,95.36
2018/09/14,95.36
2018/09/15,95.36
2018/09/16,95.36
2018/09/17,95.36
2018/09/18,95.36
2018/09/19,95.36
2018/09/20,95.388
2018/09/21,95.652
2018/09/22,95.652
2018/09/23,95.652
2018/09/24,95.652
2018/09/25,95.652
2018/09/26,95.652
2018/09/27,95.652
2018/09/28,95.652
2018/09/29,95.652
2018/09/30,95.652
2018/10/01,95.652
2018/10/02,95.652
2018/10/03,95.652
2018/10/04,96.101
2018/10/05,96.268
2018/10/06,96.268
2018/10/07,96.268
2018/10/08,96.268
2018/10/09,96.268
2018/10/10,96.268
2018/10/11,96.268
2018/10/12,96.268
2018/10/13,96.268
2018/10/14,96.268
2018/10/15,96.268
2018/10/16,96.268
2018/10/17,96.268
2018/10/18,94.837
2018/10/19,83.695
2018/10/20,83.695
2018/10/21,83.695
2018/10/22,83.695
2018/10/23,83.695
2018/10/24,83.695
2018/10/25,83.695
2018/10/26,83.695
2018/10/27,83.695
2018/10/28,83.695
2018/10/29,83.695
2018/10/30,83.695
2018/10/31,83.695
2018/11/01,83.696
2018/11/02,83.709
2018/11/03,83.709
2018/11/04,83.709
2018/11/05,83.709
2018/11/06,83.709
2018/11/07,83.709
2018/11/08,83.709
2018/11/09,83.709
2018/11/10,83.709
2018/11/11,83.709
2018/11/12,83.709
2018/11/13,83.709
2018/11/14,83.709
2018/11/15,83.709
2018/11/16,83.248
2018/11/17,61.892
2018/11/18,61.892
2018/11/19,61.892
2018/11/20,61.892
2018/11/21,61.892
2018/11/22,61.892
2018/11/23,61.892
2018/11/24,61.892
2018/11/25,61.892
2018/11/26,61.892
2018/11/27,61.892
2018/11/28,61.892
2018/11/29,61.892
2018/11/30,61.892
2018/12/01,61.892
2018/12/02,61.892
2018/12/03,48.751
2018/12/04,38.814
2018/12/05,38.814
2018/12/06,38.814
2018/12/07,38.814
2018/12/08,38.814
2018/12/09,38.814
2018/12/10,38.814
2018/12/11,38.814
2018/12/12,38.814
2018/12/13,38.814
2018/12/14,38.814
2018/12/15,38.814
2018/12/16,38.814
2018/12/17,38.814
2018/12/18,38.391
2018/12/19,31.364
2018/12/20,31.364
2018/12/21,31.364
2018/12/22,31.364
2018/12/23,31.364
2018/12/24,31.364
2018/12/25,31.364
2018/12/26,31.364
2018/12/27,31.364
2018/12/28,31.364
2018/12/29,31.364
2018/12/30,31.364
2018/12/31,35.114
2019/01/01,43.275
2019/01/02,43.275
2019/01/03,43.275
2019/01/04,43.275
2019/01/05,43.275
2019/01/06,43.275
2019/01/07,43.275
2019/01/08,43.275
2019/01/09,43.275
2019/01/10,43.275
2019/01/11,43.275
2019/01/12,43.275
2019/01/13,43.275
2019/01/14,48.239
2019/01/15,48.637
2019/01/16,48.637
2019/01/17,48.637
2019/01/18,48.637
2019/01/19,48.637
2019/01/20,48.637
2019/01/21,48.637
2019/01/22,48.637
2019/01/23,48.637
2019/01/24,48.637
2019/01/25,48.637
2019/01/26,48.637
2019/01/27,48.637
2019/01/28,47.698
2019/01/29,47.269
2019/01/30,47.269
2019/01/31,47.269
2019/02/01,47.269
2019/02/02,47.269
2019/02/03,47.269
2019/02/04,47.269
2019/02/05,47.269
2019/02/06,47.269
2019/02/07,47.269
2019/02/08,47.269
2019/02/09,47.269
2019/02/10,49.155
2019/02/11,52.763
2019/02/12,52.763
2019/02/13,52.763
2019/02/14,52.763
2019/02/15,52.763
2019/02/16,52.763
2019/02/17,52.763
2019/02/18,52.763
2019/02/19,52.763
2019/02/20,52.763
2019/02/21,52.763
2019/02/22,52.763
2019/02/23,52.763
2019/02/24,52.822
2019/02/25,53.003
2019/02/26,53.003
2019/02/27,53.003
2019/02/28,53.003
2019/03/01,53.003
2019/03/02,53.003
2019/03/03,53.003
2019/03/04,53.003
2019/03/05,53.003
2019/03/06,53.003
2019/03/07,53.003
2019/03/08,53.003
2019/03/09,53.003
2019/03/10,52.984
2019/03/11,52.913
2019/03/12,52.913
2019/03/13,52.913
2019/03/14,52.913
2019/03/15,52.913
2019/03/16,52.913
2019/03/17,52.913
2019/03/18,52.913
2019/03/19,52.913
2019/03/20,52.913
2019/03/21,52.913
2019/03/22,52.913
2019/03/23,52.913
2019/03/24,60.747
2019/03/25,60.974
2019/03/26,60.974
2019/03/27,60.974
2019/03/28,60.974
2019/03/29,60.974
2019/03/30,60.974
2019/03/31,60.974
2019/04/01,60.974
2019/04/02,60.974
2019/04/03,60.974
2019/04/04,60.974
2019/04/05,60.974
2019/04/06,60.981
2019/04/07,61.317
2019/04/08,61.317
2019/04/09,61.317
2019/04/10,61.317
2019/04/11,61.317
2019/04/12,61.317
2019/04/13,61.317
2019/04/14,61.317
2019/04/15,61.317
2019/04/16,61.317
2019/04/17,61.317
2019/04/18,61.317
2019/04/19,61.317
2019/04/20,61.317
2019/04/21,59.741
2019/04/22,59.535
2019/04/23,59.535
2019/04/24,59.535
2019/04/25,59.535
2019/04/26,59.535
2019/04/27,59.535
2019/04/28,59.535
2019/04/29,59.535
2019/04/30,59.535
2019/05/01,59.535
2019/05/02,59.535
2019/05/03,59.535
2019/05/04,65.375
2019/05/05,68.736
2019/05/06,68.736
2019/05/07,68.736
2019/05/08,68.736
2019/05/09,68.736
2019/05/10,68.736
2019/05/11,68.736
2019/05/12,68.736
2019/05/13,68.736
2019/05/14,68.736
2019/05/15,68.736
2019/05/16,68.736
2019/05/17,68.736
2019/05/18,68.774
2019/05/19,68.795
2019/05/20,68.795
2019/05/21,68.795
2019/05/22,68.795
2019/05/23,68.795
2019/05/24,68.795
2019/05/25,68.795
2019/05/26,68.795
2019/05/27,68.795
2019/05/28,68.795
2019/05/29,68.795
2019/05/30,69.901
2019/05/31,81.203
2019/06/01,81.203
2019/06/02,81.203
2019/06/03,81.203
2019/06/04,81.203
2019/06/05,81.203
2019/06/06,81.203
2019/06/07,81.203
2019/06/08,81.203
2019/06/09,81.203
2019/06/10,81.203
2019/06/11,81.203
2019/06/12,81.203
2019/06/13,81.203
2019/06/14,78.861
2019/06/15,78.761
2019/06/16,78.761
2019/06/17,78.761
2019/06/18,78.761
2019/06/19,78.761
2019/06/20,78.761
2019/06/21,78.761
2019/06/22,78.761
2019/06/23,78.761
2019/06/24,78.761
2019/06/25,78.761
2019/06/26,78.761
2019/06/27,83.874
2019/06/28,84.424
2019/06/29,84.424
2019/06/30,84.424
2019/07/01,84.424
2019/07/02,84.424
2019/07/03,84.424
2019/07/04,84.424
2019/07/05,84.424
2019/07/06,84.424
2019/07/07,84.424
2019/07/08,84.424
2019/07/09,88.699
2019/07/10,90.604
2019/07/11,90.604
2019/07/12,90.604
2019/07/13,90.604
2019/07/14,90.604
2019/07/15,90.604
2019/07/16,90.604
2019/07/17,90.604
2019/07/18,90.604
2019/07/19,90.604
2019/07/20,90.604
2019/07/21,90.604
2019/07/22,90.604
2019/07/23,89.47
2019/07/24,88.768
2019/07/25,88.768
2019/07/26,88.768
2019/07/27,88.768
2019/07/28,88.768
2019/07/29,88.768
2019/07/30,88.768
2019/07/31,88.768
2019/08/01,88.768
2019/08/02,88.768
2019/08/03,88.768
2019/08/04,88.768
2019/08/05,92.011
2019/08/06,92.256
2019/08/07,92.256
2019/08/08,92.256
2019/08/09,92.256
2019/08/10,92.256
2019/08/11,92.256
2019/08/12,92.256
2019/08/13,92.256
2019/08/14,92.256
2019/08/15,92.256
2019/08/16,92.256
2019/08/17,92.256
2019/08/18,92.345
2019/08/19,92.789
2019/08/20,92.789
2019/08/21,92.789
2019/08/22,92.789
2019/08/23,92.789
2019/08/24,92.789
2019/08/25,92.789
2019/08/26,92.789
2019/08/27,92.789
2019/08/28,92.789
2019/08/29,92.789
2019/08/30,92.789
2019/08/31,92.789
2019/09/01,94
2019/09/02,94.17
2019/09/03,94.17
2019/09/04,94.17
2019/09/05,94.17
2019/09/06,94.17
2019/09/07,94.17
2019/09/08,94.17
2019/09/09,94.17
2019/09/10,94.17
2019/09/11,94.17
2019/09/12,94.17
2019/09/13,94.548
2019/09/14,95.894
2019/09/15,95.894
2019/09/16,95.894
2019/09/17,95.894
2019/09/18,95.894
2019/09/19,95.894
2019/09/20,95.894
2019/09/21,95.894
2019/09/22,95.894
2019/09/23,95.894
2019/09/24,95.894
2019/09/25,95.894
2019/09/26,96.046
2019/09/27,96.755
2019/09/28,96.755
2019/09/29,96.755
2019/09/30,96.755
2019/10/01,96.755
2019/10/02,96.755
2019/10/03,96.755
2019/10/04,96.755
2019/10/05,96.755
2019/10/06,96.755
2019/10/07,96.755
2019/10/08,96.755
2019/10/09,96.755
2019/10/10,96.857
2019/10/11,96.967
2019/10/12,96.967
2019/10/13,96.967
2019/10/14,96.967
2019/10/15,96.967
2019/10/16,96.967
2019/10/17,96.967
2019/10/18,96.967
2019/10/19,96.967
2019/10/20,96.967
2019/10/21,96.967
2019/10/22,96.967
2019/10/23,97.022
2019/10/24,97.491
2019/10/25,97.491
2019/10/26,97.491
2019/10/27,97.491
2019/10/28,97.491
2019/10/29,97.491
2019/10/30,97.491
2019/10/31,97.491
2019/11/01,97.491
2019/11/02,97.491
2019/11/03,97.491
2019/11/04,97.491
2019/11/05,97.491
2019/11/06,97.491
2019/11/07,96.873
2019/11/08,75.548
2019/11/09,75.548
2019/11/10,75.548
2019/11/11,75.548
2019/11/12,75.548
2019/11/13,75.548
2019/11/14,75.548
2019/11/15,75.548
2019/11/16,75.548
2019/11/17,75.548
2019/11/18,75.548
2019/11/19,75.548
2019/11/20,75.548
2019/11/21,76.035
2019/11/22,77.113
2019/11/23,77.113
2019/11/24,77.113
2019/11/25,77.113
2019/11/26,77.113
2019/11/27,77.113
2019/11/28,77.113
2019/11/29,77.113
2019/11/30,77.113
2019/12/01,77.113
2019/12/02,77.113
2019/12/03,77.113
2019/12/04,77.113
2019/12/05,76.724
2019/12/06,74.974
2019/12/07,74.974
2019/12/08,74.974
2019/12/09,74.974
2019/12/10,74.974
2019/12/11,74.974
2019/12/12,74.974
2019/12/13,74.974
2019/12/14,74.974
2019/12/15,74.974
2019/12/16,74.974
2019/12/17,74.974
2019/12/18,74.974
2019/12/19,75.107
2019/12/20,75.564
2019/12/21,75.564
2019/12/22,75.564
2019/12/23,75.564
2019/12/24,75.564
2019/12/25,75.564
2019/12/26,75.564
2019/12/27,75.564
2019/12/28,75.564
2019/12/29,75.564
2019/12/30,75.564
2019/12/31,75.564
2020/01/01,76.305
2020/01/02,81.534
2020/01/03,81.534
2020/01/04,81.534
2020/01/05,81.534
2020/01/06,81.534
2020/01/07,81.534
2020/01/08,81.534
2020/01/09,81.534
2020/01/10,81.534
2020/01/11,81.534
2020/01/12,81.534
2020/01/13,81.534
2020/01/14,81.656
2020/01/15,86.065
2020/01/16,86.065
2020/01/17,86.065
2020/01/18,86.065
2020/01/19,86.065
2020/01/20,86.065
2020/01/21,86.065
2020/01/22,86.065
2020/01/23,86.065
2020/01/24,86.065
2020/01/25,86.065
2020/01/26,86.065
2020/01/27,86.065
2020/01/28,87.603
2020/01/29,88.398
2020/01/30,88.398
2020/01/31,88.398
2020/02/01,88.398
2020/02/02,88.398
2020/02/03,88.398
2020/02/04,88.398
2020/02/05,88.398
2020/02/06,88.398
2020/02/07,88.398
2020/02/08,88.398
2020/02/09,88.398
2020/02/10,88.398
2020/02/11,88.576
2020/02/12,88.657
2020/02/13,88.657
2020/02/14,88.657
2020/02/15,88.657
2020/02/16,88.657
2020/02/17,88.657
2020/02/18,88.657
2020/02/19,88.657
2020/02/20,88.657
2020/02/21,88.657
2020/02/22,88.657
2020/02/23,88.657
2020/02/24,88.657
2020/02/25,87.599
2020/02/26,86.969
2020/02/27,86.969
2020/02/28,86.969
2020/02/29,86.969
2020/03/01,86.969
2020/03/02,86.969
2020/03/03,86.969
2020/03/04,86.969
2020/03/05,86.969
2020/03/06,86.969
2020/03/07,86.969
2020/03/08,86.969
2020/03/09,89.285
2020/03/10,90.643
2020/03/11,90.643
2020/03/12,90.643
2020/03/13,90.643
2020/03/14,90.643
2020/03/15,90.643
2020/03/16,90.643
2020/03/17,90.643
2020/03/18,90.643
2020/03/19,90.643
2020/03/20,90.643
2020/03/21,90.643
2020/03/22,90.643
2020/03/23,90.643
2020/03/24,90.643
2020/03/25,90.643
2020/03/26,51.308
2020/03/27,49.236
2020/03/28,49.236
2020/03/29,49.236
2020/03/30,49.236
2020/03/31,49.236
2020/04/01,49.236
2020/04/02,49.236
2020/04/03,49.236
2020/04/04,49.236
2020/04/05,49.236
2020/04/06,49.236
2020/04/07,49.236
2020/04/08,53.75
2020/04/09,56.28
2020/04/10,56.28
2020/04/11,56.28
2020/04/12,56.28
2020/04/13,56.28
2020/04/14,56.28
2020/04/15,56.28
2020/04/16,56.28
2020/04/17,56.28
2020/04/18,56.28
2020/04/19,56.28
2020/04/20,56.28
2020/04/21,62.982
2020/04/22,64.975
2020/04/23,64.975
2020/04/24,64.975
2020/04/25,64.975
2020/04/26,64.975
2020/04/27,64.975
2020/04/28,64.975
2020/04/29,64.975
2020/04/30,64.975
2020/05/01,64.975
2020/05/02,64.975
2020/05/03,64.975
2020/05/04,64.975
2020/05/05,65.749
2020/05/06,65.906
2020/05/07,65.906
2020/05/08,65.906
2020/05/09,65.906
2020/05/10,65.906
2020/05/11,65.906
2020/05/12,65.906
2020/05/13,65.906
2020/05/14,65.906
2020/05/15,65.906
2020/05/16,65.906
2020/05/17,65.906
2020/05/18,65.906
2020/05/19,65.906
2020/05/20,55.325
2020/05/21,54.573
2020/05/22,54.573
2020/05/23,54.573
2020/05/24,54.573
2020/05/25,54.573
2020/05/26,54.573
2020/05/27,54.573
2020/05/28,54.573
2020/05/29,54.573
2020/05/30,54.573
2020/05/31,54.573
2020/06/01,54.573
2020/06/02,54.573
2020/06/03,54.573
2020/06/04,47.918
2020/06/05,42.072
2020/06/06,42.072
2020/06/07,42.072
2020/06/08,42.072
2020/06/09,42.072
2020/06/10,42.072
2020/06/11,42.072
2020/06/12,42.072
2020/06/13,42.072
2020/06/14,42.072
2020/06/15,42.072
2020/06/16,47.283
2020/06/17,58.125
2020/06/18,58.125
2020/06/19,58.125
2020/06/20,58.125
2020/06/21,58.125
2020/06/22,58.125
2020/06/23,58.125
2020/06/24,58.125
2020/06/25,58.125
2020/06/26,58.125
2020/06/27,58.125
2020/06/28,58.125
2020/06/29,58.125
2020/06/30,58.123
2020/07/01,58.12
2020/07/02,58.12
2020/07/03,58.12
2020/07/04,58.12
2020/07/05,58.12
2020/07/06,58.12
2020/07/07,58.12
2020/07/08,58.12
2020/07/09,58.12
2020/07/10,58.12
2020/07/11,58.12
2020/07/12,58.12
2020/07/13,63.338
2020/07/14,67.391
2020/07/15,67.391
2020/07/16,67.391
2020/07/17,67.391
2020/07/18,67.391
2020/07/19,67.391
2020/07/20,67.391
2020/07/21,67.391
2020/07/22,67.391
2020/07/23,67.391
2020/07/24,67.391
2020/07/25,67.391
2020/07/26,67.391
2020/07/27,66.985
2020/07/28,62.226
2020/07/29,62.226
2020/07/30,62.226
2020/07/31,62.226
2020/08/01,62.226
2020/08/02,62.226
2020/08/03,62.226
2020/08/04,62.226
2020/08/05,62.226
2020/08/06,62.226
2020/08/07,62.226
2020/08/08,62.226
2020/08/09,62.226
2020/08/10,62.388
2020/08/11,62.894
2020/08/12,62.894
2020/08/13,62.894
2020/08/14,62.894
2020/08/15,62.894
2020/08/16,62.894
2020/08/17,62.894
2020/08/18,62.894
2020/08/19,62.894
2020/08/20,62.894
2020/08/21,62.894
2020/08/22,62.894
2020/08/23,62.894
2020/08/24,65.654
2020/08/25,67.024
2020/08/26,67.024
2020/08/27,67.024
2020/08/28,67.024
2020/08/29,67.024
2020/08/30,67.024
2020/08/31,67.024
2020/09/01,67.024
2020/09/02,67.024
2020/09/03,67.024
2020/09/04,67.024
2020/09/05,67.024
2020/09/06,67.024
2020/09/07,65.457
2020/09/08,64.121
2020/09/09,64.121
2020/09/10,64.121
2020/09/11,64.121
2020/09/12,64.121
2020/09/13,64.121
2020/09/14,64.121
2020/09/15,64.121
2020/09/16,64.121
2020/09/17,64.121
2020/09/18,64.121
2020/09/19,64.121
2020/09/20,74.796
2020/09/21,75.477
2020/09/22,75.477
2020/09/23,75.477
2020/09/24,75.477
2020/09/25,75.477
2020/09/26,75.477
2020/09/27,75.477
2020/09/28,75.477
2020/09/29,75.477
2020/09/30,75.477
2020/10/01,75.477
2020/10/02,75.477
2020/10/03,75.477
2020/10/04,75.28
2020/10/05,75.243
2020/10/06,75.243
2020/10/07,75.243
2020/10/08,75.243
2020/10/09,75.243
2020/10/10,75.243
2020/10/11,75.243
2020/10/12,75.243
2020/10/13,75.243
2020/10/14,75.243
2020/10/15,75.243
2020/10/16,75.243
2020/10/17,76.425
2020/10/18,78.519
2020/10/19,78.519
2020/10/20,78.519
2020/10/21,78.519
2020/10/22,78.519
2020/10/23,78.519
2020/10/24,78.519
2020/10/25,78.519
2020/10/26,78.519
2020/10/27,78.519
2020/10/28,78.519
2020/10/29,78.519
2020/10/30,78.519
2020/10/31,78.519
2020/11/01,78.519
2020/11/02,78.519
2020/11/03,52.9
2020/11/04,45.339
2020/11/05,45.339
2020/11/06,45.339
2020/11/07,45.339
2020/11/08,45.339
2020/11/09,45.339
2020/11/10,45.339
2020/11/11,45.339
2020/11/12,45.339
2020/11/13,45.339
2020/11/14,45.339
2020/11/15,45.339
2020/11/16,47.358
2020/11/17,51.354
2020/11/18,51.354
2020/11/19,51.354
2020/11/20,51.354
2020/11/21,51.354
2020/11/22,51.354
2020/11/23,51.354
2020/11/24,51.354
2020/11/25,51.354
2020/11/26,51.354
2020/11/27,51.354
2020/11/28,51.354
2020/11/29,55.276
2020/11/30,60.936
2020/12/01,60.936
2020/12/02,60.936
2020/12/03,60.936
2020/12/04,60.936
2020/12/05,60.936
2020/12/06,60.936
2020/12/07,60.936
2020/12/08,60.936
2020/12/09,60.936
2020/12/10,60.936
2020/12/11,60.936
2020/12/12,60.936
2020/12/13,60.825
2020/12/14,56.836
2020/12/15,56.836
2020/12/16,56.836
2020/12/17,56.836
2020/12/18,56.836
2020/12/19,56.836
2020/12/20,56.836
2020/12/21,56.836
2020/12/22,56.836
2020/12/23,56.836
2020/12/24,56.836
2020/12/25,56.836
2020/12/26,56.836
2020/12/27,56.836
2020/12/28,56.198
2020/12/29,56.194
2020/12/30,56.194
2020/12/31,56.194
2021/01/01,56.194
2021/01/02,56.194
2021/01/03,56.194
2021/01/04,56.194
2021/01/05,56.194
2021/01/06,56.194
2021/01/07,56.194
2021/01/08,56.194
2021/01/09,61.571
2021/01/10,68.013
2021/01/11,68.013
2021/01/12,68.013
2021/01/13,68.013
2021/01/14,68.013
2021/01/15,68.013
2021/01/16,68.013
2021/01/17,68.013
2021/01/18,68.013
2021/01/19,68.013
2021/01/20,68.013
2021/01/21,68.013
2021/01/22,68.013
2021/01/23,68.643
2021/01/24,69.061
2021/01/25,69.061
2021/01/26,69.061
2021/01/27,69.061
2021/01/28,69.061
2021/01/29,69.061
2021/01/30,69.061
2021/01/31,69.061
2021/02/01,69.061
2021/02/02,69.061
2021/02/03,69.061
2021/02/04,69.061
2021/02/05,69.061
2021/02/06,71.848
2021/02/07,72.074
2021/02/08,72.074
2021/02/09,72.074
2021/02/10,72.074
2021/02/11,72.074
2021/02/12,72.074
2021/02/13,72.074
2021/02/14,72.074
2021/02/15,72.074
2021/02/16,72.074
2021/02/17,72.074
2021/02/18,72.074
2021/02/19,72.181
2021/02/20,73.503
2021/02/21,73.503
2021/02/22,73.503
2021/02/23,73.503
2021/02/24,73.503
2021/02/25,73.503
2021/02/26,73.503
2021/02/27,73.503
2021/02/28,73.503
2021/03/01,73.503
2021/03/02,73.503
2021/03/03,73.503
2021/03/04,73.503
2021/03/05,73.503
2021/03/06,69.886
2021/03/07,69.535
2021/03/08,69.535
2021/03/09,69.535
2021/03/10,69.535
2021/03/11,69.535
2021/03/12,69.535
2021/03/13,69.535
2021/03/14,69.535
2021/03/15,69.535
2021/03/16,69.535
2021/03/17,69.535
2021/03/18,69.535
2021/03/19,70.05
2021/03/20,72.183
2021/03/21,72.183
2021/03/22,72.183
2021/03/23,72.183
2021/03/24,72.183
2021/03/25,72.183
2021/03/26,72.183
2021/03/27,72.183
2021/03/28,72.183
2021/03/29,72.183
2021/03/30,72.183
2021/03/31,72.183
2021/04/01,72.183
2021/04/02,78.427
2021/04/03,78.72
2021/04/04,78.72
2021/04/05,78.72
2021/04/06,78.72
2021/04/07,78.72
2021/04/08,78.72
2021/04/09,78.72
2021/04/10,78.72
2021/04/11,78.72
2021/04/12,78.72
2021/04/13,78.72
2021/04/14,78.72
2021/04/15,79.078
2021/04/16,80.58
2021/04/17,80.58
2021/04/18,80.58
2021/04/19,80.58
2021/04/20,80.58
2021/04/21,80.58
2021/04/22,80.58
2021/04/23,80.58
2021/04/24,80.58
2021/04/25,80.58
2021/04/26,80.58
2021/04/27,80.58
2021/04/28,80.58
2021/04/29,80.58
2021/04/30,80.58
2021/05/01,71.024
2021/05/02,47.429
2021/05/03,47.429
2021/05/04,47.429
2021/05/05,47.429
2021/05/06,47.429
2021/05/07,47.429
2021/05/08,47.429
2021/05/09,47.429
2021/05/10,47.429
2021/05/11,47.429
2021/05/12,47.429
2021/05/13,62.731
2021/05/14,69.059
2021/05/15,69.059
2021/05/16,69.059
2021/05/17,69.059
2021/05/18,69.059
2021/05/19,69.059
2021/05/20,69.059
2021/05/21,69.059
2021/05/22,69.059
2021/05/23,69.059
2021/05/24,69.059
2021/05/25,69.059
2021/05/26,69.059
2021/05/27,69.059
2021/05/28,69.059
2021/05/29,69.059
2021/05/30,48.372
2021/05/31,47.743
2021/06/01,47.743
2021/06/02,47.743
2021/06/03,47.743
2021/06/04,47.743
2021/06/05,47.743
2021/06/06,47.743
2021/06/07,47.743
2021/06/08,47.743
2021/06/09,47.743
2021/06/10,47.743
2021/06/11,47.743
2021/06/12,47.743
2021/06/13,46.851
2021/06/14,43.344
2021/06/15,43.344
2021/06/16,43.344
2021/06/17,43.344
2021/06/18,43.344
2021/06/19,43.344
2021/06/20,43.344
2021/06/21,43.344
2021/06/22,43.344
2021/06/23,43.344
2021/06/24,43.344
2021/06/25,43.344
2021/06/26,43.344
2021/06/27,43.344
2021/06/28,43.344
2021/06/29,43.344
2021/06/30,43.344
2021/07/01,43.344
2021/07/02,43.344
2021/07/03,30.097
2021/07/04,27.575
2021/07/05,27.575
2021/07/06,27.575
2021/07/07,27.575
2021/07/08,27.575
2021/07/09,27.575
2021/07/10,27.575
2021/07/11,27.575
2021/07/12,27.575
2021/07/13,27.575
2021/07/14,27.575
2021/07/15,27.575
2021/07/16,27.575
2021/07/17,27.544
2021/07/18,26.182
2021/07/19,26.182
2021/07/20,26.182
2021/07/21,26.182
2021/07/22,26.182
2021/07/23,26.182
2021/07/24,26.182
2021/07/25,26.182
2021/07/26,26.182
2021/07/27,26.182
2021/07/28,26.182
2021/07/29,26.182
2021/07/30,26.182
2021/07/31,30.01
2021/08/01,31.002
2021/08/02,31.002
2021/08/03,31.002
2021/08/04,31.002
2021/08/05,31.002
2021/08/06,31.002
2021/08/07,31.002
2021/08/08,31.002
2021/08/09,31.002
2021/08/10,31.002
2021/08/11,31.002
2021/08/12,31.002
2021/08/13,35.859
2021/08/14,37.11
2021/08/15,37.11
2021/08/16,37.11
2021/08/17,37.11
2021/08/18,37.11
2021/08/19,37.11
2021/08/20,37.11
2021/08/21,37.11
2021/08/22,37.11
2021/08/23,37.11
2021/08/24,37.11
2021/08/25,41.95
2021/08/26,47.48
2021/08/27,47.48
2021/08/28,47.48
2021/08/29,47.48
2021/08/30,47.48
2021/08/31,47.48
2021/09/01,47.48
2021/09/02,47.48
2021/09/03,47.48
2021/09/04,47.48
2021/09/05,47.48
2021/09/06,47.48
2021/09/07,47.48
2021/09/08,51.072
2021/09/09,51.12
2021/09/10,51.12
2021/09/11,51.12
2021/09/12,51.12
2021/09/13,51.12
2021/09/14,51.12
2021/09/15,51.12
2021/09/16,51.12
2021/09/17,51.12
2021/09/18,51.12
2021/09/19,51.12
2021/09/20,51.12
2021/09/21,52.163
2021/09/22,53.832
2021/09/23,53.832
2021/09/24,53.832
2021/09/25,53.832
2021/09/26,53.832
2021/09/27,53.832
2021/09/28,53.832
2021/09/29,53.832
2021/09/30,53.832
2021/10/01,53.832
2021/10/02,53.832
2021/10/03,53.832
2021/10/04,53.89
2021/10/05,57.991
2021/10/06,57.991
2021/10/07,57.991
2021/10/08,57.991
2021/10/09,57.991
2021/10/10,57.991
2021/10/11,57.991
2021/10/12,57.991
2021/10/13,57.991
2021/10/14,57.991
2021/10/15,57.991
2021/10/16,57.991
2021/10/17,57.991
2021/10/18,58.11
2021/10/19,58.906
2021/10/20,58.906
2021/10/21,58.906
2021/10/22,58.906
2021/10/23,58.906
2021/10/24,58.906
2021/10/25,58.906
2021/10/26,58.906
2021/10/27,58.906
2021/10/28,58.906
2021/10/29,58.906
2021/10/30,58.906
2021/10/31,59.982
2021/11/01,66.027
2021/11/02,66.027
2021/11/03,66.027
2021/11/04,66.027
2021/11/05,66.027
2021/11/06,66.027
2021/11/07,66.027
2021/11/08,66.027
2021/11/09,66.027
2021/11/10,66.027
2021/11/11,66.027
2021/11/12,66.027
2021/11/13,66.027
2021/11/14,69.078
2021/11/15,69.921
2021/11/16,69.921
2021/11/17,69.921
2021/11/18,69.921
2021/11/19,69.921
2021/11/20,69.921
2021/11/21,69.921
2021/11/22,69.921
2021/11/23,69.921
2021/11/24,69.921
2021/11/25,69.921
2021/11/26,69.921
2021/11/27,69.921
2021/11/28,68.044
2021/11/29,66.924
2021/11/30,66.924
2021/12/01,66.924
2021/12/02,66.924
2021/12/03,66.924
2021/12/04,66.924
2021/12/05,66.924
2021/12/06,66.924
2021/12/07,66.924
2021/12/08,66.924
2021/12/09,66.924
2021/12/10,66.924
2021/12/11,71.613
2021/12/12,74.003
2021/12/13,74.003
