Date,fee_to_reward3emaUSD
2010/07/17,0
2010/07/18,0
2010/07/19,0.006
2010/07/20,0.003
2010/07/21,0.002
2010/07/22,0.001
2010/07/23,0
2010/07/24,0
2010/07/25,0.014
2010/07/26,0.02
2010/07/27,0.017
2010/07/28,0.016
2010/07/29,0.013
2010/07/30,0.01
2010/07/31,0.01
2010/08/01,0.009
2010/08/02,0.007
2010/08/03,0.003
2010/08/04,0.002
2010/08/05,0.001
2010/08/06,0
2010/08/07,0.035
2010/08/08,0.017
2010/08/09,0.05
2010/08/10,0.025
2010/08/11,0.012
2010/08/12,0.006
2010/08/13,0.003
2010/08/14,0.002
2010/08/15,0.001
2010/08/16,0.007
2010/08/17,0.004
2010/08/18,0.02
2010/08/19,0.01
2010/08/20,0.005
2010/08/21,0.002
2010/08/22,0.001
2010/08/23,0.001
2010/08/24,0.009
2010/08/25,0.004
2010/08/26,0.002
2010/08/27,0.001
2010/08/28,0.001
2010/08/29,0.004
2010/08/30,0.006
2010/08/31,0.005
2010/09/01,0.003
2010/09/02,0.002
2010/09/03,0.001
2010/09/04,0
2010/09/05,0
2010/09/06,0
2010/09/07,0
2010/09/08,0
2010/09/09,0.001
2010/09/10,0.001
2010/09/11,0
2010/09/12,0.002
2010/09/13,0.001
2010/09/14,0.001
2010/09/15,0
2010/09/16,0
2010/09/17,0
2010/09/18,0.002
2010/09/19,0.001
2010/09/20,0
2010/09/21,0
2010/09/22,0
2010/09/23,0
2010/09/24,0
2010/09/25,0
2010/09/26,0
2010/09/27,0
2010/09/28,0.012
2010/09/29,0.006
2010/09/30,0.003
2010/10/01,0.006
2010/10/02,0.003
2010/10/03,0.002
2010/10/04,0.001
2010/10/05,0
2010/10/06,0
2010/10/07,0
2010/10/08,0
2010/10/09,0
2010/10/10,0
2010/10/11,0
2010/10/12,0
2010/10/13,0.004
2010/10/14,0.002
2010/10/15,0.001
2010/10/16,0
2010/10/17,0
2010/10/18,0
2010/10/19,0
2010/10/20,0
2010/10/21,0
2010/10/22,0
2010/10/23,0
2010/10/24,0
2010/10/25,0
2010/10/26,0
2010/10/27,0
2010/10/28,0
2010/10/29,0
2010/10/30,0
2010/10/31,0
2010/11/01,0
2010/11/02,0
2010/11/03,0
2010/11/04,0
2010/11/05,0
2010/11/06,0
2010/11/07,0
2010/11/08,0.006
2010/11/09,0.003
2010/11/10,0.002
2010/11/11,0.001
2010/11/12,0
2010/11/13,0
2010/11/14,0
2010/11/15,0.003
2010/11/16,0.001
2010/11/17,0.001
2010/11/18,0
2010/11/19,0.001
2010/11/20,0.009
2010/11/21,0.012
2010/11/22,0.013
2010/11/23,0.012
2010/11/24,0.007
2010/11/25,0.004
2010/11/26,0.004
2010/11/27,0.002
2010/11/28,0.001
2010/11/29,0.001
2010/11/30,0
2010/12/01,0.001
2010/12/02,0.001
2010/12/03,0.001
2010/12/04,0
2010/12/05,0
2010/12/06,0.001
2010/12/07,0.001
2010/12/08,0.001
2010/12/09,0.001
2010/12/10,0.001
2010/12/11,0.002
2010/12/12,0.002
2010/12/13,0.004
2010/12/14,0.002
2010/12/15,0.002
2010/12/16,0.002
2010/12/17,0.003
2010/12/18,0.002
2010/12/19,0.002
2010/12/20,0.002
2010/12/21,0.002
2010/12/22,0.002
2010/12/23,0.002
2010/12/24,0.002
2010/12/25,0.001
2010/12/26,0.002
2010/12/27,0.001
2010/12/28,0.002
2010/12/29,0.002
2010/12/30,0.002
2010/12/31,0.001
2011/01/01,0.001
2011/01/02,0.001
2011/01/03,0.006
2011/01/04,0.003
2011/01/05,0.002
2011/01/06,0.002
2011/01/07,0.001
2011/01/08,0.001
2011/01/09,0.001
2011/01/10,0.001
2011/01/11,0.001
2011/01/12,0.002
2011/01/13,0.001
2011/01/14,0.001
2011/01/15,0.001
2011/01/16,0.001
2011/01/17,0.002
2011/01/18,0.001
2011/01/19,0.001
2011/01/20,0.001
2011/01/21,0.001
2011/01/22,0.004
2011/01/23,0.004
2011/01/24,0.004
2011/01/25,0.003
2011/01/26,0.002
2011/01/27,0.006
2011/01/28,0.003
2011/01/29,0.005
2011/01/30,0.022
2011/01/31,0.016
2011/02/01,0.014
2011/02/02,0.007
2011/02/03,0.005
2011/02/04,0.003
2011/02/05,0.003
2011/02/06,0.002
2011/02/07,0.003
2011/02/08,0.003
2011/02/09,0.002
2011/02/10,0.006
2011/02/11,0.006
2011/02/12,0.007
2011/02/13,0.005
2011/02/14,0.018
2011/02/15,0.01
2011/02/16,0.008
2011/02/17,0.005
2011/02/18,0.005
2011/02/19,0.006
2011/02/20,0.004
2011/02/21,0.004
2011/02/22,0.004
2011/02/23,0.004
2011/02/24,0.003
2011/02/25,0.003
2011/02/26,0.004
2011/02/27,0.007
2011/02/28,0.007
2011/03/01,0.007
2011/03/02,0.006
2011/03/03,0.043
2011/03/04,0.025
2011/03/05,0.023
2011/03/06,0.033
2011/03/07,0.048
2011/03/08,0.047
2011/03/09,0.046
2011/03/10,0.045
2011/03/11,0.077
2011/03/12,0.05
2011/03/13,0.041
2011/03/14,0.037
2011/03/15,0.035
2011/03/16,0.032
2011/03/17,0.026
2011/03/18,0.025
2011/03/19,0.023
2011/03/20,0.03
2011/03/21,0.075
2011/03/22,0.131
2011/03/23,0.184
2011/03/24,0.151
2011/03/25,0.108
2011/03/26,0.088
2011/03/27,0.091
2011/03/28,0.073
2011/03/29,0.059
2011/03/30,0.059
2011/03/31,0.051
2011/04/01,0.047
2011/04/02,0.041
2011/04/03,0.047
2011/04/04,0.058
2011/04/05,0.059
2011/04/06,0.065
2011/04/07,0.055
2011/04/08,0.055
2011/04/09,0.057
2011/04/10,0.062
2011/04/11,0.06
2011/04/12,0.061
2011/04/13,0.053
2011/04/14,0.121
2011/04/15,0.08
2011/04/16,0.063
2011/04/17,0.045
2011/04/18,0.046
2011/04/19,0.061
2011/04/20,0.083
2011/04/21,0.066
2011/04/22,0.066
2011/04/23,0.066
2011/04/24,0.077
2011/04/25,0.088
2011/04/26,0.072
2011/04/27,0.088
2011/04/28,0.087
2011/04/29,0.083
2011/04/30,0.098
2011/05/01,0.115
2011/05/02,0.084
2011/05/03,0.068
2011/05/04,0.069
2011/05/05,0.081
2011/05/06,0.078
2011/05/07,0.072
2011/05/08,0.073
2011/05/09,0.085
2011/05/10,0.09
2011/05/11,0.089
2011/05/12,0.09
2011/05/13,0.104
2011/05/14,0.115
2011/05/15,0.129
2011/05/16,0.127
2011/05/17,0.121
2011/05/18,0.132
2011/05/19,0.164
2011/05/20,0.165
2011/05/21,0.183
2011/05/22,0.17
2011/05/23,0.151
2011/05/24,0.15
2011/05/25,0.146
2011/05/26,0.148
2011/05/27,0.16
2011/05/28,0.172
2011/05/29,0.166
2011/05/30,0.208
2011/05/31,0.24
2011/06/01,0.252
2011/06/02,0.253
2011/06/03,0.26
2011/06/04,0.277
2011/06/05,0.255
2011/06/06,0.256
2011/06/07,0.302
2011/06/08,0.393
2011/06/09,0.395
2011/06/10,0.372
2011/06/11,0.329
2011/06/12,0.358
2011/06/13,0.343
2011/06/14,0.32
2011/06/15,0.307
2011/06/16,0.332
2011/06/17,0.335
2011/06/18,0.313
2011/06/19,0.275
2011/06/20,0.226
2011/06/21,0.185
2011/06/22,0.162
2011/06/23,0.143
2011/06/24,0.149
2011/06/25,0.24
2011/06/26,0.292
2011/06/27,0.305
2011/06/28,0.278
2011/06/29,0.257
2011/06/30,0.223
2011/07/01,0.221
2011/07/02,0.199
2011/07/03,0.182
2011/07/04,0.187
2011/07/05,0.23
2011/07/06,0.225
2011/07/07,0.221
2011/07/08,0.192
2011/07/09,0.185
2011/07/10,0.185
2011/07/11,0.188
2011/07/12,0.186
2011/07/13,0.173
2011/07/14,0.181
2011/07/15,0.193
2011/07/16,0.169
2011/07/17,0.157
2011/07/18,0.156
2011/07/19,0.184
2011/07/20,0.164
2011/07/21,0.142
2011/07/22,0.162
2011/07/23,0.135
2011/07/24,0.13
2011/07/25,0.14
2011/07/26,0.115
2011/07/27,0.11
2011/07/28,0.104
2011/07/29,0.097
2011/07/30,0.087
2011/07/31,0.083
2011/08/01,0.089
2011/08/02,0.094
2011/08/03,0.1
2011/08/04,0.111
2011/08/05,0.102
2011/08/06,0.251
2011/08/07,0.178
2011/08/08,0.149
2011/08/09,0.156
2011/08/10,0.15
2011/08/11,0.128
2011/08/12,0.111
2011/08/13,0.109
2011/08/14,0.134
2011/08/15,0.144
2011/08/16,0.14
2011/08/17,0.121
2011/08/18,0.102
2011/08/19,0.111
2011/08/20,0.092
2011/08/21,0.082
2011/08/22,0.087
2011/08/23,0.089
2011/08/24,0.111
2011/08/25,0.101
2011/08/26,0.083
2011/08/27,0.083
2011/08/28,0.081
2011/08/29,0.08
2011/08/30,0.109
2011/08/31,0.093
2011/09/01,0.091
2011/09/02,0.09
2011/09/03,0.072
2011/09/04,0.111
2011/09/05,0.102
2011/09/06,0.095
2011/09/07,0.109
2011/09/08,0.091
2011/09/09,0.096
2011/09/10,0.089
2011/09/11,0.086
2011/09/12,0.084
2011/09/13,0.072
2011/09/14,0.063
2011/09/15,0.079
2011/09/16,0.082
2011/09/17,0.081
2011/09/18,0.075
2011/09/19,0.085
2011/09/20,0.09
2011/09/21,0.081
2011/09/22,0.067
2011/09/23,0.066
2011/09/24,0.086
2011/09/25,0.068
2011/09/26,0.057
2011/09/27,0.064
2011/09/28,0.063
2011/09/29,0.059
2011/09/30,0.06
2011/10/01,0.056
2011/10/02,0.055
2011/10/03,0.091
2011/10/04,0.079
2011/10/05,0.068
2011/10/06,0.098
2011/10/07,0.081
2011/10/08,0.069
2011/10/09,0.058
2011/10/10,0.057
2011/10/11,0.086
2011/10/12,0.082
2011/10/13,0.085
2011/10/14,0.067
2011/10/15,0.06
2011/10/16,0.057
2011/10/17,0.066
2011/10/18,0.058
2011/10/19,0.054
2011/10/20,0.081
2011/10/21,0.063
2011/10/22,0.061
2011/10/23,0.06
2011/10/24,0.058
2011/10/25,0.051
2011/10/26,0.052
2011/10/27,0.054
2011/10/28,0.056
2011/10/29,0.06
2011/10/30,0.06
2011/10/31,0.054
2011/11/01,0.061
2011/11/02,0.052
2011/11/03,0.05
2011/11/04,0.047
2011/11/05,0.049
2011/11/06,0.041
2011/11/07,0.048
2011/11/08,0.053
2011/11/09,0.047
2011/11/10,0.048
2011/11/11,0.042
2011/11/12,0.039
2011/11/13,0.04
2011/11/14,0.04
2011/11/15,0.038
2011/11/16,0.047
2011/11/17,0.045
2011/11/18,0.048
2011/11/19,0.05
2011/11/20,0.053
2011/11/21,0.051
2011/11/22,0.047
2011/11/23,0.05
2011/11/24,0.061
2011/11/25,0.063
2011/11/26,0.056
2011/11/27,0.051
2011/11/28,0.05
2011/11/29,0.057
2011/11/30,0.052
2011/12/01,0.051
2011/12/02,0.058
2011/12/03,0.06
2011/12/04,0.052
2011/12/05,0.045
2011/12/06,0.048
2011/12/07,0.053
2011/12/08,0.044
2011/12/09,0.043
2011/12/10,0.042
2011/12/11,1.47
2011/12/12,2.129
2011/12/13,1.096
2011/12/14,0.574
2011/12/15,0.358
2011/12/16,0.203
2011/12/17,0.126
2011/12/18,0.085
2011/12/19,0.07
2011/12/20,0.08
2011/12/21,0.069
2011/12/22,0.059
2011/12/23,0.048
2011/12/24,0.04
2011/12/25,0.037
2011/12/26,0.038
2011/12/27,0.04
2011/12/28,0.041
2011/12/29,0.051
2011/12/30,0.05
2011/12/31,0.052
2012/01/01,0.05
2012/01/02,0.063
2012/01/03,0.066
2012/01/04,0.131
2012/01/05,0.105
2012/01/06,0.091
2012/01/07,0.071
2012/01/08,0.059
2012/01/09,0.069
2012/01/10,0.07
2012/01/11,0.073
2012/01/12,0.307
2012/01/13,0.225
2012/01/14,0.199
2012/01/15,0.198
2012/01/16,0.327
2012/01/17,0.213
2012/01/18,0.193
2012/01/19,0.283
2012/01/20,0.316
2012/01/21,0.188
2012/01/22,0.117
2012/01/23,0.088
2012/01/24,0.116
2012/01/25,0.111
2012/01/26,0.121
2012/01/27,0.227
2012/01/28,0.178
2012/01/29,1.409
2012/01/30,0.878
2012/01/31,0.488
2012/02/01,0.278
2012/02/02,0.214
2012/02/03,0.151
2012/02/04,0.132
2012/02/05,0.097
2012/02/06,0.078
2012/02/07,0.089
2012/02/08,0.08
2012/02/09,0.092
2012/02/10,0.077
2012/02/11,0.065
2012/02/12,0.058
2012/02/13,0.068
2012/02/14,0.147
2012/02/15,0.12
2012/02/16,0.134
2012/02/17,0.091
2012/02/18,0.066
2012/02/19,0.05
2012/02/20,0.055
2012/02/21,0.055
2012/02/22,0.049
2012/02/23,0.055
2012/02/24,0.058
2012/02/25,0.048
2012/02/26,0.048
2012/02/27,0.061
2012/02/28,0.055
2012/02/29,0.047
2012/03/01,0.069
2012/03/02,0.069
2012/03/03,0.057
2012/03/04,0.064
2012/03/05,0.069
2012/03/06,0.07
2012/03/07,0.062
2012/03/08,0.058
2012/03/09,0.054
2012/03/10,0.054
2012/03/11,0.049
2012/03/12,0.048
2012/03/13,0.096
2012/03/14,0.087
2012/03/15,0.074
2012/03/16,0.096
2012/03/17,0.069
2012/03/18,0.055
2012/03/19,0.058
2012/03/20,0.06
2012/03/21,0.052
2012/03/22,0.048
2012/03/23,0.058
2012/03/24,0.112
2012/03/25,0.101
2012/03/26,0.074
2012/03/27,0.065
2012/03/28,0.066
2012/03/29,0.065
2012/03/30,0.062
2012/03/31,0.058
2012/04/01,0.057
2012/04/02,0.065
2012/04/03,0.071
2012/04/04,0.072
2012/04/05,0.079
2012/04/06,0.075
2012/04/07,0.067
2012/04/08,0.06
2012/04/09,0.057
2012/04/10,0.077
2012/04/11,0.076
2012/04/12,0.088
2012/04/13,0.078
2012/04/14,0.084
2012/04/15,0.077
2012/04/16,0.079
2012/04/17,0.09
2012/04/18,0.094
2012/04/19,0.085
2012/04/20,0.09
2012/04/21,0.078
2012/04/22,0.074
2012/04/23,0.07
2012/04/24,0.083
2012/04/25,0.086
2012/04/26,0.124
2012/04/27,0.114
2012/04/28,0.103
2012/04/29,0.075
2012/04/30,0.067
2012/05/01,0.074
2012/05/02,0.084
2012/05/03,0.114
2012/05/04,0.123
2012/05/05,0.109
2012/05/06,0.1
2012/05/07,0.13
2012/05/08,0.136
2012/05/09,0.154
2012/05/10,0.146
2012/05/11,0.159
2012/05/12,0.166
2012/05/13,0.168
2012/05/14,0.284
2012/05/15,0.299
2012/05/16,0.258
2012/05/17,0.23
2012/05/18,0.234
2012/05/19,0.331
2012/05/20,0.31
2012/05/21,0.311
2012/05/22,0.267
2012/05/23,0.281
2012/05/24,0.296
2012/05/25,0.307
2012/05/26,0.264
2012/05/27,0.243
2012/05/28,0.259
2012/05/29,0.264
2012/05/30,0.277
2012/05/31,0.23
2012/06/01,0.223
2012/06/02,0.157
2012/06/03,0.205
2012/06/04,0.288
2012/06/05,0.349
2012/06/06,0.249
2012/06/07,0.279
2012/06/08,0.257
2012/06/09,0.261
2012/06/10,0.284
2012/06/11,0.272
2012/06/12,0.209
2012/06/13,0.357
2012/06/14,0.426
2012/06/15,0.424
2012/06/16,0.389
2012/06/17,0.356
2012/06/18,0.338
2012/06/19,0.341
2012/06/20,0.32
2012/06/21,0.391
2012/06/22,0.346
2012/06/23,0.282
2012/06/24,0.253
2012/06/25,0.232
2012/06/26,0.239
2012/06/27,0.231
2012/06/28,0.231
2012/06/29,0.197
2012/06/30,0.205
2012/07/01,0.171
2012/07/02,0.207
2012/07/03,0.181
2012/07/04,0.179
2012/07/05,0.178
2012/07/06,0.195
2012/07/07,0.356
2012/07/08,0.254
2012/07/09,0.225
2012/07/10,0.273
2012/07/11,0.28
2012/07/12,0.23
2012/07/13,0.204
2012/07/14,0.198
2012/07/15,0.225
2012/07/16,0.255
2012/07/17,0.245
2012/07/18,0.293
2012/07/19,0.296
2012/07/20,0.401
2012/07/21,0.343
2012/07/22,0.288
2012/07/23,0.298
2012/07/24,0.249
2012/07/25,0.219
2012/07/26,0.218
2012/07/27,0.206
2012/07/28,0.238
2012/07/29,0.23
2012/07/30,0.229
2012/07/31,0.277
2012/08/01,0.288
2012/08/02,0.264
2012/08/03,0.286
2012/08/04,0.248
2012/08/05,0.309
2012/08/06,0.333
2012/08/07,0.282
2012/08/08,0.457
2012/08/09,0.331
2012/08/10,0.451
2012/08/11,0.34
2012/08/12,0.278
2012/08/13,0.299
2012/08/14,0.281
2012/08/15,0.344
2012/08/16,0.356
2012/08/17,0.401
2012/08/18,0.321
2012/08/19,0.281
2012/08/20,0.299
2012/08/21,0.292
2012/08/22,0.292
2012/08/23,0.273
2012/08/24,0.267
2012/08/25,0.307
2012/08/26,0.269
2012/08/27,0.333
2012/08/28,0.333
2012/08/29,0.311
2012/08/30,0.344
2012/08/31,0.39
2012/09/01,0.414
2012/09/02,0.394
2012/09/03,0.412
2012/09/04,0.4
2012/09/05,0.346
2012/09/06,0.322
2012/09/07,0.28
2012/09/08,0.294
2012/09/09,0.286
2012/09/10,0.304
2012/09/11,0.364
2012/09/12,0.315
2012/09/13,0.309
2012/09/14,0.28
2012/09/15,0.242
2012/09/16,0.213
2012/09/17,0.194
2012/09/18,0.232
2012/09/19,0.268
2012/09/20,0.253
2012/09/21,0.3
2012/09/22,0.248
2012/09/23,0.239
2012/09/24,0.304
2012/09/25,0.256
2012/09/26,0.268
2012/09/27,0.234
2012/09/28,0.492
2012/09/29,0.332
2012/09/30,0.238
2012/10/01,0.246
2012/10/02,0.332
2012/10/03,0.304
2012/10/04,1.139
2012/10/05,0.772
2012/10/06,0.531
2012/10/07,0.477
2012/10/08,0.392
2012/10/09,0.377
2012/10/10,0.346
2012/10/11,0.337
2012/10/12,0.306
2012/10/13,0.295
2012/10/14,0.283
2012/10/15,0.27
2012/10/16,0.297
2012/10/17,0.616
2012/10/18,0.417
2012/10/19,0.326
2012/10/20,0.277
2012/10/21,0.293
2012/10/22,0.307
2012/10/23,0.315
2012/10/24,0.289
2012/10/25,0.262
2012/10/26,0.242
2012/10/27,0.193
2012/10/28,0.174
2012/10/29,0.197
2012/10/30,0.265
2012/10/31,0.292
2012/11/01,0.294
2012/11/02,0.337
2012/11/03,0.297
2012/11/04,0.273
2012/11/05,0.298
2012/11/06,0.339
2012/11/07,0.356
2012/11/08,0.342
2012/11/09,0.299
2012/11/10,0.3
2012/11/11,0.269
2012/11/12,0.27
2012/11/13,0.282
2012/11/14,0.302
2012/11/15,0.384
2012/11/16,0.412
2012/11/17,0.389
2012/11/18,0.381
2012/11/19,0.382
2012/11/20,0.382
2012/11/21,0.394
2012/11/22,0.349
2012/11/23,0.338
2012/11/24,0.313
2012/11/25,0.359
2012/11/26,0.348
2012/11/27,0.725
2012/11/28,0.668
2012/11/29,0.69
2012/11/30,0.705
2012/12/01,0.669
2012/12/02,0.548
2012/12/03,0.523
2012/12/04,0.761
2012/12/05,0.824
2012/12/06,0.865
2012/12/07,0.808
2012/12/08,0.777
2012/12/09,0.773
2012/12/10,0.815
2012/12/11,0.843
2012/12/12,0.86
2012/12/13,1.112
2012/12/14,1.156
2012/12/15,0.996
2012/12/16,0.996
2012/12/17,0.99
2012/12/18,1.129
2012/12/19,1.054
2012/12/20,1.11
2012/12/21,1.136
2012/12/22,1.099
2012/12/23,1.061
2012/12/24,0.953
2012/12/25,0.852
2012/12/26,0.804
2012/12/27,0.873
2012/12/28,0.877
2012/12/29,0.851
2012/12/30,0.846
2012/12/31,0.732
2013/01/01,0.679
2013/01/02,0.757
2013/01/03,0.841
2013/01/04,0.92
2013/01/05,0.902
2013/01/06,0.93
2013/01/07,0.891
2013/01/08,0.93
2013/01/09,0.966
2013/01/10,2.492
2013/01/11,1.964
2013/01/12,1.578
2013/01/13,1.373
2013/01/14,1.128
2013/01/15,1.114
2013/01/16,1.18
2013/01/17,1.265
2013/01/18,1.248
2013/01/19,1.438
2013/01/20,1.223
2013/01/21,1.057
2013/01/22,0.987
2013/01/23,1.19
2013/01/24,1.155
2013/01/25,1.177
2013/01/26,1.197
2013/01/27,1.224
2013/01/28,1.194
2013/01/29,1.219
2013/01/30,1.063
2013/01/31,1.024
2013/02/01,1.215
2013/02/02,1.558
2013/02/03,1.334
2013/02/04,1.214
2013/02/05,1.111
2013/02/06,0.995
2013/02/07,1.122
2013/02/08,1.207
2013/02/09,1.228
2013/02/10,1.171
2013/02/11,1.193
2013/02/12,1.286
2013/02/13,1.293
2013/02/14,1.217
2013/02/15,1.243
2013/02/16,1.155
2013/02/17,1.072
2013/02/18,1.092
2013/02/19,1.125
2013/02/20,1.076
2013/02/21,1.118
2013/02/22,1.18
2013/02/23,1.172
2013/02/24,1.158
2013/02/25,1.226
2013/02/26,1.291
2013/02/27,1.206
2013/02/28,1.317
2013/03/01,1.54
2013/03/02,1.468
2013/03/03,1.288
2013/03/04,1.255
2013/03/05,1.358
2013/03/06,2.634
2013/03/07,2.078
2013/03/08,1.629
2013/03/09,1.425
2013/03/10,1.375
2013/03/11,1.291
2013/03/12,1.616
2013/03/13,1.472
2013/03/14,1.319
2013/03/15,1.406
2013/03/16,1.062
2013/03/17,0.834
2013/03/18,0.814
2013/03/19,1.01
2013/03/20,0.855
2013/03/21,0.89
2013/03/22,1.032
2013/03/23,0.998
2013/03/24,0.927
2013/03/25,1.074
2013/03/26,1.132
2013/03/27,1.468
2013/03/28,1.396
2013/03/29,1.388
2013/03/30,1.426
2013/03/31,1.252
2013/04/01,1.06
2013/04/02,1.199
2013/04/03,1.398
2013/04/04,1.673
2013/04/05,1.552
2013/04/06,1.25
2013/04/07,1.276
2013/04/08,1.229
2013/04/09,1.17
2013/04/10,1.255
2013/04/11,1.409
2013/04/12,1.35
2013/04/13,1.154
2013/04/14,1.267
2013/04/15,1.526
2013/04/16,1.346
2013/04/17,1.611
2013/04/18,1.379
2013/04/19,1.487
2013/04/20,1.338
2013/04/21,1.042
2013/04/22,1.123
2013/04/23,1.282
2013/04/24,1.403
2013/04/25,1.398
2013/04/26,1.171
2013/04/27,1.112
2013/04/28,0.926
2013/04/29,0.985
2013/04/30,1.101
2013/05/01,1.088
2013/05/02,1.318
2013/05/03,1.316
2013/05/04,1.228
2013/05/05,1.055
2013/05/06,1.159
2013/05/07,1.131
2013/05/08,1.19
2013/05/09,1.388
2013/05/10,1.432
2013/05/11,1.387
2013/05/12,1.36
2013/05/13,1.345
2013/05/14,1.409
2013/05/15,1.55
2013/05/16,1.801
2013/05/17,1.581
2013/05/18,1.318
2013/05/19,1.258
2013/05/20,1.295
2013/05/21,1.258
2013/05/22,1.262
2013/05/23,1.274
2013/05/24,1.204
2013/05/25,1.17
2013/05/26,0.971
2013/05/27,1.037
2013/05/28,1.204
2013/05/29,1.217
2013/05/30,1.135
2013/05/31,1.079
2013/06/01,0.925
2013/06/02,0.951
2013/06/03,1.024
2013/06/04,1.018
2013/06/05,1.156
2013/06/06,1.031
2013/06/07,0.999
2013/06/08,1.005
2013/06/09,0.954
2013/06/10,0.872
2013/06/11,0.962
2013/06/12,0.898
2013/06/13,0.887
2013/06/14,0.845
2013/06/15,0.803
2013/06/16,0.739
2013/06/17,0.874
2013/06/18,0.973
2013/06/19,1.032
2013/06/20,1.41
2013/06/21,1.213
2013/06/22,1.233
2013/06/23,1.014
2013/06/24,1.026
2013/06/25,0.941
2013/06/26,0.931
2013/06/27,0.832
2013/06/28,0.981
2013/06/29,0.779
2013/06/30,0.769
2013/07/01,0.691
2013/07/02,0.808
2013/07/03,0.71
2013/07/04,0.638
2013/07/05,0.667
2013/07/06,0.652
2013/07/07,0.525
2013/07/08,0.603
2013/07/09,0.676
2013/07/10,0.609
2013/07/11,0.709
2013/07/12,0.752
2013/07/13,0.802
2013/07/14,0.668
2013/07/15,0.606
2013/07/16,0.738
2013/07/17,0.734
2013/07/18,0.829
2013/07/19,0.662
2013/07/20,0.578
2013/07/21,0.536
2013/07/22,0.664
2013/07/23,0.635
2013/07/24,0.763
2013/07/25,0.842
2013/07/26,0.669
2013/07/27,0.689
2013/07/28,0.628
2013/07/29,0.655
2013/07/30,0.709
2013/07/31,0.869
2013/08/01,0.866
2013/08/02,0.736
2013/08/03,0.678
2013/08/04,0.69
2013/08/05,0.639
2013/08/06,0.756
2013/08/07,0.716
2013/08/08,0.834
2013/08/09,0.865
2013/08/10,0.714
2013/08/11,0.661
2013/08/12,0.565
2013/08/13,0.607
2013/08/14,0.826
2013/08/15,1.149
2013/08/16,1.128
2013/08/17,0.868
2013/08/18,0.905
2013/08/19,0.997
2013/08/20,0.857
2013/08/21,0.755
2013/08/22,0.735
2013/08/23,0.712
2013/08/24,0.658
2013/08/25,0.728
2013/08/26,0.852
2013/08/27,0.895
2013/08/28,3.223
2013/08/29,1.897
2013/08/30,1.375
2013/08/31,0.967
2013/09/01,0.709
2013/09/02,0.794
2013/09/03,0.718
2013/09/04,0.69
2013/09/05,0.708
2013/09/06,0.714
2013/09/07,0.694
2013/09/08,0.679
2013/09/09,0.639
2013/09/10,0.587
2013/09/11,0.519
2013/09/12,0.544
2013/09/13,0.478
2013/09/14,0.425
2013/09/15,0.517
2013/09/16,0.789
2013/09/17,3.571
2013/09/18,3.059
2013/09/19,2.48
2013/09/20,1.509
2013/09/21,1.037
2013/09/22,0.777
2013/09/23,0.763
2013/09/24,0.67
2013/09/25,0.636
2013/09/26,0.653
2013/09/27,1.241
2013/09/28,0.915
2013/09/29,0.761
2013/09/30,0.696
2013/10/01,0.764
2013/10/02,0.798
2013/10/03,0.765
2013/10/04,0.657
2013/10/05,0.567
2013/10/06,0.512
2013/10/07,0.672
2013/10/08,0.548
2013/10/09,0.613
2013/10/10,0.629
2013/10/11,0.56
2013/10/12,0.58
2013/10/13,0.568
2013/10/14,0.548
2013/10/15,0.571
2013/10/16,0.733
2013/10/17,0.802
2013/10/18,0.798
2013/10/19,0.724
2013/10/20,0.648
2013/10/21,0.68
2013/10/22,0.679
2013/10/23,0.752
2013/10/24,0.845
2013/10/25,0.855
2013/10/26,0.815
2013/10/27,1.047
2013/10/28,0.879
2013/10/29,0.868
2013/10/30,0.738
2013/10/31,0.653
2013/11/01,0.662
2013/11/02,0.564
2013/11/03,0.707
2013/11/04,0.882
2013/11/05,0.98
2013/11/06,2.22
2013/11/07,2.837
2013/11/08,2.967
2013/11/09,2.232
2013/11/10,1.648
2013/11/11,1.483
2013/11/12,0.965
2013/11/13,0.756
2013/11/14,0.63
2013/11/15,0.523
2013/11/16,0.409
2013/11/17,0.388
2013/11/18,0.541
2013/11/19,0.661
2013/11/20,0.637
2013/11/21,0.671
2013/11/22,0.606
2013/11/23,0.549
2013/11/24,0.483
2013/11/25,0.468
2013/11/26,0.55
2013/11/27,0.625
2013/11/28,0.65
2013/11/29,0.626
2013/11/30,0.542
2013/12/01,0.464
2013/12/02,0.497
2013/12/03,0.452
2013/12/04,0.469
2013/12/05,0.499
2013/12/06,0.434
2013/12/07,0.6
2013/12/08,0.417
2013/12/09,0.402
2013/12/10,0.383
2013/12/11,0.403
2013/12/12,0.377
2013/12/13,0.362
2013/12/14,0.307
2013/12/15,0.284
2013/12/16,0.298
2013/12/17,0.299
2013/12/18,0.337
2013/12/19,0.314
2013/12/20,0.339
2013/12/21,0.324
2013/12/22,0.298
2013/12/23,0.291
2013/12/24,0.288
2013/12/25,0.296
2013/12/26,0.297
2013/12/27,0.282
2013/12/28,0.296
2013/12/29,0.321
2013/12/30,0.296
2013/12/31,0.268
2014/01/01,0.226
2014/01/02,0.319
2014/01/03,0.331
2014/01/04,0.34
2014/01/05,0.314
2014/01/06,0.473
2014/01/07,0.412
2014/01/08,0.352
2014/01/09,0.3
2014/01/10,0.284
2014/01/11,0.259
2014/01/12,0.244
2014/01/13,0.264
2014/01/14,0.33
2014/01/15,0.348
2014/01/16,0.317
2014/01/17,0.351
2014/01/18,0.322
2014/01/19,0.296
2014/01/20,0.305
2014/01/21,0.34
2014/01/22,0.324
2014/01/23,0.352
2014/01/24,0.338
2014/01/25,0.312
2014/01/26,0.311
2014/01/27,0.31
2014/01/28,0.339
2014/01/29,0.344
2014/01/30,0.323
2014/01/31,0.318
2014/02/01,0.28
2014/02/02,0.256
2014/02/03,0.262
2014/02/04,0.296
2014/02/05,0.313
2014/02/06,0.321
2014/02/07,0.358
2014/02/08,0.314
2014/02/09,0.311
2014/02/10,0.324
2014/02/11,0.321
2014/02/12,0.341
2014/02/13,0.328
2014/02/14,0.343
2014/02/15,0.306
2014/02/16,0.269
2014/02/17,0.438
2014/02/18,0.382
2014/02/19,0.336
2014/02/20,0.335
2014/02/21,0.35
2014/02/22,0.312
2014/02/23,0.299
2014/02/24,0.309
2014/02/25,0.374
2014/02/26,0.348
2014/02/27,0.327
2014/02/28,0.345
2014/03/01,0.347
2014/03/02,0.328
2014/03/03,0.396
2014/03/04,0.431
2014/03/05,0.399
2014/03/06,0.369
2014/03/07,0.351
2014/03/08,0.314
2014/03/09,0.294
2014/03/10,0.365
2014/03/11,0.364
2014/03/12,0.363
2014/03/13,0.362
2014/03/14,0.386
2014/03/15,0.325
2014/03/16,0.307
2014/03/17,0.316
2014/03/18,0.292
2014/03/19,0.314
2014/03/20,0.312
2014/03/21,0.314
2014/03/22,0.363
2014/03/23,0.286
2014/03/24,0.281
2014/03/25,0.326
2014/03/26,0.353
2014/03/27,0.336
2014/03/28,0.309
2014/03/29,0.267
2014/03/30,0.289
2014/03/31,0.285
2014/04/01,0.286
2014/04/02,0.278
2014/04/03,0.271
2014/04/04,0.274
2014/04/05,0.268
2014/04/06,0.271
2014/04/07,0.323
2014/04/08,0.381
2014/04/09,0.442
2014/04/10,0.406
2014/04/11,0.368
2014/04/12,0.297
2014/04/13,0.259
2014/04/14,0.288
2014/04/15,0.325
2014/04/16,0.342
2014/04/17,0.348
2014/04/18,0.326
2014/04/19,0.322
2014/04/20,0.283
2014/04/21,0.287
2014/04/22,0.342
2014/04/23,0.347
2014/04/24,0.371
2014/04/25,0.335
2014/04/26,0.28
2014/04/27,0.273
2014/04/28,0.305
2014/04/29,0.3
2014/04/30,0.339
2014/05/01,0.293
2014/05/02,0.294
2014/05/03,0.292
2014/05/04,0.277
2014/05/05,0.354
2014/05/06,0.332
2014/05/07,0.336
2014/05/08,0.331
2014/05/09,0.348
2014/05/10,0.287
2014/05/11,0.271
2014/05/12,0.305
2014/05/13,0.305
2014/05/14,0.314
2014/05/15,0.306
2014/05/16,0.282
2014/05/17,0.249
2014/05/18,0.226
2014/05/19,0.249
2014/05/20,0.275
2014/05/21,0.284
2014/05/22,0.29
2014/05/23,0.299
2014/05/24,0.296
2014/05/25,0.274
2014/05/26,0.296
2014/05/27,0.326
2014/05/28,0.328
2014/05/29,0.333
2014/05/30,0.306
2014/05/31,0.284
2014/06/01,0.265
2014/06/02,0.254
2014/06/03,0.278
2014/06/04,0.272
2014/06/05,0.298
2014/06/06,0.304
2014/06/07,0.266
2014/06/08,0.263
2014/06/09,0.274
2014/06/10,0.276
2014/06/11,0.292
2014/06/12,0.297
2014/06/13,0.29
2014/06/14,0.247
2014/06/15,0.224
2014/06/16,0.24
2014/06/17,0.251
2014/06/18,0.289
2014/06/19,0.285
2014/06/20,0.258
2014/06/21,0.228
2014/06/22,0.214
2014/06/23,0.236
2014/06/24,0.236
2014/06/25,0.25
2014/06/26,0.244
2014/06/27,0.231
2014/06/28,0.217
2014/06/29,0.22
2014/06/30,0.29
2014/07/01,0.342
2014/07/02,0.357
2014/07/03,0.336
2014/07/04,0.29
2014/07/05,0.254
2014/07/06,0.257
2014/07/07,0.278
2014/07/08,0.303
2014/07/09,0.292
2014/07/10,0.296
2014/07/11,0.287
2014/07/12,0.255
2014/07/13,0.245
2014/07/14,0.297
2014/07/15,0.306
2014/07/16,0.328
2014/07/17,0.301
2014/07/18,0.289
2014/07/19,0.262
2014/07/20,0.247
2014/07/21,0.26
2014/07/22,0.295
2014/07/23,0.298
2014/07/24,0.299
2014/07/25,0.276
2014/07/26,0.268
2014/07/27,0.251
2014/07/28,0.263
2014/07/29,0.271
2014/07/30,0.264
2014/07/31,0.278
2014/08/01,0.275
2014/08/02,0.241
2014/08/03,0.232
2014/08/04,0.289
2014/08/05,0.324
2014/08/06,0.322
2014/08/07,0.298
2014/08/08,0.29
2014/08/09,0.248
2014/08/10,0.235
2014/08/11,0.252
2014/08/12,0.27
2014/08/13,0.306
2014/08/14,0.288
2014/08/15,0.29
2014/08/16,0.31
2014/08/17,0.592
2014/08/18,0.415
2014/08/19,0.345
2014/08/20,0.314
2014/08/21,0.295
2014/08/22,0.285
2014/08/23,0.249
2014/08/24,0.248
2014/08/25,0.364
2014/08/26,0.315
2014/08/27,0.294
2014/08/28,0.267
2014/08/29,0.256
2014/08/30,0.229
2014/08/31,0.209
2014/09/01,0.265
2014/09/02,0.29
2014/09/03,0.277
2014/09/04,0.28
2014/09/05,0.292
2014/09/06,0.254
2014/09/07,0.381
2014/09/08,0.36
2014/09/09,0.373
2014/09/10,0.349
2014/09/11,0.294
2014/09/12,0.286
2014/09/13,0.248
2014/09/14,0.266
2014/09/15,0.288
2014/09/16,0.312
2014/09/17,0.288
2014/09/18,0.282
2014/09/19,0.265
2014/09/20,0.249
2014/09/21,0.239
2014/09/22,0.259
2014/09/23,0.299
2014/09/24,0.308
2014/09/25,0.307
2014/09/26,0.859
2014/09/27,0.586
2014/09/28,0.458
2014/09/29,0.407
2014/09/30,0.362
2014/10/01,0.347
2014/10/02,0.336
2014/10/03,0.333
2014/10/04,0.33
2014/10/05,0.306
2014/10/06,0.309
2014/10/07,0.354
2014/10/08,0.351
2014/10/09,0.363
2014/10/10,0.349
2014/10/11,0.319
2014/10/12,0.308
2014/10/13,0.323
2014/10/14,0.362
2014/10/15,0.347
2014/10/16,0.338
2014/10/17,0.333
2014/10/18,0.293
2014/10/19,0.305
2014/10/20,0.341
2014/10/21,0.34
2014/10/22,0.329
2014/10/23,0.334
2014/10/24,0.322
2014/10/25,0.304
2014/10/26,0.331
2014/10/27,0.336
2014/10/28,0.361
2014/10/29,0.364
2014/10/30,0.345
2014/10/31,0.309
2014/11/01,0.313
2014/11/02,0.319
2014/11/03,0.356
2014/11/04,0.344
2014/11/05,0.366
2014/11/06,0.37
2014/11/07,0.364
2014/11/08,0.323
2014/11/09,0.362
2014/11/10,0.363
2014/11/11,0.388
2014/11/12,0.399
2014/11/13,0.398
2014/11/14,0.369
2014/11/15,0.344
2014/11/16,0.327
2014/11/17,0.373
2014/11/18,0.356
2014/11/19,0.364
2014/11/20,0.374
2014/11/21,0.387
2014/11/22,0.336
2014/11/23,0.336
2014/11/24,0.346
2014/11/25,0.357
2014/11/26,0.356
2014/11/27,0.348
2014/11/28,0.331
2014/11/29,0.307
2014/11/30,0.313
2014/12/01,0.37
2014/12/02,0.374
2014/12/03,0.422
2014/12/04,0.413
2014/12/05,0.365
2014/12/06,0.346
2014/12/07,0.346
2014/12/08,0.366
2014/12/09,0.36
2014/12/10,0.355
2014/12/11,0.339
2014/12/12,0.333
2014/12/13,0.309
2014/12/14,0.325
2014/12/15,0.363
2014/12/16,0.391
2014/12/17,0.432
2014/12/18,0.428
2014/12/19,0.43
2014/12/20,0.396
2014/12/21,0.369
2014/12/22,0.355
2014/12/23,0.366
2014/12/24,0.328
2014/12/25,0.282
2014/12/26,0.394
2014/12/27,0.422
2014/12/28,0.357
2014/12/29,0.354
2014/12/30,0.356
2014/12/31,0.327
2015/01/01,0.261
2015/01/02,0.274
2015/01/03,0.282
2015/01/04,0.393
2015/01/05,0.402
2015/01/06,0.364
2015/01/07,0.364
2015/01/08,0.403
2015/01/09,0.418
2015/01/10,0.416
2015/01/11,0.382
2015/01/12,0.652
2015/01/13,0.569
2015/01/14,0.494
2015/01/15,0.475
2015/01/16,0.447
2015/01/17,0.416
2015/01/18,0.389
2015/01/19,0.393
2015/01/20,0.439
2015/01/21,0.399
2015/01/22,0.398
2015/01/23,0.419
2015/01/24,0.392
2015/01/25,0.408
2015/01/26,0.456
2015/01/27,0.416
2015/01/28,0.349
2015/01/29,0.324
2015/01/30,0.324
2015/01/31,0.313
2015/02/01,0.301
2015/02/02,0.307
2015/02/03,0.359
2015/02/04,0.337
2015/02/05,0.321
2015/02/06,0.293
2015/02/07,0.294
2015/02/08,0.325
2015/02/09,0.347
2015/02/10,0.372
2015/02/11,0.368
2015/02/12,0.394
2015/02/13,0.435
2015/02/14,0.405
2015/02/15,0.399
2015/02/16,0.395
2015/02/17,0.411
2015/02/18,0.385
2015/02/19,0.356
2015/02/20,0.369
2015/02/21,0.366
2015/02/22,0.347
2015/02/23,0.377
2015/02/24,0.411
2015/02/25,0.397
2015/02/26,0.386
2015/02/27,0.382
2015/02/28,0.381
2015/03/01,0.389
2015/03/02,0.389
2015/03/03,0.392
2015/03/04,0.403
2015/03/05,0.426
2015/03/06,0.439
2015/03/07,0.406
2015/03/08,0.372
2015/03/09,0.404
2015/03/10,0.403
2015/03/11,0.4
2015/03/12,0.413
2015/03/13,0.394
2015/03/14,0.385
2015/03/15,0.36
2015/03/16,0.397
2015/03/17,0.418
2015/03/18,0.407
2015/03/19,0.443
2015/03/20,0.458
2015/03/21,0.404
2015/03/22,0.387
2015/03/23,0.435
2015/03/24,0.375
2015/03/25,0.382
2015/03/26,0.387
2015/03/27,0.357
2015/03/28,0.348
2015/03/29,0.341
2015/03/30,0.387
2015/03/31,0.41
2015/04/01,0.459
2015/04/02,0.418
2015/04/03,0.413
2015/04/04,0.386
2015/04/05,0.393
2015/04/06,0.451
2015/04/07,0.431
2015/04/08,0.473
2015/04/09,0.519
2015/04/10,0.623
2015/04/11,0.548
2015/04/12,0.494
2015/04/13,0.468
2015/04/14,0.448
2015/04/15,0.477
2015/04/16,0.441
2015/04/17,0.453
2015/04/18,0.408
2015/04/19,0.383
2015/04/20,0.412
2015/04/21,0.407
2015/04/22,0.412
2015/04/23,0.449
2015/04/24,0.475
2015/04/25,1.43
2015/04/26,0.901
2015/04/27,0.679
2015/04/28,0.55
2015/04/29,0.54
2015/04/30,0.519
2015/05/01,0.445
2015/05/02,0.412
2015/05/03,0.381
2015/05/04,0.426
2015/05/05,0.424
2015/05/06,0.408
2015/05/07,0.43
2015/05/08,0.435
2015/05/09,0.424
2015/05/10,0.453
2015/05/11,0.445
2015/05/12,0.436
2015/05/13,0.409
2015/05/14,0.387
2015/05/15,0.398
2015/05/16,0.397
2015/05/17,0.352
2015/05/18,0.381
2015/05/19,0.431
2015/05/20,0.422
2015/05/21,0.398
2015/05/22,0.42
2015/05/23,0.437
2015/05/24,0.403
2015/05/25,0.421
2015/05/26,0.46
2015/05/27,0.461
2015/05/28,0.476
2015/05/29,0.469
2015/05/30,0.484
2015/05/31,0.77
2015/06/01,0.712
2015/06/02,0.603
2015/06/03,0.554
2015/06/04,0.515
2015/06/05,0.487
2015/06/06,0.404
2015/06/07,0.375
2015/06/08,0.408
2015/06/09,0.438
2015/06/10,0.456
2015/06/11,0.485
2015/06/12,0.5
2015/06/13,0.462
2015/06/14,0.446
2015/06/15,0.498
2015/06/16,0.588
2015/06/17,0.59
2015/06/18,0.643
2015/06/19,0.691
2015/06/20,0.574
2015/06/21,0.513
2015/06/22,0.62
2015/06/23,0.576
2015/06/24,0.497
2015/06/25,0.468
2015/06/26,0.469
2015/06/27,0.493
2015/06/28,0.464
2015/06/29,0.498
2015/06/30,0.659
2015/07/01,0.643
2015/07/02,0.635
2015/07/03,0.6
2015/07/04,0.534
2015/07/05,0.561
2015/07/06,0.671
2015/07/07,0.974
2015/07/08,1.11
2015/07/09,1.153
2015/07/10,1.057
2015/07/11,1.047
2015/07/12,1.173
2015/07/13,1.019
2015/07/14,0.912
2015/07/15,0.796
2015/07/16,0.804
2015/07/17,0.727
2015/07/18,0.942
2015/07/19,0.729
2015/07/20,0.873
2015/07/21,0.838
2015/07/22,0.772
2015/07/23,0.764
2015/07/24,0.656
2015/07/25,0.59
2015/07/26,0.588
2015/07/27,0.711
2015/07/28,0.763
2015/07/29,0.89
2015/07/30,0.948
2015/07/31,0.97
2015/08/01,0.903
2015/08/02,0.726
2015/08/03,0.706
2015/08/04,0.866
2015/08/05,0.938
2015/08/06,0.982
2015/08/07,0.855
2015/08/08,0.705
2015/08/09,0.619
2015/08/10,0.65
2015/08/11,0.645
2015/08/12,0.726
2015/08/13,0.697
2015/08/14,0.688
2015/08/15,0.642
2015/08/16,0.595
2015/08/17,0.616
2015/08/18,0.669
2015/08/19,0.643
2015/08/20,0.663
2015/08/21,0.612
2015/08/22,0.588
2015/08/23,0.601
2015/08/24,0.637
2015/08/25,0.69
2015/08/26,0.656
2015/08/27,0.675
2015/08/28,0.651
2015/08/29,0.592
2015/08/30,0.555
2015/08/31,0.627
2015/09/01,0.64
2015/09/02,0.985
2015/09/03,0.873
2015/09/04,0.757
2015/09/05,0.755
2015/09/06,0.68
2015/09/07,0.728
2015/09/08,0.738
2015/09/09,0.732
2015/09/10,0.689
2015/09/11,0.822
2015/09/12,0.839
2015/09/13,0.754
2015/09/14,0.785
2015/09/15,0.751
2015/09/16,0.741
2015/09/17,0.744
2015/09/18,0.716
2015/09/19,0.704
2015/09/20,0.682
2015/09/21,0.774
2015/09/22,0.739
2015/09/23,0.691
2015/09/24,0.69
2015/09/25,0.674
2015/09/26,0.675
2015/09/27,0.631
2015/09/28,0.681
2015/09/29,0.654
2015/09/30,0.687
2015/10/01,0.728
2015/10/02,0.737
2015/10/03,0.666
2015/10/04,0.585
2015/10/05,0.596
2015/10/06,0.659
2015/10/07,0.703
2015/10/08,0.733
2015/10/09,0.731
2015/10/10,0.674
2015/10/11,0.601
2015/10/12,0.657
2015/10/13,0.69
2015/10/14,0.7
2015/10/15,0.69
2015/10/16,0.736
2015/10/17,0.763
2015/10/18,0.695
2015/10/19,0.689
2015/10/20,0.834
2015/10/21,0.809
2015/10/22,0.799
2015/10/23,0.783
2015/10/24,0.76
2015/10/25,0.699
2015/10/26,0.673
2015/10/27,0.729
2015/10/28,0.794
2015/10/29,0.843
2015/10/30,0.794
2015/10/31,0.783
2015/11/01,0.747
2015/11/02,0.805
2015/11/03,0.842
2015/11/04,0.994
2015/11/05,0.961
2015/11/06,0.923
2015/11/07,0.799
2015/11/08,0.735
2015/11/09,0.762
2015/11/10,0.778
2015/11/11,0.72
2015/11/12,0.678
2015/11/13,0.658
2015/11/14,0.672
2015/11/15,0.622
2015/11/16,0.631
2015/11/17,0.666
2015/11/18,0.689
2015/11/19,0.72
2015/11/20,0.667
2015/11/21,0.606
2015/11/22,0.573
2015/11/23,0.6
2015/11/24,0.62
2015/11/25,0.666
2015/11/26,0.649
2015/11/27,0.722
2015/11/28,0.703
2015/11/29,0.648
2015/11/30,0.744
2015/12/01,0.744
2015/12/02,0.772
2015/12/03,0.802
2015/12/04,0.773
2015/12/05,0.74
2015/12/06,0.749
2015/12/07,0.82
2015/12/08,0.782
2015/12/09,0.832
2015/12/10,0.746
2015/12/11,0.909
2015/12/12,0.907
2015/12/13,0.918
2015/12/14,0.871
2015/12/15,0.869
2015/12/16,0.89
2015/12/17,0.926
2015/12/18,0.907
2015/12/19,0.898
2015/12/20,0.853
2015/12/21,0.972
2015/12/22,1.003
2015/12/23,1.004
2015/12/24,1.023
2015/12/25,0.875
2015/12/26,0.802
2015/12/27,0.664
2015/12/28,0.741
2015/12/29,0.762
2015/12/30,0.752
2015/12/31,0.733
2016/01/01,0.659
2016/01/02,0.759
2016/01/03,0.71
2016/01/04,0.693
2016/01/05,0.755
2016/01/06,0.805
2016/01/07,0.902
2016/01/08,0.824
2016/01/09,0.81
2016/01/10,0.723
2016/01/11,0.781
2016/01/12,0.796
2016/01/13,0.857
2016/01/14,0.903
2016/01/15,1.031
2016/01/16,1.001
2016/01/17,0.977
2016/01/18,0.941
2016/01/19,1.061
2016/01/20,1.135
2016/01/21,1.292
2016/01/22,1.155
2016/01/23,1.005
2016/01/24,0.969
2016/01/25,1.046
2016/01/26,1.104
2016/01/27,1.179
2016/01/28,1.231
2016/01/29,1.166
2016/01/30,0.997
2016/01/31,0.878
2016/02/01,1.125
2016/02/02,1.206
2016/02/03,1.098
2016/02/04,1
2016/02/05,0.954
2016/02/06,0.876
2016/02/07,0.877
2016/02/08,1.002
2016/02/09,0.971
2016/02/10,1.03
2016/02/11,0.972
2016/02/12,0.939
2016/02/13,0.914
2016/02/14,0.877
2016/02/15,0.987
2016/02/16,1.098
2016/02/17,1.109
2016/02/18,1.063
2016/02/19,1.157
2016/02/20,1.124
2016/02/21,1.185
2016/02/22,1.304
2016/02/23,1.353
2016/02/24,1.445
2016/02/25,1.308
2016/02/26,1.252
2016/02/27,1.129
2016/02/28,1.22
2016/02/29,1.428
2016/03/01,1.552
2016/03/02,1.924
2016/03/03,1.78
2016/03/04,1.547
2016/03/05,1.588
2016/03/06,1.318
2016/03/07,1.309
2016/03/08,1.231
2016/03/09,1.259
2016/03/10,1.154
2016/03/11,1.07
2016/03/12,1.009
2016/03/13,1.037
2016/03/14,1.054
2016/03/15,1.054
2016/03/16,1.151
2016/03/17,1.225
2016/03/18,1.236
2016/03/19,1.118
2016/03/20,1.018
2016/03/21,1.094
2016/03/22,1.117
2016/03/23,1.068
2016/03/24,1.053
2016/03/25,0.971
2016/03/26,0.95
2016/03/27,0.922
2016/03/28,0.998
2016/03/29,1.225
2016/03/30,1.228
2016/03/31,1.342
2016/04/01,1.358
2016/04/02,1.384
2016/04/03,1.299
2016/04/04,1.187
2016/04/05,1.205
2016/04/06,1.337
2016/04/07,1.304
2016/04/08,1.25
2016/04/09,1.072
2016/04/10,0.918
2016/04/11,1.106
2016/04/12,1.23
2016/04/13,1.167
2016/04/14,1.125
2016/04/15,1.198
2016/04/16,1.089
2016/04/17,0.975
2016/04/18,1.184
2016/04/19,1.166
2016/04/20,1.102
2016/04/21,1.112
2016/04/22,1.146
2016/04/23,1.03
2016/04/24,1.014
2016/04/25,1.18
2016/04/26,4.699
2016/04/27,3.054
2016/04/28,2.252
2016/04/29,1.75
2016/04/30,1.429
2016/05/01,1.156
2016/05/02,1.147
2016/05/03,1.161
2016/05/04,1.14
2016/05/05,1.135
2016/05/06,1.111
2016/05/07,1.053
2016/05/08,0.937
2016/05/09,0.938
2016/05/10,1.071
2016/05/11,1.216
2016/05/12,1.272
2016/05/13,1.255
2016/05/14,1.286
2016/05/15,1.291
2016/05/16,1.49
2016/05/17,1.561
2016/05/18,1.531
2016/05/19,1.666
2016/05/20,1.516
2016/05/21,1.552
2016/05/22,1.242
2016/05/23,1.222
2016/05/24,1.409
2016/05/25,1.558
2016/05/26,1.591
2016/05/27,1.796
2016/05/28,1.673
2016/05/29,1.482
2016/05/30,1.532
2016/05/31,1.577
2016/06/01,1.563
2016/06/02,1.616
2016/06/03,1.567
2016/06/04,1.553
2016/06/05,1.291
2016/06/06,1.252
2016/06/07,1.366
2016/06/08,1.374
2016/06/09,1.324
2016/06/10,1.385
2016/06/11,1.279
2016/06/12,1.348
2016/06/13,1.456
2016/06/14,1.753
2016/06/15,1.951
2016/06/16,2.057
2016/06/17,2.066
2016/06/18,1.911
2016/06/19,1.66
2016/06/20,1.749
2016/06/21,1.879
2016/06/22,2.133
2016/06/23,2.12
2016/06/24,2.184
2016/06/25,1.835
2016/06/26,1.651
2016/06/27,1.653
2016/06/28,1.603
2016/06/29,1.633
2016/06/30,1.637
2016/07/01,1.552
2016/07/02,1.477
2016/07/03,1.323
2016/07/04,1.382
2016/07/05,1.45
2016/07/06,1.509
2016/07/07,1.566
2016/07/08,1.561
2016/07/09,1.528
2016/07/10,1.735
2016/07/11,2.422
2016/07/12,2.604
2016/07/13,2.899
2016/07/14,3.03
2016/07/15,3.1
2016/07/16,2.81
2016/07/17,2.659
2016/07/18,2.878
2016/07/19,3.301
2016/07/20,3.307
2016/07/21,3.408
2016/07/22,3.648
2016/07/23,3.593
2016/07/24,3.388
2016/07/25,3.737
2016/07/26,3.972
2016/07/27,4.224
2016/07/28,4.135
2016/07/29,3.96
2016/07/30,4.097
2016/07/31,3.866
2016/08/01,3.777
2016/08/02,3.918
2016/08/03,3.72
2016/08/04,3.615
2016/08/05,3.513
2016/08/06,3.156
2016/08/07,3.326
2016/08/08,3.897
2016/08/09,4.236
2016/08/10,4.043
2016/08/11,4.067
2016/08/12,3.865
2016/08/13,3.427
2016/08/14,3.183
2016/08/15,3.397
2016/08/16,4.046
2016/08/17,4.312
2016/08/18,4.068
2016/08/19,4.049
2016/08/20,3.557
2016/08/21,2.993
2016/08/22,3.109
2016/08/23,3.331
2016/08/24,3.311
2016/08/25,3.569
2016/08/26,3.609
2016/08/27,3.3
2016/08/28,2.906
2016/08/29,3.125
2016/08/30,3.16
2016/08/31,3.379
2016/09/01,3.441
2016/09/02,3.177
2016/09/03,3.174
2016/09/04,2.609
2016/09/05,3.044
2016/09/06,3.246
2016/09/07,3.247
2016/09/08,3.227
2016/09/09,3.338
2016/09/10,2.956
2016/09/11,2.61
2016/09/12,2.642
2016/09/13,2.919
2016/09/14,3.01
2016/09/15,3.01
2016/09/16,3.282
2016/09/17,3.018
2016/09/18,2.931
2016/09/19,3.379
2016/09/20,3.438
2016/09/21,3.238
2016/09/22,3.338
2016/09/23,3.376
2016/09/24,3.071
2016/09/25,2.586
2016/09/26,2.828
2016/09/27,2.88
2016/09/28,3.131
2016/09/29,3.413
2016/09/30,3.564
2016/10/01,3.236
2016/10/02,3.09
2016/10/03,3.463
2016/10/04,3.468
2016/10/05,3.42
2016/10/06,3.57
2016/10/07,3.723
2016/10/08,3.411
2016/10/09,3.122
2016/10/10,3.659
2016/10/11,4.051
2016/10/12,3.855
2016/10/13,3.942
2016/10/14,3.895
2016/10/15,3.652
2016/10/16,3.537
2016/10/17,3.985
2016/10/18,3.911
2016/10/19,3.876
2016/10/20,4.47
2016/10/21,4.026
2016/10/22,3.741
2016/10/23,3.679
2016/10/24,4.012
2016/10/25,4.705
2016/10/26,5.699
2016/10/27,5.45
2016/10/28,4.799
2016/10/29,4.291
2016/10/30,3.594
2016/10/31,3.792
2016/11/01,3.996
2016/11/02,4.282
2016/11/03,4.101
2016/11/04,4.8
2016/11/05,4.331
2016/11/06,3.952
2016/11/07,4.359
2016/11/08,4.207
2016/11/09,4.284
2016/11/10,4.029
2016/11/11,3.739
2016/11/12,3.392
2016/11/13,3.402
2016/11/14,3.483
2016/11/15,3.748
2016/11/16,3.667
2016/11/17,3.979
2016/11/18,4.151
2016/11/19,4.029
2016/11/20,4.196
2016/11/21,4.689
2016/11/22,5.203
2016/11/23,5.402
2016/11/24,5.846
2016/11/25,6.312
2016/11/26,5.683
2016/11/27,5
2016/11/28,5.038
2016/11/29,5.094
2016/11/30,5.204
2016/12/01,5.267
2016/12/02,5.795
2016/12/03,5.145
2016/12/04,4.958
2016/12/05,5.126
2016/12/06,5.559
2016/12/07,5.138
2016/12/08,4.907
2016/12/09,5.154
2016/12/10,5.078
2016/12/11,4.129
2016/12/12,4.345
2016/12/13,4.276
2016/12/14,4.727
2016/12/15,5.34
2016/12/16,5.443
2016/12/17,4.885
2016/12/18,4.636
2016/12/19,4.929
2016/12/20,5.256
2016/12/21,5.362
2016/12/22,5.218
2016/12/23,5.122
2016/12/24,4.889
2016/12/25,3.903
2016/12/26,4.314
2016/12/27,4.586
2016/12/28,4.716
2016/12/29,5.064
2016/12/30,4.965
2016/12/31,4.614
2017/01/01,3.923
2017/01/02,4.65
2017/01/03,5.037
2017/01/04,7.111
2017/01/05,6.64
2017/01/06,6.306
2017/01/07,6.058
2017/01/08,5.124
2017/01/09,5.395
2017/01/10,5.528
2017/01/11,5.527
2017/01/12,5.104
2017/01/13,5.012
2017/01/14,4.449
2017/01/15,4.121
2017/01/16,4.4
2017/01/17,4.825
2017/01/18,5.136
2017/01/19,5.026
2017/01/20,4.639
2017/01/21,4.327
2017/01/22,4.091
2017/01/23,5.019
2017/01/24,6.08
2017/01/25,6.421
2017/01/26,6.209
2017/01/27,5.653
2017/01/28,5.857
2017/01/29,5.645
2017/01/30,6.317
2017/01/31,6.879
2017/02/01,6.473
2017/02/02,6.619
2017/02/03,7.322
2017/02/04,7.238
2017/02/05,6.827
2017/02/06,7.926
2017/02/07,8.113
2017/02/08,8.022
2017/02/09,7.822
2017/02/10,7.447
2017/02/11,6.882
2017/02/12,6.209
2017/02/13,6.251
2017/02/14,6.256
2017/02/15,6.711
2017/02/16,7.486
2017/02/17,7.783
2017/02/18,7.625
2017/02/19,7.401
2017/02/20,7.681
2017/02/21,8.227
2017/02/22,8.888
2017/02/23,9.518
2017/02/24,9.767
2017/02/25,9.083
2017/02/26,7.921
2017/02/27,8.859
2017/02/28,9.744
2017/03/01,10.531
2017/03/02,10.962
2017/03/03,11.53
2017/03/04,11.657
2017/03/05,11.106
2017/03/06,11.488
2017/03/07,11.928
2017/03/08,11.784
2017/03/09,11.566
2017/03/10,11.626
2017/03/11,11.048
2017/03/12,10.005
2017/03/13,10.434
2017/03/14,11.032
2017/03/15,11.392
2017/03/16,11.774
2017/03/17,11.527
2017/03/18,10.745
2017/03/19,10.028
2017/03/20,11.228
2017/03/21,11.76
2017/03/22,11.782
2017/03/23,11.55
2017/03/24,10.539
2017/03/25,10.206
2017/03/26,8.568
2017/03/27,9.567
2017/03/28,10.158
2017/03/29,10.575
2017/03/30,9.803
2017/03/31,10.608
2017/04/01,10.485
2017/04/02,9.437
2017/04/03,9.286
2017/04/04,10.327
2017/04/05,10.391
2017/04/06,10.581
2017/04/07,10.296
2017/04/08,9.705
2017/04/09,8.753
2017/04/10,9.226
2017/04/11,9.507
2017/04/12,10.094
2017/04/13,11.055
2017/04/14,11.498
2017/04/15,10.604
2017/04/16,9.308
2017/04/17,9.398
2017/04/18,10.085
2017/04/19,10.291
2017/04/20,10.994
2017/04/21,10.739
2017/04/22,9.897
2017/04/23,9.025
2017/04/24,9.923
2017/04/25,11.365
2017/04/26,11.544
2017/04/27,11.898
2017/04/28,12.355
2017/04/29,11.479
2017/04/30,10.517
2017/05/01,10.677
2017/05/02,11.407
2017/05/03,12.224
2017/05/04,12.494
2017/05/05,13.222
2017/05/06,12.801
2017/05/07,12.261
2017/05/08,12.299
2017/05/09,12.913
2017/05/10,13.501
2017/05/11,13.86
2017/05/12,14.099
2017/05/13,13.668
2017/05/14,13.173
2017/05/15,13.263
2017/05/16,15.249
2017/05/17,17.654
2017/05/18,17.876
2017/05/19,17.823
2017/05/20,16.827
2017/05/21,16.47
2017/05/22,17.349
2017/05/23,17.796
2017/05/24,18.763
2017/05/25,19.22
2017/05/26,19.474
2017/05/27,19.799
2017/05/28,18.387
2017/05/29,19.584
2017/05/30,20.207
2017/05/31,20.992
2017/06/01,21.062
2017/06/02,20.778
2017/06/03,19.655
2017/06/04,18.836
2017/06/05,18.835
2017/06/06,20.08
2017/06/07,22.278
2017/06/08,20.758
2017/06/09,20.104
2017/06/10,19.133
2017/06/11,17.735
2017/06/12,17.99
2017/06/13,19.692
2017/06/14,20.163
2017/06/15,19.363
2017/06/16,18.119
2017/06/17,16.394
2017/06/18,14.85
2017/06/19,15.939
2017/06/20,17.169
2017/06/21,19.044
2017/06/22,19.759
2017/06/23,17.129
2017/06/24,15.773
2017/06/25,15.142
2017/06/26,16.297
2017/06/27,17.325
2017/06/28,16.882
2017/06/29,17.715
2017/06/30,16.687
2017/07/01,13.884
2017/07/02,10.828
2017/07/03,11.298
2017/07/04,12.313
2017/07/05,11.566
2017/07/06,11.775
2017/07/07,11.646
2017/07/08,10.092
2017/07/09,9.226
2017/07/10,8.468
2017/07/11,8.616
2017/07/12,8.877
2017/07/13,9.291
2017/07/14,10.163
2017/07/15,14.709
2017/07/16,11.144
2017/07/17,10.409
2017/07/18,10.116
2017/07/19,9.944
2017/07/20,10.061
2017/07/21,10.775
2017/07/22,9.329
2017/07/23,7.422
2017/07/24,7.204
2017/07/25,7.778
2017/07/26,8.069
2017/07/27,8.012
2017/07/28,8.575
2017/07/29,7.982
2017/07/30,7.489
2017/07/31,8.601
2017/08/01,6.262
2017/08/02,6.347
2017/08/03,6.546
2017/08/04,5.688
2017/08/05,5.287
2017/08/06,5.037
2017/08/07,5.514
2017/08/08,6.359
2017/08/09,7.419
2017/08/10,8.882
2017/08/11,10.216
2017/08/12,10.662
2017/08/13,9.984
2017/08/14,11.643
2017/08/15,13.611
2017/08/16,15.618
2017/08/17,14.83
2017/08/18,15.097
2017/08/19,13.726
2017/08/20,12.564
2017/08/21,14.87
2017/08/22,18.989
2017/08/23,20.212
2017/08/24,21.818
2017/08/25,23.524
2017/08/26,24.003
2017/08/27,19.819
2017/08/28,19.413
2017/08/29,19.644
2017/08/30,17.632
2017/08/31,17.251
2017/09/01,16.111
2017/09/02,14.265
2017/09/03,12.661
2017/09/04,12.809
2017/09/05,11.544
2017/09/06,11.707
2017/09/07,11.093
2017/09/08,10.076
2017/09/09,8.249
2017/09/10,7.96
2017/09/11,7.403
2017/09/12,6.683
2017/09/13,6.009
2017/09/14,6.307
2017/09/15,6.76
2017/09/16,6.068
2017/09/17,5.197
2017/09/18,7.394
2017/09/19,7.789
2017/09/20,8.446
2017/09/21,7.143
2017/09/22,6.732
2017/09/23,5.66
2017/09/24,5.038
2017/09/25,6.831
2017/09/26,7.419
2017/09/27,7.333
2017/09/28,6.533
2017/09/29,5.856
2017/09/30,5.707
2017/10/01,6.269
2017/10/02,7.526
2017/10/03,6.891
2017/10/04,7.221
2017/10/05,8.266
2017/10/06,7.628
2017/10/07,6.413
2017/10/08,5.55
2017/10/09,6.231
2017/10/10,6.976
2017/10/11,7.421
2017/10/12,7.924
2017/10/13,11.155
2017/10/14,11.298
2017/10/15,8.78
2017/10/16,8.475
2017/10/17,8.868
2017/10/18,9.057
2017/10/19,8.493
2017/10/20,7.623
2017/10/21,7.846
2017/10/22,7.121
2017/10/23,7.558
2017/10/24,8.314
2017/10/25,7.104
2017/10/26,5.865
2017/10/27,8.613
2017/10/28,11.157
2017/10/29,11.898
2017/10/30,12.216
2017/10/31,12.058
2017/11/01,12.794
2017/11/02,12.71
2017/11/03,13.96
2017/11/04,14.18
2017/11/05,12.134
2017/11/06,12.385
2017/11/07,12.748
2017/11/08,12.734
2017/11/09,14.315
2017/11/10,15.951
2017/11/11,20.016
2017/11/12,28.44
2017/11/13,29.686
2017/11/14,28.732
2017/11/15,26.423
2017/11/16,23.676
2017/11/17,19.902
2017/11/18,17.24
2017/11/19,14.128
2017/11/20,13.604
2017/11/21,13.079
2017/11/22,12.628
2017/11/23,12.283
2017/11/24,11.715
2017/11/25,10.418
2017/11/26,9.756
2017/11/27,9.887
2017/11/28,10.531
2017/11/29,11.197
2017/11/30,11.339
2017/12/01,10.545
2017/12/02,9.594
2017/12/03,8.724
2017/12/04,8.907
2017/12/05,8.948
2017/12/06,9.408
2017/12/07,12.757
2017/12/08,18.758
2017/12/09,19.723
2017/12/10,18.998
2017/12/11,18.728
2017/12/12,20.179
2017/12/13,20.408
2017/12/14,21.106
2017/12/15,21.512
2017/12/16,20.754
2017/12/17,19.781
2017/12/18,20.151
2017/12/19,23.811
2017/12/20,29.363
2017/12/21,34.997
2017/12/22,39.288
2017/12/23,38.657
2017/12/24,35.176
2017/12/25,32.096
2017/12/26,30.563
2017/12/27,29.635
2017/12/28,29.659
2017/12/29,28.628
2017/12/30,29.271
2017/12/31,25.194
2018/01/01,22.303
2018/01/02,22.804
2018/01/03,25.227
2018/01/04,26.137
2018/01/05,27.163
2018/01/06,26.012
2018/01/07,25.664
2018/01/08,25.375
2018/01/09,26.116
2018/01/10,25.947
2018/01/11,24.192
2018/01/12,23.033
2018/01/13,22.572
2018/01/14,21.406
2018/01/15,21.401
2018/01/16,22.394
2018/01/17,23.42
2018/01/18,23.365
2018/01/19,21.31
2018/01/20,18.748
2018/01/21,15.783
2018/01/22,14.444
2018/01/23,12.948
2018/01/24,12.185
2018/01/25,11.125
2018/01/26,10.437
2018/01/27,9.169
2018/01/28,8.233
2018/01/29,7.77
2018/01/30,7.453
2018/01/31,8.721
2018/02/01,9.197
2018/02/02,10.38
2018/02/03,8.655
2018/02/04,6.712
2018/02/05,6.853
2018/02/06,7.017
2018/02/07,6.785
2018/02/08,5.944
2018/02/09,5.462
2018/02/10,5.099
2018/02/11,4.14
2018/02/12,3.703
2018/02/13,3.471
2018/02/14,3.122
2018/02/15,3.445
2018/02/16,3.165
2018/02/17,2.856
2018/02/18,2.506
2018/02/19,2.48
2018/02/20,2.68
2018/02/21,2.286
2018/02/22,2.133
2018/02/23,2.99
2018/02/24,4.015
2018/02/25,2.959
2018/02/26,2.758
2018/02/27,2.612
2018/02/28,2.597
2018/03/01,2.53
2018/03/02,2.32
2018/03/03,1.991
2018/03/04,1.885
2018/03/05,2.111
2018/03/06,1.993
2018/03/07,1.869
2018/03/08,1.8
2018/03/09,1.837
2018/03/10,2.044
2018/03/11,2.038
2018/03/12,1.837
2018/03/13,2.41
2018/03/14,2.214
2018/03/15,2.105
2018/03/16,1.802
2018/03/17,1.473
2018/03/18,1.399
2018/03/19,1.482
2018/03/20,1.711
2018/03/21,1.659
2018/03/22,1.594
2018/03/23,1.575
2018/03/24,1.34
2018/03/25,1.263
2018/03/26,1.341
2018/03/27,1.385
2018/03/28,1.397
2018/03/29,1.405
2018/03/30,1.331
2018/03/31,1.286
2018/04/01,1.091
2018/04/02,1.088
2018/04/03,1.154
2018/04/04,1.244
2018/04/05,1.242
2018/04/06,1.603
2018/04/07,1.399
2018/04/08,1.217
2018/04/09,1.212
2018/04/10,1.161
2018/04/11,1.14
2018/04/12,1.481
2018/04/13,1.608
2018/04/14,1.489
2018/04/15,1.334
2018/04/16,1.387
2018/04/17,1.331
2018/04/18,1.291
2018/04/19,1.26
2018/04/20,1.464
2018/04/21,1.437
2018/04/22,1.257
2018/04/23,1.379
2018/04/24,2.284
2018/04/25,3.959
2018/04/26,3.827
2018/04/27,3.434
2018/04/28,2.995
2018/04/29,2.366
2018/04/30,2.114
2018/05/01,1.849
2018/05/02,2.012
2018/05/03,2.029
2018/05/04,2.131
2018/05/05,1.853
2018/05/06,1.824
2018/05/07,1.852
2018/05/08,1.894
2018/05/09,1.7
2018/05/10,1.535
2018/05/11,1.955
2018/05/12,1.657
2018/05/13,1.452
2018/05/14,1.773
2018/05/15,1.903
2018/05/16,1.665
2018/05/17,2.42
2018/05/18,3.037
2018/05/19,2.323
2018/05/20,1.847
2018/05/21,1.709
2018/05/22,1.548
2018/05/23,1.524
2018/05/24,1.581
2018/05/25,1.472
2018/05/26,1.286
2018/05/27,1.114
2018/05/28,1.293
2018/05/29,1.458
2018/05/30,1.245
2018/05/31,1.127
2018/06/01,1.05
2018/06/02,0.95
2018/06/03,0.848
2018/06/04,0.877
2018/06/05,0.859
2018/06/06,0.954
2018/06/07,1.049
2018/06/08,1.015
2018/06/09,1.026
2018/06/10,1.034
2018/06/11,1.212
2018/06/12,1.204
2018/06/13,1.628
2018/06/14,1.536
2018/06/15,1.368
2018/06/16,1.077
2018/06/17,1.131
2018/06/18,0.989
2018/06/19,2.569
2018/06/20,6.036
2018/06/21,4.691
2018/06/22,4.109
2018/06/23,2.841
2018/06/24,2.046
2018/06/25,1.892
2018/06/26,1.817
2018/06/27,1.951
2018/06/28,1.659
2018/06/29,1.546
2018/06/30,1.434
2018/07/01,1.17
2018/07/02,1.243
2018/07/03,1.566
2018/07/04,1.418
2018/07/05,1.28
2018/07/06,1.177
2018/07/07,1.01
2018/07/08,0.898
2018/07/09,1.029
2018/07/10,1.121
2018/07/11,1.159
2018/07/12,1.103
2018/07/13,1.092
2018/07/14,0.994
2018/07/15,0.953
2018/07/16,1.252
2018/07/17,1.246
2018/07/18,1.345
2018/07/19,1.338
2018/07/20,1.262
2018/07/21,1.134
2018/07/22,0.89
2018/07/23,1.067
2018/07/24,1.269
2018/07/25,1.236
2018/07/26,1.191
2018/07/27,1.087
2018/07/28,1.002
2018/07/29,0.867
2018/07/30,1.157
2018/07/31,1.266
2018/08/01,1.194
2018/08/02,1.248
2018/08/03,1.178
2018/08/04,0.977
2018/08/05,0.827
2018/08/06,0.95
2018/08/07,0.964
2018/08/08,1.005
2018/08/09,1.054
2018/08/10,0.987
2018/08/11,0.853
2018/08/12,0.755
2018/08/13,0.903
2018/08/14,1.218
2018/08/15,1.154
2018/08/16,1.179
2018/08/17,1.236
2018/08/18,1.026
2018/08/19,0.979
2018/08/20,1.254
2018/08/21,1.287
2018/08/22,1.244
2018/08/23,1.135
2018/08/24,1.087
2018/08/25,1.16
2018/08/26,1.216
2018/08/27,1.305
2018/08/28,1.808
2018/08/29,1.576
2018/08/30,1.406
2018/08/31,1.347
2018/09/01,1.178
2018/09/02,1.038
2018/09/03,1.067
2018/09/04,1.287
2018/09/05,1.59
2018/09/06,1.616
2018/09/07,1.533
2018/09/08,1.264
2018/09/09,1.079
2018/09/10,1.127
2018/09/11,1.215
2018/09/12,1.171
2018/09/13,1.129
2018/09/14,1.199
2018/09/15,1.045
2018/09/16,0.896
2018/09/17,0.96
2018/09/18,1.01
2018/09/19,0.94
2018/09/20,0.94
2018/09/21,1.172
2018/09/22,1.063
2018/09/23,0.915
2018/09/24,0.873
2018/09/25,0.913
2018/09/26,1.03
2018/09/27,1.168
2018/09/28,1.325
2018/09/29,1.16
2018/09/30,0.956
2018/10/01,1.025
2018/10/02,1.253
2018/10/03,1.209
2018/10/04,1.099
2018/10/05,1.198
2018/10/06,1.155
2018/10/07,0.943
2018/10/08,0.965
2018/10/09,0.99
2018/10/10,0.926
2018/10/11,0.922
2018/10/12,1.014
2018/10/13,0.881
2018/10/14,0.873
2018/10/15,1.001
2018/10/16,1.067
2018/10/17,1.074
2018/10/18,1.055
2018/10/19,1.02
2018/10/20,0.908
2018/10/21,0.813
2018/10/22,0.834
2018/10/23,0.844
2018/10/24,1.015
2018/10/25,1.015
2018/10/26,1.004
2018/10/27,0.884
2018/10/28,0.91
2018/10/29,0.987
2018/10/30,0.976
2018/10/31,0.894
2018/11/01,0.897
2018/11/02,0.956
2018/11/03,0.814
2018/11/04,0.821
2018/11/05,0.925
2018/11/06,1.055
2018/11/07,1.146
2018/11/08,1.258
2018/11/09,1.326
2018/11/10,1.166
2018/11/11,0.968
2018/11/12,1.026
2018/11/13,1.109
2018/11/14,1.308
2018/11/15,1.843
2018/11/16,2.067
2018/11/17,1.622
2018/11/18,1.391
2018/11/19,1.933
2018/11/20,2.985
2018/11/21,3.326
2018/11/22,2.915
2018/11/23,2.614
2018/11/24,2.165
2018/11/25,2.071
2018/11/26,2.379
2018/11/27,2.306
2018/11/28,2.433
2018/11/29,2.877
2018/11/30,3.004
2018/12/01,2.486
2018/12/02,2.046
2018/12/03,2.092
2018/12/04,1.943
2018/12/05,1.769
2018/12/06,1.714
2018/12/07,1.929
2018/12/08,1.579
2018/12/09,1.31
2018/12/10,1.386
2018/12/11,1.429
2018/12/12,1.449
2018/12/13,1.39
2018/12/14,1.374
2018/12/15,1.176
2018/12/16,1.099
2018/12/17,1.069
2018/12/18,1.352
2018/12/19,1.545
2018/12/20,1.578
2018/12/21,1.659
2018/12/22,1.255
2018/12/23,0.977
2018/12/24,1.087
2018/12/25,1
2018/12/26,0.91
2018/12/27,0.841
2018/12/28,0.848
2018/12/29,0.864
2018/12/30,0.746
2018/12/31,0.781
2019/01/01,0.69
2019/01/02,0.819
2019/01/03,0.899
2019/01/04,0.97
2019/01/05,0.785
2019/01/06,0.859
2019/01/07,1.098
2019/01/08,1.04
2019/01/09,1.103
2019/01/10,1.206
2019/01/11,1.25
2019/01/12,1.117
2019/01/13,0.969
2019/01/14,1.016
2019/01/15,1.143
2019/01/16,1.315
2019/01/17,1.387
2019/01/18,1.293
2019/01/19,1.17
2019/01/20,0.95
2019/01/21,1.001
2019/01/22,1.136
2019/01/23,1.182
2019/01/24,1.152
2019/01/25,1.286
2019/01/26,1.168
2019/01/27,1.044
2019/01/28,1.18
2019/01/29,1.217
2019/01/30,1.225
2019/01/31,1.351
2019/02/01,1.5
2019/02/02,1.271
2019/02/03,1.059
2019/02/04,0.991
2019/02/05,0.959
2019/02/06,1.006
2019/02/07,0.885
2019/02/08,0.951
2019/02/09,0.945
2019/02/10,0.859
2019/02/11,1.06
2019/02/12,1.58
2019/02/13,1.705
2019/02/14,1.585
2019/02/15,1.613
2019/02/16,1.396
2019/02/17,1.176
2019/02/18,1.336
2019/02/19,1.589
2019/02/20,1.931
2019/02/21,2.106
2019/02/22,1.997
2019/02/23,1.7
2019/02/24,1.699
2019/02/25,1.914
2019/02/26,1.832
2019/02/27,1.826
2019/02/28,1.708
2019/03/01,1.596
2019/03/02,1.554
2019/03/03,1.356
2019/03/04,1.496
2019/03/05,1.516
2019/03/06,1.931
2019/03/07,2.018
2019/03/08,1.938
2019/03/09,1.671
2019/03/10,1.391
2019/03/11,1.549
2019/03/12,1.641
2019/03/13,1.867
2019/03/14,1.885
2019/03/15,1.743
2019/03/16,1.415
2019/03/17,1.163
2019/03/18,1.132
2019/03/19,1.074
2019/03/20,1.204
2019/03/21,1.577
2019/03/22,1.454
2019/03/23,1.218
2019/03/24,1.024
2019/03/25,1.289
2019/03/26,1.709
2019/03/27,2.112
2019/03/28,2.333
2019/03/29,2.837
2019/03/30,2.944
2019/03/31,2.724
2019/04/01,3.118
2019/04/02,4.316
2019/04/03,5.866
2019/04/04,6.99
2019/04/05,6.243
2019/04/06,5.345
2019/04/07,4.987
2019/04/08,5.791
2019/04/09,6.152
2019/04/10,5.926
2019/04/11,5.738
2019/04/12,5.399
2019/04/13,4.588
2019/04/14,4.109
2019/04/15,4.143
2019/04/16,4.099
2019/04/17,4.191
2019/04/18,3.967
2019/04/19,3.967
2019/04/20,3.697
2019/04/21,3.061
2019/04/22,3.541
2019/04/23,4.891
2019/04/24,5.46
2019/04/25,5.236
2019/04/26,4.93
2019/04/27,4.005
2019/04/28,3.153
2019/04/29,3.26
2019/04/30,3.959
2019/05/01,3.47
2019/05/02,3.104
2019/05/03,3.604
2019/05/04,3.575
2019/05/05,3.664
2019/05/06,3.776
2019/05/07,4.637
2019/05/08,5.11
2019/05/09,5.254
2019/05/10,6.298
2019/05/11,6.725
2019/05/12,5.867
2019/05/13,5.485
2019/05/14,6.007
2019/05/15,7.686
2019/05/16,9.409
2019/05/17,10.08
2019/05/18,8.333
2019/05/19,7.073
2019/05/20,7.77
2019/05/21,8.674
2019/05/22,8.241
2019/05/23,7.955
2019/05/24,8.538
2019/05/25,7.681
2019/05/26,6.063
2019/05/27,7.19
2019/05/28,7.898
2019/05/29,7.911
2019/05/30,8.258
2019/05/31,10.279
2019/06/01,9.035
2019/06/02,7.892
2019/06/03,9.848
2019/06/04,10.01
2019/06/05,8.698
2019/06/06,7.281
2019/06/07,6.2
2019/06/08,5.36
2019/06/09,4.338
2019/06/10,4.637
2019/06/11,5.233
2019/06/12,5.734
2019/06/13,5.609
2019/06/14,5.45
2019/06/15,4.793
2019/06/16,4.585
2019/06/17,5.602
2019/06/18,5.507
2019/06/19,5.036
2019/06/20,5.443
2019/06/21,6.251
2019/06/22,6.376
2019/06/23,4.922
2019/06/24,4.667
2019/06/25,5.446
2019/06/26,6.821
2019/06/27,8.478
2019/06/28,8.346
2019/06/29,6.555
2019/06/30,5.895
2019/07/01,6.264
2019/07/02,5.95
2019/07/03,5.086
2019/07/04,4.475
2019/07/05,3.794
2019/07/06,3.01
2019/07/07,2.67
2019/07/08,2.807
2019/07/09,3.19
2019/07/10,4.117
2019/07/11,4.405
2019/07/12,3.795
2019/07/13,3.126
2019/07/14,2.663
2019/07/15,3.024
2019/07/16,3.014
2019/07/17,3.375
2019/07/18,3.964
2019/07/19,4.282
2019/07/20,3.248
2019/07/21,2.613
2019/07/22,2.635
2019/07/23,2.724
2019/07/24,2.759
2019/07/25,2.834
2019/07/26,2.514
2019/07/27,2.112
2019/07/28,1.654
2019/07/29,1.756
2019/07/30,2.52
2019/07/31,2.484
2019/08/01,2.525
2019/08/02,2.299
2019/08/03,1.777
2019/08/04,1.357
2019/08/05,1.834
2019/08/06,2.03
2019/08/07,2.801
2019/08/08,3.308
2019/08/09,3.371
2019/08/10,2.716
2019/08/11,2.139
2019/08/12,2.546
2019/08/13,3.116
2019/08/14,3.057
2019/08/15,2.864
2019/08/16,2.792
2019/08/17,2.478
2019/08/18,2.149
2019/08/19,2.077
2019/08/20,2.231
2019/08/21,2.606
2019/08/22,2.79
2019/08/23,2.457
2019/08/24,1.97
2019/08/25,1.536
2019/08/26,1.718
2019/08/27,1.847
2019/08/28,1.805
2019/08/29,1.712
2019/08/30,1.703
2019/08/31,1.424
2019/09/01,1.267
2019/09/02,1.394
2019/09/03,1.631
2019/09/04,1.89
2019/09/05,1.82
2019/09/06,1.839
2019/09/07,1.622
2019/09/08,1.298
2019/09/09,1.53
2019/09/10,1.573
2019/09/11,1.532
2019/09/12,1.502
2019/09/13,1.475
2019/09/14,1.275
2019/09/15,1.129
2019/09/16,1.273
2019/09/17,1.556
2019/09/18,1.551
2019/09/19,1.744
2019/09/20,1.707
2019/09/21,1.411
2019/09/22,1.196
2019/09/23,1.703
2019/09/24,1.813
2019/09/25,1.981
2019/09/26,1.743
2019/09/27,1.889
2019/09/28,1.521
2019/09/29,1.371
2019/09/30,1.917
2019/10/01,2.274
2019/10/02,2.123
2019/10/03,2.072
2019/10/04,1.782
2019/10/05,1.371
2019/10/06,1.125
2019/10/07,1.192
2019/10/08,1.27
2019/10/09,1.5
2019/10/10,1.563
2019/10/11,1.486
2019/10/12,1.36
2019/10/13,1.132
2019/10/14,1.262
2019/10/15,1.299
2019/10/16,1.452
2019/10/17,1.395
2019/10/18,1.314
2019/10/19,1.167
2019/10/20,1.014
2019/10/21,1.021
2019/10/22,1.031
2019/10/23,1.245
2019/10/24,1.479
2019/10/25,1.764
2019/10/26,2.214
2019/10/27,2.262
2019/10/28,2.24
2019/10/29,2.165
2019/10/30,2.068
2019/10/31,2.086
2019/11/01,2.25
2019/11/02,1.939
2019/11/03,1.714
2019/11/04,2.279
2019/11/05,2.326
2019/11/06,2.308
2019/11/07,2.305
2019/11/08,2.399
2019/11/09,2.005
2019/11/10,1.571
2019/11/11,1.557
2019/11/12,1.614
2019/11/13,1.804
2019/11/14,1.594
2019/11/15,1.537
2019/11/16,1.381
2019/11/17,1.232
2019/11/18,1.399
2019/11/19,1.618
2019/11/20,1.568
2019/11/21,1.838
2019/11/22,2.104
2019/11/23,1.545
2019/11/24,1.287
2019/11/25,1.653
2019/11/26,2.101
2019/11/27,2.007
2019/11/28,1.638
2019/11/29,1.763
2019/11/30,1.732
2019/12/01,1.489
2019/12/02,1.454
2019/12/03,1.364
2019/12/04,1.38
2019/12/05,1.323
2019/12/06,1.343
2019/12/07,1.134
2019/12/08,0.956
2019/12/09,1.061
2019/12/10,1.151
2019/12/11,1.31
2019/12/12,1.325
2019/12/13,1.247
2019/12/14,1.028
2019/12/15,1.165
2019/12/16,1.141
2019/12/17,1.213
2019/12/18,1.414
2019/12/19,1.428
2019/12/20,1.359
2019/12/21,1.055
2019/12/22,0.829
2019/12/23,0.937
2019/12/24,1.026
2019/12/25,0.92
2019/12/26,0.909
2019/12/27,0.923
2019/12/28,0.829
2019/12/29,0.738
2019/12/30,0.75
2019/12/31,0.781
2020/01/01,0.619
2020/01/02,0.698
2020/01/03,0.734
2020/01/04,0.659
2020/01/05,0.619
2020/01/06,0.91
2020/01/07,1.03
2020/01/08,1.369
2020/01/09,1.432
2020/01/10,1.576
2020/01/11,1.235
2020/01/12,1
2020/01/13,0.988
2020/01/14,1.208
2020/01/15,1.421
2020/01/16,1.304
2020/01/17,1.256
2020/01/18,1.161
2020/01/19,1.017
2020/01/20,0.971
2020/01/21,1.017
2020/01/22,1.058
2020/01/23,1.053
2020/01/24,0.947
2020/01/25,0.75
2020/01/26,0.669
2020/01/27,0.941
2020/01/28,1.11
2020/01/29,1.061
2020/01/30,1.029
2020/01/31,1.133
2020/02/01,1.026
2020/02/02,0.983
2020/02/03,1.067
2020/02/04,1.243
2020/02/05,1.254
2020/02/06,1.418
2020/02/07,1.6
2020/02/08,1.407
2020/02/09,1.217
2020/02/10,1.497
2020/02/11,1.671
2020/02/12,1.868
2020/02/13,1.921
2020/02/14,1.896
2020/02/15,1.74
2020/02/16,1.471
2020/02/17,1.372
2020/02/18,1.48
2020/02/19,1.617
2020/02/20,1.676
2020/02/21,1.442
2020/02/22,1.218
2020/02/23,1.073
2020/02/24,1.179
2020/02/25,1.262
2020/02/26,1.479
2020/02/27,1.472
2020/02/28,1.393
2020/02/29,1.223
2020/03/01,0.936
2020/03/02,1.077
2020/03/03,1.179
2020/03/04,1.164
2020/03/05,1.173
2020/03/06,1.265
2020/03/07,1.101
2020/03/08,0.956
2020/03/09,1.152
2020/03/10,1.409
2020/03/11,1.679
2020/03/12,2.36
2020/03/13,3.741
2020/03/14,3.47
2020/03/15,3.182
2020/03/16,3.579
2020/03/17,3.736
2020/03/18,4.114
2020/03/19,4.493
2020/03/20,5.02
2020/03/21,3.985
2020/03/22,3.021
2020/03/23,3.283
2020/03/24,2.962
2020/03/25,3.381
2020/03/26,3.031
2020/03/27,2.566
2020/03/28,2.123
2020/03/29,1.614
2020/03/30,1.511
2020/03/31,1.477
2020/04/01,1.428
2020/04/02,1.36
2020/04/03,1.451
2020/04/04,1.147
2020/04/05,0.884
2020/04/06,1.09
2020/04/07,1.141
2020/04/08,1.196
2020/04/09,1.196
2020/04/10,1.103
2020/04/11,0.895
2020/04/12,0.782
2020/04/13,0.78
2020/04/14,0.92
2020/04/15,1.081
2020/04/16,1.274
2020/04/17,1.429
2020/04/18,1.198
2020/04/19,1.005
2020/04/20,1.043
2020/04/21,1.142
2020/04/22,1.334
2020/04/23,1.8
2020/04/24,1.909
2020/04/25,1.76
2020/04/26,1.479
2020/04/27,1.524
2020/04/28,1.474
2020/04/29,2.125
2020/04/30,4.036
2020/05/01,4.962
2020/05/02,4.26
2020/05/03,3.459
2020/05/04,3.372
2020/05/05,3.443
2020/05/06,3.441
2020/05/07,4.015
2020/05/08,4.874
2020/05/09,4.874
2020/05/10,3.883
2020/05/11,4.273
2020/05/12,7.509
2020/05/13,10.141
2020/05/14,13.557
2020/05/15,15.359
2020/05/16,13.727
2020/05/17,13.684
2020/05/18,15.348
2020/05/19,17.795
2020/05/20,19.454
2020/05/21,19.606
2020/05/22,19.111
2020/05/23,15.9
2020/05/24,12.551
2020/05/25,11.565
2020/05/26,10.488
2020/05/27,9.387
2020/05/28,9.565
2020/05/29,10.085
2020/05/30,8.323
2020/05/31,7.219
2020/06/01,7.958
2020/06/02,9.396
2020/06/03,9.02
2020/06/04,7.611
2020/06/05,6.19
2020/06/06,4.366
2020/06/07,3.474
2020/06/08,3.717
2020/06/09,3.558
2020/06/10,3.585
2020/06/11,3.408
2020/06/12,3.131
2020/06/13,2.611
2020/06/14,2.062
2020/06/15,2.938
2020/06/16,4.03
2020/06/17,4.641
2020/06/18,5.033
2020/06/19,5.181
2020/06/20,4.284
2020/06/21,3.475
2020/06/22,3.683
2020/06/23,4.059
2020/06/24,4.355
2020/06/25,4.354
2020/06/26,3.785
2020/06/27,3.214
2020/06/28,2.637
2020/06/29,3.096
2020/06/30,3.783
2020/07/01,4.814
2020/07/02,4.999
2020/07/03,5.008
2020/07/04,4.078
2020/07/05,3.242
2020/07/06,3.468
2020/07/07,3.68
2020/07/08,4.246
2020/07/09,4.674
2020/07/10,4.633
2020/07/11,3.94
2020/07/12,3.232
2020/07/13,3.749
2020/07/14,5.144
2020/07/15,6.044
2020/07/16,7.234
2020/07/17,8.362
2020/07/18,8.476
2020/07/19,6.897
2020/07/20,7.544
2020/07/21,9.562
2020/07/22,11.65
2020/07/23,12.681
2020/07/24,11.843
2020/07/25,10.483
2020/07/26,8.838
2020/07/27,10.176
2020/07/28,13.665
2020/07/29,14.776
2020/07/30,16.181
2020/07/31,15.702
2020/08/01,14.367
2020/08/02,12.583
2020/08/03,11.99
2020/08/04,11.471
2020/08/05,12.963
2020/08/06,14.861
2020/08/07,13.743
2020/08/08,10.958
2020/08/09,8.5
2020/08/10,11.004
2020/08/11,12.312
2020/08/12,11.809
2020/08/13,11.212
2020/08/14,10.24
2020/08/15,8.359
2020/08/16,7.173
2020/08/17,8.323
2020/08/18,11.817
2020/08/19,13.216
2020/08/20,12.873
2020/08/21,12.599
2020/08/22,11.257
2020/08/23,8.47
2020/08/24,8.122
2020/08/25,9.12
2020/08/26,10.007
2020/08/27,11.62
2020/08/28,10.416
2020/08/29,8.575
2020/08/30,8.026
2020/08/31,8.463
2020/09/01,10.019
2020/09/02,11.217
2020/09/03,12.751
2020/09/04,14.158
2020/09/05,13.069
2020/09/06,10.044
2020/09/07,9.086
2020/09/08,8.537
2020/09/09,8.641
2020/09/10,9.35
2020/09/11,9.646
2020/09/12,7.417
2020/09/13,6.022
2020/09/14,6.223
2020/09/15,6.778
2020/09/16,7.102
2020/09/17,6.55
2020/09/18,6.43
2020/09/19,5.645
2020/09/20,4.617
2020/09/21,5.478
2020/09/22,6.953
2020/09/23,8.364
2020/09/24,8.578
2020/09/25,7.694
2020/09/26,5.971
2020/09/27,4.89
2020/09/28,5.733
2020/09/29,7.171
2020/09/30,8.027
2020/10/01,9.833
2020/10/02,11.217
2020/10/03,9.15
2020/10/04,7.252
2020/10/05,8.677
2020/10/06,10.46
2020/10/07,10.501
2020/10/08,9.875
2020/10/09,10.488
2020/10/10,9.157
2020/10/11,7.346
2020/10/12,7.394
2020/10/13,7.031
2020/10/14,7.154
2020/10/15,7.408
2020/10/16,6.81
2020/10/17,5.149
2020/10/18,4.893
2020/10/19,5.487
2020/10/20,6.674
2020/10/21,9.616
2020/10/22,12.97
2020/10/23,13.967
2020/10/24,11.481
2020/10/25,9.839
2020/10/26,11.888
2020/10/27,17.8
2020/10/28,22.211
2020/10/29,24.983
2020/10/30,26.215
2020/10/31,26.718
2020/11/01,22.634
2020/11/02,24.36
2020/11/03,24.608
2020/11/04,20.859
2020/11/05,21.477
2020/11/06,20.771
2020/11/07,16.842
2020/11/08,13.417
2020/11/09,12.186
2020/11/10,13.307
2020/11/11,11.962
2020/11/12,10.646
2020/11/13,10.513
2020/11/14,8.382
2020/11/15,6.358
2020/11/16,7.032
2020/11/17,7.742
2020/11/18,8.103
2020/11/19,9.024
2020/11/20,7.903
2020/11/21,6.079
2020/11/22,4.47
2020/11/23,5.135
2020/11/24,7.177
2020/11/25,8.21
2020/11/26,9.093
2020/11/27,8.571
2020/11/28,7.074
2020/11/29,5.578
2020/11/30,7.435
2020/12/01,10.353
2020/12/02,12.096
2020/12/03,12.518
2020/12/04,11.653
2020/12/05,9.419
2020/12/06,7.405
2020/12/07,7.107
2020/12/08,7.268
2020/12/09,7.485
2020/12/10,7.857
2020/12/11,7.708
2020/12/12,6.744
2020/12/13,5.308
2020/12/14,5.723
2020/12/15,6.569
2020/12/16,7.39
2020/12/17,12.106
2020/12/18,14.362
2020/12/19,12.599
2020/12/20,9.915
2020/12/21,11.969
2020/12/22,12.465
2020/12/23,12.704
2020/12/24,12.308
2020/12/25,10.815
2020/12/26,9.17
2020/12/27,9.11
2020/12/28,9.083
2020/12/29,9.556
2020/12/30,9.235
2020/12/31,9.553
2021/01/01,7.274
2021/01/02,7.533
2021/01/03,7.792
2021/01/04,8.465
2021/01/05,9.413
2021/01/06,9.913
2021/01/07,10.198
2021/01/08,11.489
2021/01/09,11.391
2021/01/10,9.932
2021/01/11,11.096
2021/01/12,13.117
2021/01/13,12.846
2021/01/14,13.095
2021/01/15,13.144
2021/01/16,10.967
2021/01/17,9.179
2021/01/18,8.863
2021/01/19,9.174
2021/01/20,9.395
2021/01/21,11.186
2021/01/22,11.35
2021/01/23,9.326
2021/01/24,7.771
2021/01/25,9.048
2021/01/26,8.283
2021/01/27,8.424
2021/01/28,8.543
2021/01/29,11.766
2021/01/30,12.889
2021/01/31,11.471
2021/02/01,13.066
2021/02/02,13.26
2021/02/03,12.895
2021/02/04,13.601
2021/02/05,12.796
2021/02/06,11.719
2021/02/07,9.858
2021/02/08,10.782
2021/02/09,14.402
2021/02/10,15.122
2021/02/11,16.91
2021/02/12,17.743
2021/02/13,15.287
2021/02/14,12.708
2021/02/15,12.104
2021/02/16,12.903
2021/02/17,13.506
2021/02/18,14.114
2021/02/19,14.258
2021/02/20,14.102
2021/02/21,12.83
2021/02/22,13.26
2021/02/23,16.081
2021/02/24,16.052
2021/02/25,14.793
2021/02/26,14.714
2021/02/27,12.164
2021/02/28,10.686
2021/03/01,11.866
2021/03/02,12.402
2021/03/03,12.332
2021/03/04,12.355
2021/03/05,11.648
2021/03/06,9.615
2021/03/07,8.43
2021/03/08,8.491
2021/03/09,9.611
2021/03/10,10.101
2021/03/11,10.986
2021/03/12,11.052
2021/03/13,11.312
2021/03/14,9.791
2021/03/15,10.341
2021/03/16,10.47
2021/03/17,10.774
2021/03/18,11.701
2021/03/19,11.439
2021/03/20,9.75
2021/03/21,7.817
2021/03/22,8.043
2021/03/23,7.762
2021/03/24,7.876
2021/03/25,7.963
2021/03/26,8.345
2021/03/27,7.316
2021/03/28,6.417
2021/03/29,7.151
2021/03/30,8.364
2021/03/31,8.911
2021/04/01,8.974
2021/04/02,9.125
2021/04/03,9.214
2021/04/04,8.038
2021/04/05,8.437
2021/04/06,9.508
2021/04/07,9.424
2021/04/08,9.643
2021/04/09,10.281
2021/04/10,9.343
2021/04/11,7.922
2021/04/12,8.59
2021/04/13,9.443
2021/04/14,11.673
2021/04/15,12.15
2021/04/16,15.027
2021/04/17,18.686
2021/04/18,20.195
2021/04/19,23.228
2021/04/20,25.315
2021/04/21,27.08
2021/04/22,26.094
2021/04/23,25.162
2021/04/24,20.419
2021/04/25,16.041
2021/04/26,17.553
2021/04/27,16.51
2021/04/28,14.899
2021/04/29,15.434
2021/04/30,14.542
2021/05/01,12.533
2021/05/02,9.691
2021/05/03,9.405
2021/05/04,8.743
2021/05/05,8.994
2021/05/06,9.172
2021/05/07,9.013
2021/05/08,8.281
2021/05/09,6.983
2021/05/10,7.614
2021/05/11,7.344
2021/05/12,7.015
2021/05/13,6.843
2021/05/14,7.444
2021/05/15,7.481
2021/05/16,6.712
2021/05/17,7.934
2021/05/18,8.821
2021/05/19,11.201
2021/05/20,13.561
2021/05/21,14.787
2021/05/22,13.583
2021/05/23,11.727
2021/05/24,11.34
2021/05/25,10.693
2021/05/26,9.981
2021/05/27,9.138
2021/05/28,8.846
2021/05/29,7.494
2021/05/30,5.703
2021/05/31,5.307
2021/06/01,5.184
2021/06/02,4.942
2021/06/03,5.047
2021/06/04,4.983
2021/06/05,4.24
2021/06/06,3.297
2021/06/07,3.645
2021/06/08,3.647
2021/06/09,3.855
2021/06/10,4.887
2021/06/11,5.365
2021/06/12,4.746
2021/06/13,3.742
2021/06/14,4.009
2021/06/15,4.265
2021/06/16,4.552
2021/06/17,4.136
2021/06/18,3.996
2021/06/19,3.842
2021/06/20,3.595
2021/06/21,4.69
2021/06/22,6.223
2021/06/23,7.19
2021/06/24,7.005
2021/06/25,6.521
2021/06/26,5.773
2021/06/27,6.253
2021/06/28,7.572
2021/06/29,8.105
2021/06/30,9.054
2021/07/01,10.004
2021/07/02,9.965
2021/07/03,8.455
2021/07/04,7.078
2021/07/05,6.265
2021/07/06,5.653
2021/07/07,5.174
2021/07/08,4.218
2021/07/09,3.699
2021/07/10,2.786
2021/07/11,2.553
2021/07/12,3.037
2021/07/13,3.319
2021/07/14,2.806
2021/07/15,2.784
2021/07/16,2.298
2021/07/17,1.845
2021/07/18,1.585
2021/07/19,1.671
2021/07/20,1.978
2021/07/21,1.775
2021/07/22,1.62
2021/07/23,1.93
2021/07/24,1.623
2021/07/25,1.316
2021/07/26,1.615
2021/07/27,1.553
2021/07/28,1.557
2021/07/29,1.518
2021/07/30,1.452
2021/07/31,1.288
2021/08/01,1.139
2021/08/02,1.313
2021/08/03,1.255
2021/08/04,1.499
2021/08/05,1.484
2021/08/06,1.448
2021/08/07,1.217
2021/08/08,1.102
2021/08/09,1.254
2021/08/10,1.295
2021/08/11,1.359
2021/08/12,1.351
2021/08/13,1.97
2021/08/14,1.512
2021/08/15,1.18
2021/08/16,1.389
2021/08/17,1.413
2021/08/18,1.604
2021/08/19,1.464
2021/08/20,1.508
2021/08/21,1.286
2021/08/22,1.204
2021/08/23,1.178
2021/08/24,1.357
2021/08/25,1.313
2021/08/26,1.283
2021/08/27,1.287
2021/08/28,1.244
2021/08/29,1.066
2021/08/30,1.266
2021/08/31,1.385
2021/09/01,1.708
2021/09/02,1.904
2021/09/03,1.93
2021/09/04,1.577
2021/09/05,1.295
2021/09/06,1.435
2021/09/07,1.665
2021/09/08,1.648
2021/09/09,1.636
2021/09/10,1.635
2021/09/11,1.397
2021/09/12,1.161
2021/09/13,1.337
2021/09/14,1.366
2021/09/15,1.626
2021/09/16,1.782
2021/09/17,1.694
2021/09/18,1.438
2021/09/19,1.129
2021/09/20,1.233
2021/09/21,1.56
2021/09/22,1.603
2021/09/23,1.462
2021/09/24,1.588
2021/09/25,1.265
2021/09/26,1.115
2021/09/27,1.203
2021/09/28,1.311
2021/09/29,1.341
2021/09/30,1.353
2021/10/01,1.589
2021/10/02,1.255
2021/10/03,1.155
2021/10/04,1.272
2021/10/05,1.371
2021/10/06,1.763
2021/10/07,2.365
2021/10/08,2.524
2021/10/09,2.034
2021/10/10,1.65
2021/10/11,1.935
2021/10/12,2.082
2021/10/13,1.826
2021/10/14,1.847
2021/10/15,2.049
2021/10/16,1.951
2021/10/17,1.537
2021/10/18,1.61
2021/10/19,1.568
2021/10/20,1.771
2021/10/21,1.966
2021/10/22,1.789
2021/10/23,1.502
2021/10/24,1.217
2021/10/25,1.218
2021/10/26,1.331
2021/10/27,1.297
2021/10/28,1.318
2021/10/29,1.382
2021/10/30,1.223
2021/10/31,1.124
2021/11/01,1.376
2021/11/02,1.559
2021/11/03,1.559
2021/11/04,1.68
2021/11/05,1.729
2021/11/06,1.418
2021/11/07,1.208
2021/11/08,1.541
2021/11/09,1.966
2021/11/10,1.953
2021/11/11,1.752
2021/11/12,1.701
2021/11/13,1.404
2021/11/14,1.14
2021/11/15,1.232
2021/11/16,1.299
2021/11/17,1.363
2021/11/18,1.327
2021/11/19,1.423
2021/11/20,1.417
2021/11/21,1.262
2021/11/22,1.32
2021/11/23,1.394
2021/11/24,1.402
2021/11/25,1.599
2021/11/26,1.668
2021/11/27,1.302
2021/11/28,1.071
2021/11/29,1.151
2021/11/30,1.319
2021/12/01,1.833
2021/12/02,1.873
2021/12/03,1.561
2021/12/04,1.666
2021/12/05,1.865
2021/12/06,1.53
2021/12/07,1.35
2021/12/08,1.163
2021/12/09,1.166
2021/12/10,1.171
2021/12/11,1.002
2021/12/12,0.872
2021/12/13,1.16
