Date,mediantransactionvalue3emaUSD
2010/07/17,0
2010/07/18,0
2010/07/19,0.347
2010/07/20,2.726
2010/07/21,3.281
2010/07/22,2.168
2010/07/23,1.491
2010/07/24,0.968
2010/07/25,0.713
2010/07/26,1.682
2010/07/27,0.938
2010/07/28,0.471
2010/07/29,0.237
2010/07/30,0.561
2010/07/31,0.951
2010/08/01,2.002
2010/08/02,2.532
2010/08/03,1.706
2010/08/04,2.345
2010/08/05,2.661
2010/08/06,1.459
2010/08/07,1.448
2010/08/08,0.8
2010/08/09,2.185
2010/08/10,2.817
2010/08/11,2.996
2010/08/12,3.223
2010/08/13,3.249
2010/08/14,3.281
2010/08/15,3.294
2010/08/16,3.948
2010/08/17,3.668
2010/08/18,3.559
2010/08/19,3.462
2010/08/20,3.383
2010/08/21,3.34
2010/08/22,3.308
2010/08/23,3.29
2010/08/24,3.269
2010/08/25,3.274
2010/08/26,1.796
2010/08/27,2.51
2010/08/28,1.578
2010/08/29,0.964
2010/08/30,0.606
2010/08/31,1.854
2010/09/01,1.27
2010/09/02,2.195
2010/09/03,4.179
2010/09/04,5.172
2010/09/05,4.138
2010/09/06,3.623
2010/09/07,3.344
2010/09/08,1.726
2010/09/09,2.391
2010/09/10,1.349
2010/09/11,0.797
2010/09/12,0.438
2010/09/13,0.591
2010/09/14,1.846
2010/09/15,1.995
2010/09/16,2.545
2010/09/17,2.771
2010/09/18,2.886
2010/09/19,3.95
2010/09/20,2.347
2010/09/21,1.252
2010/09/22,0.644
2010/09/23,0.851
2010/09/24,1.025
2010/09/25,0.539
2010/09/26,0.389
2010/09/27,0.264
2010/09/28,1.352
2010/09/29,3.899
2010/09/30,2.551
2010/10/01,1.66
2010/10/02,0.892
2010/10/03,3.049
2010/10/04,10.231
2010/10/05,12.532
2010/10/06,7.82
2010/10/07,10.267
2010/10/08,11.425
2010/10/09,11.793
2010/10/10,10.708
2010/10/11,8.496
2010/10/12,6.306
2010/10/13,5.615
2010/10/14,49.27
2010/10/15,55.777
2010/10/16,87.158
2010/10/17,56.329
2010/10/18,35.867
2010/10/19,19.904
2010/10/20,12.439
2010/10/21,8.772
2010/10/22,4.946
2010/10/23,3.556
2010/10/24,2.475
2010/10/25,43.324
2010/10/26,70.106
2010/10/27,85.858
2010/10/28,90.356
2010/10/29,49.802
2010/10/30,34.3
2010/10/31,23.095
2010/11/01,12.032
2010/11/02,32.455
2010/11/03,21.064
2010/11/04,26.616
2010/11/05,15.964
2010/11/06,16.132
2010/11/07,18.191
2010/11/08,25.127
2010/11/09,18.488
2010/11/10,20.494
2010/11/11,19.704
2010/11/12,23.74
2010/11/13,18.907
2010/11/14,13.061
2010/11/15,10.13
2010/11/16,11.206
2010/11/17,14.944
2010/11/18,7.479
2010/11/19,3.741
2010/11/20,1.872
2010/11/21,0.937
2010/11/22,7.923
2010/11/23,11.269
2010/11/24,5.636
2010/11/25,2.86
2010/11/26,2.134
2010/11/27,2.281
2010/11/28,3.223
2010/11/29,3.282
2010/11/30,2.736
2010/12/01,3.343
2010/12/02,3.54
2010/12/03,3.185
2010/12/04,2.599
2010/12/05,1.976
2010/12/06,1.339
2010/12/07,1.681
2010/12/08,1.409
2010/12/09,3.899
2010/12/10,4.557
2010/12/11,4.639
2010/12/12,3.578
2010/12/13,7.289
2010/12/14,22.074
2010/12/15,41.282
2010/12/16,41.985
2010/12/17,27.105
2010/12/18,25.795
2010/12/19,14.581
2010/12/20,9.931
2010/12/21,11.216
2010/12/22,10.948
2010/12/23,11.699
2010/12/24,11.701
2010/12/25,37.76
2010/12/26,38.814
2010/12/27,25.857
2010/12/28,17.179
2010/12/29,15.727
2010/12/30,15.251
2010/12/31,14.025
2011/01/01,14.02
2011/01/02,14.415
2011/01/03,7.232
2011/01/04,3.715
2011/01/05,1.916
2011/01/06,1.674
2011/01/07,3.004
2011/01/08,1.976
2011/01/09,1.757
2011/01/10,1.065
2011/01/11,1.464
2011/01/12,0.903
2011/01/13,1.66
2011/01/14,1.126
2011/01/15,8.82
2011/01/16,10.029
2011/01/17,13.02
2011/01/18,8.716
2011/01/19,8.589
2011/01/20,7.278
2011/01/21,5.26
2011/01/22,3.132
2011/01/23,8.644
2011/01/24,6.486
2011/01/25,10.65
2011/01/26,13.044
2011/01/27,14.009
2011/01/28,11.413
2011/01/29,9.319
2011/01/30,58.83
2011/01/31,41.83
2011/02/01,35.489
2011/02/02,32.794
2011/02/03,30.593
2011/02/04,31.994
2011/02/05,35.874
2011/02/06,38.458
2011/02/07,39.6
2011/02/08,39.873
2011/02/09,41.976
2011/02/10,46.057
2011/02/11,63.916
2011/02/12,57.789
2011/02/13,50.389
2011/02/14,38.727
2011/02/15,30.352
2011/02/16,23.744
2011/02/17,23.105
2011/02/18,19.576
2011/02/19,29.943
2011/02/20,35.745
2011/02/21,37.664
2011/02/22,39.122
2011/02/23,39.068
2011/02/24,39.564
2011/02/25,40.944
2011/02/26,43.836
2011/02/27,32.253
2011/02/28,24.903
2011/03/01,18.638
2011/03/02,13.718
2011/03/03,13.645
2011/03/04,12.772
2011/03/05,24.211
2011/03/06,30.818
2011/03/07,26.992
2011/03/08,23.184
2011/03/09,29.955
2011/03/10,22.459
2011/03/11,18.573
2011/03/12,9.561
2011/03/13,5.137
2011/03/14,2.573
2011/03/15,2.111
2011/03/16,1.06
2011/03/17,0.557
2011/03/18,3.395
2011/03/19,1.934
2011/03/20,4.555
2011/03/21,2.281
2011/03/22,16.785
2011/03/23,17.878
2011/03/24,17.892
2011/03/25,24.505
2011/03/26,19.534
2011/03/27,13.865
2011/03/28,14.064
2011/03/29,10.294
2011/03/30,12.028
2011/03/31,14.401
2011/04/01,15.362
2011/04/02,14.374
2011/04/03,15.035
2011/04/04,20.732
2011/04/05,19.438
2011/04/06,15.915
2011/04/07,14.38
2011/04/08,14.708
2011/04/09,14.754
2011/04/10,11.838
2011/04/11,11.939
2011/04/12,14.657
2011/04/13,14.195
2011/04/14,12.163
2011/04/15,17.16
2011/04/16,22.62
2011/04/17,18.147
2011/04/18,11.144
2011/04/19,21.114
2011/04/20,23.984
2011/04/21,22.803
2011/04/22,21.498
2011/04/23,24.586
2011/04/24,20.913
2011/04/25,24.01
2011/04/26,33.086
2011/04/27,34.589
2011/04/28,29.745
2011/04/29,40.798
2011/04/30,39.702
2011/05/01,36.6
2011/05/02,42.944
2011/05/03,56.158
2011/05/04,75.765
2011/05/05,71.402
2011/05/06,67.667
2011/05/07,60.456
2011/05/08,49.07
2011/05/09,51.302
2011/05/10,68.544
2011/05/11,86.139
2011/05/12,75.374
2011/05/13,76.704
2011/05/14,81.644
2011/05/15,94.016
2011/05/16,103.347
2011/05/17,110.881
2011/05/18,96.247
2011/05/19,85.23
2011/05/20,117.112
2011/05/21,151.865
2011/05/22,140.131
2011/05/23,121.516
2011/05/24,132.47
2011/05/25,136.229
2011/05/26,142.317
2011/05/27,144.626
2011/05/28,148.138
2011/05/29,152.267
2011/05/30,157.589
2011/05/31,151.504
2011/06/01,158.197
2011/06/02,157.414
2011/06/03,189.779
2011/06/04,245.77
2011/06/05,313.502
2011/06/06,315.376
2011/06/07,368.449
2011/06/08,407.669
2011/06/09,472.749
2011/06/10,500.718
2011/06/11,545.174
2011/06/12,458.968
2011/06/13,455.439
2011/06/14,492.975
2011/06/15,464.939
2011/06/16,487.883
2011/06/17,405.69
2011/06/18,305.298
2011/06/19,324.44
2011/06/20,340.261
2011/06/21,304.154
2011/06/22,315.706
2011/06/23,293.925
2011/06/24,324.287
2011/06/25,277.101
2011/06/26,256.236
2011/06/27,214.189
2011/06/28,214.43
2011/06/29,240.998
2011/06/30,252.168
2011/07/01,198.433
2011/07/02,241.349
2011/07/03,220.601
2011/07/04,220.53
2011/07/05,215.895
2011/07/06,190.58
2011/07/07,187.981
2011/07/08,179.995
2011/07/09,190.427
2011/07/10,193.991
2011/07/11,171.218
2011/07/12,171.272
2011/07/13,178.528
2011/07/14,181.419
2011/07/15,201.527
2011/07/16,174.645
2011/07/17,167.486
2011/07/18,198.916
2011/07/19,201.071
2011/07/20,197.04
2011/07/21,193.157
2011/07/22,199.473
2011/07/23,203.571
2011/07/24,204.63
2011/07/25,204.776
2011/07/26,208.167
2011/07/27,248.422
2011/07/28,293.116
2011/07/29,252.518
2011/07/30,261.418
2011/07/31,235.451
2011/08/01,228.44
2011/08/02,200.422
2011/08/03,206.845
2011/08/04,157.448
2011/08/05,150.918
2011/08/06,134.409
2011/08/07,128.332
2011/08/08,134.175
2011/08/09,130.504
2011/08/10,134.715
2011/08/11,131.288
2011/08/12,129.539
2011/08/13,113.823
2011/08/14,118.486
2011/08/15,97.758
2011/08/16,85.684
2011/08/17,100.632
2011/08/18,119.83
2011/08/19,121.004
2011/08/20,132.164
2011/08/21,124.486
2011/08/22,143.797
2011/08/23,148.541
2011/08/24,145.298
2011/08/25,144.425
2011/08/26,145.998
2011/08/27,147.03
2011/08/28,141.876
2011/08/29,116.081
2011/08/30,115.95
2011/08/31,134.818
2011/09/01,139.79
2011/09/02,140.504
2011/09/03,150.164
2011/09/04,120.84
2011/09/05,133.558
2011/09/06,157.094
2011/09/07,131.292
2011/09/08,119.01
2011/09/09,117.024
2011/09/10,100.709
2011/09/11,90.246
2011/09/12,93.09
2011/09/13,99.867
2011/09/14,110.947
2011/09/15,107.796
2011/09/16,102.247
2011/09/17,102.367
2011/09/18,100.937
2011/09/19,84.853
2011/09/20,62.681
2011/09/21,60.714
2011/09/22,71.874
2011/09/23,96.131
2011/09/24,105.535
2011/09/25,92.41
2011/09/26,86.778
2011/09/27,92.315
2011/09/28,82.487
2011/09/29,90.294
2011/09/30,93.569
2011/10/01,94.569
2011/10/02,98.599
2011/10/03,85.733
2011/10/04,97.59
2011/10/05,104.044
2011/10/06,100.798
2011/10/07,106.179
2011/10/08,97.367
2011/10/09,91.283
2011/10/10,80.285
2011/10/11,69.127
2011/10/12,71.488
2011/10/13,68.181
2011/10/14,75.444
2011/10/15,76.517
2011/10/16,76.157
2011/10/17,68.576
2011/10/18,59.102
2011/10/19,50.218
2011/10/20,47.672
2011/10/21,49.353
2011/10/22,55.994
2011/10/23,58.324
2011/10/24,60.355
2011/10/25,56.383
2011/10/26,52.268
2011/10/27,53.417
2011/10/28,57.865
2011/10/29,62.688
2011/10/30,57.775
2011/10/31,52.434
2011/11/01,56.52
2011/11/02,60.282
2011/11/03,58.577
2011/11/04,59.896
2011/11/05,59.559
2011/11/06,59.444
2011/11/07,59.553
2011/11/08,60.517
2011/11/09,55.742
2011/11/10,50.6
2011/11/11,54.899
2011/11/12,60.214
2011/11/13,51.884
2011/11/14,52.051
2011/11/15,49.884
2011/11/16,50.158
2011/11/17,58.787
2011/11/18,50.985
2011/11/19,47.871
2011/11/20,46.005
2011/11/21,47.43
2011/11/22,47.169
2011/11/23,42.905
2011/11/24,42.37
2011/11/25,45.091
2011/11/26,49.594
2011/11/27,47.135
2011/11/28,43.84
2011/11/29,38.672
2011/11/30,42.145
2011/12/01,45.081
2011/12/02,48.695
2011/12/03,49.534
2011/12/04,45.166
2011/12/05,39.517
2011/12/06,30.947
2011/12/07,40.224
2011/12/08,46.911
2011/12/09,53.435
2011/12/10,64.288
2011/12/11,63.7
2011/12/12,63.78
2011/12/13,60.267
2011/12/14,63.889
2011/12/15,63.656
2011/12/16,64.496
2011/12/17,60.651
2011/12/18,55.437
2011/12/19,59.368
2011/12/20,67.056
2011/12/21,66.831
2011/12/22,66.491
2011/12/23,57.775
2011/12/24,55.141
2011/12/25,56.283
2011/12/26,58.502
2011/12/27,57.643
2011/12/28,65.92
2011/12/29,64.332
2011/12/30,65.843
2011/12/31,67.205
2012/01/01,72.215
2012/01/02,68.485
2012/01/03,68.606
2012/01/04,74.015
2012/01/05,81.854
2012/01/06,99.598
2012/01/07,101.812
2012/01/08,100.39
2012/01/09,97.444
2012/01/10,83.774
2012/01/11,78.369
2012/01/12,74.818
2012/01/13,73.683
2012/01/14,72.59
2012/01/15,68.874
2012/01/16,68.788
2012/01/17,73.037
2012/01/18,83.086
2012/01/19,86.991
2012/01/20,87.262
2012/01/21,91.173
2012/01/22,95.485
2012/01/23,94.074
2012/01/24,86.154
2012/01/25,78.751
2012/01/26,76.902
2012/01/27,73.769
2012/01/28,72.086
2012/01/29,66.623
2012/01/30,82.612
2012/01/31,85.499
2012/02/01,84.551
2012/02/02,78.112
2012/02/03,88.935
2012/02/04,82.955
2012/02/05,77.445
2012/02/06,74.855
2012/02/07,70.434
2012/02/08,71.063
2012/02/09,64.078
2012/02/10,52.533
2012/02/11,50.49
2012/02/12,54.052
2012/02/13,54.741
2012/02/14,48.63
2012/02/15,36.42
2012/02/16,29.338
2012/02/17,52.219
2012/02/18,59.624
2012/02/19,56.518
2012/02/20,53.292
2012/02/21,58.869
2012/02/22,64.221
2012/02/23,57.298
2012/02/24,64.832
2012/02/25,72.582
2012/02/26,73.709
2012/02/27,70.978
2012/02/28,73.674
2012/02/29,72.276
2012/03/01,74.164
2012/03/02,72.858
2012/03/03,70.915
2012/03/04,69.48
2012/03/05,66.021
2012/03/06,66.039
2012/03/07,69.632
2012/03/08,71.361
2012/03/09,73.383
2012/03/10,70.621
2012/03/11,67.015
2012/03/12,74.505
2012/03/13,72.39
2012/03/14,80.123
2012/03/15,76.91
2012/03/16,79.748
2012/03/17,66.88
2012/03/18,64.811
2012/03/19,66.808
2012/03/20,69.425
2012/03/21,73.764
2012/03/22,75.374
2012/03/23,69.73
2012/03/24,72.319
2012/03/25,66.466
2012/03/26,64.087
2012/03/27,64.071
2012/03/28,66.365
2012/03/29,70.829
2012/03/30,82.093
2012/03/31,83.086
2012/04/01,78.837
2012/04/02,70.545
2012/04/03,70.11
2012/04/04,69.971
2012/04/05,69.389
2012/04/06,73.367
2012/04/07,67.841
2012/04/08,63.049
2012/04/09,66.463
2012/04/10,52.782
2012/04/11,57.978
2012/04/12,66.848
2012/04/13,78.487
2012/04/14,69.091
2012/04/15,58.896
2012/04/16,65.759
2012/04/17,79.62
2012/04/18,76.157
2012/04/19,77.311
2012/04/20,92.189
2012/04/21,83.556
2012/04/22,71.02
2012/04/23,65.443
2012/04/24,70.824
2012/04/25,59.133
2012/04/26,48.365
2012/04/27,57.171
2012/04/28,53.809
2012/04/29,42.408
2012/04/30,37.75
2012/05/01,31.079
2012/05/02,32.028
2012/05/03,23.461
2012/05/04,16.913
2012/05/05,13.837
2012/05/06,14.461
2012/05/07,12.311
2012/05/08,11.145
2012/05/09,11.729
2012/05/10,13.295
2012/05/11,9.629
2012/05/12,7.897
2012/05/13,7.848
2012/05/14,7.276
2012/05/15,7.311
2012/05/16,7.345
2012/05/17,6.534
2012/05/18,4.854
2012/05/19,3.772
2012/05/20,4.028
2012/05/21,3.548
2012/05/22,4.539
2012/05/23,4.805
2012/05/24,4.755
2012/05/25,4.943
2012/05/26,4.561
2012/05/27,4.84
2012/05/28,4.479
2012/05/29,5.881
2012/05/30,6.038
2012/05/31,8.202
2012/06/01,6.789
2012/06/02,10.876
2012/06/03,7.539
2012/06/04,4.85
2012/06/05,4.038
2012/06/06,11.458
2012/06/07,8.855
2012/06/08,7.189
2012/06/09,5.56
2012/06/10,4.1
2012/06/11,3.538
2012/06/12,4.632
2012/06/13,3.772
2012/06/14,2.479
2012/06/15,2.458
2012/06/16,3.188
2012/06/17,3.107
2012/06/18,3.355
2012/06/19,4.147
2012/06/20,4.281
2012/06/21,4.599
2012/06/22,5.176
2012/06/23,5.63
2012/06/24,5.461
2012/06/25,5.073
2012/06/26,5.065
2012/06/27,6.268
2012/06/28,6.846
2012/06/29,7.127
2012/06/30,6.92
2012/07/01,6.788
2012/07/02,7.655
2012/07/03,13.463
2012/07/04,14.769
2012/07/05,11.682
2012/07/06,10.503
2012/07/07,9.888
2012/07/08,8.981
2012/07/09,12.146
2012/07/10,10.516
2012/07/11,9.108
2012/07/12,12.083
2012/07/13,13.612
2012/07/14,18.746
2012/07/15,15.936
2012/07/16,16.045
2012/07/17,13.602
2012/07/18,11.558
2012/07/19,10.984
2012/07/20,9.839
2012/07/21,9.314
2012/07/22,8.762
2012/07/23,11.815
2012/07/24,11.684
2012/07/25,14.604
2012/07/26,13.588
2012/07/27,21.065
2012/07/28,17.964
2012/07/29,17.448
2012/07/30,18.571
2012/07/31,21.999
2012/08/01,22.304
2012/08/02,21.256
2012/08/03,43.077
2012/08/04,42.352
2012/08/05,37.191
2012/08/06,30.087
2012/08/07,38.429
2012/08/08,28.117
2012/08/09,24.748
2012/08/10,26.843
2012/08/11,22.129
2012/08/12,17.702
2012/08/13,13.264
2012/08/14,16.3
2012/08/15,14.507
2012/08/16,29.331
2012/08/17,39.731
2012/08/18,40.064
2012/08/19,33.027
2012/08/20,34.609
2012/08/21,38.675
2012/08/22,43.224
2012/08/23,55.33
2012/08/24,49.615
2012/08/25,37.908
2012/08/26,35.006
2012/08/27,30.7
2012/08/28,24.138
2012/08/29,22.894
2012/08/30,17.913
2012/08/31,16.853
2012/09/01,14.232
2012/09/02,17.216
2012/09/03,13.793
2012/09/04,13.339
2012/09/05,13.352
2012/09/06,13.292
2012/09/07,18.852
2012/09/08,31.153
2012/09/09,37.464
2012/09/10,24.753
2012/09/11,16.876
2012/09/12,14.11
2012/09/13,12.02
2012/09/14,11.717
2012/09/15,11.216
2012/09/16,10.335
2012/09/17,12.568
2012/09/18,14.553
2012/09/19,19.678
2012/09/20,22.308
2012/09/21,17.882
2012/09/22,18.456
2012/09/23,15.299
2012/09/24,13.709
2012/09/25,21.727
2012/09/26,17.23
2012/09/27,16.552
2012/09/28,14.425
2012/09/29,15.965
2012/09/30,16.832
2012/10/01,15.702
2012/10/02,20.517
2012/10/03,26.923
2012/10/04,23.751
2012/10/05,18.056
2012/10/06,13.032
2012/10/07,11.889
2012/10/08,10.409
2012/10/09,11.162
2012/10/10,11.645
2012/10/11,12.107
2012/10/12,13.933
2012/10/13,12.929
2012/10/14,13.22
2012/10/15,15.809
2012/10/16,13.59
2012/10/17,18.089
2012/10/18,20.936
2012/10/19,21.467
2012/10/20,17.776
2012/10/21,12.718
2012/10/22,10.884
2012/10/23,11.648
2012/10/24,15.809
2012/10/25,21.526
2012/10/26,36.024
2012/10/27,47.066
2012/10/28,40.063
2012/10/29,31.277
2012/10/30,22.799
2012/10/31,22.45
2012/11/01,25.417
2012/11/02,20.361
2012/11/03,20.734
2012/11/04,18.389
2012/11/05,15.124
2012/11/06,13.569
2012/11/07,13.596
2012/11/08,17.451
2012/11/09,23.074
2012/11/10,16.958
2012/11/11,18.882
2012/11/12,16.755
2012/11/13,14.38
2012/11/14,12.672
2012/11/15,12.088
2012/11/16,12.078
2012/11/17,12.784
2012/11/18,12.733
2012/11/19,12.101
2012/11/20,12.353
2012/11/21,11.116
2012/11/22,12.132
2012/11/23,11.659
2012/11/24,16.448
2012/11/25,14.443
2012/11/26,13.667
2012/11/27,20.768
2012/11/28,19.217
2012/11/29,15.031
2012/11/30,15.054
2012/12/01,14.308
2012/12/02,17.766
2012/12/03,23.925
2012/12/04,21.691
2012/12/05,20.971
2012/12/06,32.116
2012/12/07,25.624
2012/12/08,21.554
2012/12/09,17.464
2012/12/10,18.515
2012/12/11,18.688
2012/12/12,20.046
2012/12/13,18.473
2012/12/14,16.562
2012/12/15,15.721
2012/12/16,12.856
2012/12/17,12.6
2012/12/18,12.931
2012/12/19,13.196
2012/12/20,13.393
2012/12/21,12.867
2012/12/22,12.167
2012/12/23,11.473
2012/12/24,18.434
2012/12/25,18.094
2012/12/26,15.666
2012/12/27,13.041
2012/12/28,12.276
2012/12/29,12.237
2012/12/30,10.647
2012/12/31,12.217
2013/01/01,13.367
2013/01/02,13.941
2013/01/03,16.836
2013/01/04,14.11
2013/01/05,14.028
2013/01/06,15.823
2013/01/07,15.93
2013/01/08,17.221
2013/01/09,18.846
2013/01/10,15.896
2013/01/11,14.744
2013/01/12,14.317
2013/01/13,12.021
2013/01/14,11.166
2013/01/15,13.323
2013/01/16,14.007
2013/01/17,15.172
2013/01/18,17.525
2013/01/19,15.433
2013/01/20,17.567
2013/01/21,19.539
2013/01/22,26.403
2013/01/23,27.915
2013/01/24,26.789
2013/01/25,24.452
2013/01/26,21.607
2013/01/27,19.437
2013/01/28,21.556
2013/01/29,23.346
2013/01/30,28.739
2013/01/31,24.218
2013/02/01,20.186
2013/02/02,20.096
2013/02/03,18.008
2013/02/04,19.093
2013/02/05,24.969
2013/02/06,29.155
2013/02/07,23.084
2013/02/08,22.291
2013/02/09,22.543
2013/02/10,20.57
2013/02/11,20.897
2013/02/12,21.95
2013/02/13,19.915
2013/02/14,22.583
2013/02/15,21.824
2013/02/16,19.774
2013/02/17,19.065
2013/02/18,20.136
2013/02/19,19.533
2013/02/20,19.013
2013/02/21,18.876
2013/02/22,18.559
2013/02/23,18.558
2013/02/24,16.74
2013/02/25,15.556
2013/02/26,17.101
2013/02/27,17.52
2013/02/28,18.465
2013/03/01,19.259
2013/03/02,17.863
2013/03/03,16.21
2013/03/04,17.433
2013/03/05,23.034
2013/03/06,24.931
2013/03/07,25.283
2013/03/08,26.438
2013/03/09,26.009
2013/03/10,23.867
2013/03/11,24.909
2013/03/12,29.302
2013/03/13,30.043
2013/03/14,29.29
2013/03/15,27.736
2013/03/16,35.576
2013/03/17,37.624
2013/03/18,46.556
2013/03/19,53.847
2013/03/20,55.77
2013/03/21,52.65
2013/03/22,52.815
2013/03/23,47.231
2013/03/24,43.598
2013/03/25,45.839
2013/03/26,56.937
2013/03/27,59.853
2013/03/28,59.885
2013/03/29,62.273
2013/03/30,54.396
2013/03/31,52.733
2013/04/01,58.86
2013/04/02,76.908
2013/04/03,89.721
2013/04/04,106.517
2013/04/05,115.85
2013/04/06,103.008
2013/04/07,83.651
2013/04/08,107.134
2013/04/09,150.139
2013/04/10,244.644
2013/04/11,179.88
2013/04/12,139.239
2013/04/13,105.019
2013/04/14,76.776
2013/04/15,73.015
2013/04/16,63.918
2013/04/17,67.131
2013/04/18,79.544
2013/04/19,85.669
2013/04/20,74.346
2013/04/21,73.983
2013/04/22,79.704
2013/04/23,75.952
2013/04/24,76.869
2013/04/25,84.06
2013/04/26,87.673
2013/04/27,86.752
2013/04/28,79.667
2013/04/29,85.464
2013/04/30,80.568
2013/05/01,84.334
2013/05/02,77.743
2013/05/03,74.467
2013/05/04,60.462
2013/05/05,59.92
2013/05/06,62.114
2013/05/07,66.061
2013/05/08,71.06
2013/05/09,65.518
2013/05/10,62.745
2013/05/11,54.499
2013/05/12,53.704
2013/05/13,60.142
2013/05/14,58.51
2013/05/15,60.166
2013/05/16,63.743
2013/05/17,66.005
2013/05/18,73.02
2013/05/19,65.032
2013/05/20,70.407
2013/05/21,79.621
2013/05/22,85.838
2013/05/23,87.941
2013/05/24,93.846
2013/05/25,84.627
2013/05/26,84.475
2013/05/27,78.887
2013/05/28,84.643
2013/05/29,92.265
2013/05/30,91.909
2013/05/31,98.437
2013/06/01,85.504
2013/06/02,81.862
2013/06/03,84.612
2013/06/04,90.965
2013/06/05,86.51
2013/06/06,82.641
2013/06/07,90.687
2013/06/08,84.336
2013/06/09,78.013
2013/06/10,79.082
2013/06/11,80.507
2013/06/12,84.18
2013/06/13,95.509
2013/06/14,96.143
2013/06/15,93.647
2013/06/16,75.165
2013/06/17,70.412
2013/06/18,76.489
2013/06/19,75.908
2013/06/20,70.316
2013/06/21,83.909
2013/06/22,78.476
2013/06/23,72.007
2013/06/24,76.021
2013/06/25,76.666
2013/06/26,80.275
2013/06/27,80.651
2013/06/28,79.904
2013/06/29,77.82
2013/06/30,71.088
2013/07/01,88.103
2013/07/02,93.596
2013/07/03,111.295
2013/07/04,98.037
2013/07/05,85.947
2013/07/06,69.439
2013/07/07,62.92
2013/07/08,68.547
2013/07/09,80.738
2013/07/10,94.777
2013/07/11,121.064
2013/07/12,111.261
2013/07/13,100.559
2013/07/14,79.856
2013/07/15,79.686
2013/07/16,90.987
2013/07/17,90.355
2013/07/18,94.532
2013/07/19,89.181
2013/07/20,70.012
2013/07/21,66.622
2013/07/22,72.823
2013/07/23,80.114
2013/07/24,83.488
2013/07/25,84.715
2013/07/26,88.014
2013/07/27,71.301
2013/07/28,61.296
2013/07/29,76.268
2013/07/30,86.376
2013/07/31,83.786
2013/08/01,79.596
2013/08/02,76.425
2013/08/03,62.584
2013/08/04,53.332
2013/08/05,64.826
2013/08/06,58.337
2013/08/07,53.595
2013/08/08,45.566
2013/08/09,48.441
2013/08/10,47.543
2013/08/11,47.966
2013/08/12,51.277
2013/08/13,56.56
2013/08/14,68.509
2013/08/15,60.086
2013/08/16,43.583
2013/08/17,31.487
2013/08/18,28.535
2013/08/19,27.827
2013/08/20,33.22
2013/08/21,44.087
2013/08/22,44.216
2013/08/23,47.299
2013/08/24,41.422
2013/08/25,42.401
2013/08/26,48.334
2013/08/27,60.874
2013/08/28,54.646
2013/08/29,47.189
2013/08/30,54.333
2013/08/31,62.772
2013/09/01,52.495
2013/09/02,52.205
2013/09/03,58.42
2013/09/04,64.189
2013/09/05,47.355
2013/09/06,43.357
2013/09/07,35.483
2013/09/08,29.123
2013/09/09,26.34
2013/09/10,31.173
2013/09/11,50.202
2013/09/12,58.152
2013/09/13,76.1
2013/09/14,59.855
2013/09/15,39.198
2013/09/16,44.953
2013/09/17,36.728
2013/09/18,37.776
2013/09/19,43.55
2013/09/20,52.021
2013/09/21,46.304
2013/09/22,39.439
2013/09/23,45.738
2013/09/24,53.657
2013/09/25,61.67
2013/09/26,60.969
2013/09/27,80.78
2013/09/28,82.855
2013/09/29,81.968
2013/09/30,102.478
2013/10/01,95.192
2013/10/02,92.923
2013/10/03,77.648
2013/10/04,70.552
2013/10/05,58.894
2013/10/06,50.978
2013/10/07,61.604
2013/10/08,59.764
2013/10/09,62.288
2013/10/10,57.626
2013/10/11,59.198
2013/10/12,49.829
2013/10/13,48.005
2013/10/14,50.025
2013/10/15,63.311
2013/10/16,83.341
2013/10/17,79.776
2013/10/18,68.561
2013/10/19,78.099
2013/10/20,68.815
2013/10/21,76.422
2013/10/22,95.584
2013/10/23,115.25
2013/10/24,107.319
2013/10/25,89.611
2013/10/26,69.454
2013/10/27,61.483
2013/10/28,68.948
2013/10/29,78.887
2013/10/30,99.647
2013/10/31,79.714
2013/11/01,115.924
2013/11/02,109.301
2013/11/03,114.776
2013/11/04,156.022
2013/11/05,193.701
2013/11/06,205.504
2013/11/07,240.183
2013/11/08,274.499
2013/11/09,309.83
2013/11/10,218.455
2013/11/11,159.421
2013/11/12,165.203
2013/11/13,166.787
2013/11/14,183.622
2013/11/15,197.108
2013/11/16,244.161
2013/11/17,245.196
2013/11/18,395.965
2013/11/19,498.926
2013/11/20,454.188
2013/11/21,406.808
2013/11/22,392.005
2013/11/23,383.543
2013/11/24,304.144
2013/11/25,261.799
2013/11/26,349.948
2013/11/27,517.698
2013/11/28,620.501
2013/11/29,648.718
2013/11/30,594.885
2013/12/01,553.953
2013/12/02,519.21
2013/12/03,472.586
2013/12/04,471.021
2013/12/05,549.198
2013/12/06,503.62
2013/12/07,511.325
2013/12/08,407.59
2013/12/09,362.879
2013/12/10,340.48
2013/12/11,315.339
2013/12/12,289.754
2013/12/13,285.216
2013/12/14,278.42
2013/12/15,252.455
2013/12/16,281.373
2013/12/17,289.958
2013/12/18,318.543
2013/12/19,296.021
2013/12/20,272.838
2013/12/21,216.787
2013/12/22,179.844
2013/12/23,165.112
2013/12/24,171.124
2013/12/25,212.704
2013/12/26,218.73
2013/12/27,206.907
2013/12/28,178.881
2013/12/29,154.627
2013/12/30,177.717
2013/12/31,179.654
2014/01/01,168.028
2014/01/02,200.15
2014/01/03,236.317
2014/01/04,234.061
2014/01/05,251.479
2014/01/06,276.131
2014/01/07,258.85
2014/01/08,235.67
2014/01/09,225.317
2014/01/10,217.101
2014/01/11,212.43
2014/01/12,193.836
2014/01/13,200.173
2014/01/14,208.251
2014/01/15,206.795
2014/01/16,203.423
2014/01/17,199.094
2014/01/18,185.448
2014/01/19,179.943
2014/01/20,199.385
2014/01/21,193.797
2014/01/22,196.374
2014/01/23,203.361
2014/01/24,219.02
2014/01/25,205.617
2014/01/26,209.221
2014/01/27,215.438
2014/01/28,222.051
2014/01/29,214.548
2014/01/30,209.17
2014/01/31,221.005
2014/02/01,201.95
2014/02/02,187.559
2014/02/03,176.225
2014/02/04,179.559
2014/02/05,183.911
2014/02/06,189.842
2014/02/07,221.69
2014/02/08,194.364
2014/02/09,175.228
2014/02/10,197.842
2014/02/11,191.797
2014/02/12,174.923
2014/02/13,177.159
2014/02/14,181.685
2014/02/15,165.886
2014/02/16,152.325
2014/02/17,147.508
2014/02/18,142.932
2014/02/19,150.97
2014/02/20,167.878
2014/02/21,206.961
2014/02/22,188.403
2014/02/23,182.208
2014/02/24,193.361
2014/02/25,226.736
2014/02/26,222.635
2014/02/27,191.338
2014/02/28,191.886
2014/03/01,178.777
2014/03/02,159.842
2014/03/03,191.91
2014/03/04,209.495
2014/03/05,192.523
2014/03/06,175.679
2014/03/07,160.627
2014/03/08,173.312
2014/03/09,169.489
2014/03/10,164.631
2014/03/11,155.493
2014/03/12,154.196
2014/03/13,145.605
2014/03/14,124.05
2014/03/15,111.406
2014/03/16,96.645
2014/03/17,103.797
2014/03/18,112.294
2014/03/19,106.251
2014/03/20,112.275
2014/03/21,106.6
2014/03/22,101.289
2014/03/23,89.341
2014/03/24,95.938
2014/03/25,112.054
2014/03/26,115.176
2014/03/27,120.367
2014/03/28,113.258
2014/03/29,101.258
2014/03/30,97.499
2014/03/31,103.743
2014/04/01,118.869
2014/04/02,118.983
2014/04/03,113.416
2014/04/04,113.101
2014/04/05,98.12
2014/04/06,89.966
2014/04/07,92.609
2014/04/08,101.559
2014/04/09,100.989
2014/04/10,110.968
2014/04/11,109.724
2014/04/12,97.066
2014/04/13,83.374
2014/04/14,99.311
2014/04/15,111.2
2014/04/16,120.5
2014/04/17,111.458
2014/04/18,109.585
2014/04/19,97.174
2014/04/20,92.533
2014/04/21,88.238
2014/04/22,88.166
2014/04/23,75.983
2014/04/24,79.957
2014/04/25,76.514
2014/04/26,76.996
2014/04/27,71.41
2014/04/28,79.89
2014/04/29,80.436
2014/04/30,88.248
2014/05/01,84.884
2014/05/02,78.403
2014/05/03,68.769
2014/05/04,64.91
2014/05/05,68.784
2014/05/06,71.604
2014/05/07,76.842
2014/05/08,75.164
2014/05/09,76.633
2014/05/10,69.199
2014/05/11,62.119
2014/05/12,66.587
2014/05/13,71.308
2014/05/14,72.72
2014/05/15,67.942
2014/05/16,73.472
2014/05/17,71.334
2014/05/18,69.605
2014/05/19,81.016
2014/05/20,95.259
2014/05/21,104.386
2014/05/22,106.679
2014/05/23,114.943
2014/05/24,106.004
2014/05/25,107.196
2014/05/26,113.79
2014/05/27,119.469
2014/05/28,115.717
2014/05/29,114.584
2014/05/30,129.861
2014/05/31,125.56
2014/06/01,139.046
2014/06/02,143.591
2014/06/03,153.118
2014/06/04,154.621
2014/06/05,145.269
2014/06/06,138.513
2014/06/07,133.15
2014/06/08,131.162
2014/06/09,136.504
2014/06/10,135.416
2014/06/11,142.66
2014/06/12,145.443
2014/06/13,130.787
2014/06/14,112.511
2014/06/15,93.562
2014/06/16,96.069
2014/06/17,105.97
2014/06/18,110.522
2014/06/19,106.657
2014/06/20,110.21
2014/06/21,104.883
2014/06/22,97.314
2014/06/23,114.072
2014/06/24,116.933
2014/06/25,109.535
2014/06/26,106.994
2014/06/27,109.364
2014/06/28,98.79
2014/06/29,89.104
2014/06/30,106.826
2014/07/01,123.948
2014/07/02,127.862
2014/07/03,127.181
2014/07/04,110.772
2014/07/05,89.065
2014/07/06,78.078
2014/07/07,85.891
2014/07/08,86.535
2014/07/09,88.212
2014/07/10,99.034
2014/07/11,114.246
2014/07/12,102.076
2014/07/13,90.215
2014/07/14,100.75
2014/07/15,98.576
2014/07/16,102.443
2014/07/17,100.987
2014/07/18,103.64
2014/07/19,82.731
2014/07/20,77.36
2014/07/21,89.756
2014/07/22,102.145
2014/07/23,114.17
2014/07/24,122.828
2014/07/25,122.83
2014/07/26,100.363
2014/07/27,87.161
2014/07/28,100.817
2014/07/29,108.026
2014/07/30,115.352
2014/07/31,109.509
2014/08/01,112.578
2014/08/02,104.038
2014/08/03,89.518
2014/08/04,100.155
2014/08/05,110.308
2014/08/06,102.823
2014/08/07,102.275
2014/08/08,100.676
2014/08/09,88.022
2014/08/10,83.746
2014/08/11,88.69
2014/08/12,95.326
2014/08/13,100.34
2014/08/14,110.47
2014/08/15,100.845
2014/08/16,83.813
2014/08/17,88.804
2014/08/18,102.901
2014/08/19,110.696
2014/08/20,117.404
2014/08/21,121.169
2014/08/22,115.821
2014/08/23,105.08
2014/08/24,102.518
2014/08/25,108.732
2014/08/26,115.877
2014/08/27,119.722
2014/08/28,114.301
2014/08/29,114.756
2014/08/30,97.303
2014/08/31,95.16
2014/09/01,96.196
2014/09/02,99.206
2014/09/03,102.702
2014/09/04,111.306
2014/09/05,109.507
2014/09/06,97.735
2014/09/07,85.303
2014/09/08,92.027
2014/09/09,96.012
2014/09/10,104.554
2014/09/11,106.796
2014/09/12,113.39
2014/09/13,105.83
2014/09/14,91.674
2014/09/15,97.364
2014/09/16,94.009
2014/09/17,102.381
2014/09/18,116.808
2014/09/19,123.738
2014/09/20,109.04
2014/09/21,94.873
2014/09/22,103.539
2014/09/23,111.094
2014/09/24,109.814
2014/09/25,104.569
2014/09/26,103.97
2014/09/27,90.573
2014/09/28,79.781
2014/09/29,95.854
2014/09/30,106.315
2014/10/01,104.521
2014/10/02,104.034
2014/10/03,98.57
2014/10/04,90.867
2014/10/05,86.894
2014/10/06,92.751
2014/10/07,98.12
2014/10/08,101.13
2014/10/09,106.157
2014/10/10,105.85
2014/10/11,97.375
2014/10/12,85.769
2014/10/13,91.588
2014/10/14,104.64
2014/10/15,110.818
2014/10/16,105.122
2014/10/17,105.441
2014/10/18,92.921
2014/10/19,82.953
2014/10/20,90.602
2014/10/21,100.412
2014/10/22,97.934
2014/10/23,98.874
2014/10/24,90.183
2014/10/25,95.646
2014/10/26,76.368
2014/10/27,81.855
2014/10/28,84.968
2014/10/29,83.505
2014/10/30,75.977
2014/10/31,74.51
2014/11/01,73.255
2014/11/02,62.376
2014/11/03,65.256
2014/11/04,73.735
2014/11/05,83.981
2014/11/06,79.507
2014/11/07,78.776
2014/11/08,68.268
2014/11/09,59.429
2014/11/10,74.182
2014/11/11,79.255
2014/11/12,94.86
2014/11/13,112.239
2014/11/14,105.294
2014/11/15,92.361
2014/11/16,79.367
2014/11/17,90.429
2014/11/18,94.514
2014/11/19,100.488
2014/11/20,100.371
2014/11/21,99.261
2014/11/22,99.026
2014/11/23,78.499
2014/11/24,85.691
2014/11/25,98.759
2014/11/26,106.981
2014/11/27,106.011
2014/11/28,114.549
2014/11/29,112.618
2014/11/30,100.044
2014/12/01,108.353
2014/12/02,129.69
2014/12/03,122.36
2014/12/04,116.247
2014/12/05,113.503
2014/12/06,103.827
2014/12/07,97.505
2014/12/08,110.487
2014/12/09,118.906
2014/12/10,127.976
2014/12/11,123.243
2014/12/12,112.15
2014/12/13,107.441
2014/12/14,93.521
2014/12/15,102.396
2014/12/16,113.746
2014/12/17,111.763
2014/12/18,130.588
2014/12/19,141.132
2014/12/20,140.072
2014/12/21,111.79
2014/12/22,124.143
2014/12/23,126.524
2014/12/24,115.971
2014/12/25,107.846
2014/12/26,115.861
2014/12/27,117.283
2014/12/28,102.393
2014/12/29,103.901
2014/12/30,121.892
2014/12/31,122.106
2015/01/01,100.29
2015/01/02,112.592
2015/01/03,105.221
2015/01/04,104.498
2015/01/05,97.548
2015/01/06,99.145
2015/01/07,106.92
2015/01/08,107.04
2015/01/09,105.662
2015/01/10,109.672
2015/01/11,88.761
2015/01/12,76.498
2015/01/13,92.815
2015/01/14,96.782
2015/01/15,107.636
2015/01/16,109.344
2015/01/17,93.291
2015/01/18,80.446
2015/01/19,78.589
2015/01/20,77.761
2015/01/21,75.504
2015/01/22,81.793
2015/01/23,80.391
2015/01/24,73.008
2015/01/25,61.898
2015/01/26,79.924
2015/01/27,78.564
2015/01/28,76.977
2015/01/29,78.049
2015/01/30,86.81
2015/01/31,72.922
2015/02/01,66.627
2015/02/02,77.68
2015/02/03,89.231
2015/02/04,83.798
2015/02/05,78.988
2015/02/06,79.979
2015/02/07,63.677
2015/02/08,51.808
2015/02/09,47.746
2015/02/10,51.004
2015/02/11,52.802
2015/02/12,62.37
2015/02/13,56.52
2015/02/14,46.881
2015/02/15,45.766
2015/02/16,46.09
2015/02/17,51.103
2015/02/18,51.744
2015/02/19,51.547
2015/02/20,51.181
2015/02/21,49.336
2015/02/22,44.488
2015/02/23,46.859
2015/02/24,57.217
2015/02/25,57.496
2015/02/26,55.1
2015/02/27,60.822
2015/02/28,54.071
2015/03/01,48.923
2015/03/02,59.868
2015/03/03,70.149
2015/03/04,71.143
2015/03/05,70.16
2015/03/06,68.742
2015/03/07,53.648
2015/03/08,46.922
2015/03/09,55.246
2015/03/10,64.253
2015/03/11,63.463
2015/03/12,68.984
2015/03/13,66.159
2015/03/14,57.437
2015/03/15,48.99
2015/03/16,58.031
2015/03/17,63.156
2015/03/18,64.853
2015/03/19,57.66
2015/03/20,54.776
2015/03/21,49.874
2015/03/22,45.581
2015/03/23,51.976
2015/03/24,60.135
2015/03/25,59.948
2015/03/26,55.284
2015/03/27,57.318
2015/03/28,50.716
2015/03/29,44.228
2015/03/30,49.774
2015/03/31,56.311
2015/04/01,60.154
2015/04/02,57.384
2015/04/03,51.801
2015/04/04,44.274
2015/04/05,37.289
2015/04/06,42.002
2015/04/07,50.795
2015/04/08,53.797
2015/04/09,51.027
2015/04/10,49.807
2015/04/11,45.298
2015/04/12,44.941
2015/04/13,45.791
2015/04/14,50.572
2015/04/15,49.448
2015/04/16,55.463
2015/04/17,60.332
2015/04/18,52.241
2015/04/19,53.825
2015/04/20,58.965
2015/04/21,77.09
2015/04/22,85.294
2015/04/23,92.994
2015/04/24,92.262
2015/04/25,81.38
2015/04/26,73.977
2015/04/27,72.854
2015/04/28,71.156
2015/04/29,68.621
2015/04/30,70.906
2015/05/01,67.504
2015/05/02,55.144
2015/05/03,60.15
2015/05/04,62.353
2015/05/05,64.206
2015/05/06,68.838
2015/05/07,71.346
2015/05/08,67.966
2015/05/09,59.378
2015/05/10,67.231
2015/05/11,85.957
2015/05/12,93.52
2015/05/13,85.427
2015/05/14,77.089
2015/05/15,69.336
2015/05/16,58.084
2015/05/17,53.144
2015/05/18,59.986
2015/05/19,88.301
2015/05/20,96.925
2015/05/21,100.587
2015/05/22,99.018
2015/05/23,89.898
2015/05/24,69.426
2015/05/25,70.626
2015/05/26,74.932
2015/05/27,76.954
2015/05/28,77.775
2015/05/29,65.107
2015/05/30,46.812
2015/05/31,62.972
2015/06/01,86.794
2015/06/02,96.519
2015/06/03,91.17
2015/06/04,84.501
2015/06/05,94.234
2015/06/06,97.611
2015/06/07,81.004
2015/06/08,79.282
2015/06/09,97.211
2015/06/10,101.714
2015/06/11,101.178
2015/06/12,96.919
2015/06/13,88.165
2015/06/14,76.411
2015/06/15,83.712
2015/06/16,92.432
2015/06/17,109.321
2015/06/18,109.607
2015/06/19,96.329
2015/06/20,85.798
2015/06/21,74.232
2015/06/22,79.952
2015/06/23,75.726
2015/06/24,73.04
2015/06/25,70.742
2015/06/26,75.533
2015/06/27,68.734
2015/06/28,68.679
2015/06/29,92.549
2015/06/30,152.904
2015/07/01,119.35
2015/07/02,127.787
2015/07/03,114.168
2015/07/04,89.485
2015/07/05,123.51
2015/07/06,130.766
2015/07/07,132.528
2015/07/08,141.633
2015/07/09,118.803
2015/07/10,90.878
2015/07/11,68.737
2015/07/12,40.805
2015/07/13,40.694
2015/07/14,70.079
2015/07/15,80.924
2015/07/16,90.945
2015/07/17,79.071
2015/07/18,50.336
2015/07/19,34.332
2015/07/20,51.031
2015/07/21,52.885
2015/07/22,58.448
2015/07/23,81.774
2015/07/24,91.004
2015/07/25,77.3
2015/07/26,76.914
2015/07/27,88.193
2015/07/28,93.633
2015/07/29,101.901
2015/07/30,105.201
2015/07/31,100.534
2015/08/01,77.041
2015/08/02,62.578
2015/08/03,67.678
2015/08/04,98.437
2015/08/05,110.827
2015/08/06,96.214
2015/08/07,97.197
2015/08/08,83.949
2015/08/09,77.33
2015/08/10,87.475
2015/08/11,95.863
2015/08/12,96.857
2015/08/13,87.428
2015/08/14,83.947
2015/08/15,73.146
2015/08/16,76.58
2015/08/17,92.51
2015/08/18,101.903
2015/08/19,102.229
2015/08/20,101.586
2015/08/21,91.838
2015/08/22,75.228
2015/08/23,67.953
2015/08/24,80.257
2015/08/25,87.769
2015/08/26,86.864
2015/08/27,86.862
2015/08/28,89.967
2015/08/29,74.737
2015/08/30,72.766
2015/08/31,74.809
2015/09/01,77.887
2015/09/02,117.757
2015/09/03,102.785
2015/09/04,93.393
2015/09/05,66.866
2015/09/06,63.336
2015/09/07,69.946
2015/09/08,84.377
2015/09/09,95.636
2015/09/10,90.543
2015/09/11,58.906
2015/09/12,46.588
2015/09/13,32.47
2015/09/14,31.274
2015/09/15,35.577
2015/09/16,33.035
2015/09/17,16.564
2015/09/18,25.961
2015/09/19,42.74
2015/09/20,52.368
2015/09/21,67.191
2015/09/22,84.088
2015/09/23,91.804
2015/09/24,100.982
2015/09/25,103.826
2015/09/26,89.287
2015/09/27,82.699
2015/09/28,100.391
2015/09/29,112.952
2015/09/30,111.311
2015/10/01,119.57
2015/10/02,116.018
2015/10/03,97.342
2015/10/04,89.034
2015/10/05,95.989
2015/10/06,109.548
2015/10/07,110.126
2015/10/08,105.899
2015/10/09,102.44
2015/10/10,81.834
2015/10/11,82.317
2015/10/12,96.552
2015/10/13,94.646
2015/10/14,102.034
2015/10/15,114.256
2015/10/16,116.624
2015/10/17,101.606
2015/10/18,91.301
2015/10/19,105.729
2015/10/20,107.844
2015/10/21,107.896
2015/10/22,115.492
2015/10/23,104.61
2015/10/24,85.51
2015/10/25,88.353
2015/10/26,102.818
2015/10/27,110.952
2015/10/28,113.029
2015/10/29,111.755
2015/10/30,122.044
2015/10/31,105.832
2015/11/01,111.107
2015/11/02,115.578
2015/11/03,137.493
2015/11/04,171.015
2015/11/05,167.524
2015/11/06,150.304
2015/11/07,118.478
2015/11/08,107.352
2015/11/09,109.024
2015/11/10,115.613
2015/11/11,119.391
2015/11/12,126.606
2015/11/13,126.738
2015/11/14,111.836
2015/11/15,109.54
2015/11/16,119.871
2015/11/17,117.093
2015/11/18,115.078
2015/11/19,110.16
2015/11/20,104.379
2015/11/21,92.081
2015/11/22,87.341
2015/11/23,101.269
2015/11/24,104.945
2015/11/25,116.933
2015/11/26,132.196
2015/11/27,140.07
2015/11/28,107.746
2015/11/29,102.683
2015/11/30,126.712
2015/12/01,136.364
2015/12/02,141.654
2015/12/03,128.808
2015/12/04,123.366
2015/12/05,126.583
2015/12/06,158.582
2015/12/07,178.429
2015/12/08,178.062
2015/12/09,214.577
2015/12/10,241.909
2015/12/11,255.281
2015/12/12,222.849
2015/12/13,238.874
2015/12/14,229.216
2015/12/15,219.456
2015/12/16,216.371
2015/12/17,224.636
2015/12/18,235.024
2015/12/19,193.279
2015/12/20,207.973
2015/12/21,228.953
2015/12/22,236.673
2015/12/23,247.435
2015/12/24,269.393
2015/12/25,289.152
2015/12/26,199.438
2015/12/27,142.688
2015/12/28,133.741
2015/12/29,128.679
2015/12/30,118.091
2015/12/31,111.21
2016/01/01,105.267
2016/01/02,89.737
2016/01/03,90.629
2016/01/04,91.889
2016/01/05,101.239
2016/01/06,107.769
2016/01/07,113.226
2016/01/08,113.828
2016/01/09,94.152
2016/01/10,89.661
2016/01/11,99.278
2016/01/12,103.861
2016/01/13,112.618
2016/01/14,116.627
2016/01/15,116.364
2016/01/16,96.143
2016/01/17,87.067
2016/01/18,89.226
2016/01/19,104.985
2016/01/20,105.3
2016/01/21,113.72
2016/01/22,117.863
2016/01/23,119.115
2016/01/24,141.335
2016/01/25,126.273
2016/01/26,142.076
2016/01/27,147.925
2016/01/28,129.128
2016/01/29,124.722
2016/01/30,133.294
2016/01/31,132.73
2016/02/01,144.067
2016/02/02,129.303
2016/02/03,113.663
2016/02/04,130.357
2016/02/05,134.397
2016/02/06,141.504
2016/02/07,140.182
2016/02/08,160.964
2016/02/09,183.134
2016/02/10,194.737
2016/02/11,172.011
2016/02/12,156.078
2016/02/13,149.642
2016/02/14,151.862
2016/02/15,174.121
2016/02/16,187.426
2016/02/17,182.08
2016/02/18,179.42
2016/02/19,182.756
2016/02/20,192.491
2016/02/21,205.966
2016/02/22,205.278
2016/02/23,193.464
2016/02/24,180.949
2016/02/25,173.084
2016/02/26,173.323
2016/02/27,140.388
2016/02/28,198.484
2016/02/29,264.195
2016/03/01,274.289
2016/03/02,279.594
2016/03/03,243.4
2016/03/04,214.524
2016/03/05,317.196
2016/03/06,221.657
2016/03/07,179.639
2016/03/08,156.916
2016/03/09,141.226
2016/03/10,126.742
2016/03/11,121.021
2016/03/12,113.747
2016/03/13,106.629
2016/03/14,114.811
2016/03/15,119.749
2016/03/16,159.312
2016/03/17,156.089
2016/03/18,141.617
2016/03/19,122.436
2016/03/20,112.482
2016/03/21,116.027
2016/03/22,110.932
2016/03/23,111.234
2016/03/24,118.14
2016/03/25,116.161
2016/03/26,107.306
2016/03/27,103.318
2016/03/28,112.65
2016/03/29,118.996
2016/03/30,121.276
2016/03/31,122.865
2016/04/01,123.149
2016/04/02,116.686
2016/04/03,110.569
2016/04/04,117.271
2016/04/05,119.591
2016/04/06,124.78
2016/04/07,125.422
2016/04/08,129.169
2016/04/09,114.318
2016/04/10,108.005
2016/04/11,118.315
2016/04/12,124.156
2016/04/13,130.241
2016/04/14,130.951
2016/04/15,138.69
2016/04/16,123.041
2016/04/17,118.382
2016/04/18,123.325
2016/04/19,128.171
2016/04/20,131.115
2016/04/21,132.164
2016/04/22,134.678
2016/04/23,119.173
2016/04/24,108.536
2016/04/25,117.773
2016/04/26,122.305
2016/04/27,120.796
2016/04/28,116.179
2016/04/29,108.563
2016/04/30,101.724
2016/05/01,92.708
2016/05/02,109.503
2016/05/03,121.682
2016/05/04,131.328
2016/05/05,130.175
2016/05/06,128.518
2016/05/07,124.56
2016/05/08,119.425
2016/05/09,125.128
2016/05/10,131.275
2016/05/11,135.304
2016/05/12,142.081
2016/05/13,147.89
2016/05/14,131.97
2016/05/15,132.583
2016/05/16,150.062
2016/05/17,152.89
2016/05/18,144.367
2016/05/19,142.592
2016/05/20,137.481
2016/05/21,125.51
2016/05/22,116.44
2016/05/23,123.303
2016/05/24,120.766
2016/05/25,119.482
2016/05/26,129.412
2016/05/27,140.008
2016/05/28,139.082
2016/05/29,139.46
2016/05/30,133.008
2016/05/31,142.417
2016/06/01,132.054
2016/06/02,124.448
2016/06/03,127.246
2016/06/04,126.84
2016/06/05,127.952
2016/06/06,138
2016/06/07,142.861
2016/06/08,145.874
2016/06/09,153.337
2016/06/10,162.496
2016/06/11,160.124
2016/06/12,158.885
2016/06/13,171.904
2016/06/14,171.702
2016/06/15,170.838
2016/06/16,190.339
2016/06/17,191.685
2016/06/18,175.368
2016/06/19,163.117
2016/06/20,177.651
2016/06/21,193.057
2016/06/22,213.42
2016/06/23,198.858
2016/06/24,207.753
2016/06/25,186.864
2016/06/26,163.93
2016/06/27,163.306
2016/06/28,162.566
2016/06/29,173.178
2016/06/30,184.152
2016/07/01,184.651
2016/07/02,185.788
2016/07/03,168.959
2016/07/04,184.716
2016/07/05,183.02
2016/07/06,176.995
2016/07/07,177.506
2016/07/08,181.139
2016/07/09,160.59
2016/07/10,144.611
2016/07/11,172.981
2016/07/12,168.064
2016/07/13,182.095
2016/07/14,185.517
2016/07/15,201.106
2016/07/16,183.26
2016/07/17,170.434
2016/07/18,199.214
2016/07/19,218.619
2016/07/20,214.567
2016/07/21,224.569
2016/07/22,235.926
2016/07/23,221.863
2016/07/24,209.345
2016/07/25,208.226
2016/07/26,218.642
2016/07/27,229.197
2016/07/28,230.098
2016/07/29,246.019
2016/07/30,241.928
2016/07/31,226.409
2016/08/01,217.904
2016/08/02,244.125
2016/08/03,230.787
2016/08/04,220.031
2016/08/05,203.334
2016/08/06,190.861
2016/08/07,199.275
2016/08/08,191.132
2016/08/09,198.079
2016/08/10,186.668
2016/08/11,182.181
2016/08/12,198.823
2016/08/13,204.435
2016/08/14,200.553
2016/08/15,206.63
2016/08/16,203.538
2016/08/17,190.688
2016/08/18,190.071
2016/08/19,202.201
2016/08/20,181.098
2016/08/21,162.412
2016/08/22,168.542
2016/08/23,168.111
2016/08/24,162.248
2016/08/25,174.603
2016/08/26,179.201
2016/08/27,154.225
2016/08/28,142.449
2016/08/29,162.604
2016/08/30,170.266
2016/08/31,171.763
2016/09/01,184.331
2016/09/02,188.758
2016/09/03,163.252
2016/09/04,142.009
2016/09/05,157.7
2016/09/06,155.278
2016/09/07,155.522
2016/09/08,155.016
2016/09/09,168.076
2016/09/10,155.762
2016/09/11,146.802
2016/09/12,153.393
2016/09/13,169.899
2016/09/14,170.336
2016/09/15,171.003
2016/09/16,175.786
2016/09/17,153.981
2016/09/18,146.918
2016/09/19,166.098
2016/09/20,174.296
2016/09/21,176.623
2016/09/22,184.348
2016/09/23,188.459
2016/09/24,185.308
2016/09/25,163.724
2016/09/26,156.846
2016/09/27,152.126
2016/09/28,155.258
2016/09/29,153.785
2016/09/30,154.478
2016/10/01,134.057
2016/10/02,119.632
2016/10/03,123.848
2016/10/04,126.384
2016/10/05,123.573
2016/10/06,117.222
2016/10/07,120.189
2016/10/08,113.995
2016/10/09,116.011
2016/10/10,136.301
2016/10/11,143.458
2016/10/12,156.194
2016/10/13,155.438
2016/10/14,144.289
2016/10/15,132.187
2016/10/16,119.844
2016/10/17,120.056
2016/10/18,126.778
2016/10/19,133.498
2016/10/20,124.579
2016/10/21,129.22
2016/10/22,128.696
2016/10/23,119.145
2016/10/24,135.494
2016/10/25,143.651
2016/10/26,142.852
2016/10/27,136.55
2016/10/28,136.733
2016/10/29,132.399
2016/10/30,120.009
2016/10/31,135.789
2016/11/01,147.066
2016/11/02,145.212
2016/11/03,144.967
2016/11/04,141.343
2016/11/05,123.11
2016/11/06,115.451
2016/11/07,116.294
2016/11/08,110.129
2016/11/09,118.839
2016/11/10,118.641
2016/11/11,116.432
2016/11/12,111.286
2016/11/13,105.533
2016/11/14,113.745
2016/11/15,121.573
2016/11/16,117.114
2016/11/17,119.353
2016/11/18,121.049
2016/11/19,116.455
2016/11/20,107.336
2016/11/21,109.189
2016/11/22,110.352
2016/11/23,113.084
2016/11/24,109.854
2016/11/25,109.997
2016/11/26,106.507
2016/11/27,103.182
2016/11/28,112.151
2016/11/29,116.107
2016/11/30,116.097
2016/12/01,117.545
2016/12/02,118.516
2016/12/03,112.988
2016/12/04,109.022
2016/12/05,118.157
2016/12/06,119.459
2016/12/07,120.551
2016/12/08,124.97
2016/12/09,125.385
2016/12/10,117.509
2016/12/11,108.614
2016/12/12,118.237
2016/12/13,119.075
2016/12/14,117.587
2016/12/15,122.839
2016/12/16,121.679
2016/12/17,114.542
2016/12/18,118.846
2016/12/19,130.552
2016/12/20,133.156
2016/12/21,135.114
2016/12/22,139.2
2016/12/23,146.786
2016/12/24,140.211
2016/12/25,133.337
2016/12/26,147.94
2016/12/27,153.746
2016/12/28,160.798
2016/12/29,162.952
2016/12/30,159.637
2016/12/31,151.57
2017/01/01,148.512
2017/01/02,148.692
2017/01/03,151.989
2017/01/04,163.95
2017/01/05,186.319
2017/01/06,171.042
2017/01/07,153.711
2017/01/08,147.544
2017/01/09,162.631
2017/01/10,151.748
2017/01/11,160.616
2017/01/12,156.74
2017/01/13,154.913
2017/01/14,138.555
2017/01/15,121.306
2017/01/16,129.38
2017/01/17,133.298
2017/01/18,133.199
2017/01/19,139.883
2017/01/20,141.193
2017/01/21,132.367
2017/01/22,125.845
2017/01/23,141.833
2017/01/24,141.549
2017/01/25,136.914
2017/01/26,128.579
2017/01/27,132.759
2017/01/28,125.286
2017/01/29,115.23
2017/01/30,143.418
2017/01/31,149.194
2017/02/01,139.744
2017/02/02,160.814
2017/02/03,160.207
2017/02/04,159.52
2017/02/05,147.663
2017/02/06,198.376
2017/02/07,176.916
2017/02/08,182.718
2017/02/09,168.289
2017/02/10,166.188
2017/02/11,149.872
2017/02/12,141.331
2017/02/13,155.557
2017/02/14,164.395
2017/02/15,170.606
2017/02/16,186.433
2017/02/17,182.565
2017/02/18,158.869
2017/02/19,153.466
2017/02/20,175.84
2017/02/21,202.32
2017/02/22,212.65
2017/02/23,201.226
2017/02/24,192.953
2017/02/25,157.323
2017/02/26,150.879
2017/02/27,184.587
2017/02/28,205.174
2017/03/01,223.536
2017/03/02,238.778
2017/03/03,246.057
2017/03/04,232.309
2017/03/05,192.21
2017/03/06,230.233
2017/03/07,221.168
2017/03/08,200.658
2017/03/09,188.43
2017/03/10,202.066
2017/03/11,173.531
2017/03/12,168.354
2017/03/13,194.668
2017/03/14,196.337
2017/03/15,216.483
2017/03/16,229.189
2017/03/17,253.135
2017/03/18,225.223
2017/03/19,185.721
2017/03/20,203.457
2017/03/21,210.334
2017/03/22,197.629
2017/03/23,202.893
2017/03/24,216.761
2017/03/25,204.814
2017/03/26,191.24
2017/03/27,223.132
2017/03/28,213.949
2017/03/29,198.464
2017/03/30,203.316
2017/03/31,217.002
2017/04/01,189.597
2017/04/02,175.729
2017/04/03,195.585
2017/04/04,211.808
2017/04/05,203.752
2017/04/06,204.181
2017/04/07,210.494
2017/04/08,183.865
2017/04/09,155.85
2017/04/10,176.812
2017/04/11,193.739
2017/04/12,198.879
2017/04/13,210.014
2017/04/14,189.475
2017/04/15,171.098
2017/04/16,163.999
2017/04/17,180.897
2017/04/18,205.894
2017/04/19,196.896
2017/04/20,211.65
2017/04/21,196.353
2017/04/22,187.903
2017/04/23,185.575
2017/04/24,221.205
2017/04/25,237.736
2017/04/26,229.286
2017/04/27,249.192
2017/04/28,259.072
2017/04/29,233.09
2017/04/30,219.614
2017/05/01,245.923
2017/05/02,269.426
2017/05/03,294.615
2017/05/04,301.806
2017/05/05,353.241
2017/05/06,282.186
2017/05/07,255.736
2017/05/08,284.849
2017/05/09,336.285
2017/05/10,384.896
2017/05/11,397.882
2017/05/12,400.57
2017/05/13,388.349
2017/05/14,309.981
2017/05/15,326.993
2017/05/16,363.19
2017/05/17,438.046
2017/05/18,440.822
2017/05/19,468.015
2017/05/20,382.509
2017/05/21,353.435
2017/05/22,406.378
2017/05/23,432.7
2017/05/24,456.141
2017/05/25,502.393
2017/05/26,488.863
2017/05/27,409.301
2017/05/28,356.396
2017/05/29,357.092
2017/05/30,382.113
2017/05/31,375.093
2017/06/01,365.588
2017/06/02,370.087
2017/06/03,333.97
2017/06/04,318.894
2017/06/05,388.126
2017/06/06,405.394
2017/06/07,410.082
2017/06/08,367.651
2017/06/09,404.174
2017/06/10,397.9
2017/06/11,402.27
2017/06/12,470.412
2017/06/13,479.893
2017/06/14,487.261
2017/06/15,448.788
2017/06/16,425.468
2017/06/17,403.717
2017/06/18,366.714
2017/06/19,402.433
2017/06/20,429.572
2017/06/21,472.134
2017/06/22,475.056
2017/06/23,429.078
2017/06/24,414.367
2017/06/25,427.889
2017/06/26,457.964
2017/06/27,421.568
2017/06/28,436.861
2017/06/29,504.006
2017/06/30,439.835
2017/07/01,426.811
2017/07/02,383.022
2017/07/03,397.204
2017/07/04,355.353
2017/07/05,370.213
2017/07/06,403.901
2017/07/07,393.945
2017/07/08,376.439
2017/07/09,346.832
2017/07/10,385.388
2017/07/11,394.796
2017/07/12,392.242
2017/07/13,389.447
2017/07/14,425.428
2017/07/15,395.416
2017/07/16,373.875
2017/07/17,371.557
2017/07/18,372.867
2017/07/19,366.77
2017/07/20,453.831
2017/07/21,440.384
2017/07/22,425.572
2017/07/23,410.004
2017/07/24,413.606
2017/07/25,409.625
2017/07/26,397.118
2017/07/27,398.702
2017/07/28,488.801
2017/07/29,431.272
2017/07/30,534.157
2017/07/31,561.109
2017/08/01,406.177
2017/08/02,365.768
2017/08/03,344.223
2017/08/04,359.5
2017/08/05,391.999
2017/08/06,373.714
2017/08/07,419.227
2017/08/08,447.884
2017/08/09,445.627
2017/08/10,485.929
2017/08/11,520.103
2017/08/12,490.403
2017/08/13,487.281
2017/08/14,606.871
2017/08/15,604.175
2017/08/16,610.544
2017/08/17,535.098
2017/08/18,479.936
2017/08/19,454.637
2017/08/20,472.519
2017/08/21,597.459
2017/08/22,756.399
2017/08/23,661.956
2017/08/24,797.55
2017/08/25,723.244
2017/08/26,639.381
2017/08/27,484.304
2017/08/28,575.068
2017/08/29,615.78
2017/08/30,617.016
2017/08/31,689.749
2017/09/01,734.406
2017/09/02,629.996
2017/09/03,586.167
2017/09/04,701.316
2017/09/05,705.961
2017/09/06,689.557
2017/09/07,686.945
2017/09/08,640.502
2017/09/09,584.178
2017/09/10,598.563
2017/09/11,566.709
2017/09/12,553.63
2017/09/13,560.246
2017/09/14,616.596
2017/09/15,671.431
2017/09/16,593.459
2017/09/17,543.808
2017/09/18,652.383
2017/09/19,575.287
2017/09/20,585.809
2017/09/21,555.792
2017/09/22,518.18
2017/09/23,445.839
2017/09/24,407.431
2017/09/25,462.319
2017/09/26,467.14
2017/09/27,501.655
2017/09/28,516.307
2017/09/29,507.481
2017/09/30,517.291
2017/10/01,480.208
2017/10/02,468.079
2017/10/03,447.377
2017/10/04,487.21
2017/10/05,461.613
2017/10/06,428.413
2017/10/07,386.641
2017/10/08,361.509
2017/10/09,412.05
2017/10/10,435.166
2017/10/11,419.855
2017/10/12,501.79
2017/10/13,567.102
2017/10/14,497.641
2017/10/15,422.662
2017/10/16,420.502
2017/10/17,429.526
2017/10/18,423.494
2017/10/19,394.406
2017/10/20,423.51
2017/10/21,396.293
2017/10/22,393.022
2017/10/23,548.024
2017/10/24,608.254
2017/10/25,508.31
2017/10/26,498.717
2017/10/27,582.081
2017/10/28,610.926
2017/10/29,499.034
2017/10/30,487.596
2017/10/31,574.261
2017/11/01,606.362
2017/11/02,641.962
2017/11/03,699.849
2017/11/04,610.933
2017/11/05,600.381
2017/11/06,646.996
2017/11/07,593.44
2017/11/08,688.452
2017/11/09,686.498
2017/11/10,812.095
2017/11/11,978.523
2017/11/12,1133
2017/11/13,971.335
2017/11/14,875.482
2017/11/15,790.147
2017/11/16,785.175
2017/11/17,681.782
2017/11/18,573.934
2017/11/19,559.55
2017/11/20,603.149
2017/11/21,556.384
2017/11/22,601.635
2017/11/23,597.414
2017/11/24,583.197
2017/11/25,559.176
2017/11/26,561.686
2017/11/27,628.92
2017/11/28,817.027
2017/11/29,1039
2017/11/30,1006
2017/12/01,817.52
2017/12/02,738.785
2017/12/03,726.447
2017/12/04,830.52
2017/12/05,925.305
2017/12/06,1363
2017/12/07,2123
2017/12/08,2113
2017/12/09,1720
2017/12/10,1380
2017/12/11,1274
2017/12/12,1685
2017/12/13,1842
2017/12/14,3304
2017/12/15,3097
2017/12/16,2590
2017/12/17,2360
2017/12/18,2746
2017/12/19,4020
2017/12/20,4388
2017/12/21,4681
2017/12/22,4247
2017/12/23,3585
2017/12/24,2554
2017/12/25,2251
2017/12/26,2530
2017/12/27,3258
2017/12/28,3405
2017/12/29,3800
2017/12/30,4124
2017/12/31,3153
2018/01/01,2629
2018/01/02,3275
2018/01/03,4061
2018/01/04,4547
2018/01/05,4637
2018/01/06,3800
2018/01/07,4608
2018/01/08,4174
2018/01/09,4152
2018/01/10,4084
2018/01/11,3668
2018/01/12,3446
2018/01/13,3608
2018/01/14,3185
2018/01/15,3035
2018/01/16,2890
2018/01/17,2710
2018/01/18,2688
2018/01/19,2414
2018/01/20,2044
2018/01/21,1615
2018/01/22,1602
2018/01/23,1245
2018/01/24,1414
2018/01/25,1412
2018/01/26,1359
2018/01/27,1220
2018/01/28,1074
2018/01/29,1038
2018/01/30,1158
2018/01/31,1455
2018/02/01,1422
2018/02/02,1589
2018/02/03,1286
2018/02/04,1127
2018/02/05,1058
2018/02/06,989.698
2018/02/07,960.408
2018/02/08,839.074
2018/02/09,843.411
2018/02/10,841.165
2018/02/11,692.314
2018/02/12,721.849
2018/02/13,774.242
2018/02/14,785.216
2018/02/15,858.399
2018/02/16,836.287
2018/02/17,806.148
2018/02/18,773.92
2018/02/19,769.39
2018/02/20,875.126
2018/02/21,980.111
2018/02/22,960.71
2018/02/23,912.742
2018/02/24,879.109
2018/02/25,856.031
2018/02/26,848.575
2018/02/27,871.629
2018/02/28,843.616
2018/03/01,872.196
2018/03/02,848.991
2018/03/03,705.463
2018/03/04,638.387
2018/03/05,710.41
2018/03/06,682.166
2018/03/07,653.599
2018/03/08,685.608
2018/03/09,706.264
2018/03/10,654.867
2018/03/11,597.955
2018/03/12,581.737
2018/03/13,614.65
2018/03/14,693.697
2018/03/15,721.924
2018/03/16,700.81
2018/03/17,637.511
2018/03/18,702.4
2018/03/19,673.844
2018/03/20,664.358
2018/03/21,647.059
2018/03/22,623.796
2018/03/23,618.976
2018/03/24,597.333
2018/03/25,569.359
2018/03/26,598.291
2018/03/27,567.793
2018/03/28,563.249
2018/03/29,569.353
2018/03/30,566.629
2018/03/31,530.734
2018/04/01,487.217
2018/04/02,495.925
2018/04/03,526.948
2018/04/04,552.352
2018/04/05,550.501
2018/04/06,527.594
2018/04/07,484.062
2018/04/08,433.373
2018/04/09,466.544
2018/04/10,482.726
2018/04/11,501.912
2018/04/12,534.542
2018/04/13,539.179
2018/04/14,493.857
2018/04/15,482.073
2018/04/16,516.702
2018/04/17,525.397
2018/04/18,526.311
2018/04/19,543.731
2018/04/20,555.331
2018/04/21,514.718
2018/04/22,480.845
2018/04/23,460.845
2018/04/24,510.44
2018/04/25,619.68
2018/04/26,572.865
2018/04/27,551.646
2018/04/28,455.211
2018/04/29,467.338
2018/04/30,509.691
2018/05/01,510.025
2018/05/02,528.279
2018/05/03,547.091
2018/05/04,565.897
2018/05/05,504.081
2018/05/06,465.96
2018/05/07,477.753
2018/05/08,477.471
2018/05/09,482.4
2018/05/10,487.09
2018/05/11,551.014
2018/05/12,470.968
2018/05/13,471.042
2018/05/14,507.919
2018/05/15,526.124
2018/05/16,504.25
2018/05/17,526.555
2018/05/18,513.592
2018/05/19,468.261
2018/05/20,484.848
2018/05/21,494.972
2018/05/22,484.806
2018/05/23,510.97
2018/05/24,520.146
2018/05/25,493.346
2018/05/26,459.109
2018/05/27,429.208
2018/05/28,463.365
2018/05/29,493.07
2018/05/30,488.05
2018/05/31,473.168
2018/06/01,458.201
2018/06/02,429.01
2018/06/03,413.376
2018/06/04,445.444
2018/06/05,444.327
2018/06/06,425.068
2018/06/07,414.159
2018/06/08,402.512
2018/06/09,389.37
2018/06/10,408.294
2018/06/11,439.084
2018/06/12,433.719
2018/06/13,443.673
2018/06/14,475.955
2018/06/15,433.285
2018/06/16,388.317
2018/06/17,352.476
2018/06/18,367.244
2018/06/19,397.431
2018/06/20,431.451
2018/06/21,414.106
2018/06/22,454.155
2018/06/23,411.154
2018/06/24,403.498
2018/06/25,416.835
2018/06/26,412.882
2018/06/27,420.576
2018/06/28,414.343
2018/06/29,432.991
2018/06/30,423.601
2018/07/01,381.539
2018/07/02,406.574
2018/07/03,461.279
2018/07/04,416.934
2018/07/05,393.014
2018/07/06,376.989
2018/07/07,341.643
2018/07/08,339.663
2018/07/09,369.889
2018/07/10,393.869
2018/07/11,399.294
2018/07/12,371.656
2018/07/13,364.92
2018/07/14,332.222
2018/07/15,346.702
2018/07/16,391.178
2018/07/17,405.605
2018/07/18,410.359
2018/07/19,390.933
2018/07/20,403.653
2018/07/21,372.457
2018/07/22,343.608
2018/07/23,371.973
2018/07/24,413.001
2018/07/25,407.799
2018/07/26,402.014
2018/07/27,395.528
2018/07/28,360.055
2018/07/29,336.416
2018/07/30,373.507
2018/07/31,386.911
2018/08/01,405.611
2018/08/02,393.466
2018/08/03,384.89
2018/08/04,355.689
2018/08/05,336.763
2018/08/06,346.44
2018/08/07,366.119
2018/08/08,390.65
2018/08/09,374.576
2018/08/10,374.164
2018/08/11,370.57
2018/08/12,328.637
2018/08/13,341.496
2018/08/14,371.902
2018/08/15,358.4
2018/08/16,345.158
2018/08/17,344.607
2018/08/18,317.193
2018/08/19,286.481
2018/08/20,296.637
2018/08/21,310.889
2018/08/22,318.571
2018/08/23,309.114
2018/08/24,311.599
2018/08/25,296.758
2018/08/26,270.186
2018/08/27,293.363
2018/08/28,328.671
2018/08/29,325.393
2018/08/30,340.9
2018/08/31,334.188
2018/09/01,314.71
2018/09/02,302.248
2018/09/03,324.714
2018/09/04,345.298
2018/09/05,372.693
2018/09/06,391.261
2018/09/07,357.068
2018/09/08,309.542
2018/09/09,286.861
2018/09/10,308.802
2018/09/11,320.29
2018/09/12,319.054
2018/09/13,326.55
2018/09/14,325.904
2018/09/15,287.225
2018/09/16,264.939
2018/09/17,281.978
2018/09/18,291.253
2018/09/19,270.471
2018/09/20,279.692
2018/09/21,299.324
2018/09/22,267.402
2018/09/23,244.842
2018/09/24,252.162
2018/09/25,256.307
2018/09/26,267.402
2018/09/27,282.391
2018/09/28,294.084
2018/09/29,266.166
2018/09/30,255.894
2018/10/01,286.972
2018/10/02,305.261
2018/10/03,291.788
2018/10/04,279.633
2018/10/05,304.344
2018/10/06,269.676
2018/10/07,189.408
2018/10/08,239.276
2018/10/09,268.328
2018/10/10,275.102
2018/10/11,294.363
2018/10/12,295.233
2018/10/13,269.941
2018/10/14,255.474
2018/10/15,286.77
2018/10/16,297.35
2018/10/17,302.54
2018/10/18,300.622
2018/10/19,281.055
2018/10/20,244.466
2018/10/21,224.044
2018/10/22,249.838
2018/10/23,265.396
2018/10/24,268.786
2018/10/25,264.362
2018/10/26,276.307
2018/10/27,250.195
2018/10/28,226.081
2018/10/29,236.825
2018/10/30,227.894
2018/10/31,213.805
2018/11/01,217.821
2018/11/02,234.448
2018/11/03,214.305
2018/11/04,207.083
2018/11/05,229.892
2018/11/06,256.022
2018/11/07,264.158
2018/11/08,259.703
2018/11/09,256.93
2018/11/10,231.38
2018/11/11,205.505
2018/11/12,208.65
2018/11/13,233.929
2018/11/14,270.903
2018/11/15,278.108
2018/11/16,270.763
2018/11/17,224.89
2018/11/18,190.386
2018/11/19,228.357
2018/11/20,327.796
2018/11/21,305.602
2018/11/22,244.481
2018/11/23,202.949
2018/11/24,166.408
2018/11/25,168.627
2018/11/26,205.83
2018/11/27,190.759
2018/11/28,222.798
2018/11/29,251.898
2018/11/30,260.854
2018/12/01,206.16
2018/12/02,167.006
2018/12/03,204.187
2018/12/04,212.514
2018/12/05,203.613
2018/12/06,210.057
2018/12/07,252.867
2018/12/08,191.89
2018/12/09,144.807
2018/12/10,166.361
2018/12/11,185.81
2018/12/12,187.299
2018/12/13,173.722
2018/12/14,176.884
2018/12/15,137.974
2018/12/16,124.929
2018/12/17,135.769
2018/12/18,179.156
2018/12/19,189.869
2018/12/20,201.176
2018/12/21,205.292
2018/12/22,156.592
2018/12/23,120.421
2018/12/24,137.247
2018/12/25,125.773
2018/12/26,118.895
2018/12/27,110.038
2018/12/28,114.519
2018/12/29,119.918
2018/12/30,97.188
2018/12/31,101.331
2019/01/01,100.453
2019/01/02,115.825
2019/01/03,131.46
2019/01/04,140.974
2019/01/05,116.675
2019/01/06,106.663
2019/01/07,130.456
2019/01/08,122.907
2019/01/09,116.658
2019/01/10,125.805
2019/01/11,128.963
2019/01/12,111.238
2019/01/13,89.723
2019/01/14,92.327
2019/01/15,119.395
2019/01/16,142.993
2019/01/17,147.174
2019/01/18,146.94
2019/01/19,122.345
2019/01/20,98.055
2019/01/21,114.704
2019/01/22,135.411
2019/01/23,145.742
2019/01/24,138.015
2019/01/25,144.955
2019/01/26,119.064
2019/01/27,98.78
2019/01/28,136.204
2019/01/29,124.787
2019/01/30,120.557
2019/01/31,115.543
2019/02/01,119.096
2019/02/02,103.124
2019/02/03,92.879
2019/02/04,88.598
2019/02/05,96.022
2019/02/06,97.325
2019/02/07,93.913
2019/02/08,109.305
2019/02/09,105.043
2019/02/10,81.127
2019/02/11,100.551
2019/02/12,194.484
2019/02/13,180.904
2019/02/14,143.426
2019/02/15,143.975
2019/02/16,115.513
2019/02/17,88.438
2019/02/18,98.526
2019/02/19,116.97
2019/02/20,143.64
2019/02/21,153.126
2019/02/22,139.704
2019/02/23,114.191
2019/02/24,99.248
2019/02/25,115.647
2019/02/26,113.895
2019/02/27,122.608
2019/02/28,117.326
2019/03/01,118.291
2019/03/02,103.519
2019/03/03,80.024
2019/03/04,135.39
2019/03/05,207.918
2019/03/06,260.15
2019/03/07,283.336
2019/03/08,291.954
2019/03/09,283.052
2019/03/10,276.352
2019/03/11,290.813
2019/03/12,297.191
2019/03/13,302.969
2019/03/14,304.018
2019/03/15,310.2
2019/03/16,294.252
2019/03/17,274.316
2019/03/18,271.577
2019/03/19,270.783
2019/03/20,283.346
2019/03/21,301.814
2019/03/22,307.564
2019/03/23,297.045
2019/03/24,275.94
2019/03/25,246.038
2019/03/26,188.56
2019/03/27,181.53
2019/03/28,171.79
2019/03/29,182.743
2019/03/30,169.799
2019/03/31,157.319
2019/04/01,184.512
2019/04/02,246.882
2019/04/03,329.328
2019/04/04,314.591
2019/04/05,254.055
2019/04/06,183.256
2019/04/07,131.291
2019/04/08,174.009
2019/04/09,198.099
2019/04/10,178.407
2019/04/11,170.488
2019/04/12,161.334
2019/04/13,127.407
2019/04/14,114.313
2019/04/15,141.828
2019/04/16,174.154
2019/04/17,217.064
2019/04/18,201.527
2019/04/19,183.86
2019/04/20,158.218
2019/04/21,114.711
2019/04/22,156.772
2019/04/23,279.737
2019/04/24,262.725
2019/04/25,232.343
2019/04/26,214.198
2019/04/27,155.592
2019/04/28,121.105
2019/04/29,183.552
2019/04/30,252.663
2019/05/01,181.847
2019/05/02,146.69
2019/05/03,197.209
2019/05/04,167.262
2019/05/05,152.615
2019/05/06,171.108
2019/05/07,280.355
2019/05/08,293.88
2019/05/09,311.288
2019/05/10,380.669
2019/05/11,394.978
2019/05/12,376.703
2019/05/13,396.78
2019/05/14,442.082
2019/05/15,473.398
2019/05/16,491.325
2019/05/17,478.045
2019/05/18,348.562
2019/05/19,282.042
2019/05/20,329.226
2019/05/21,357.279
2019/05/22,344.263
2019/05/23,317.632
2019/05/24,348.526
2019/05/25,281.534
2019/05/26,200.587
2019/05/27,306.651
2019/05/28,353.01
2019/05/29,369.973
2019/05/30,413.291
2019/05/31,556.926
2019/06/01,436.781
2019/06/02,352.822
2019/06/03,443.431
2019/06/04,424.946
2019/06/05,389.119
2019/06/06,343.021
2019/06/07,320.458
2019/06/08,264.255
2019/06/09,193.269
2019/06/10,259.022
2019/06/11,309.604
2019/06/12,338.416
2019/06/13,342.064
2019/06/14,328.309
2019/06/15,284.169
2019/06/16,290.586
2019/06/17,376.817
2019/06/18,355.351
2019/06/19,306.816
2019/06/20,377.512
2019/06/21,438.413
2019/06/22,449.95
2019/06/23,319.677
2019/06/24,318.808
2019/06/25,429.882
2019/06/26,583.232
2019/06/27,682.286
2019/06/28,562.987
2019/06/29,396.591
2019/06/30,307.517
2019/07/01,406.269
2019/07/02,430.404
2019/07/03,387.919
2019/07/04,361.803
2019/07/05,297.227
2019/07/06,223.833
2019/07/07,182.394
2019/07/08,248.328
2019/07/09,337.231
2019/07/10,483.144
2019/07/11,475.361
2019/07/12,377.919
2019/07/13,284.502
2019/07/14,229.135
2019/07/15,273.11
2019/07/16,276.482
2019/07/17,362.661
2019/07/18,408.786
2019/07/19,435.764
2019/07/20,315.516
2019/07/21,225.65
2019/07/22,245.034
2019/07/23,273.527
2019/07/24,290.093
2019/07/25,307.236
2019/07/26,283.978
2019/07/27,228.052
2019/07/28,174.43
2019/07/29,189.571
2019/07/30,253.22
2019/07/31,267.288
2019/08/01,301.844
2019/08/02,271.557
2019/08/03,212.159
2019/08/04,168.545
2019/08/05,291.44
2019/08/06,308.319
2019/08/07,240.406
2019/08/08,300.4
2019/08/09,295.842
2019/08/10,234.654
2019/08/11,204.164
2019/08/12,225.125
2019/08/13,237.337
2019/08/14,240.231
2019/08/15,249.052
2019/08/16,270.292
2019/08/17,239.693
2019/08/18,207.022
2019/08/19,241.325
2019/08/20,267.023
2019/08/21,299.493
2019/08/22,295.452
2019/08/23,273.271
2019/08/24,218.641
2019/08/25,172.799
2019/08/26,235.303
2019/08/27,262.463
2019/08/28,243.44
2019/08/29,237.833
2019/08/30,226.91
2019/08/31,180.46
2019/09/01,168.71
2019/09/02,203.568
2019/09/03,241.785
2019/09/04,284.845
2019/09/05,268.911
2019/09/06,274.287
2019/09/07,232.542
2019/09/08,202.317
2019/09/09,262.995
2019/09/10,287.991
2019/09/11,295.008
2019/09/12,296.876
2019/09/13,300.328
2019/09/14,255.503
2019/09/15,224.925
2019/09/16,254.418
2019/09/17,302.063
2019/09/18,304.077
2019/09/19,286.945
2019/09/20,287.464
2019/09/21,235.553
2019/09/22,179.186
2019/09/23,280.723
2019/09/24,303.655
2019/09/25,310.038
2019/09/26,257.688
2019/09/27,267.592
2019/09/28,195.215
2019/09/29,165.195
2019/09/30,242.877
2019/10/01,262.512
2019/10/02,239.564
2019/10/03,223.412
2019/10/04,197.195
2019/10/05,157.499
2019/10/06,150.05
2019/10/07,184.893
2019/10/08,197.37
2019/10/09,235.816
2019/10/10,234.215
2019/10/11,218.576
2019/10/12,178.194
2019/10/13,149.144
2019/10/14,185.535
2019/10/15,196.136
2019/10/16,207.265
2019/10/17,205.405
2019/10/18,189.565
2019/10/19,164.131
2019/10/20,146.668
2019/10/21,165.715
2019/10/22,174.939
2019/10/23,178.819
2019/10/24,224.092
2019/10/25,274.357
2019/10/26,312.958
2019/10/27,282.507
2019/10/28,287.429
2019/10/29,289.897
2019/10/30,282.429
2019/10/31,294.554
2019/11/01,314.327
2019/11/02,266.707
2019/11/03,234.689
2019/11/04,303.573
2019/11/05,331.349
2019/11/06,329.369
2019/11/07,333.647
2019/11/08,370.259
2019/11/09,315.606
2019/11/10,223.761
2019/11/11,205.337
2019/11/12,219.654
2019/11/13,247.249
2019/11/14,218.287
2019/11/15,259.633
2019/11/16,237.479
2019/11/17,204.94
2019/11/18,231.08
2019/11/19,256.302
2019/11/20,230.073
2019/11/21,265.982
2019/11/22,322.721
2019/11/23,274.186
2019/11/24,217.844
2019/11/25,254.112
2019/11/26,299.22
2019/11/27,300.529
2019/11/28,286.69
2019/11/29,295.964
2019/11/30,265.162
2019/12/01,232.478
2019/12/02,251.713
2019/12/03,243.692
2019/12/04,240.131
2019/12/05,255.741
2019/12/06,251.305
2019/12/07,210.555
2019/12/08,175.642
2019/12/09,225.139
2019/12/10,243.83
2019/12/11,258.835
2019/12/12,255.853
2019/12/13,254.814
2019/12/14,210.728
2019/12/15,205.896
2019/12/16,211.537
2019/12/17,240.145
2019/12/18,274.591
2019/12/19,271.859
2019/12/20,251.709
2019/12/21,198.079
2019/12/22,165.612
2019/12/23,228.347
2019/12/24,240.979
2019/12/25,203.353
2019/12/26,195.944
2019/12/27,214.177
2019/12/28,203.95
2019/12/29,182.644
2019/12/30,203.136
2019/12/31,211.186
2020/01/01,166.091
2020/01/02,190.778
2020/01/03,200.918
2020/01/04,178.819
2020/01/05,164.716
2020/01/06,228.203
2020/01/07,246.531
2020/01/08,297.322
2020/01/09,287.182
2020/01/10,295.278
2020/01/11,236.871
2020/01/12,203.408
2020/01/13,233.064
2020/01/14,291.202
2020/01/15,293.037
2020/01/16,259.663
2020/01/17,272.631
2020/01/18,229.864
2020/01/19,211.242
2020/01/20,221.692
2020/01/21,236.804
2020/01/22,224.023
2020/01/23,214.059
2020/01/24,218.574
2020/01/25,184.432
2020/01/26,170.105
2020/01/27,250.774
2020/01/28,275.802
2020/01/29,266.748
2020/01/30,255.643
2020/01/31,269.505
2020/02/01,243.261
2020/02/02,227.65
2020/02/03,259.069
2020/02/04,288.015
2020/02/05,274.146
2020/02/06,297.431
2020/02/07,324.648
2020/02/08,260.591
2020/02/09,224.542
2020/02/10,277.991
2020/02/11,298.442
2020/02/12,342.13
2020/02/13,360.836
2020/02/14,344.005
2020/02/15,296.29
2020/02/16,233.934
2020/02/17,259.379
2020/02/18,283.102
2020/02/19,304.389
2020/02/20,329.252
2020/02/21,302.078
2020/02/22,250.409
2020/02/23,218.451
2020/02/24,262.72
2020/02/25,277.618
2020/02/26,327.796
2020/02/27,326.385
2020/02/28,303.164
2020/02/29,268.815
2020/03/01,213.854
2020/03/02,272.73
2020/03/03,298.797
2020/03/04,300.911
2020/03/05,315.348
2020/03/06,340.932
2020/03/07,282.796
2020/03/08,237.723
2020/03/09,288.82
2020/03/10,325.956
2020/03/11,334.843
2020/03/12,388.769
2020/03/13,504.242
2020/03/14,376.946
2020/03/15,304.141
2020/03/16,357.844
2020/03/17,375.65
2020/03/18,401.427
2020/03/19,438.686
2020/03/20,451.411
2020/03/21,356.212
2020/03/22,282.146
2020/03/23,317.938
2020/03/24,326.329
2020/03/25,377.351
2020/03/26,331.859
2020/03/27,314.634
2020/03/28,277.668
2020/03/29,227.787
2020/03/30,263.119
2020/03/31,281.918
2020/04/01,294.05
2020/04/02,311.126
2020/04/03,322.934
2020/04/04,263.827
2020/04/05,228.026
2020/04/06,291.765
2020/04/07,301.56
2020/04/08,300.237
2020/04/09,293.303
2020/04/10,284.247
2020/04/11,244.664
2020/04/12,223.084
2020/04/13,233.948
2020/04/14,271.885
2020/04/15,282.252
2020/04/16,302.244
2020/04/17,327.975
2020/04/18,279.481
2020/04/19,243.541
2020/04/20,271.825
2020/04/21,283.934
2020/04/22,329.552
2020/04/23,357.093
2020/04/24,370.548
2020/04/25,334.126
2020/04/26,300.128
2020/04/27,336.782
2020/04/28,339.875
2020/04/29,394.409
2020/04/30,482.785
2020/05/01,450.533
2020/05/02,401.481
2020/05/03,352.464
2020/05/04,373.866
2020/05/05,392.331
2020/05/06,429.059
2020/05/07,466.722
2020/05/08,511.539
2020/05/09,453.125
2020/05/10,428.804
2020/05/11,437.882
2020/05/12,439.152
2020/05/13,473.158
2020/05/14,539.722
2020/05/15,541.64
2020/05/16,425.786
2020/05/17,414.682
2020/05/18,451.928
2020/05/19,486.579
2020/05/20,515.196
2020/05/21,500.627
2020/05/22,510.429
2020/05/23,427.858
2020/05/24,404.299
2020/05/25,434.694
2020/05/26,439.135
2020/05/27,454.022
2020/05/28,466.289
2020/05/29,479.162
2020/05/30,393.95
2020/05/31,332.793
2020/06/01,399.585
2020/06/02,509.38
2020/06/03,493.198
2020/06/04,482.465
2020/06/05,450.486
2020/06/06,361.541
2020/06/07,310.919
2020/06/08,355.727
2020/06/09,404.076
2020/06/10,427.309
2020/06/11,435.409
2020/06/12,438.067
2020/06/13,368.781
2020/06/14,294.006
2020/06/15,378.537
2020/06/16,420.938
2020/06/17,445.874
2020/06/18,474.361
2020/06/19,471.431
2020/06/20,395.409
2020/06/21,328.802
2020/06/22,412.402
2020/06/23,455.358
2020/06/24,466.459
2020/06/25,481.491
2020/06/26,469.786
2020/06/27,418.327
2020/06/28,358.13
2020/06/29,416.67
2020/06/30,463.032
2020/07/01,480.611
2020/07/02,482.13
2020/07/03,481.285
2020/07/04,406.84
2020/07/05,346.511
2020/07/06,413.168
2020/07/07,459.355
2020/07/08,501.072
2020/07/09,496.9
2020/07/10,496.552
2020/07/11,424.631
2020/07/12,356.891
2020/07/13,448.875
2020/07/14,500.633
2020/07/15,532.007
2020/07/16,566.138
2020/07/17,594.038
2020/07/18,539.467
2020/07/19,467.599
2020/07/20,511.29
2020/07/21,577.248
2020/07/22,584.705
2020/07/23,592.565
2020/07/24,548.328
2020/07/25,527.151
2020/07/26,483.533
2020/07/27,604.386
2020/07/28,662.681
2020/07/29,621.188
2020/07/30,612.929
2020/07/31,575.07
2020/08/01,573.903
2020/08/02,513.086
2020/08/03,520.501
2020/08/04,536.552
2020/08/05,596.816
2020/08/06,585.097
2020/08/07,548.727
2020/08/08,506.008
2020/08/09,456.101
2020/08/10,559.915
2020/08/11,569.328
2020/08/12,550.022
2020/08/13,547.331
2020/08/14,519.542
2020/08/15,461.742
2020/08/16,402.903
2020/08/17,506.249
2020/08/18,584.437
2020/08/19,580.776
2020/08/20,553.201
2020/08/21,564.623
2020/08/22,528.535
2020/08/23,437.182
2020/08/24,471.785
2020/08/25,534.323
2020/08/26,532.276
2020/08/27,573.88
2020/08/28,551.055
2020/08/29,504.144
2020/08/30,472.772
2020/08/31,562.587
2020/09/01,584.625
2020/09/02,609.201
2020/09/03,664.545
2020/09/04,702.871
2020/09/05,586.687
2020/09/06,484.649
2020/09/07,472.456
2020/09/08,489.619
2020/09/09,509.421
2020/09/10,512.241
2020/09/11,542.857
2020/09/12,449.374
2020/09/13,396.474
2020/09/14,439.385
2020/09/15,503.117
2020/09/16,523.147
2020/09/17,503.781
2020/09/18,505.893
2020/09/19,470.085
2020/09/20,390.928
2020/09/21,460.468
2020/09/22,522.8
2020/09/23,523.428
2020/09/24,560.121
2020/09/25,533.937
2020/09/26,492.562
2020/09/27,423.973
2020/09/28,493.852
2020/09/29,530.338
2020/09/30,531.768
2020/10/01,587.132
2020/10/02,615.363
2020/10/03,507.743
2020/10/04,422.695
2020/10/05,486.869
2020/10/06,540.251
2020/10/07,518.104
2020/10/08,516.737
2020/10/09,529.965
2020/10/10,491.688
2020/10/11,418.136
2020/10/12,464.633
2020/10/13,490.681
2020/10/14,515.153
2020/10/15,524.024
2020/10/16,532.064
2020/10/17,468.701
2020/10/18,443.296
2020/10/19,515.656
2020/10/20,552.003
2020/10/21,623.509
2020/10/22,668.419
2020/10/23,640.24
2020/10/24,520.932
2020/10/25,493.141
2020/10/26,612.167
2020/10/27,780.013
2020/10/28,842.808
2020/10/29,812.259
2020/10/30,770.602
2020/10/31,690.153
2020/11/01,579.17
2020/11/02,718.895
2020/11/03,671.079
2020/11/04,604.155
2020/11/05,721.942
2020/11/06,722.511
2020/11/07,630.832
2020/11/08,544.615
2020/11/09,539.411
2020/11/10,591.601
2020/11/11,593.918
2020/11/12,600.093
2020/11/13,631.91
2020/11/14,558.016
2020/11/15,476.076
2020/11/16,550.481
2020/11/17,614.66
2020/11/18,647.646
2020/11/19,670.339
2020/11/20,656.487
2020/11/21,566.639
2020/11/22,485.852
2020/11/23,559.051
2020/11/24,667.945
2020/11/25,664.524
2020/11/26,716.988
2020/11/27,658.916
2020/11/28,568.72
2020/11/29,522.64
2020/11/30,692.681
2020/12/01,768.992
2020/12/02,730.425
2020/12/03,676.384
2020/12/04,652.401
2020/12/05,573.67
2020/12/06,527.157
2020/12/07,582.997
2020/12/08,587.086
2020/12/09,611.231
2020/12/10,605.12
2020/12/11,614.485
2020/12/12,558.599
2020/12/13,526.361
2020/12/14,566.317
2020/12/15,614.362
2020/12/16,682.742
2020/12/17,897.299
2020/12/18,858.206
2020/12/19,718.015
2020/12/20,611.348
2020/12/21,765.036
2020/12/22,768.935
2020/12/23,786.239
2020/12/24,773.322
2020/12/25,698.495
2020/12/26,732.979
2020/12/27,758.467
2020/12/28,785.222
2020/12/29,787.254
2020/12/30,811.749
2020/12/31,781.586
2021/01/01,690.272
2021/01/02,811.947
2021/01/03,774.488
2021/01/04,833.836
2021/01/05,832.549
2021/01/06,819.983
2021/01/07,939.638
2021/01/08,1066
2021/01/09,931.067
2021/01/10,842.816
2021/01/11,1013
2021/01/12,982.532
2021/01/13,918.971
2021/01/14,930.945
2021/01/15,873.213
2021/01/16,757.305
2021/01/17,693.825
2021/01/18,766.059
2021/01/19,814.857
2021/01/20,803.134
2021/01/21,892.03
2021/01/22,838.53
2021/01/23,694.613
2021/01/24,622.673
2021/01/25,728.298
2021/01/26,687.485
2021/01/27,709.528
2021/01/28,716.515
2021/01/29,866.615
2021/01/30,778.315
2021/01/31,665.046
2021/02/01,802.875
2021/02/02,810.326
2021/02/03,852.706
2021/02/04,850.345
2021/02/05,798.024
2021/02/06,790.075
2021/02/07,717.191
2021/02/08,869.182
2021/02/09,1050
2021/02/10,1035
2021/02/11,1075
2021/02/12,1041
2021/02/13,871.679
2021/02/14,808.062
2021/02/15,873.264
2021/02/16,997.733
2021/02/17,1107
2021/02/18,1127
2021/02/19,1154
2021/02/20,1150
2021/02/21,1118
2021/02/22,1264
2021/02/23,1445
2021/02/24,1226
2021/02/25,1117
2021/02/26,1066
2021/02/27,867.092
2021/02/28,821.146
2021/03/01,944.523
2021/03/02,937.009
2021/03/03,960.748
2021/03/04,977.776
2021/03/05,904.424
2021/03/06,801.097
2021/03/07,824.031
2021/03/08,874.79
2021/03/09,1005
2021/03/10,1009
2021/03/11,1057
2021/03/12,1021
2021/03/13,1070
2021/03/14,921.128
2021/03/15,1019
2021/03/16,1000
2021/03/17,1005
2021/03/18,1002
2021/03/19,975.926
2021/03/20,881.117
2021/03/21,858.285
2021/03/22,915.263
2021/03/23,918.79
2021/03/24,949.709
2021/03/25,934.435
2021/03/26,981.262
2021/03/27,878.321
2021/03/28,817.022
2021/03/29,929.606
2021/03/30,968.63
2021/03/31,974.638
2021/04/01,986.535
2021/04/02,994.551
2021/04/03,930.529
2021/04/04,837.454
2021/04/05,912.903
2021/04/06,984.864
2021/04/07,971.782
2021/04/08,982.663
2021/04/09,957.426
2021/04/10,878.302
2021/04/11,829.008
2021/04/12,977.603
2021/04/13,1072
2021/04/14,1178
2021/04/15,1076
2021/04/16,1269
2021/04/17,1364
2021/04/18,1240
2021/04/19,1371
2021/04/20,1295
2021/04/21,1290
2021/04/22,1271
2021/04/23,1197
2021/04/24,926.055
2021/04/25,788.014
2021/04/26,1009
2021/04/27,990.254
2021/04/28,974.53
2021/04/29,1067
2021/04/30,1077
2021/05/01,957.816
2021/05/02,898.992
2021/05/03,971.688
2021/05/04,995.922
2021/05/05,995.661
2021/05/06,1007
2021/05/07,998.109
2021/05/08,974.53
2021/05/09,929.49
2021/05/10,1011
2021/05/11,999.476
2021/05/12,1017
2021/05/13,1130
2021/05/14,1102
2021/05/15,1038
2021/05/16,1001
2021/05/17,1101
2021/05/18,1152
2021/05/19,1491
2021/05/20,1506
2021/05/21,1389
2021/05/22,1119
2021/05/23,1059
2021/05/24,1076
2021/05/25,1043
2021/05/26,1034
2021/05/27,1054
2021/05/28,1030
2021/05/29,891.445
2021/05/30,808.284
2021/05/31,890.115
2021/06/01,920.2
2021/06/02,892.719
2021/06/03,897.093
2021/06/04,872.803
2021/06/05,800.008
2021/06/06,710.945
2021/06/07,787.8
2021/06/08,848.813
2021/06/09,891.704
2021/06/10,936.551
2021/06/11,951.504
2021/06/12,817.82
2021/06/13,768.821
2021/06/14,839.255
2021/06/15,889.858
2021/06/16,865.249
2021/06/17,832.998
2021/06/18,817.64
2021/06/19,791.924
2021/06/20,774.777
2021/06/21,874.402
2021/06/22,1017
2021/06/23,998.138
2021/06/24,915.148
2021/06/25,877.333
2021/06/26,784.062
2021/06/27,907.875
2021/06/28,937.46
2021/06/29,962.879
2021/06/30,955.25
2021/07/01,919.238
2021/07/02,948.02
2021/07/03,791.221
2021/07/04,776.099
2021/07/05,782.752
2021/07/06,796.815
2021/07/07,830.778
2021/07/08,807.821
2021/07/09,779.852
2021/07/10,716.903
2021/07/11,668.859
2021/07/12,710.252
2021/07/13,730.438
2021/07/14,723.437
2021/07/15,758.899
2021/07/16,737.184
2021/07/17,683.518
2021/07/18,664.035
2021/07/19,691.852
2021/07/20,734.557
2021/07/21,751.257
2021/07/22,732.097
2021/07/23,707.741
2021/07/24,679.29
2021/07/25,643.913
2021/07/26,763.43
2021/07/27,767.427
2021/07/28,800.406
2021/07/29,756.313
2021/07/30,725.244
2021/07/31,708.489
2021/08/01,695.807
2021/08/02,733.294
2021/08/03,754.105
2021/08/04,770.365
2021/08/05,779.804
2021/08/06,756.501
2021/08/07,736.018
2021/08/08,715.959
2021/08/09,754.397
2021/08/10,768.567
2021/08/11,790.999
2021/08/12,770.927
2021/08/13,778.87
2021/08/14,743.091
2021/08/15,718.978
2021/08/16,740.49
2021/08/17,779.318
2021/08/18,788.442
2021/08/19,774.03
2021/08/20,792.171
2021/08/21,754.721
2021/08/22,695.003
2021/08/23,765.966
2021/08/24,763.099
2021/08/25,750.781
2021/08/26,742.545
2021/08/27,739.657
2021/08/28,683.859
2021/08/29,649.521
2021/08/30,718.654
2021/08/31,761.733
2021/09/01,805.04
2021/09/02,809.38
2021/09/03,814.034
2021/09/04,716.887
2021/09/05,677.002
2021/09/06,735.265
2021/09/07,833.418
2021/09/08,833.401
2021/09/09,775.758
2021/09/10,732.356
2021/09/11,666.65
2021/09/12,621.091
2021/09/13,671.36
2021/09/14,694.238
2021/09/15,733.941
2021/09/16,726.821
2021/09/17,720.906
2021/09/18,656.991
2021/09/19,603.121
2021/09/20,681.776
2021/09/21,743.103
2021/09/22,691.865
2021/09/23,688.947
2021/09/24,711.71
2021/09/25,636.647
2021/09/26,591.697
2021/09/27,670.689
2021/09/28,647.763
2021/09/29,689.966
2021/09/30,696.261
2021/10/01,755.608
2021/10/02,666.165
2021/10/03,629.145
2021/10/04,704.626
2021/10/05,724.312
2021/10/06,826.826
2021/10/07,828.892
2021/10/08,810.435
2021/10/09,707.432
2021/10/10,674.727
2021/10/11,768.008
2021/10/12,808.39
2021/10/13,765.005
2021/10/14,791.339
2021/10/15,846.075
2021/10/16,759.074
2021/10/17,706.502
2021/10/18,786.458
2021/10/19,816.571
2021/10/20,897.093
2021/10/21,868.822
2021/10/22,834.266
2021/10/23,757.096
2021/10/24,707.144
2021/10/25,751.319
2021/10/26,758.691
2021/10/27,768.734
2021/10/28,757.769
2021/10/29,747.618
2021/10/30,706.016
2021/10/31,714.56
2021/11/01,781.719
2021/11/02,827.932
2021/11/03,827.17
2021/11/04,804.27
2021/11/05,792.246
2021/11/06,726.391
2021/11/07,705.898
2021/11/08,840.44
2021/11/09,851.634
2021/11/10,876.783
2021/11/11,806.572
2021/11/12,775.887
2021/11/13,712.989
2021/11/14,673.279
2021/11/15,728.005
2021/11/16,773.727
2021/11/17,764.065
2021/11/18,770.536
2021/11/19,777.919
2021/11/20,701.551
2021/11/21,665.066
2021/11/22,698.446
2021/11/23,719.048
2021/11/24,714.248
2021/11/25,712.638
2021/11/26,742.993
2021/11/27,671.95
2021/11/28,656.76
2021/11/29,702.472
2021/11/30,749.988
2021/12/01,797.697
2021/12/02,741.195
2021/12/03,736.902
2021/12/04,772.877
2021/12/05,706.062
2021/12/06,726.238
2021/12/07,742.409
2021/12/08,748.218
2021/12/09,755.365
2021/12/10,733.923
2021/12/11,657.945
2021/12/12,609.209
2021/12/13,691.524
