Date,mediantransactionvalue14rocUSD
2010/07/17,0
2010/07/18,0
2010/07/19,0
2010/07/20,0
2010/07/21,0
2010/07/22,0
2010/07/23,0
2010/07/24,0
2010/07/25,0
2010/07/26,0
2010/07/27,0
2010/07/28,0
2010/07/29,0
2010/07/30,0
2010/07/31,441.623
2010/08/01,740.62
2010/08/02,613.454
2010/08/03,-82.782
2010/08/04,-22.221
2010/08/05,182.524
2010/08/06,-68.523
2010/08/07,222.741
2010/08/08,-66.947
2010/08/09,34.722
2010/08/10,1668
2010/08/11,106712
2010/08/12,106381
2010/08/13,270.292
2010/08/14,147.056
2010/08/15,8.346
2010/08/16,50.278
2010/08/17,285.381
2010/08/18,15.609
2010/08/19,13.014
2010/08/20,1189
2010/08/21,129.375
2010/08/22,2064
2010/08/23,-8.33
2010/08/24,-5.862
2010/08/25,3.307
2010/08/26,-90.807
2010/08/27,-1.527
2010/08/28,-80.513
2010/08/29,-89.444
2010/08/30,-94.609
2010/08/31,-8.406
2010/09/01,-80.105
2010/09/02,-7.301
2010/09/03,86.462
2010/09/04,86.992
2010/09/05,-5.258
2010/09/06,-5.049
2010/09/07,-5.627
2010/09/08,-96.672
2010/09/09,863.285
2010/09/10,-90.481
2010/09/11,-62.069
2010/09/12,-77.429
2010/09/13,200.258
2010/09/14,-0.097
2010/09/15,212.387
2010/09/16,-0.78
2010/09/17,-51.364
2010/09/18,-51.346
2010/09/19,61.594
2010/09/20,-76.019
2010/09/21,-94.923
2010/09/22,-66.925
2010/09/23,-65.388
2010/09/24,290.684
2010/09/25,-78.436
2010/09/26,202.249
2010/09/27,-81.278
2010/09/28,-21.263
2010/09/29,200.616
2010/09/30,-61.13
2010/10/01,-74.342
2010/10/02,-95.891
2010/10/03,3.844
2010/10/04,2237
2010/10/05,9431
2010/10/06,8507
2010/10/07,1102
2010/10/08,949.01
2010/10/09,22934
2010/10/10,3941
2010/10/11,4405
2010/10/12,68.609
2010/10/13,-23.586
2010/10/14,7624
2010/10/15,7999
2010/10/16,96055
2010/10/17,389.756
2010/10/18,-11.533
2010/10/19,-73.437
2010/10/20,60.1
2010/10/21,-59.852
2010/10/22,-91.103
2010/10/23,-82.181
2010/10/24,-85.517
2010/10/25,1239
2010/10/26,2254
2010/10/27,1963
2010/10/28,2.075
2010/10/29,-85.152
2010/10/30,-84.143
2010/10/31,-53.374
2010/11/01,-93.703
2010/11/02,1242
2010/11/03,94.422
2010/11/04,530.118
2010/11/05,374.557
2010/11/06,652.183
2010/11/07,1353
2010/11/08,-61.908
2010/11/09,-87.769
2010/11/10,-77.857
2010/11/11,-80.06
2010/11/12,200.356
2010/11/13,-25.123
2010/11/14,-39.313
2010/11/15,642.159
2010/11/16,-76.772
2010/11/17,93.147
2010/11/18,-99.954
2010/11/19,-99.948
2010/11/20,-99.983
2010/11/21,-99.986
2010/11/22,-53.499
2010/11/23,23.325
2010/11/24,-99.987
2010/11/25,-99.554
2010/11/26,-94.929
2010/11/27,-82.746
2010/11/28,-42.271
2010/11/29,-53.591
2010/11/30,-82.166
2010/12/01,-78.86
2010/12/02,25328
2010/12/03,103162
2010/12/04,71391
2010/12/05,48828
2010/12/06,-95.288
2010/12/07,-86.164
2010/12/08,40086
2010/12/09,7473
2010/12/10,270.232
2010/12/11,94.385
2010/12/12,-39.558
2010/12/13,229.25
2010/12/14,1583
2010/12/15,1432
2010/12/16,1042
2010/12/17,331.837
2010/12/18,1117
2010/12/19,148.92
2010/12/20,651.821
2010/12/21,518.211
2010/12/22,839.215
2010/12/23,94.836
2010/12/24,124.426
2010/12/25,1252
2010/12/26,1484
2010/12/27,17.273
2010/12/28,-76.935
2010/12/29,-76.401
2010/12/30,-65.388
2010/12/31,4.687
2011/01/01,-42.758
2011/01/02,339.712
2011/01/03,-99.058
2011/01/04,-98.417
2011/01/05,-98.911
2011/01/06,-88.492
2011/01/07,-62.973
2011/01/08,-98.514
2011/01/09,-96.144
2011/01/10,-97.105
2011/01/11,-78.084
2011/01/12,-97.604
2011/01/13,-83.635
2011/01/14,-95.374
2011/01/15,17.825
2011/01/16,-24.11
2011/01/17,32098
2011/01/18,2130
2011/01/19,7175
2011/01/20,316.431
2011/01/21,-25.201
2011/01/22,5.87
2011/01/23,820.866
2011/01/24,1059
2011/01/25,695.07
2011/01/26,4414
2011/01/27,519.281
2011/01/28,1389
2011/01/29,-56.252
2011/01/30,864.004
2011/01/31,55.088
2011/02/01,560.605
2011/02/02,255.713
2011/02/03,375.835
2011/02/04,930.306
2011/02/05,3860
2011/02/06,189.929
2011/02/07,841.198
2011/02/08,171.01
2011/02/09,185.522
2011/02/10,234.845
2011/02/11,827.407
2011/02/12,615.1
2011/02/13,-60.321
2011/02/14,9.003
2011/02/15,-24.602
2011/02/16,-43.065
2011/02/17,-20.871
2011/02/18,-51.947
2011/02/19,1.399
2011/02/20,1.229
2011/02/21,-2.843
2011/02/22,1.08
2011/02/23,-11.491
2011/02/24,-20.1
2011/02/25,-48.242
2011/02/26,-9.552
2011/02/27,-51.918
2011/02/28,-35.146
2011/03/01,-43.697
2011/03/02,-48.659
2011/03/03,-39.586
2011/03/04,-25.854
2011/03/05,-11.558
2011/03/06,-9.923
2011/03/07,-41.475
2011/03/08,-52.254
2011/03/09,-5.863
2011/03/10,-62.648
2011/03/11,-65.3
2011/03/12,-98.826
2011/03/13,-96.553
2011/03/14,-99.949
2011/03/15,-86.663
2011/03/16,-99.902
2011/03/17,-99.6
2011/03/18,-47.62
2011/03/19,-98.671
2011/03/20,-80.825
2011/03/21,-99.967
2011/03/22,61.489
2011/03/23,-48.347
2011/03/24,19.668
2011/03/25,111.879
2011/03/26,2556
2011/03/27,1050
2011/03/28,159498
2011/03/29,295.395
2011/03/30,159358
2011/03/31,30798
2011/04/01,161.912
2011/04/02,2725
2011/04/03,118.726
2011/04/04,347567
2011/04/05,-42.012
2011/04/06,-34.675
2011/04/07,-28.27
2011/04/08,-51.678
2011/04/09,1.621
2011/04/10,8.857
2011/04/11,-15.586
2011/04/12,166.284
2011/04/13,-0.196
2011/04/14,-39.602
2011/04/15,35.745
2011/04/16,109.763
2011/04/17,-12.876
2011/04/18,-84.33
2011/04/19,71.314
2011/04/20,116.703
2011/04/21,68.338
2011/04/22,34.287
2011/04/23,86.988
2011/04/24,93.252
2011/04/25,125.139
2011/04/26,142.671
2011/04/27,162.791
2011/04/28,145.782
2011/04/29,134.013
2011/04/30,37.49
2011/05/01,144.967
2011/05/02,1090
2011/05/03,123.182
2011/05/04,255.136
2011/05/05,210.06
2011/05/06,216.61
2011/05/07,92.403
2011/05/08,118.579
2011/05/09,97.493
2011/05/10,103.464
2011/05/11,187.414
2011/05/12,159.466
2011/05/13,50.496
2011/05/14,124.274
2011/05/15,217.59
2011/05/16,128.612
2011/05/17,70.695
2011/05/18,-14.427
2011/05/19,10.7
2011/05/20,133.052
2011/05/21,250.488
2011/05/22,240.715
2011/05/23,92.213
2011/05/24,67.19
2011/05/25,34.948
2011/05/26,129.696
2011/05/27,88.293
2011/05/28,75.149
2011/05/29,47.006
2011/05/30,44.58
2011/05/31,22.805
2011/06/01,102.041
2011/06/02,111.055
2011/06/03,49.097
2011/06/04,61.699
2011/06/05,196.918
2011/06/06,208.309
2011/06/07,193.898
2011/06/08,219.235
2011/06/09,262.407
2011/06/10,259.812
2011/06/11,288.808
2011/06/12,138.344
2011/06/13,177.398
2011/06/14,264.815
2011/06/15,164.966
2011/06/16,226.136
2011/06/17,45.625
2011/06/18,-32.097
2011/06/19,-9.876
2011/06/20,12.241
2011/06/21,-36.41
2011/06/22,-26.77
2011/06/23,-49.4
2011/06/24,-32.919
2011/06/25,-61.007
2011/06/26,-36.857
2011/06/27,-61.908
2011/06/28,-59.535
2011/06/29,-38.759
2011/06/30,-48.449
2011/07/01,-55.271
2011/07/02,38.731
2011/07/03,-41.833
2011/07/04,-38.088
2011/07/05,-21.186
2011/07/06,-49.5
2011/07/07,-31.881
2011/07/08,-51.499
2011/07/09,-12.638
2011/07/10,-16.067
2011/07/11,-13.766
2011/07/12,-20.191
2011/07/13,-30.565
2011/07/14,-30.01
2011/07/15,53.171
2011/07/16,-48.02
2011/07/17,-19.778
2011/07/18,4.485
2011/07/19,-3.803
2011/07/20,16.788
2011/07/21,2.1
2011/07/22,19.639
2011/07/23,3.391
2011/07/24,4.117
2011/07/25,38.045
2011/07/26,23.482
2011/07/27,55.383
2011/07/28,83.283
2011/07/29,-4.383
2011/07/30,82.942
2011/07/31,30.66
2011/08/01,-3.871
2011/08/02,-15.166
2011/08/03,10.495
2011/08/04,-42.913
2011/08/05,-29.837
2011/08/06,-43.228
2011/08/07,-40.563
2011/08/08,-31.672
2011/08/09,-40.048
2011/08/10,-51.875
2011/08/11,-62.15
2011/08/12,-39.699
2011/08/13,-63.707
2011/08/14,-41.213
2011/08/15,-65.212
2011/08/16,-57.304
2011/08/17,-45.805
2011/08/18,28.668
2011/08/19,-15.382
2011/08/20,21.564
2011/08/21,-4.455
2011/08/22,16.491
2011/08/23,20.854
2011/08/24,2.252
2011/08/25,12.273
2011/08/26,15.478
2011/08/27,50.921
2011/08/28,11.021
2011/08/29,17.208
2011/08/30,57.341
2011/08/31,32.968
2011/09/01,4.125
2011/09/02,15.583
2011/09/03,11.514
2011/09/04,-21.652
2011/09/05,-10.321
2011/09/06,17.84
2011/09/07,-25.739
2011/09/08,-25.652
2011/09/09,-22.046
2011/09/10,-43.002
2011/09/11,-41.645
2011/09/12,6.255
2011/09/13,-7.922
2011/09/14,-20.6
2011/09/15,-27.712
2011/09/16,-31.525
2011/09/17,-35.876
2011/09/18,8.733
2011/09/19,-52.987
2011/09/20,-77.574
2011/09/21,-44.311
2011/09/22,-22.201
2011/09/23,4.651
2011/09/24,36.194
2011/09/25,-0.624
2011/09/26,-15.416
2011/09/27,-8.243
2011/09/28,-40.457
2011/09/29,-6.253
2011/09/30,0.151
2011/10/01,-6.75
2011/10/02,3.137
2011/10/03,5.96
2011/10/04,170.179
2011/10/05,88.092
2011/10/06,17.484
2011/10/07,-7.332
2011/10/08,-22.955
2011/10/09,7.458
2011/10/10,-14.612
2011/10/11,-40.759
2011/10/12,1.639
2011/10/13,-33.872
2011/10/14,-14.598
2011/10/15,-18.812
2011/10/16,-26.144
2011/10/17,-16.294
2011/10/18,-54.655
2011/10/19,-62.592
2011/10/20,-53.741
2011/10/21,-54.255
2011/10/22,-29.27
2011/10/23,-28.809
2011/10/24,-9.961
2011/10/25,-9.589
2011/10/26,-34.796
2011/10/27,-15.888
2011/10/28,-24.657
2011/10/29,-12.989
2011/10/30,-30.259
2011/10/31,-22.791
2011/11/01,22.12
2011/11/02,54.939
2011/11/03,26.029
2011/11/04,19.952
2011/11/05,-5.45
2011/11/06,-2.184
2011/11/07,-4.367
2011/11/08,17.308
2011/11/09,5.845
2011/11/10,-16.691
2011/11/11,-5
2011/11/12,-2.938
2011/11/13,-17.609
2011/11/14,10.884
2011/11/15,-21.266
2011/11/16,-21.255
2011/11/17,18.538
2011/11/18,-29.458
2011/11/19,-24.422
2011/11/20,-25.604
2011/11/21,-18.112
2011/11/22,-23.705
2011/11/23,-24.186
2011/11/24,-7.969
2011/11/25,-19.235
2011/11/26,-17.443
2011/11/27,2.579
2011/11/28,-22.356
2011/11/29,-29.788
2011/11/30,-9.542
2011/12/01,-28.776
2011/12/02,21.135
2011/12/03,12.545
2011/12/04,-7.567
2011/12/05,-30.679
2011/12/06,-52.294
2011/12/07,28.105
2011/12/08,28.117
2011/12/09,25.408
2011/12/10,38.899
2011/12/11,41.262
2011/12/12,57.506
2011/12/13,69.401
2011/12/14,47.987
2011/12/15,32.089
2011/12/16,24.902
2011/12/17,12.77
2011/12/18,23.099
2011/12/19,86.907
2011/12/20,234.012
2011/12/21,34.557
2011/12/22,23.42
2011/12/23,-18.181
2011/12/24,-30.122
2011/12/25,-9.01
2011/12/26,-4.914
2011/12/27,0.049
2011/12/28,9.907
2011/12/29,-1.074
2011/12/30,3.09
2011/12/31,20.706
2012/01/01,53.763
2012/01/02,2.299
2012/01/03,-8.049
2012/01/04,19.244
2012/01/05,35.587
2012/01/06,139.192
2012/01/07,98.119
2012/01/08,72.345
2012/01/09,55.622
2012/01/10,23.46
2012/01/11,-1.663
2012/01/12,13.585
2012/01/13,7.712
2012/01/14,4.273
2012/01/15,-15.625
2012/01/16,6.096
2012/01/17,12.451
2012/01/18,17.263
2012/01/19,1.343
2012/01/20,-25.405
2012/01/21,-8.596
2012/01/22,0.837
2012/01/23,-1.94
2012/01/24,11.597
2012/01/25,-2.214
2012/01/26,5.311
2012/01/27,-2.635
2012/01/28,-1.532
2012/01/29,-6.134
2012/01/30,43.519
2012/01/31,14.365
2012/02/01,-10.235
2012/02/02,-21.148
2012/02/03,13.967
2012/02/04,-19.046
2012/02/05,-27.918
2012/02/06,-22.015
2012/02/07,-15.621
2012/02/08,0.48
2012/02/09,-23.929
2012/02/10,-41.974
2012/02/11,-31.185
2012/02/12,-5.8
2012/02/13,-43.783
2012/02/14,-51.895
2012/02/15,-71.041
2012/02/16,-68.948
2012/02/17,-24.718
2012/02/18,-12.921
2012/02/19,-25.751
2012/02/20,-30.716
2012/02/21,-2.373
2012/02/22,-2.956
2012/02/23,-11.765
2012/02/24,76.555
2012/02/25,65.811
2012/02/26,29.894
2012/02/27,23.123
2012/02/28,79.614
2012/02/29,192.76
2012/03/01,241.71
2012/03/02,-4.723
2012/03/03,2.899
2012/03/04,27.399
2012/03/05,24.956
2012/03/06,2.501
2012/03/07,5.249
2012/03/08,45.088
2012/03/09,4.2
2012/03/10,-15.526
2012/03/11,-15.27
2012/03/12,20.144
2012/03/13,-7.98
2012/03/14,23.953
2012/03/15,-3.096
2012/03/16,15.422
2012/03/17,-21.689
2012/03/18,-7.795
2012/03/19,9.979
2012/03/20,9.059
2012/03/21,6.664
2012/03/22,5.327
2012/03/23,-15.009
2012/03/24,10.387
2012/03/25,-4.41
2012/03/26,-24.743
2012/03/27,-8.851
2012/03/28,-21.848
2012/03/29,2.164
2012/03/30,13.041
2012/03/31,55.669
2012/04/01,18.879
2012/04/02,-9.522
2012/04/03,-3.286
2012/04/04,-10.591
2012/04/05,-10.62
2012/04/06,20.686
2012/04/07,-16.811
2012/04/08,-3.886
2012/04/09,13.238
2012/04/10,-38.957
2012/04/11,-7.989
2012/04/12,0.564
2012/04/13,-3.461
2012/04/14,-29.003
2012/04/15,-34.704
2012/04/16,16.655
2012/04/17,34.169
2012/04/18,4.098
2012/04/19,14.036
2012/04/20,38.428
2012/04/21,20.233
2012/04/22,0.388
2012/04/23,-14.325
2012/04/24,94.892
2012/04/25,-24.905
2012/04/26,-50.344
2012/04/27,-26.796
2012/04/28,-15.49
2012/04/29,-36.333
2012/04/30,-54.432
2012/05/01,-73.891
2012/05/02,-54.635
2012/05/03,-81.018
2012/05/04,-90.319
2012/05/05,-85.637
2012/05/06,-74.205
2012/05/07,-83.028
2012/05/08,-86.905
2012/05/09,-74.047
2012/05/10,-60.471
2012/05/11,-90.962
2012/05/12,-87.779
2012/05/13,-74.846
2012/05/14,-79.744
2012/05/15,-69.904
2012/05/16,-77.622
2012/05/17,-61.573
2012/05/18,-69.372
2012/05/19,-75.008
2012/05/20,-71.606
2012/05/21,-69.798
2012/05/22,-44.581
2012/05/23,-58.807
2012/05/24,-68.35
2012/05/25,-13.926
2012/05/26,-32.231
2012/05/27,-34.375
2012/05/28,-38.568
2012/05/29,-0.845
2012/05/30,-16.046
2012/05/31,81.127
2012/06/01,69.316
2012/06/02,456.406
2012/06/03,-1.919
2012/06/04,-29.596
2012/06/05,-41.67
2012/06/06,272.237
2012/06/07,32.907
2012/06/08,7.604
2012/06/09,-5.925
2012/06/10,-48.409
2012/06/11,-27.739
2012/06/12,-21.373
2012/06/13,-53
2012/06/14,-88.566
2012/06/15,-54.657
2012/06/16,-73.813
2012/06/17,-27.979
2012/06/18,66.738
2012/06/19,53.149
2012/06/20,-76.615
2012/06/21,-21.353
2012/06/22,4.187
2012/06/23,54.791
2012/06/24,100.377
2012/06/25,57.467
2012/06/26,-11.686
2012/06/27,156.564
2012/06/28,526.307
2012/06/29,203.948
2012/06/30,71.296
2012/07/01,119.984
2012/07/02,136.545
2012/07/03,290.099
2012/07/04,264.125
2012/07/05,74.806
2012/07/06,62.035
2012/07/07,52.417
2012/07/08,52.587
2012/07/09,226.78
2012/07/10,75.675
2012/07/11,3.083
2012/07/12,102.824
2012/07/13,104.385
2012/07/14,255.765
2012/07/15,97.208
2012/07/16,89.572
2012/07/17,-42.099
2012/07/18,-40.814
2012/07/19,21.115
2012/07/20,-6.746
2012/07/21,-5.216
2012/07/22,1.692
2012/07/23,-2.904
2012/07/24,30.029
2012/07/25,127.556
2012/07/26,-16.51
2012/07/27,88.512
2012/07/28,-37.755
2012/07/29,28.994
2012/07/30,21.911
2012/07/31,127.872
2012/08/01,137.629
2012/08/02,94.12
2012/08/03,646.457
2012/08/04,373.614
2012/08/05,290.109
2012/08/06,54.593
2012/08/07,304.845
2012/08/08,1.604
2012/08/09,70.065
2012/08/10,1.391
2012/08/11,17.156
2012/08/12,-21.603
2012/08/13,-55.184
2012/08/14,-23.954
2012/08/15,-43.769
2012/08/16,118.511
2012/08/17,-22.754
2012/08/18,-2.954
2012/08/19,-18.857
2012/08/20,57.464
2012/08/21,-8.616
2012/08/22,168.311
2012/08/23,215.426
2012/08/24,51.703
2012/08/25,50.461
2012/08/26,141.841
2012/08/27,199.054
2012/08/28,-9.106
2012/08/29,70.292
2012/08/30,-70.71
2012/08/31,-68.497
2012/09/01,-71.257
2012/09/02,-22.279
2012/09/03,-71.346
2012/09/04,-69.852
2012/09/05,-72.024
2012/09/06,-80.377
2012/09/07,-44.395
2012/09/08,65.849
2012/09/09,36.359
2012/09/10,-54.375
2012/09/11,-48.799
2012/09/12,-47.603
2012/09/13,-23.219
2012/09/14,-27.727
2012/09/15,-7.728
2012/09/16,-53.194
2012/09/17,42.72
2012/09/18,28.352
2012/09/19,85.582
2012/09/20,88.451
2012/09/21,-44.877
2012/09/22,-56.21
2012/09/23,-72.262
2012/09/24,0.641
2012/09/25,230.543
2012/09/26,12.245
2012/09/27,59.849
2012/09/28,7.752
2012/09/29,63.376
2012/09/30,87.208
2012/10/01,-1.546
2012/10/02,53.166
2012/10/03,34.37
2012/10/04,-17.471
2012/10/05,-8.146
2012/10/06,-57.911
2012/10/07,-11.495
2012/10/08,-26.325
2012/10/09,-59.946
2012/10/10,-4.757
2012/10/11,-20.813
2012/10/12,28.137
2012/10/13,-31.877
2012/10/14,-23.66
2012/10/15,26.263
2012/10/16,-55.114
2012/10/17,-32.224
2012/10/18,15.564
2012/10/19,77.969
2012/10/20,75.86
2012/10/21,-28.719
2012/10/22,1.346
2012/10/23,4.187
2012/10/24,64.667
2012/10/25,116.735
2012/10/26,220.593
2012/10/27,387.297
2012/10/28,144.682
2012/10/29,22.249
2012/10/30,25.947
2012/10/31,-2.157
2012/11/01,19.34
2012/11/02,-30.419
2012/11/03,49.848
2012/11/04,109.457
2012/11/05,31.041
2012/11/06,-3.211
2012/11/07,-31.787
2012/11/08,-21.793
2012/11/09,-43.198
2012/11/10,-81.342
2012/11/11,-37.067
2012/11/12,-34.964
2012/11/13,-16.163
2012/11/14,-50.392
2012/11/15,-59.466
2012/11/16,-21.157
2012/11/17,-36.087
2012/11/18,-20.956
2012/11/19,-3.288
2012/11/20,4.924
2012/11/21,-27.488
2012/11/22,-38.285
2012/11/23,-61.023
2012/11/24,95.879
2012/11/25,-40.218
2012/11/26,-11.869
2012/11/27,132.113
2012/11/28,61.131
2012/11/29,-5.737
2012/11/30,24.948
2012/12/01,0.542
2012/12/02,67.341
2012/12/03,162.329
2012/12/04,54.34
2012/12/05,105.028
2012/12/06,229.007
2012/12/07,71.048
2012/12/08,-17.668
2012/12/09,7.527
2012/12/10,51.767
2012/12/11,-32.316
2012/12/12,21.155
2012/12/13,55.843
2012/12/14,-2.834
2012/12/15,9.709
2012/12/16,-52.92
2012/12/17,-58.97
2012/12/18,-31.84
2012/12/19,-33.531
2012/12/20,-68.585
2012/12/21,-35.502
2012/12/22,-34.418
2012/12/23,-19.401
2012/12/24,29.797
2012/12/25,-5.87
2012/12/26,-38.155
2012/12/27,-38.368
2012/12/28,-21.428
2012/12/29,-18.017
2012/12/30,-9.352
2012/12/31,11.695
2013/01/01,9.475
2013/01/02,7.821
2013/01/03,45.195
2013/01/04,-7.747
2013/01/05,21.614
2013/01/06,63.434
2013/01/07,-36.85
2013/01/08,4.262
2013/01/09,54.658
2013/01/10,24.278
2013/01/11,18.074
2013/01/12,13.875
2013/01/13,7.376
2013/01/14,-25.212
2013/01/15,6.621
2013/01/16,1.214
2013/01/17,-17.204
2013/01/18,74.605
2013/01/19,-4.333
2013/01/20,11.83
2013/01/21,34.139
2013/01/22,79.71
2013/01/23,43.736
2013/01/24,98.242
2013/01/25,62.713
2013/01/26,35.069
2013/01/27,77.544
2013/01/28,129.599
2013/01/29,62.39
2013/01/30,132.337
2013/01/31,20.572
2013/02/01,-18.73
2013/02/02,49.955
2013/02/03,-19.198
2013/02/04,-6.2
2013/02/05,-7.278
2013/02/06,13.305
2013/02/07,-33.71
2013/02/08,-2.793
2013/02/09,21.495
2013/02/10,7.705
2013/02/11,-10.349
2013/02/12,-8.489
2013/02/13,-47.614
2013/02/14,28.194
2013/02/15,30.396
2013/02/16,-11.406
2013/02/17,15.301
2013/02/18,5.1
2013/02/19,-38.631
2013/02/20,-44.534
2013/02/21,10.15
2013/02/22,-15.15
2013/02/23,-18.588
2013/02/24,-19.759
2013/02/25,-32.291
2013/02/26,-18.934
2013/02/27,0.327
2013/02/28,-23.133
2013/03/01,-4.798
2013/03/02,-7.09
2013/03/03,-20.699
2013/03/04,-12.024
2013/03/05,51.264
2013/03/06,45.075
2013/03/07,36.8
2013/03/08,51.269
2013/03/09,37.837
2013/03/10,45.583
2013/03/11,80.578
2013/03/12,80.703
2013/03/13,71.613
2013/03/14,47.017
2013/03/15,30.554
2013/03/16,163.668
2013/03/17,172.54
2013/03/18,197.416
2013/03/19,113.514
2013/03/20,115.046
2013/03/21,93.211
2013/03/22,92.004
2013/03/23,62.81
2013/03/24,83.966
2013/03/25,85.274
2013/03/26,101.908
2013/03/27,103.899
2013/03/28,109.962
2013/03/29,146.978
2013/03/30,7.145
2013/03/31,28.732
2013/04/01,17.119
2013/04/02,55.315
2013/04/03,77.719
2013/04/04,148.975
2013/04/05,136.282
2013/04/06,116.499
2013/04/07,60.875
2013/04/08,171.667
2013/04/09,183.895
2013/04/10,440.311
2013/04/11,92.127
2013/04/12,52.484
2013/04/13,52.191
2013/04/14,-4.965
2013/04/15,6.566
2013/04/16,-42.267
2013/04/17,-31.394
2013/04/18,-25.429
2013/04/19,-26.672
2013/04/20,-30.104
2013/04/21,14.504
2013/04/22,-34.599
2013/04/23,-62.619
2013/04/24,-77.064
2013/04/25,-20.731
2013/04/26,-7.416
2013/04/27,21.233
2013/04/28,49.549
2013/04/29,31.778
2013/04/30,38.034
2013/05/01,25.241
2013/05/02,-22.624
2013/05/03,-22.445
2013/05/04,-26.284
2013/05/05,-19.346
2013/05/06,-24.721
2013/05/07,-3.035
2013/05/08,-2.222
2013/05/09,-34.273
2013/05/10,-34.302
2013/05/11,-46.111
2013/05/12,-27.107
2013/05/13,-27.043
2013/05/14,-24.836
2013/05/15,-29.828
2013/05/16,-5.385
2013/05/17,-4.106
2013/05/18,72.275
2013/05/19,-3.932
2013/05/20,17.843
2013/05/21,26.891
2013/05/22,21.032
2013/05/23,50.134
2013/05/24,66.326
2013/05/25,63.033
2013/05/26,59.376
2013/05/27,10.089
2013/05/28,58.935
2013/05/29,61.573
2013/05/30,35.993
2013/05/31,53.758
2013/06/01,-9.328
2013/06/02,37.124
2013/06/03,15.281
2013/06/04,9.549
2013/06/05,-10.862
2013/06/06,-12.519
2013/06/07,-1.02
2013/06/08,3.417
2013/06/09,-14.981
2013/06/10,9.35
2013/06/11,-9.367
2013/06/12,-12.046
2013/06/13,16.696
2013/06/14,-7.802
2013/06/15,25.604
2013/06/16,-27.535
2013/06/17,-24.841
2013/06/18,-15.16
2013/06/19,-8.2
2013/06/20,-17.834
2013/06/21,-1.248
2013/06/22,-6.336
2013/06/23,-8.582
2013/06/24,-0.145
2013/06/25,-5.638
2013/06/26,-4.519
2013/06/27,-24.16
2013/06/28,-18.207
2013/06/29,-16.912
2013/06/30,13.54
2013/07/01,60.094
2013/07/02,20.014
2013/07/03,71.246
2013/07/04,30.986
2013/07/05,-24.252
2013/07/06,-27.535
2013/07/07,-13.94
2013/07/08,-7.324
2013/07/09,20.201
2013/07/10,29.721
2013/07/11,81.856
2013/07/12,28.174
2013/07/13,18.646
2013/07/14,-8.087
2013/07/15,-24.355
2013/07/16,3.229
2013/07/17,-30.445
2013/07/18,16.43
2013/07/19,13.505
2013/07/20,-3.944
2013/07/21,12.111
2013/07/22,6.539
2013/07/23,-5.945
2013/07/24,-20.175
2013/07/25,-41.676
2013/07/26,-9.999
2013/07/27,-39.25
2013/07/28,-13.289
2013/07/29,14.745
2013/07/30,-5.676
2013/07/31,-9.503
2013/08/01,-23.608
2013/08/02,-12.615
2013/08/03,-4.134
2013/08/04,-30.289
2013/08/05,-3.422
2013/08/06,-40.679
2013/08/07,-43.759
2013/08/08,-56.322
2013/08/09,-43.802
2013/08/10,-14.553
2013/08/11,-5.659
2013/08/12,-40.171
2013/08/13,-35.903
2013/08/14,-0.911
2013/08/15,-31.486
2013/08/16,-63.033
2013/08/17,-60.218
2013/08/18,-41.963
2013/08/19,-64.466
2013/08/20,-25.526
2013/08/21,12.489
2013/08/22,18.133
2013/08/23,-1.819
2013/08/24,-23.797
2013/08/25,-10.349
2013/08/26,-0.588
2013/08/27,18.709
2013/08/28,-39.822
2013/08/29,-23.092
2013/08/30,127.019
2013/08/31,267.247
2013/09/01,65.024
2013/09/02,91.432
2013/09/03,67.389
2013/09/04,27.304
2013/09/05,-31.173
2013/09/06,-21.88
2013/09/07,-22.325
2013/09/08,-47.528
2013/09/09,-56.591
2013/09/10,-50.955
2013/09/11,42.989
2013/09/12,66.365
2013/09/13,52.981
2013/09/14,-38.758
2013/09/15,-56.081
2013/09/16,-2.326
2013/09/17,-55.903
2013/09/18,-44.502
2013/09/19,61.604
2013/09/20,53.694
2013/09/21,47.009
2013/09/22,43.101
2013/09/23,120.9
2013/09/24,71.02
2013/09/25,0.651
2013/09/26,-8.826
2013/09/27,6.958
2013/09/28,94.744
2013/09/29,337.294
2013/09/30,142.541
2013/10/01,208.423
2013/10/02,133.491
2013/10/03,26.456
2013/10/04,4.9
2013/10/05,16.38
2013/10/06,32.197
2013/10/07,38.807
2013/10/08,-5.932
2013/10/09,-6.989
2013/10/10,-12.118
2013/10/11,-39.587
2013/10/12,-52.361
2013/10/13,-43.043
2013/10/14,-57.684
2013/10/15,-12.865
2013/10/16,14.029
2013/10/17,22.187
2013/10/18,-9.63
2013/10/19,85.534
2013/10/20,38.246
2013/10/21,16.333
2013/10/22,98.099
2013/10/23,108.165
2013/10/24,87.651
2013/10/25,18.32
2013/10/26,21.844
2013/10/27,15.87
2013/10/28,46.824
2013/10/29,15.965
2013/10/30,16.482
2013/10/31,-21.557
2013/11/01,165.293
2013/11/02,17.161
2013/11/03,101.997
2013/11/04,134.764
2013/11/05,101.644
2013/11/06,61.067
2013/11/07,176.555
2013/11/08,329.485
2013/11/09,600.164
2013/11/10,137.486
2013/11/11,31.372
2013/11/12,92.495
2013/11/13,39.834
2013/11/14,235.313
2013/11/15,38.428
2013/11/16,183.619
2013/11/17,104.764
2013/11/18,177.151
2013/11/19,160.129
2013/11/20,88.421
2013/11/21,30.766
2013/11/22,22.145
2013/11/23,8.668
2013/11/24,76.852
2013/11/25,118.61
2013/11/26,156.218
2013/11/27,307.108
2013/11/28,260.827
2013/11/29,221.441
2013/11/30,85.792
2013/12/01,108.349
2013/12/02,-11.389
2013/12/03,-29.229
2013/12/04,14.655
2013/12/05,74.548
2013/12/06,21.431
2013/12/07,38.378
2013/12/08,35.2
2013/12/09,44.982
2013/12/10,-27.395
2013/12/11,-57.663
2013/12/12,-63.477
2013/12/13,-58.537
2013/12/14,-49.797
2013/12/15,-55.852
2013/12/16,-35.952
2013/12/17,-29.913
2013/12/18,-26.057
2013/12/19,-56.406
2013/12/20,-45.495
2013/12/21,-69.031
2013/12/22,-52.971
2013/12/23,-52.735
2013/12/24,-44.311
2013/12/25,-12.375
2013/12/26,-14.919
2013/12/27,-30.495
2013/12/28,-44.462
2013/12/29,-42.437
2013/12/30,-35.284
2013/12/31,-39.174
2014/01/01,-54.944
2014/01/02,-15.074
2014/01/03,9.145
2014/01/04,44.213
2014/01/05,88.171
2014/01/06,100.015
2014/01/07,36.375
2014/01/08,-16.436
2014/01/09,-4.357
2014/01/10,7.075
2014/01/11,37.722
2014/01/12,34.415
2014/01/13,2.84
2014/01/14,19.129
2014/01/15,31.29
2014/01/16,-13.872
2014/01/17,-28.522
2014/01/18,-25.885
2014/01/19,-35.128
2014/01/20,-27.247
2014/01/21,-22.089
2014/01/22,-6.372
2014/01/23,-2.147
2014/01/24,12.349
2014/01/25,-7.482
2014/01/26,21.447
2014/01/27,7.334
2014/01/28,5.702
2014/01/29,0.83
2014/01/30,1.871
2014/01/31,19.549
2014/02/01,6.457
2014/02/02,-0.729
2014/02/03,-24.648
2014/02/04,-2.825
2014/02/05,-5.372
2014/02/06,-6.929
2014/02/07,8.036
2014/02/08,-13.098
2014/02/09,-26.657
2014/02/10,-0.541
2014/02/11,-18.766
2014/02/12,-23.665
2014/02/13,-11.972
2014/02/14,-20.026
2014/02/15,-17.938
2014/02/16,-19.867
2014/02/17,-13.463
2014/02/18,-24.352
2014/02/19,-15.539
2014/02/20,-5.612
2014/02/21,-2.956
2014/02/22,1.68
2014/02/23,12.762
2014/02/24,-7.231
2014/02/25,40.032
2014/02/26,38.27
2014/02/27,-10.789
2014/02/28,3.341
2014/03/01,10.382
2014/03/02,1.545
2014/03/03,56.966
2014/03/04,64.128
2014/03/05,10.404
2014/03/06,-14.043
2014/03/07,-40.834
2014/03/08,9.51
2014/03/09,-5.879
2014/03/10,-21.876
2014/03/11,-43.734
2014/03/12,-30.034
2014/03/13,-14.388
2014/03/14,-46.737
2014/03/15,-40.386
2014/03/16,-41.888
2014/03/17,-50.464
2014/03/18,-46.807
2014/03/19,-42.918
2014/03/20,-25.521
2014/03/21,-30.672
2014/03/22,-48.399
2014/03/23,-53.284
2014/03/24,-35.825
2014/03/25,-12.424
2014/03/26,-22.63
2014/03/27,-8.36
2014/03/28,3.564
2014/03/29,-9.622
2014/03/30,14.478
2014/03/31,-0.867
2014/04/01,10.931
2014/04/02,18.85
2014/04/03,-8.835
2014/04/04,11.753
2014/04/05,-13.376
2014/04/06,5.711
2014/04/07,-7.103
2014/04/08,-13.781
2014/04/09,-15.113
2014/04/10,-3.674
2014/04/11,2.197
2014/04/12,-5.433
2014/04/13,-25.665
2014/04/14,4.783
2014/04/15,-8.138
2014/04/16,8.986
2014/04/17,-5.037
2014/04/18,-4.498
2014/04/19,1.953
2014/04/20,7.43
2014/04/21,-11.872
2014/04/22,-20.284
2014/04/23,-36.467
2014/04/24,-30.605
2014/04/25,-32.642
2014/04/26,-8.211
2014/04/27,-5.534
2014/04/28,-23.323
2014/04/29,-34.208
2014/04/30,-25.993
2014/05/01,-20.403
2014/05/02,-33.229
2014/05/03,-30.235
2014/05/04,-30.538
2014/05/05,-13.443
2014/05/06,-15.516
2014/05/07,28.651
2014/05/08,-12.445
2014/05/09,6.887
2014/05/10,-20.28
2014/05/11,-16.386
2014/05/12,-19.594
2014/05/13,-6.116
2014/05/14,-22.829
2014/05/15,-22.515
2014/05/16,9.845
2014/05/17,17.014
2014/05/18,11.18
2014/05/19,27.208
2014/05/20,47.133
2014/05/21,38.297
2014/05/22,48.289
2014/05/23,57.749
2014/05/24,57.153
2014/05/25,96.93
2014/05/26,69.425
2014/05/27,64.605
2014/05/28,51.037
2014/05/29,79.609
2014/05/30,83.714
2014/05/31,75.241
2014/06/01,124.722
2014/06/02,60.274
2014/06/03,48.53
2014/06/04,37.539
2014/06/05,24.727
2014/06/06,6.939
2014/06/07,31.65
2014/06/08,19.176
2014/06/09,17.829
2014/06/10,7.336
2014/06/11,33.884
2014/06/12,30.653
2014/06/13,-19.986
2014/06/14,-22.286
2014/06/15,-51.084
2014/06/16,-33.456
2014/06/17,-28.759
2014/06/18,-26.293
2014/06/19,-24.372
2014/06/20,-13.657
2014/06/21,-22.092
2014/06/22,-30.524
2014/06/23,-7.766
2014/06/24,-10.821
2014/06/25,-31.864
2014/06/26,-29.532
2014/06/27,-3.786
2014/06/28,-6.388
2014/06/29,6.44
2014/06/30,26.346
2014/07/01,21.748
2014/07/02,14.513
2014/07/03,23.064
2014/07/04,-17.052
2014/07/05,-32.342
2014/07/06,-25.242
2014/07/07,-28.377
2014/07/08,-27.226
2014/07/09,-11.993
2014/07/10,5.174
2014/07/11,15.863
2014/07/12,1.916
2014/07/13,-1.34
2014/07/14,-10.649
2014/07/15,-31.663
2014/07/16,-19.326
2014/07/17,-21.32
2014/07/18,12.641
2014/07/19,-8.218
2014/07/20,7.301
2014/07/21,9.014
2014/07/22,31.378
2014/07/23,40.392
2014/07/24,19.688
2014/07/25,-5.118
2014/07/26,-13.358
2014/07/27,-5.609
2014/07/28,2.866
2014/07/29,19.533
2014/07/30,15.398
2014/07/31,4.155
2014/08/01,8.8
2014/08/02,54.471
2014/08/03,4.181
2014/08/04,8.458
2014/08/05,5.175
2014/08/06,-24.452
2014/08/07,-22.633
2014/08/08,-19.34
2014/08/09,-3.246
2014/08/10,7.453
2014/08/11,-18.205
2014/08/12,-11.517
2014/08/13,-14.122
2014/08/14,16.336
2014/08/15,-21.123
2014/08/16,-30.069
2014/08/17,25.061
2014/08/18,5.603
2014/08/19,-1.634
2014/08/20,30.179
2014/08/21,22.814
2014/08/22,11.502
2014/08/23,25.171
2014/08/24,25.776
2014/08/25,22.762
2014/08/26,20.654
2014/08/27,17.288
2014/08/28,-9.719
2014/08/29,26.301
2014/08/30,19.567
2014/08/31,-0.829
2014/09/01,-16.895
2014/09/02,-13.736
2014/09/03,-14.432
2014/09/04,-4.021
2014/09/05,-2.502
2014/09/06,-8.879
2014/09/07,-27.096
2014/09/08,-14.09
2014/09/09,-18.716
2014/09/10,-8.474
2014/09/11,0.144
2014/09/12,4.143
2014/09/13,23.068
2014/09/14,-16.663
2014/09/15,5.989
2014/09/16,-11.311
2014/09/17,4.288
2014/09/18,9.445
2014/09/19,21.315
2014/09/20,9.749
2014/09/21,10.751
2014/09/22,13.625
2014/09/23,18.652
2014/09/24,-4.034
2014/09/25,-8.908
2014/09/26,-13.847
2014/09/27,-21.464
2014/09/28,-11.003
2014/09/29,8.609
2014/09/30,28.817
2014/10/01,-7.248
2014/10/02,-21.098
2014/10/03,-28.745
2014/10/04,-11.85
2014/10/05,2.745
2014/10/06,-12.117
2014/10/07,-12.778
2014/10/08,-4.047
2014/10/09,11.939
2014/10/10,2.102
2014/10/11,15.191
2014/10/12,7.502
2014/10/13,-12.973
2014/10/14,0.784
2014/10/15,13.891
2014/10/16,-3.979
2014/10/17,13.588
2014/10/18,-3.32
2014/10/19,-11.982
2014/10/20,-0.363
2014/10/21,6.506
2014/10/22,-8.339
2014/10/23,-10.225
2014/10/24,-22.787
2014/10/25,13.732
2014/10/26,-23.022
2014/10/27,-10.333
2014/10/28,-25.16
2014/10/29,-29.876
2014/10/30,-31.157
2014/10/31,-30.934
2014/11/01,-10.45
2014/11/02,-29.441
2014/11/03,-30.652
2014/11/04,-25.411
2014/11/05,-1.289
2014/11/06,-24.827
2014/11/07,-4.231
2014/11/08,-42.873
2014/11/09,-11.384
2014/11/10,1.824
2014/11/11,-4.261
2014/11/12,34.645
2014/11/13,89.365
2014/11/14,34.645
2014/11/15,10.317
2014/11/16,28.887
2014/11/17,48.954
2014/11/18,19.929
2014/11/19,12.986
2014/11/20,33.613
2014/11/21,25.764
2014/11/22,71.035
2014/11/23,14.59
2014/11/24,4.44
2014/11/25,32.61
2014/11/26,4.288
2014/11/27,-18.96
2014/11/28,25.155
2014/11/29,39.353
2014/11/30,31.783
2014/12/01,14.948
2014/12/02,53.175
2014/12/03,8.048
2014/12/04,9.855
2014/12/05,12.844
2014/12/06,-4.696
2014/12/07,57.289
2014/12/08,32.93
2014/12/09,13.858
2014/12/10,18.961
2014/12/11,12.822
2014/12/12,-17.899
2014/12/13,-7.186
2014/12/14,-8.995
2014/12/15,-4.622
2014/12/16,-17.17
2014/12/17,-4.564
2014/12/18,35.665
2014/12/19,36.943
2014/12/20,47.647
2014/12/21,-8.417
2014/12/22,10.551
2014/12/23,1.241
2014/12/24,-23.078
2014/12/25,-15.854
2014/12/26,22.58
2014/12/27,15.549
2014/12/28,9.926
2014/12/29,-5.266
2014/12/30,11.819
2014/12/31,11.423
2015/01/01,-47.479
2015/01/02,-17.657
2015/01/03,-29.611
2015/01/04,24.27
2015/01/05,-33.626
2015/01/06,-21.849
2015/01/07,8.801
2015/01/08,7.461
2015/01/09,-15.816
2015/01/10,-4.233
2015/01/11,-22.46
2015/01/12,-39.061
2015/01/13,-21.983
2015/01/14,-17.634
2015/01/15,50.994
2015/01/16,-11.083
2015/01/17,-21.064
2015/01/18,-34.859
2015/01/19,-15.305
2015/01/20,-23.634
2015/01/21,-36.138
2015/01/22,-17.804
2015/01/23,-24.256
2015/01/24,-42.272
2015/01/25,-25.147
2015/01/26,52.487
2015/01/27,-29.257
2015/01/28,-25.171
2015/01/29,-33.226
2015/01/30,-13.941
2015/01/31,-23.567
2015/02/01,-10.751
2015/02/02,15.638
2015/02/03,31.003
2015/02/04,6.987
2015/02/05,-15.784
2015/02/06,2.508
2015/02/07,-27.811
2015/02/08,-21.359
2015/02/09,-55.402
2015/02/10,-29.716
2015/02/11,-27.577
2015/02/12,-9.077
2015/02/13,-46.981
2015/02/14,-36.916
2015/02/15,-25.992
2015/02/16,-47.692
2015/02/17,-44.32
2015/02/18,-33.153
2015/02/19,-30.774
2015/02/20,-37.242
2015/02/21,0.246
2015/02/22,-0.75
2015/02/23,12.696
2015/02/24,24.536
2015/02/25,5.814
2015/02/26,-26.738
2015/02/27,31.326
2015/02/28,27.064
2015/03/01,-1.961
2015/03/02,52.568
2015/03/03,43.328
2015/03/04,37.707
2015/03/05,34.712
2015/03/06,32.488
2015/03/07,-18.819
2015/03/08,1.406
2015/03/09,29.129
2015/03/10,8.412
2015/03/11,8.478
2015/03/12,41.364
2015/03/13,-4.824
2015/03/14,2.947
2015/03/15,-7.384
2015/03/16,-5.281
2015/03/17,-15.106
2015/03/18,-7.743
2015/03/19,-27.046
2015/03/20,-22.92
2015/03/21,16.649
2015/03/22,2.711
2015/03/23,-8.178
2015/03/24,-6.777
2015/03/25,-4.645
2015/03/26,-32.058
2015/03/27,-6.286
2015/03/28,-9.445
2015/03/29,-6.916
2015/03/30,-17.523
2015/03/31,-7.956
2015/04/01,-3.839
2015/04/02,8.219
2015/04/03,-10.936
2015/04/04,-18.291
2015/04/05,-26.598
2015/04/06,-19.971
2015/04/07,-12.748
2015/04/08,-4.957
2015/04/09,-4.668
2015/04/10,-18.138
2015/04/11,-7.538
2015/04/12,18.135
2015/04/13,-15.687
2015/04/14,-11.928
2015/04/15,-24.489
2015/04/16,12.566
2015/04/17,41.076
2015/04/18,20.147
2015/04/19,82.837
2015/04/20,37.229
2015/04/21,59.789
2015/04/22,64.61
2015/04/23,108.666
2015/04/24,88.385
2015/04/25,72.836
2015/04/26,49.325
2015/04/27,53.791
2015/04/28,25.484
2015/04/29,36.758
2015/04/30,19.054
2015/05/01,-1.687
2015/05/02,-3.094
2015/05/03,17.591
2015/05/04,0.703
2015/05/05,-30.622
2015/05/06,-21.419
2015/05/07,-26.655
2015/05/08,-29.438
2015/05/09,-27.955
2015/05/10,12.783
2015/05/11,45.938
2015/05/12,45.53
2015/05/13,17.019
2015/05/14,-6.067
2015/05/15,-3.929
2015/05/16,9.463
2015/05/17,-26.018
2015/05/18,3.52
2015/05/19,76.534
2015/05/20,43.66
2015/05/21,41.156
2015/05/22,50.881
2015/05/23,59.043
2015/05/24,-34.8
2015/05/25,-31.387
2015/05/26,-21.611
2015/05/27,2.124
2015/05/28,14.319
2015/05/29,-14.85
2015/05/30,-39.109
2015/05/31,64.159
2015/06/01,65.522
2015/06/02,-8.893
2015/06/03,-18.691
2015/06/04,-25.34
2015/06/05,6.689
2015/06/06,25.018
2015/06/07,31.546
2015/06/08,7.983
2015/06/09,45.311
2015/06/10,34.493
2015/06/11,28.05
2015/06/12,76.701
2015/06/13,178.475
2015/06/14,-18.292
2015/06/15,-17.722
2015/06/16,-4.794
2015/06/17,47.064
2015/06/18,41.189
2015/06/19,-20.117
2015/06/20,-25.47
2015/06/21,-2.69
2015/06/22,10.461
2015/06/23,-37.903
2015/06/24,-33.763
2015/06/25,-31.993
2015/06/26,-13.312
2015/06/27,-22.008
2015/06/28,6.137
2015/06/29,27.916
2015/06/30,110.831
2015/07/01,-32.021
2015/07/02,23.961
2015/07/03,21.068
2015/07/04,-13.904
2015/07/05,151.391
2015/07/06,61.102
2015/07/07,87.821
2015/07/08,114.253
2015/07/09,40.224
2015/07/10,-21.627
2015/07/11,-24.767
2015/07/12,-81.241
2015/07/13,-65.141
2015/07/14,-53.36
2015/07/15,6.962
2015/07/16,-25.883
2015/07/17,-33.171
2015/07/18,-66.665
2015/07/19,-88.366
2015/07/20,-50.927
2015/07/21,-59.239
2015/07/22,-57.534
2015/07/23,9.509
2015/07/24,59.22
2015/07/25,36.485
2015/07/26,494.475
2015/07/27,145.111
2015/07/28,-0.394
2015/07/29,20.049
2015/07/30,7.464
2015/07/31,42.667
2015/08/01,147.89
2015/08/02,162.515
2015/08/03,7.454
2015/08/04,136.025
2015/08/05,92.489
2015/08/06,-22.358
2015/08/07,-2.048
2015/08/08,11.17
2015/08/09,-7.603
2015/08/10,-1.861
2015/08/11,5.226
2015/08/12,-11.181
2015/08/13,-28.111
2015/08/14,-16.064
2015/08/15,16.428
2015/08/16,66.299
2015/08/17,48.999
2015/08/18,-13.855
2015/08/19,-16.767
2015/08/20,23.701
2015/08/21,-16.389
2015/08/22,-17.087
2015/08/23,-14.188
2015/08/24,-5.183
2015/08/25,-8.604
2015/08/26,-12.154
2015/08/27,11.361
2015/08/28,15.665
2015/08/29,-4.553
2015/08/30,-11.521
2015/08/31,-29.13
2015/09/01,-27.252
2015/09/02,53.698
2015/09/03,-13.006
2015/09/04,2.328
2015/09/05,-31.186
2015/09/06,-1.436
2015/09/07,-17.292
2015/09/08,3.703
2015/09/09,24.357
2015/09/10,-1.624
2015/09/11,-70.7
2015/09/12,-42.409
2015/09/13,-74.078
2015/09/14,-60.861
2015/09/15,-50.745
2015/09/16,-80.655
2015/09/17,-99.896
2015/09/18,-57.907
2015/09/19,47.553
2015/09/20,3.662
2015/09/21,7.131
2015/09/22,2.201
2015/09/23,-6.9
2015/09/24,28.918
2015/09/25,291.17
2015/09/26,118.115
2015/09/27,314.742
2015/09/28,292.572
2015/09/29,214.732
2015/09/30,259.649
2015/10/01,139309
2015/10/02,218.08
2015/10/03,32.167
2015/10/04,30.212
2015/10/05,25.518
2015/10/06,21.907
2015/10/07,11.239
2015/10/08,-7.705
2015/10/09,-7.208
2015/10/10,-18.089
2015/10/11,8.79
2015/10/12,-6.178
2015/10/13,-26.113
2015/10/14,-0.227
2015/10/15,-1.056
2015/10/16,5.802
2015/10/17,10.069
2015/10/18,0.333
2015/10/19,16.722
2015/10/20,-10.68
2015/10/21,-2.49
2015/10/22,21.065
2015/10/23,-5.307
2015/10/24,8.466
2015/10/25,10.137
2015/10/26,5.863
2015/10/27,28.409
2015/10/28,5.196
2015/10/29,-12.649
2015/10/30,11.211
2015/10/31,3.503
2015/11/01,43.688
2015/11/02,-0.089
2015/11/03,44.97
2015/11/04,89.478
2015/11/05,33.264
2015/11/06,41.99
2015/11/07,30.481
2015/11/08,5.515
2015/11/09,-5.616
2015/11/10,2.618
2015/11/11,7.003
2015/11/12,21.127
2015/11/13,-4.127
2015/11/14,8.16
2015/11/15,-7.852
2015/11/16,8.456
2015/11/17,-28.287
2015/11/18,-44.723
2015/11/19,-35.841
2015/11/20,-25.913
2015/11/21,-7.929
2015/11/22,-14.159
2015/11/23,4.066
2015/11/24,-11.113
2015/11/25,4.67
2015/11/26,10.191
2015/11/27,16.61
2015/11/28,-22.191
2015/11/29,-8.973
2015/11/30,15.775
2015/12/01,27.731
2015/12/02,29.967
2015/12/03,10.187
2015/12/04,19.599
2015/12/05,62.694
2015/12/06,130.727
2015/12/07,72.118
2015/12/08,63.592
2015/12/09,94.764
2015/12/10,82.588
2015/12/11,81.591
2015/12/12,152.468
2015/12/13,161.113
2015/12/14,45.654
2015/12/15,43.611
2015/12/16,45.148
2015/12/17,100.841
2015/12/18,108.111
2015/12/19,16.744
2015/12/20,16.836
2015/12/21,26.053
2015/12/22,37.534
2015/12/23,2.83
2015/12/24,8.211
2015/12/25,14.985
2015/12/26,-42.377
2015/12/27,-66.286
2015/12/28,-43.162
2015/12/29,-41.049
2015/12/30,-49.597
2015/12/31,-55.204
2016/01/01,-59.527
2016/01/02,-51.029
2016/01/03,-58.898
2016/01/04,-62.73
2016/01/05,-54.75
2016/01/06,-55.732
2016/01/07,-59.264
2016/01/08,-62.957
2016/01/09,-32.123
2016/01/10,-0.894
2016/01/11,-12.739
2016/01/12,-12.275
2016/01/13,12.903
2016/01/14,15.631
2016/01/15,16.892
2016/01/16,2.311
2016/01/17,-14.784
2016/01/18,-1.894
2016/01/19,9.184
2016/01/20,-7.598
2016/01/21,2.913
2016/01/22,6.621
2016/01/23,61.618
2016/01/24,92.034
2016/01/25,2.125
2016/01/26,45.586
2016/01/27,26.695
2016/01/28,-8.543
2016/01/29,3.63
2016/01/30,86.856
2016/01/31,69.464
2016/02/01,70.054
2016/02/02,-5.14
2016/02/03,-7.188
2016/02/04,20.395
2016/02/05,13.467
2016/02/06,23.465
2016/02/07,-15.099
2016/02/08,63.425
2016/02/09,30.039
2016/02/10,34.183
2016/02/11,35.306
2016/02/12,16.481
2016/02/13,0.945
2016/02/14,16.582
2016/02/15,26.366
2016/02/16,75.251
2016/02/17,80.3
2016/02/18,20.204
2016/02/19,34.422
2016/02/20,36.077
2016/02/21,58.03
2016/02/22,12.57
2016/02/23,-11.521
2016/02/24,-18.37
2016/02/25,10.673
2016/02/26,23.845
2016/02/27,-24.965
2016/02/28,66.521
2016/02/29,67.994
2016/03/01,41.675
2016/03/02,61.201
2016/03/03,17.225
2016/03/04,-0.238
2016/03/05,107.623
2016/03/06,-42.528
2016/03/07,-32.733
2016/03/08,-26.126
2016/03/09,-25.469
2016/03/10,-32.054
2016/03/11,-33.569
2016/03/12,-0.913
2016/03/13,-61.216
2016/03/14,-62.719
2016/03/15,-56.156
2016/03/16,-30.194
2016/03/17,-26.226
2016/03/18,-31.513
2016/03/19,-75.407
2016/03/20,-18.706
2016/03/21,-13.115
2016/03/22,-21.13
2016/03/23,-11.152
2016/03/24,11.392
2016/03/25,-0.969
2016/03/26,-7.535
2016/03/27,-0.181
2016/03/28,-0.821
2016/03/29,0.525
2016/03/30,-37.873
2016/03/31,-18.586
2016/04/01,-2.919
2016/04/02,6.746
2016/04/03,1.879
2016/04/04,3.68
2016/04/05,15.188
2016/04/06,16.526
2016/04/07,0.814
2016/04/08,16.406
2016/04/09,1.033
2016/04/10,2.377
2016/04/11,5.446
2016/04/12,3.714
2016/04/13,10.336
2016/04/14,5.792
2016/04/15,18.628
2016/04/16,-2.568
2016/04/17,8.875
2016/04/18,3.465
2016/04/19,9.11
2016/04/20,3.148
2016/04/21,5.671
2016/04/22,3.218
2016/04/23,4.222
2016/04/24,-3.73
2016/04/25,-1.256
2016/04/26,-2.43
2016/04/27,-12.499
2016/04/28,-15.267
2016/04/29,-31.06
2016/04/30,-11.647
2016/05/01,-26.408
2016/05/02,-1.536
2016/05/03,0.634
2016/05/04,5.158
2016/05/05,-3.146
2016/05/06,-7.53
2016/05/07,16.336
2016/05/08,16.744
2016/05/09,3.009
2016/05/10,8.344
2016/05/11,16.804
2016/05/12,33.431
2016/05/13,52.256
2016/05/14,22.308
2016/05/15,59.151
2016/05/16,32.654
2016/05/17,16.328
2016/05/18,-3.639
2016/05/19,9.141
2016/05/20,4.343
2016/05/21,-5.856
2016/05/22,-6.056
2016/05/23,-0.507
2016/05/24,-13.966
2016/05/25,-15.169
2016/05/26,-6.393
2016/05/27,-2.014
2016/05/28,19.048
2016/05/29,4.987
2016/05/30,-24.463
2016/05/31,-2.498
2016/06/01,-10.418
2016/06/02,-17.025
2016/06/03,-1.758
2016/06/04,11.357
2016/06/05,20.206
2016/06/06,13.736
2016/06/07,24.945
2016/06/08,25.965
2016/06/09,15.4
2016/06/10,13.978
2016/06/11,14.185
2016/06/12,12.735
2016/06/13,46.12
2016/06/14,12.957
2016/06/15,39.676
2016/06/16,79.593
2016/06/17,48.436
2016/06/18,25.798
2016/06/19,16.892
2016/06/20,29.813
2016/06/21,41.12
2016/06/22,57.02
2016/06/23,14.611
2016/06/24,26.212
2016/06/25,5.212
2016/06/26,-10.561
2016/06/27,-12.027
2016/06/28,-5.641
2016/06/29,8.128
2016/06/30,-7.011
2016/07/01,-4.083
2016/07/02,17.525
2016/07/03,0.837
2016/07/04,4.313
2016/07/05,-13.019
2016/07/06,-26.867
2016/07/07,-3.406
2016/07/08,-14.713
2016/07/09,-15.626
2016/07/10,-8.769
2016/07/11,23.77
2016/07/12,0.816
2016/07/13,6.712
2016/07/14,-3.172
2016/07/15,17.038
2016/07/16,-11.508
2016/07/17,3.601
2016/07/18,13.729
2016/07/19,31.27
2016/07/20,23.129
2016/07/21,31.768
2016/07/22,33.831
2016/07/23,48.386
2016/07/24,53.014
2016/07/25,2.859
2016/07/26,40.4
2016/07/27,22.244
2016/07/28,22.262
2016/07/29,20.879
2016/07/30,43.783
2016/07/31,33.807
2016/08/01,-8.156
2016/08/02,13.58
2016/08/03,3.294
2016/08/04,-10.784
2016/08/05,-24.525
2016/08/06,-14.154
2016/08/07,5.519
2016/08/08,-11.645
2016/08/09,-10.492
2016/08/10,-26.9
2016/08/11,-23.076
2016/08/12,-17.743
2016/08/13,-11.684
2016/08/14,-6.743
2016/08/15,1.58
2016/08/16,-25.856
2016/08/17,-18.217
2016/08/18,-9.471
2016/08/19,14.838
2016/08/20,-10.31
2016/08/21,-30.797
2016/08/22,-4.545
2016/08/23,-18.215
2016/08/24,-10.768
2016/08/25,5.214
2016/08/26,-14.697
2016/08/27,-38.467
2016/08/28,-33.558
2016/08/29,-14.079
2016/08/30,-11.235
2016/08/31,-2.574
2016/09/01,3.93
2016/09/02,-9.866
2016/09/03,-13.906
2016/09/04,-15.975
2016/09/05,-0.733
2016/09/06,-8.841
2016/09/07,-0.396
2016/09/08,-17.356
2016/09/09,-1.448
2016/09/10,10.985
2016/09/11,5.487
2016/09/12,-12.462
2016/09/13,4.765
2016/09/14,-1.435
2016/09/15,-12.814
2016/09/16,-6.531
2016/09/17,-4.044
2016/09/18,15.806
2016/09/19,6.856
2016/09/20,19.39
2016/09/21,14.884
2016/09/22,24.312
2016/09/23,6.311
2016/09/24,26.985
2016/09/25,3.118
2016/09/26,-6.261
2016/09/27,-20.921
2016/09/28,-7.251
2016/09/29,-11.276
2016/09/30,-14.065
2016/10/01,-14.028
2016/10/02,-24.774
2016/10/03,-30.879
2016/10/04,-29.357
2016/10/05,-32.517
2016/10/06,-42.277
2016/10/07,-36.046
2016/10/08,-40.82
2016/10/09,-16.963
2016/10/10,4.416
2016/10/11,2.176
2016/10/12,6.654
2016/10/13,1.556
2016/10/14,-14.198
2016/10/15,5.676
2016/10/16,2.18
2016/10/17,-6.088
2016/10/18,3.553
2016/10/19,16.111
2016/10/20,4.32
2016/10/21,8.692
2016/10/22,18.898
2016/10/23,-7.145
2016/10/24,-3.032
2016/10/25,0.792
2016/10/26,-15.91
2016/10/27,-15.796
2016/10/28,2.835
2016/10/29,6.646
2016/10/30,0.111
2016/10/31,26.025
2016/11/01,18.609
2016/11/02,2.24
2016/11/03,25.126
2016/11/04,2.883
2016/11/05,-18.176
2016/11/06,-1.645
2016/11/07,-22.856
2016/11/08,-31.516
2016/11/09,-10.21
2016/11/10,-9.064
2016/11/11,-16.574
2016/11/12,-17.121
2016/11/13,-7.285
2016/11/14,-19.536
2016/11/15,-18.278
2016/11/16,-21.416
2016/11/17,-15.983
2016/11/18,-10.873
2016/11/19,6.66
2016/11/20,-8.883
2016/11/21,-5.205
2016/11/22,7.264
2016/11/23,-9.198
2016/11/24,-9.977
2016/11/25,-3.576
2016/11/26,-2.941
2016/11/27,0.077
2016/11/28,-0.687
2016/11/29,-7.215
2016/11/30,3.045
2016/12/01,-2.137
2016/12/02,-2.654
2016/12/03,-3.935
2016/12/04,6.964
2016/12/05,14.635
2016/12/06,8.292
2016/12/07,5.031
2016/12/08,21.35
2016/12/09,14.218
2016/12/10,6.423
2016/12/11,-0.138
2016/12/12,5.565
2016/12/13,-0.125
2016/12/14,0.011
2016/12/15,7.645
2016/12/16,0.864
2016/12/17,-0.051
2016/12/18,17.222
2016/12/19,11.757
2016/12/20,12.42
2016/12/21,12.683
2016/12/22,10.74
2016/12/23,22.714
2016/12/24,21.892
2016/12/25,26.82
2016/12/26,27.125
2016/12/27,33.057
2016/12/28,44.573
2016/12/29,28.898
2016/12/30,29.706
2016/12/31,33.61
2017/01/01,18.112
2017/01/02,4.649
2017/01/03,14.383
2017/01/04,28.335
2017/01/05,45.645
2017/01/06,0.902
2017/01/07,2.053
2017/01/08,11.794
2017/01/09,9.336
2017/01/10,-11.713
2017/01/11,0.974
2017/01/12,-7.415
2017/01/13,-2.07
2017/01/14,-14.847
2017/01/15,-28.461
2017/01/16,-7.669
2017/01/17,-11.637
2017/01/18,-24.336
2017/01/19,-29.768
2017/01/20,-8.514
2017/01/21,-9.413
2017/01/22,-15.6
2017/01/23,-11.195
2017/01/24,0.284
2017/01/25,-21.952
2017/01/26,-21.339
2017/01/27,-10.548
2017/01/28,-3.587
2017/01/29,1.075
2017/01/30,24.845
2017/01/31,12.939
2017/02/01,-2.108
2017/02/02,24.095
2017/02/03,11.998
2017/02/04,28.567
2017/02/05,13.813
2017/02/06,57.83
2017/02/07,10.046
2017/02/08,42.517
2017/02/09,27.957
2017/02/10,19.825
2017/02/11,13.362
2017/02/12,26.256
2017/02/13,-1.061
2017/02/14,11.785
2017/02/15,35.705
2017/02/16,11.203
2017/02/17,11.966
2017/02/18,-14.896
2017/02/19,9.026
2017/02/20,-20.425
2017/02/21,47.181
2017/02/22,18.279
2017/02/23,23.359
2017/02/24,12.551
2017/02/25,-8.883
2017/02/26,8.771
2017/02/27,28.572
2017/02/28,30.322
2017/03/01,36.807
2017/03/02,25.591
2017/03/03,41.768
2017/03/04,61.69
2017/03/05,2.734
2017/03/06,35.337
2017/03/07,-7.298
2017/03/08,-19.208
2017/03/09,-7.166
2017/03/10,16.798
2017/03/11,19.149
2017/03/12,12.976
2017/03/13,1.23
2017/03/14,-12.294
2017/03/15,-2.178
2017/03/16,-4.774
2017/03/17,9.373
2017/03/18,-9.723
2017/03/19,-3.874
2017/03/20,-17.544
2017/03/21,2.408
2017/03/22,2.651
2017/03/23,18.136
2017/03/24,6.92
2017/03/25,33.016
2017/03/26,8.88
2017/03/27,15.405
2017/03/28,3.414
2017/03/29,-22.673
2017/03/30,-13.943
2017/03/31,-16.744
2017/04/01,-17.799
2017/04/02,10.698
2017/04/03,-2.601
2017/04/04,4.981
2017/04/05,5.825
2017/04/06,-1.704
2017/04/07,-5.994
2017/04/08,-18.474
2017/04/09,-28.048
2017/04/10,-22.449
2017/04/11,2.882
2017/04/12,11.499
2017/04/13,6.236
2017/04/14,-26.769
2017/04/15,-5.838
2017/04/16,-3.065
2017/04/17,-8.191
2017/04/18,1.254
2017/04/19,-3.985
2017/04/20,10.652
2017/04/21,-16.49
2017/04/22,14.129
2017/04/23,43.346
2017/04/24,29.864
2017/04/25,20.697
2017/04/26,8.242
2017/04/27,21.682
2017/04/28,59.204
2017/04/29,35.612
2017/04/30,31.381
2017/05/01,37.634
2017/05/02,26.869
2017/05/03,70.2
2017/05/04,36.48
2017/05/05,123.509
2017/05/06,17.653
2017/05/07,25.124
2017/05/08,22.242
2017/05/09,52.486
2017/05/10,96.303
2017/05/11,52.684
2017/05/12,49.937
2017/05/13,81.609
2017/05/14,12.359
2017/05/15,26.364
2017/05/16,36.342
2017/05/17,60.381
2017/05/18,43.561
2017/05/19,22.371
2017/05/20,40.672
2017/05/21,41.466
2017/05/22,46.299
2017/05/23,18.389
2017/05/24,10.629
2017/05/25,33.533
2017/05/26,17.873
2017/05/27,-12.333
2017/05/28,31.034
2017/05/29,4.006
2017/05/30,1.94
2017/05/31,-28.237
2017/06/01,-19.728
2017/06/02,-24.358
2017/06/03,0.286
2017/06/04,-6.334
2017/06/05,-0.427
2017/06/06,-7.921
2017/06/07,-13.514
2017/06/08,-40.723
2017/06/09,-7.287
2017/06/10,18.769
2017/06/11,33.987
2017/06/12,50.523
2017/06/13,20.2
2017/06/14,34.383
2017/06/15,15.23
2017/06/16,7.358
2017/06/17,28.239
2017/06/18,8.523
2017/06/19,-4.199
2017/06/20,8.056
2017/06/21,24.092
2017/06/22,46.971
2017/06/23,-13.069
2017/06/24,2.051
2017/06/25,8.551
2017/06/26,-9.38
2017/06/27,-21.293
2017/06/28,-8.587
2017/06/29,39.198
2017/06/30,-6.585
2017/07/01,8.331
2017/07/02,2.888
2017/07/03,-6.108
2017/07/04,-31.357
2017/07/05,-25.184
2017/07/06,-8.45
2017/07/07,0.232
2017/07/08,-10.19
2017/07/09,-28.134
2017/07/10,-13.133
2017/07/11,4.941
2017/07/12,-13.815
2017/07/13,-32.303
2017/07/14,22.825
2017/07/15,-11.693
2017/07/16,3.862
2017/07/17,-10.245
2017/07/18,19.354
2017/07/19,-6.336
2017/07/20,23.608
2017/07/21,11.185
2017/07/22,14.439
2017/07/23,24.34
2017/07/24,-1.589
2017/07/25,0.356
2017/07/26,-1.303
2017/07/27,3.527
2017/07/28,25.463
2017/07/29,2.282
2017/07/30,80.806
2017/07/31,59.263
2017/08/01,-32.854
2017/08/02,-9.791
2017/08/03,-40.343
2017/08/04,-12.217
2017/08/05,3.345
2017/08/06,-9.89
2017/08/07,11.393
2017/08/08,17.478
2017/08/09,15.277
2017/08/10,31.464
2017/08/11,-4.253
2017/08/12,23.267
2017/08/13,-23.999
2017/08/14,23.535
2017/08/15,139.4
2017/08/16,89.61
2017/08/17,42.449
2017/08/18,13.341
2017/08/19,1.14
2017/08/20,37.975
2017/08/21,55.441
2017/08/22,92.08
2017/08/23,28
2017/08/24,77.326
2017/08/25,17.078
2017/08/26,20.58
2017/08/27,-32
2017/08/28,-8.346
2017/08/29,9.146
2017/08/30,0.217
2017/08/31,65.883
2017/09/01,83.406
2017/09/02,22.418
2017/09/03,10.591
2017/09/04,13.021
2017/09/05,-22.367
2017/09/06,18.615
2017/09/07,-26.664
2017/09/08,-8.457
2017/09/09,-4.98
2017/09/10,86.177
2017/09/11,-19.671
2017/09/12,-17.661
2017/09/13,-8.312
2017/09/14,-11.743
2017/09/15,-6.777
2017/09/16,-1.922
2017/09/17,-8.884
2017/09/18,-6.798
2017/09/19,-29.892
2017/09/20,-11.412
2017/09/21,-23.17
2017/09/22,-19.104
2017/09/23,-29.242
2017/09/24,-39.795
2017/09/25,-3.3
2017/09/26,-12.689
2017/09/27,-5.415
2017/09/28,-21.099
2017/09/29,-31.34
2017/09/30,2.253
2017/10/01,-10.327
2017/10/02,-40.082
2017/10/03,-14.355
2017/10/04,-11.619
2017/10/05,-17.072
2017/10/06,-17.761
2017/10/07,-7.665
2017/10/08,-8.847
2017/10/09,-10.56
2017/10/10,-2.898
2017/10/11,-24.549
2017/10/12,9.938
2017/10/13,26.824
2017/10/14,-18.767
2017/10/15,-21.539
2017/10/16,-8.248
2017/10/17,2.783
2017/10/18,-20.792
2017/10/19,-16.215
2017/10/20,14.524
2017/10/21,7.019
2017/10/22,15.867
2017/10/23,51.976
2017/10/24,45.867
2017/10/25,0.945
2017/10/26,-16.206
2017/10/27,5.223
2017/10/28,49.417
2017/10/29,11.349
2017/10/30,13.821
2017/10/31,50.707
2017/11/01,52.939
2017/11/02,85.472
2017/11/03,67.413
2017/11/04,41.439
2017/11/05,51.335
2017/11/06,-1.339
2017/11/07,-19.238
2017/11/08,91.853
2017/11/09,39.953
2017/11/10,40.912
2017/11/11,78.963
2017/11/12,232.619
2017/11/13,70.017
2017/11/14,17.96
2017/11/15,10.392
2017/11/16,15.149
2017/11/17,-23.669
2017/11/18,-10.715
2017/11/19,-7.572
2017/11/20,-6.756
2017/11/21,-5.606
2017/11/22,-17.433
2017/11/23,-13.345
2017/11/24,-39.321
2017/11/25,-53.26
2017/11/26,-56.186
2017/11/27,-14.008
2017/11/28,28.925
2017/11/29,78.94
2017/11/30,24.575
2017/12/01,8.84
2017/12/02,41.616
2017/12/03,30.989
2017/12/04,44.506
2017/12/05,100.167
2017/12/06,178.394
2017/12/07,385.845
2017/12/08,269.607
2017/12/09,147.926
2017/12/10,84.429
2017/12/11,67.677
2017/12/12,108.557
2017/12/13,58.576
2017/12/14,390.407
2017/12/15,358.857
2017/12/16,215.617
2017/12/17,198.397
2017/12/18,235.038
2017/12/19,419.056
2017/12/20,164.029
2017/12/21,72.572
2017/12/22,81.344
2017/12/23,120.256
2017/12/24,46.434
2017/12/25,66.897
2017/12/26,33.953
2017/12/27,99.305
2017/12/28,-25.475
2017/12/29,45.231
2017/12/30,113.475
2017/12/31,2.396
2018/01/01,-32.797
2018/01/02,-25.952
2018/01/03,1.936
2018/01/04,1.195
2018/01/05,23.959
2018/01/06,1.393
2018/01/07,255.506
2018/01/08,91.92
2018/01/09,47.1
2018/01/10,0.742
2018/01/11,-8.449
2018/01/12,-23.129
2018/01/13,-15.244
2018/01/14,26.558
2018/01/15,37.116
2018/01/16,-29.968
2018/01/17,-47.797
2018/01/18,-47.045
2018/01/19,-54.741
2018/01/20,-43.47
2018/01/21,-78.1
2018/01/22,-57.536
2018/01/23,-78.485
2018/01/24,-60.604
2018/01/25,-56.615
2018/01/26,-59.479
2018/01/27,-71.355
2018/01/28,-66.364
2018/01/29,-65.299
2018/01/30,-53.431
2018/01/31,-30.788
2018/02/01,-47.883
2018/02/02,-17.903
2018/02/03,-41.295
2018/02/04,-18.345
2018/02/05,-37.773
2018/02/06,3.708
2018/02/07,-41.143
2018/02/08,-49.129
2018/02/09,-35.123
2018/02/10,-22.3
2018/02/11,-41.49
2018/02/12,-24.954
2018/02/13,-35.352
2018/02/14,-54.535
2018/02/15,-32.933
2018/02/16,-53.648
2018/02/17,-21.081
2018/02/18,-23.433
2018/02/19,-22.584
2018/02/20,6.422
2018/02/21,16.537
2018/02/22,31.149
2018/02/23,2.008
2018/02/24,0.782
2018/02/25,53.268
2018/02/26,11.943
2018/02/27,8.232
2018/02/28,2.438
2018/03/01,-3.307
2018/03/02,1.426
2018/03/03,-27.586
2018/03/04,-22.972
2018/03/05,2.298
2018/03/06,-33.332
2018/03/07,-42.398
2018/03/08,-23.764
2018/03/09,-15.941
2018/03/10,-28.624
2018/03/11,-35.045
2018/03/12,-32.766
2018/03/13,-27.621
2018/03/14,-5.255
2018/03/15,-16.722
2018/03/16,-17.691
2018/03/17,2.185
2018/03/18,34.303
2018/03/19,-17.528
2018/03/20,0.145
2018/03/21,0.756
2018/03/22,-16.316
2018/03/23,-15.512
2018/03/24,-4.603
2018/03/25,0.063
2018/03/26,10.911
2018/03/27,-17.028
2018/03/28,-27.699
2018/03/29,-23.288
2018/03/30,-17.036
2018/03/31,-13.823
2018/04/01,-42.173
2018/04/02,-21.797
2018/04/03,-14.797
2018/04/04,-8.258
2018/04/05,-8.64
2018/04/06,-17.824
2018/04/07,-23.478
2018/04/08,-29.314
2018/04/09,-20.329
2018/04/10,-7.144
2018/04/11,-6.731
2018/04/12,-1.44
2018/04/13,-3.562
2018/04/14,-9.357
2018/04/15,5.993
2018/04/16,9.254
2018/04/17,-4.28
2018/04/18,-8.746
2018/04/19,2.278
2018/04/20,12.333
2018/04/21,7.622
2018/04/22,16.799
2018/04/23,-11.781
2018/04/24,12.252
2018/04/25,39.882
2018/04/26,-7.25
2018/04/27,-2.462
2018/04/28,-20.012
2018/04/29,1.951
2018/04/30,0.13
2018/05/01,-4.444
2018/05/02,3.662
2018/05/03,0.847
2018/05/04,3.134
2018/05/05,-6.716
2018/05/06,-4.281
2018/05/07,11.047
2018/05/08,-14.793
2018/05/09,-33.144
2018/05/10,-6.515
2018/05/11,15.932
2018/05/12,8.96
2018/05/13,-1.741
2018/05/14,-1.313
2018/05/15,6.656
2018/05/16,-11.739
2018/05/17,-3.012
2018/05/18,-14.379
2018/05/19,-4.372
2018/05/20,17.202
2018/05/21,3.176
2018/05/22,-0.534
2018/05/23,10.22
2018/05/24,7.634
2018/05/25,-24.131
2018/05/26,8.685
2018/05/27,-15.243
2018/05/28,-8.677
2018/05/29,-3.96
2018/05/30,0.136
2018/05/31,-16.502
2018/06/01,-11.465
2018/06/02,-5.464
2018/06/03,-20.679
2018/06/04,-5.461
2018/06/05,-6.622
2018/06/06,-24.449
2018/06/07,-23.818
2018/06/08,-16.222
2018/06/09,-11.449
2018/06/10,6.99
2018/06/11,-5.557
2018/06/12,-18.061
2018/06/13,-6.087
2018/06/14,10.899
2018/06/15,-11.871
2018/06/16,-14.124
2018/06/17,-20.392
2018/06/18,-19.999
2018/06/19,-3.518
2018/06/20,14.702
2018/06/21,-1.609
2018/06/22,26.439
2018/06/23,-2.146
2018/06/24,-7.344
2018/06/25,-8.449
2018/06/26,-4.535
2018/06/27,-5.59
2018/06/28,-19.701
2018/06/29,15.623
2018/06/30,20.639
2018/07/01,7.214
2018/07/02,12.983
2018/07/03,20.665
2018/07/04,-19.954
2018/07/05,-6.973
2018/07/06,-26.96
2018/07/07,-16.802
2018/07/08,-14.692
2018/07/09,-6.987
2018/07/10,2.182
2018/07/11,-5.499
2018/07/12,-15.705
2018/07/13,-20.692
2018/07/14,-27.688
2018/07/15,6.394
2018/07/16,0.937
2018/07/17,-18.596
2018/07/18,11.413
2018/07/19,0.654
2018/07/20,15.35
2018/07/21,11.415
2018/07/22,-6.789
2018/07/23,0.056
2018/07/24,8.658
2018/07/25,-0.524
2018/07/26,15.177
2018/07/27,8.615
2018/07/28,8.367
2018/07/29,-13.402
2018/07/30,-5.751
2018/07/31,-4.694
2018/08/01,2.216
2018/08/02,2.641
2018/08/03,-9.621
2018/08/04,-4.329
2018/08/05,0.978
2018/08/06,-11.046
2018/08/07,-15.028
2018/08/08,3.126
2018/08/09,-9.521
2018/08/10,-3.93
2018/08/11,13.061
2018/08/12,-8.336
2018/08/13,-13.698
2018/08/14,0.498
2018/08/15,-18.716
2018/08/16,-12.956
2018/08/17,-8.572
2018/08/18,-11.244
2018/08/19,-19.528
2018/08/20,-13.851
2018/08/21,-15.722
2018/08/22,-21.419
2018/08/23,-16.414
2018/08/24,-15.964
2018/08/25,-23.179
2018/08/26,-15.029
2018/08/27,-10.671
2018/08/28,-9.527
2018/08/29,-6.605
2018/08/30,7.379
2018/08/31,-4.819
2018/09/01,1.882
2018/09/02,13.3
2018/09/03,13.164
2018/09/04,12.53
2018/09/05,22.632
2018/09/06,36.766
2018/09/07,2.798
2018/09/08,-7.059
2018/09/09,8.441
2018/09/10,4.487
2018/09/11,-8.847
2018/09/12,-1.335
2018/09/13,-6.274
2018/09/14,-0.677
2018/09/15,-15.814
2018/09/16,-16.265
2018/09/17,-13.872
2018/09/18,-17.862
2018/09/19,-37.592
2018/09/20,-29.504
2018/09/21,-1.214
2018/09/22,-10.127
2018/09/23,-15.86
2018/09/24,-21.545
2018/09/25,-21.499
2018/09/26,-12.372
2018/09/27,-10.976
2018/09/28,-5.989
2018/09/29,-4.143
2018/09/30,1.224
2018/10/01,6.365
2018/10/02,7.66
2018/10/03,11.465
2018/10/04,-7.419
2018/10/05,3.167
2018/10/06,-0.201
2018/10/07,-50.9
2018/10/08,11.431
2018/10/09,14.179
2018/10/10,1.214
2018/10/11,5.462
2018/10/12,-3.164
2018/10/13,2.687
2018/10/14,-1.879
2018/10/15,0.005
2018/10/16,-4.828
2018/10/17,10.569
2018/10/18,11.675
2018/10/19,-20.534
2018/10/20,-11.545
2018/10/21,86.571
2018/10/22,-4.674
2018/10/23,-5.524
2018/10/24,-3.441
2018/10/25,-17.118
2018/10/26,-2.652
2018/10/27,-8.407
2018/10/28,-16.198
2018/10/29,-22.165
2018/10/30,-28.891
2018/10/31,-35.1
2018/11/01,-25.734
2018/11/02,-3.982
2018/11/03,-6.598
2018/11/04,-1.847
2018/11/05,-8.319
2018/11/06,0.427
2018/11/07,0.043
2018/11/08,-1.804
2018/11/09,-11.828
2018/11/10,-8.146
2018/11/11,-11.06
2018/11/12,-14.45
2018/11/13,18.379
2018/11/14,54.158
2018/11/15,28.613
2018/11/16,4.916
2018/11/17,-7.801
2018/11/18,-22.004
2018/11/19,5.393
2018/11/20,51.42
2018/11/21,4.081
2018/11/22,-28.164
2018/11/23,-36.489
2018/11/24,-36.906
2018/11/25,-4.89
2018/11/26,14.749
2018/11/27,-32.221
2018/11/28,-17.228
2018/11/29,-1.512
2018/11/30,2.426
2018/12/01,-15.39
2018/12/02,-17.982
2018/12/03,-9.372
2018/12/04,-48.309
2018/12/05,-31.296
2018/12/06,18.075
2018/12/07,83.174
2018/12/08,0.806
2018/12/09,-42.801
2018/12/10,-22.679
2018/12/11,16.831
2018/12/12,-25.918
2018/12/13,-43.009
2018/12/14,-33.27
2018/12/15,-34.595
2018/12/16,-12.49
2018/12/17,-39.259
2018/12/18,0.771
2018/12/19,3.015
2018/12/20,-1.856
2018/12/21,-29.177
2018/12/22,-17.585
2018/12/23,-13.787
2018/12/24,-18.009
2018/12/25,-44.315
2018/12/26,-40.665
2018/12/27,-36.819
2018/12/28,-33.906
2018/12/29,26.5
2018/12/30,-33.45
2018/12/31,-28.057
2019/01/01,-55.256
2019/01/02,-34.591
2019/01/03,-30.773
2019/01/04,-28.137
2019/01/05,-14.382
2019/01/06,14.72
2019/01/07,0.115
2019/01/08,0.927
2019/01/09,-1.435
2019/01/10,33.377
2019/01/11,11.027
2019/01/12,-25.38
2019/01/13,-8.393
2019/01/14,-9.996
2019/01/15,47.088
2019/01/16,26.977
2019/01/17,2.896
2019/01/18,-2.512
2019/01/19,5.817
2019/01/20,-23.678
2019/01/21,-14.845
2019/01/22,35.334
2019/01/23,41.359
2019/01/24,-3.456
2019/01/25,14.966
2019/01/26,-0.362
2019/01/27,15.081
2019/01/28,82.899
2019/01/29,-22.594
2019/01/30,-30.172
2019/01/31,-26.975
2019/02/01,-16.399
2019/02/02,-10.841
2019/02/03,12.023
2019/02/04,-35.808
2019/02/05,-33.74
2019/02/06,-36.806
2019/02/07,-30.538
2019/02/08,-17.905
2019/02/09,8.164
2019/02/10,-27.114
2019/02/11,-30.901
2019/02/12,154.4
2019/02/13,43.839
2019/02/14,-4.143
2019/02/15,17.835
2019/02/16,-0.116
2019/02/17,-25.742
2019/02/18,28.815
2019/02/19,30.905
2019/02/20,72.678
2019/02/21,79.682
2019/02/22,1.27
2019/02/23,-12.008
2019/02/24,47.357
2019/02/25,10.061
2019/02/26,-61.118
2019/02/27,-21.516
2019/02/28,5.753
2019/03/01,-17.483
2019/03/02,1.95
2019/03/03,-7.878
2019/03/04,75.628
2019/03/05,107.102
2019/03/06,83.421
2019/03/07,88.498
2019/03/08,138.017
2019/03/09,209.15
2019/03/10,219.853
2019/03/11,131.189
2019/03/12,170.7
2019/03/13,135.108
2019/03/14,172.273
2019/03/15,165.297
2019/03/16,213.589
2019/03/17,350
2019/03/18,40.933
2019/03/19,-3.729
2019/03/20,-5.274
2019/03/21,4.49
2019/03/22,4.239
2019/03/23,4.515
2019/03/24,-5.495
2019/03/25,-29.199
2019/03/26,-56.819
2019/03/27,-43.481
2019/03/28,-46.881
2019/03/29,-38.777
2019/03/30,-43.639
2019/03/31,-43.062
2019/04/01,-21.252
2019/04/02,14.543
2019/04/03,39.156
2019/04/04,-6.379
2019/04/05,-38.234
2019/04/06,-60.752
2019/04/07,-68.871
2019/04/08,0.274
2019/04/09,69.503
2019/04/10,-9.045
2019/04/11,0.32
2019/04/12,-21.434
2019/04/13,-40.403
2019/04/14,-30.117
2019/04/15,-20.01
2019/04/16,-33.232
2019/04/17,-36.865
2019/04/18,-37.973
2019/04/19,-14.122
2019/04/20,17.891
2019/04/21,-10.239
2019/04/22,-8.256
2019/04/23,81.244
2019/04/24,54.813
2019/04/25,24.232
2019/04/26,28.829
2019/04/27,3.751
2019/04/28,-14.426
2019/04/29,45.267
2019/04/30,55.837
2019/05/01,-57.291
2019/05/02,-40.033
2019/05/03,49.061
2019/05/04,3.576
2019/05/05,93.764
2019/05/06,-4.643
2019/05/07,-3.253
2019/05/08,25.108
2019/05/09,62.752
2019/05/10,129.556
2019/05/11,322.003
2019/05/12,313.808
2019/05/13,69.454
2019/05/14,51.468
2019/05/15,354.568
2019/05/16,356.591
2019/05/17,87.612
2019/05/18,59.543
2019/05/19,56.211
2019/05/20,98.527
2019/05/21,-1.096
2019/05/22,7.756
2019/05/23,-11.468
2019/05/24,-15.694
2019/05/25,-47.582
2019/05/26,-66.621
2019/05/27,-0.993
2019/05/28,-18.059
2019/05/29,-23.335
2019/05/30,-10.337
2019/05/31,50.734
2019/06/01,44.531
2019/06/02,24.75
2019/06/03,41.877
2019/06/04,5.484
2019/06/05,6.655
2019/06/06,2.035
2019/06/07,-21.486
2019/06/08,-3.025
2019/06/09,2.208
2019/06/10,-21.308
2019/06/11,-9.811
2019/06/12,-5.093
2019/06/13,-24.287
2019/06/14,-55.1
2019/06/15,-24.194
2019/06/16,10.466
2019/06/17,-13.293
2019/06/18,-17.855
2019/06/19,-26.893
2019/06/20,50.951
2019/06/21,67.614
2019/06/22,121.814
2019/06/23,54.891
2019/06/24,-2.105
2019/06/25,50.188
2019/06/26,100.579
2019/06/27,126.009
2019/06/28,41.054
2019/06/29,-4.097
2019/06/30,-26.451
2019/07/01,9.064
2019/07/02,36.136
2019/07/03,33.744
2019/07/04,-25.105
2019/07/05,-53.406
2019/07/06,-67.401
2019/07/07,-25.58
2019/07/08,-1.157
2019/07/09,-21.226
2019/07/10,-14.598
2019/07/11,-40.157
2019/07/12,-36.785
2019/07/13,-16.99
2019/07/14,-20.452
2019/07/15,-37.213
2019/07/16,-38.431
2019/07/17,29.935
2019/07/18,35.516
2019/07/19,98.9
2019/07/20,29.798
2019/07/21,-3.669
2019/07/22,-15.861
2019/07/23,-29.126
2019/07/24,-51.251
2019/07/25,-30.626
2019/07/26,-7.045
2019/07/27,-9.922
2019/07/28,-30.476
2019/07/29,-35.44
2019/07/30,13.226
2019/07/31,-37.315
2019/08/01,-26.051
2019/08/02,-47.861
2019/08/03,-21.769
2019/08/04,-7.993
2019/08/05,56.698
2019/08/06,7.674
2019/08/07,-43.751
2019/08/08,11.103
2019/08/09,11.723
2019/08/10,0.779
2019/08/11,43.758
2019/08/12,20.212
2019/08/13,-21.245
2019/08/14,-13.588
2019/08/15,-23.344
2019/08/16,20.833
2019/08/17,36.877
2019/08/18,39.558
2019/08/19,-33.477
2019/08/20,-9.987
2019/08/21,92.45
2019/08/22,-19.141
2019/08/23,-13.799
2019/08/24,-5.451
2019/08/25,-26.899
2019/08/26,21.017
2019/08/27,16.059
2019/08/28,-7.695
2019/08/29,-9.946
2019/08/30,-25.913
2019/08/31,-35.909
2019/09/01,-9.974
2019/09/02,-13.497
2019/09/03,-4.345
2019/09/04,-1.222
2019/09/05,-13.189
2019/09/06,11.38
2019/09/07,16.332
2019/09/08,35.551
2019/09/09,8.685
2019/09/10,8.067
2019/09/11,34.582
2019/09/12,28.643
2019/09/13,40.648
2019/09/14,57.21
2019/09/15,23.819
2019/09/16,19.077
2019/09/17,24.895
2019/09/18,-6.652
2019/09/19,6.655
2019/09/20,2.975
2019/09/21,-3.75
2019/09/22,-28.632
2019/09/23,18.101
2019/09/24,4.345
2019/09/25,4.766
2019/09/26,-31.266
2019/09/27,-8.653
2019/09/28,-41.693
2019/09/29,-30.447
2019/09/30,12.908
2019/10/01,-19.319
2019/10/02,-29.232
2019/10/03,-23.183
2019/10/04,-40.629
2019/10/05,-35.852
2019/10/06,16.107
2019/10/07,-42.517
2019/10/08,-35.745
2019/10/09,-13.323
2019/10/10,13.284
2019/10/11,-26.869
2019/10/12,12.189
2019/10/13,-11.156
2019/10/14,-30.769
2019/10/15,-26.727
2019/10/16,0.821
2019/10/17,-1.793
2019/10/18,1.606
2019/10/19,17.736
2019/10/20,-9.395
2019/10/21,-15.916
2019/10/22,-12.24
2019/10/23,-33.385
2019/10/24,15.799
2019/10/25,59.962
2019/10/26,155.101
2019/10/27,109.881
2019/10/28,31.734
2019/10/29,41.419
2019/10/30,25.902
2019/10/31,50.668
2019/11/01,92.317
2019/11/02,57.961
2019/11/03,56.861
2019/11/04,101.587
2019/11/05,95.004
2019/11/06,79.195
2019/11/07,25.453
2019/11/08,25.337
2019/11/09,-25.773
2019/11/10,-47.664
2019/11/11,-36.066
2019/11/12,-19.973
2019/11/13,-0.043
2019/11/14,-38.266
2019/11/15,-9.914
2019/11/16,-1.717
2019/11/17,-14.935
2019/11/18,-30.94
2019/11/19,-21.608
2019/11/20,-37.736
2019/11/21,-10.664
2019/11/22,-6.737
2019/11/23,-13.528
2019/11/24,22.429
2019/11/25,55.356
2019/11/26,47.167
2019/11/27,9.822
2019/11/28,44.117
2019/11/29,1.415
2019/11/30,8.84
2019/12/01,15.889
2019/12/02,5.337
2019/12/03,-16.288
2019/12/04,16.055
2019/12/05,-10.116
2019/12/06,-34.942
2019/12/07,-24.749
2019/12/08,-12.863
2019/12/09,-5.422
2019/12/10,-23.759
2019/12/11,-9.276
2019/12/12,-7.323
2019/12/13,-16.86
2019/12/14,-28.895
2019/12/15,0.635
2019/12/16,-19.845
2019/12/17,14.038
2019/12/18,30.632
2019/12/19,-0.82
2019/12/20,-6.202
2019/12/21,-14.933
2019/12/22,-5.388
2019/12/23,5.988
2019/12/24,-3.394
2019/12/25,-39.48
2019/12/26,-25.442
2019/12/27,-8.419
2019/12/28,16.251
2019/12/29,-19.758
2019/12/30,2.97
2019/12/31,-18.425
2020/01/01,-60.847
2020/01/02,-19.94
2020/01/03,-8.853
2020/01/04,8.495
2020/01/05,13.12
2020/01/06,0.209
2020/01/07,4.436
2020/01/08,110.051
2020/01/09,46.944
2020/01/10,30.534
2020/01/11,-7.876
2020/01/12,5.335
2020/01/13,17.481
2020/01/14,59.343
2020/01/15,143.704
2020/01/16,5.024
2020/01/17,35.317
2020/01/18,19.383
2020/01/19,27.891
2020/01/20,-20.415
2020/01/21,-4.887
2020/01/22,-39.318
2020/01/23,-26.33
2020/01/24,-26.464
2020/01/25,-15.788
2020/01/26,-8.336
2020/01/27,26.159
2020/01/28,-13.886
2020/01/29,-12.609
2020/01/30,8.065
2020/01/31,-0.782
2020/02/01,15.992
2020/02/02,10.081
2020/02/03,25.134
2020/02/04,25.82
2020/02/05,23.214
2020/02/06,57.14
2020/02/07,57.724
2020/02/08,30.771
2020/02/09,21.001
2020/02/10,-0.001
2020/02/11,6.004
2020/02/12,49.72
2020/02/13,55.207
2020/02/14,15.459
2020/02/15,14.541
2020/02/16,-19.082
2020/02/17,-1.95
2020/02/18,-3.198
2020/02/19,25.127
2020/02/20,10.414
2020/02/21,-21.872
2020/02/22,1.122
2020/02/23,-1.061
2020/02/24,-7.377
2020/02/25,-8.271
2020/02/26,-2.033
2020/02/27,-14.377
2020/02/28,-14.436
2020/02/29,-5.676
2020/03/01,-7.393
2020/03/02,16.425
2020/03/03,5.88
2020/03/04,-6.955
2020/03/05,-6.871
2020/03/06,33.326
2020/03/07,13.042
2020/03/08,3.301
2020/03/09,10.726
2020/03/10,24.127
2020/03/11,-9.06
2020/03/12,36.225
2020/03/13,121.373
2020/03/14,6.476
2020/03/15,45.592
2020/03/16,24.107
2020/03/17,21.114
2020/03/18,40.98
2020/03/19,44.32
2020/03/20,26.634
2020/03/21,16.182
2020/03/22,8.01
2020/03/23,4.064
2020/03/24,-7.814
2020/03/25,24.625
2020/03/26,-35.313
2020/03/27,-52.009
2020/03/28,-3.584
2020/03/29,-23.096
2020/03/30,-27.481
2020/03/31,-23.571
2020/04/01,-28.329
2020/04/02,-31.042
2020/04/03,-27.878
2020/04/04,-21.567
2020/04/05,-7.62
2020/04/06,0.501
2020/04/07,-6.98
2020/04/08,-30.221
2020/04/09,0
2020/04/10,-7.471
2020/04/11,-14.798
2020/04/12,13.264
2020/04/13,-17.972
2020/04/14,3.028
2020/04/15,-4.429
2020/04/16,-1.818
2020/04/17,5.665
2020/04/18,12.831
2020/04/19,7.998
2020/04/20,-15.582
2020/04/21,-4.918
2020/04/22,25.511
2020/04/23,34.314
2020/04/24,39.541
2020/04/25,45.163
2020/04/26,32.072
2020/04/27,52.54
2020/04/28,10.699
2020/04/29,53.422
2020/04/30,77.25
2020/05/01,18.256
2020/05/02,52.575
2020/05/03,46.169
2020/05/04,31.708
2020/05/05,38.762
2020/05/06,24.153
2020/05/07,31.134
2020/05/08,44.883
2020/05/09,32.585
2020/05/10,51.987
2020/05/11,19.689
2020/05/12,28.415
2020/05/13,12.969
2020/05/14,6.149
2020/05/15,29.951
2020/05/16,-12.058
2020/05/17,32.998
2020/05/18,23.757
2020/05/19,26.883
2020/05/20,16.751
2020/05/21,-3.634
2020/05/22,-6.493
2020/05/23,-12.521
2020/05/24,-5.87
2020/05/25,4.056
2020/05/26,0.716
2020/05/27,-7.543
2020/05/28,-21.067
2020/05/29,-9.479
2020/05/30,-0.386
2020/05/31,-32.693
2020/06/01,-4.66
2020/06/02,18.791
2020/06/03,-12.283
2020/06/04,-2.947
2020/06/05,-19.554
2020/06/06,-21.052
2020/06/07,-31.634
2020/06/08,-13.88
2020/06/09,1.995
2020/06/10,-3.917
2020/06/11,-7.324
2020/06/12,-10.428
2020/06/13,-2.994
2020/06/14,-19.292
2020/06/15,-0.71
2020/06/16,-25.168
2020/06/17,-1.301
2020/06/18,6.596
2020/06/19,11.946
2020/06/20,17.165
2020/06/21,0.729
2020/06/22,23.835
2020/06/23,10.143
2020/06/24,5.997
2020/06/25,11.953
2020/06/26,3.938
2020/06/27,22.496
2020/06/28,35.899
2020/06/29,2.622
2020/06/30,9.94
2020/07/01,5.816
2020/07/02,-3.818
2020/07/03,2.548
2020/07/04,4.073
2020/07/05,9.148
2020/07/06,-3.262
2020/07/07,1.45
2020/07/08,13.659
2020/07/09,-0.764
2020/07/10,8.322
2020/07/11,-3.859
2020/07/12,-2.948
2020/07/13,13.815
2020/07/14,8.441
2020/07/15,13.086
2020/07/16,24.113
2020/07/17,29.452
2020/07/18,45.879
2020/07/19,38.28
2020/07/20,15.663
2020/07/21,27.231
2020/07/22,9.096
2020/07/23,21.857
2020/07/24,1.589
2020/07/25,43.453
2020/07/26,52.141
2020/07/27,34.09
2020/07/28,30.519
2020/07/29,2.896
2020/07/30,0.733
2020/07/31,-13.623
2020/08/01,18.116
2020/08/02,14.287
2020/08/03,-4.877
2020/08/04,-14.086
2020/08/05,10.963
2020/08/06,-4.505
2020/08/07,1.64
2020/08/08,-8.436
2020/08/09,-7.665
2020/08/10,-8.481
2020/08/11,-19.728
2020/08/12,-8.449
2020/08/13,-9.928
2020/08/14,-8.462
2020/08/15,-29.472
2020/08/16,-23.925
2020/08/17,15.472
2020/08/18,19.91
2020/08/19,-12.17
2020/08/20,-8.328
2020/08/21,12.43
2020/08/22,6.294
2020/08/23,-14.861
2020/08/24,-23.705
2020/08/25,3.131
2020/08/26,-0.092
2020/08/27,13.007
2020/08/28,7.418
2020/08/29,13.193
2020/08/30,28.29
2020/08/31,7.022
2020/09/01,-8.445
2020/09/02,9.818
2020/09/03,36.958
2020/09/04,28.67
2020/09/05,-4.456
2020/09/06,10.636
2020/09/07,-9.109
2020/09/08,-15.092
2020/09/09,-0.19
2020/09/10,-16.316
2020/09/11,8.565
2020/09/12,-22.164
2020/09/13,-22.163
2020/09/14,-26.074
2020/09/15,-6.563
2020/09/16,-14.295
2020/09/17,-32.71
2020/09/18,-31.462
2020/09/19,-7.699
2020/09/20,-18.515
2020/09/21,15.153
2020/09/22,15.46
2020/09/23,-0.976
2020/09/24,15.872
2020/09/25,-11.46
2020/09/26,26.777
2020/09/27,3.438
2020/09/28,16.885
2020/09/29,-0.005
2020/09/30,-1.837
2020/10/01,32.633
2020/10/02,26.691
2020/10/03,-7.865
2020/10/04,8.3
2020/10/05,3.969
2020/10/06,1.453
2020/10/07,-5.362
2020/10/08,-13.646
2020/10/09,6.98
2020/10/10,0.493
2020/10/11,-3.039
2020/10/12,-9.331
2020/10/13,-8.838
2020/10/14,1.206
2020/10/15,-17.059
2020/10/16,-16.08
2020/10/17,1.304
2020/10/18,23.765
2020/10/19,6.71
2020/10/20,-0.89
2020/10/21,40.136
2020/10/22,38.411
2020/10/23,12.678
2020/10/24,-11.421
2020/10/25,35.047
2020/10/26,43.054
2020/10/27,83.435
2020/10/28,67.821
2020/10/29,46.691
2020/10/30,34.964
2020/10/31,50.419
2020/11/01,12.036
2020/11/02,46.02
2020/11/03,5.934
2020/11/04,-22.702
2020/11/05,17.72
2020/11/06,18.139
2020/11/07,34.243
2020/11/08,-1.494
2020/11/09,-26.94
2020/11/10,-32.079
2020/11/11,-34.162
2020/11/12,-22.443
2020/11/13,-8.947
2020/11/14,-20.597
2020/11/15,-15.816
2020/11/16,-27.222
2020/11/17,8.917
2020/11/18,26.693
2020/11/19,-17.47
2020/11/20,-11.125
2020/11/21,-11.567
2020/11/22,-11.635
2020/11/23,18.353
2020/11/24,20.666
2020/11/25,10.88
2020/11/26,26.916
2020/11/27,-9.474
2020/11/28,-1.157
2020/11/29,20.912
2020/11/30,38.061
2020/12/01,24.522
2020/12/02,1.649
2020/12/03,-10.2
2020/12/04,-2.212
2020/12/05,3.806
2020/12/06,18.658
2020/12/07,1.042
2020/12/08,-23.9
2020/12/09,-3.892
2020/12/10,-22.151
2020/12/11,3.829
2020/12/12,5.055
2020/12/13,3.685
2020/12/14,-29.725
2020/12/15,-21.637
2020/12/16,8.566
2020/12/17,78.657
2020/12/18,30.345
2020/12/19,16.746
2020/12/20,5.001
2020/12/21,43.812
2020/12/22,30.729
2020/12/23,26.467
2020/12/24,26.944
2020/12/25,-0.029
2020/12/26,52.664
2020/12/27,58.656
2020/12/28,33.929
2020/12/29,19.154
2020/12/30,11.332
2020/12/31,-32.417
2021/01/01,-26.877
2021/01/02,61.575
2021/01/03,46.039
2021/01/04,-2.78
2021/01/05,7.56
2021/01/06,0.482
2021/01/07,39.306
2021/01/08,91.245
2021/01/09,3.712
2021/01/10,-3.749
2021/01/11,45.618
2021/01/12,20.674
2021/01/13,2.292
2021/01/14,25.484
2021/01/15,36.15
2021/01/16,-31.3
2021/01/17,-14.475
2021/01/18,-6.145
2021/01/19,3.897
2021/01/20,-1.982
2021/01/21,-7.398
2021/01/22,-34.182
2021/01/23,-30.812
2021/01/24,-27.013
2021/01/25,-29.471
2021/01/26,-32.105
2021/01/27,-14.477
2021/01/28,-23.27
2021/01/29,24.677
2021/01/30,7.58
2021/01/31,-12.464
2021/02/01,12.217
2021/02/02,-5.312
2021/02/03,13.1
2021/02/04,-13.553
2021/02/05,-5.009
2021/02/06,42.025
2021/02/07,16.991
2021/02/08,22.454
2021/02/09,90.404
2021/02/10,39.447
2021/02/11,54.082
2021/02/12,-1.029
2021/02/13,1.844
2021/02/14,34.918
2021/02/15,-0.238
2021/02/16,37.226
2021/02/17,35.917
2021/02/18,35.35
2021/02/19,58.354
2021/02/20,46.609
2021/02/21,68.454
2021/02/22,38.179
2021/02/23,32.038
2021/02/24,-1.349
2021/02/25,-9.614
2021/02/26,0.826
2021/02/27,-4.863
2021/02/28,4.131
2021/03/01,13.792
2021/03/02,-17.172
2021/03/03,-19.077
2021/03/04,-13.325
2021/03/05,-29.621
2021/03/06,-39.148
2021/03/07,-21.965
2021/03/08,-34.407
2021/03/09,-30.212
2021/03/10,0.753
2021/03/11,9.638
2021/03/12,-2.92
2021/03/13,67.341
2021/03/14,-0.364
2021/03/15,4.675
2021/03/16,5.581
2021/03/17,2.644
2021/03/18,0.356
2021/03/19,14.303
2021/03/20,12.689
2021/03/21,-1.359
2021/03/22,5.045
2021/03/23,-18.709
2021/03/24,-3.289
2021/03/25,-16.797
2021/03/26,4.381
2021/03/27,-30.694
2021/03/28,-2.156
2021/03/29,-6.766
2021/03/30,2.678
2021/03/31,-2.956
2021/04/01,0.009
2021/04/02,5.54
2021/04/03,10.199
2021/04/04,-10.901
2021/04/05,1.657
2021/04/06,14.584
2021/04/07,-2.236
2021/04/08,8.092
2021/04/09,-9.328
2021/04/10,3.069
2021/04/11,3.175
2021/04/12,8.061
2021/04/13,15.793
2021/04/14,31.003
2021/04/15,-2.43
2021/04/16,45.84
2021/04/17,68.334
2021/04/18,49.918
2021/04/19,52.077
2021/04/20,15.353
2021/04/21,33.92
2021/04/22,26.114
2021/04/23,20.491
2021/04/24,-18.059
2021/04/25,-16.64
2021/04/26,9.189
2021/04/27,-16.724
2021/04/28,-25.366
2021/04/29,19.104
2021/04/30,-25.652
2021/05/01,-42.521
2021/05/02,-24.714
2021/05/03,-30.516
2021/05/04,-16.317
2021/05/05,-22.47
2021/05/06,-18.704
2021/05/07,-11.942
2021/05/08,45.215
2021/05/09,36.075
2021/05/10,-11.233
2021/05/11,1.726
2021/05/12,7.942
2021/05/13,7.162
2021/05/14,-1.284
2021/05/15,16.118
2021/05/16,14.799
2021/05/17,15
2021/05/18,17.878
2021/05/19,83.78
2021/05/20,49.272
2021/05/21,28.622
2021/05/22,-10.684
2021/05/23,12.902
2021/05/24,0.237
2021/05/25,2.18
2021/05/26,-1.005
2021/05/27,-13.641
2021/05/28,-6.186
2021/05/29,-22.693
2021/05/30,-24.819
2021/05/31,-19.074
2021/06/01,-20.977
2021/06/02,-52.702
2021/06/03,-40.714
2021/06/04,-33.301
2021/06/05,-14.38
2021/06/06,-37.722
2021/06/07,-20.974
2021/06/08,-9.916
2021/06/09,-8.781
2021/06/10,-8.603
2021/06/11,-4.001
2021/06/12,-9.098
2021/06/13,-0.731
2021/06/14,-6.405
2021/06/15,-1.034
2021/06/16,-2.843
2021/06/17,-11.173
2021/06/18,-5.448
2021/06/19,5.362
2021/06/20,21.828
2021/06/21,12.649
2021/06/22,27.417
2021/06/23,4.798
2021/06/24,-15.207
2021/06/25,-13.135
2021/06/26,0.973
2021/06/27,43.326
2021/06/28,6.305
2021/06/29,5.087
2021/06/30,12.726
2021/07/01,10.3
2021/07/02,21.753
2021/07/03,-17.2
2021/07/04,0.442
2021/07/05,-18.955
2021/07/06,-30.053
2021/07/07,-11.711
2021/07/08,-5.683
2021/07/09,-10.439
2021/07/10,-5.333
2021/07/11,-39.825
2021/07/12,-22.274
2021/07/13,-24.049
2021/07/14,-24.396
2021/07/15,-10.061
2021/07/16,-26.754
2021/07/17,-0.72
2021/07/18,-15.3
2021/07/19,-8.834
2021/07/20,-4.145
2021/07/21,-11.192
2021/07/22,-9.164
2021/07/23,-9.11
2021/07/24,-0.476
2021/07/25,-1.978
2021/07/26,17.469
2021/07/27,2.771
2021/07/28,16.324
2021/07/29,-10.34
2021/07/30,-2.976
2021/07/31,9.825
2021/08/01,5.985
2021/08/02,7.102
2021/08/03,-0.302
2021/08/04,2.431
2021/08/05,10.703
2021/08/06,7.289
2021/08/07,9.941
2021/08/08,14.356
2021/08/09,-10.206
2021/08/10,1.466
2021/08/11,-2.394
2021/08/12,5.425
2021/08/13,13.345
2021/08/14,2.252
2021/08/15,1.719
2021/08/16,-1.139
2021/08/17,5.578
2021/08/18,1.391
2021/08/19,-3.753
2021/08/20,10.517
2021/08/21,0.243
2021/08/22,-8.71
2021/08/23,5.562
2021/08/24,-2.875
2021/08/25,-9.216
2021/08/26,-2.204
2021/08/27,-6.36
2021/08/28,-11.205
2021/08/29,-11.467
2021/08/30,3.384
2021/08/31,-1.63
2021/09/01,6.367
2021/09/02,7.122
2021/09/03,1.034
2021/09/04,-13.598
2021/09/05,0.288
2021/09/06,-5.186
2021/09/07,22.538
2021/09/08,12.854
2021/09/09,-2.205
2021/09/10,-6.49
2021/09/11,-4.317
2021/09/12,-6.445
2021/09/13,-8.398
2021/09/14,-10.896
2021/09/15,-8.806
2021/09/16,-11.554
2021/09/17,-12.666
2021/09/18,-4.302
2021/09/19,-13.791
2021/09/20,-4.171
2021/09/21,-13.648
2021/09/22,-23.129
2021/09/23,-4.468
2021/09/24,6.607
2021/09/25,-6.55
2021/09/26,-5.002
2021/09/27,3.887
2021/09/28,-12.868
2021/09/29,-5.361
2021/09/30,-2.382
2021/10/01,13.981
2021/10/02,-2.757
2021/10/03,7.806
2021/10/04,2.587
2021/10/05,-7.512
2021/10/06,45.067
2021/10/07,21.126
2021/10/08,7.829
2021/10/09,7.629
2021/10/10,17.426
2021/10/11,14.887
2021/10/12,35.839
2021/10/13,-1.441
2021/10/14,16.385
2021/10/15,10.535
2021/10/16,16.533
2021/10/17,10.438
2021/10/18,11.064
2021/10/19,13.802
2021/10/20,5.194
2021/10/21,1.155
2021/10/22,0.976
2021/10/23,12.491
2021/10/24,2.363
2021/10/25,-7.639
2021/10/26,-9.744
2021/10/27,7.92
2021/10/28,-8.667
2021/10/29,-18.133
2021/10/30,-1.14
2021/10/31,10.578
2021/11/01,-2.024
2021/11/02,3.243
2021/11/03,-15.467
2021/11/04,-7.041
2021/11/05,-2.437
2021/11/06,-2.852
2021/11/07,4.293
2021/11/08,22.563
2021/11/09,12.631
2021/11/10,15.814
2021/11/11,-1.399
2021/11/12,1.049
2021/11/13,-2.156
2021/11/14,-12.382
2021/11/15,-7.792
2021/11/16,-6.257
2021/11/17,-8.713
2021/11/18,-0.559
2021/11/19,0.651
2021/11/20,-5.352
2021/11/21,-8.291
2021/11/22,-24.94
2021/11/23,-14.276
2021/11/24,-21.341
2021/11/25,-3.44
2021/11/26,3.777
2021/11/27,-7.566
2021/11/28,1.263
2021/11/29,-4.414
2021/11/30,-2.678
2021/12/01,12.063
2021/12/02,-11.881
2021/12/03,-6.71
2021/12/04,29.378
2021/12/05,1.697
2021/12/06,1.994
2021/12/07,2.559
2021/12/08,6.284
2021/12/09,7.241
2021/12/10,-7.87
2021/12/11,-3.152
2021/12/12,-12.641
2021/12/13,3.429
