Date,mediantransactionvalue30stdUSD
2010/07/17,0
2010/07/18,0
2010/07/19,0
2010/07/20,0
2010/07/21,0
2010/07/22,0
2010/07/23,0
2010/07/24,0
2010/07/25,0
2010/07/26,0
2010/07/27,0
2010/07/28,0
2010/07/29,0
2010/07/30,0
2010/07/31,0
2010/08/01,0
2010/08/02,0
2010/08/03,0
2010/08/04,0
2010/08/05,0
2010/08/06,0
2010/08/07,0
2010/08/08,0
2010/08/09,0
2010/08/10,0
2010/08/11,0
2010/08/12,0
2010/08/13,0
2010/08/14,0
2010/08/15,2.977
2010/08/16,3.069
2010/08/17,3.044
2010/08/18,3.013
2010/08/19,2.852
2010/08/20,2.816
2010/08/21,2.816
2010/08/22,2.79
2010/08/23,2.724
2010/08/24,2.642
2010/08/25,2.657
2010/08/26,2.643
2010/08/27,2.484
2010/08/28,2.403
2010/08/29,2.462
2010/08/30,2.567
2010/08/31,2.568
2010/09/01,2.65
2010/09/02,2.588
2010/09/03,2.887
2010/09/04,3.145
2010/09/05,3.001
2010/09/06,2.953
2010/09/07,2.764
2010/09/08,2.95
2010/09/09,2.944
2010/09/10,3.087
2010/09/11,3.211
2010/09/12,3.339
2010/09/13,3.394
2010/09/14,3.388
2010/09/15,3.3
2010/09/16,3.29
2010/09/17,3.275
2010/09/18,3.264
2010/09/19,3.383
2010/09/20,3.422
2010/09/21,3.494
2010/09/22,3.562
2010/09/23,3.559
2010/09/24,3.544
2010/09/25,3.562
2010/09/26,3.587
2010/09/27,3.615
2010/09/28,3.574
2010/09/29,3.86
2010/09/30,3.858
2010/10/01,3.854
2010/10/02,3.899
2010/10/03,3.776
2010/10/04,6.568
2010/10/05,7.953
2010/10/06,7.953
2010/10/07,8.723
2010/10/08,9.291
2010/10/09,9.798
2010/10/10,9.928
2010/10/11,9.852
2010/10/12,9.728
2010/10/13,9.633
2010/10/14,33.131
2010/10/15,38.432
2010/10/16,54.732
2010/10/17,54.758
2010/10/18,54.602
2010/10/19,54.628
2010/10/20,54.507
2010/10/21,54.359
2010/10/22,54.321
2010/10/23,54.285
2010/10/24,54.279
2010/10/25,59.368
2010/10/26,65.405
2010/10/27,71.006
2010/10/28,74.853
2010/10/29,74.755
2010/10/30,74.195
2010/10/31,73.755
2010/11/01,73.712
2010/11/02,73.691
2010/11/03,73.92
2010/11/04,73.713
2010/11/05,73.609
2010/11/06,73.505
2010/11/07,73.305
2010/11/08,72.976
2010/11/09,72.892
2010/11/10,72.372
2010/11/11,71.801
2010/11/12,71.091
2010/11/13,67.847
2010/11/14,67.313
2010/11/15,58.889
2010/11/16,59.072
2010/11/17,59.014
2010/11/18,59.216
2010/11/19,59.464
2010/11/20,59.714
2010/11/21,59.774
2010/11/22,59.316
2010/11/23,58.808
2010/11/24,55.215
2010/11/25,48.316
2010/11/26,37.771
2010/11/27,24.101
2010/11/28,24.269
2010/11/29,24.378
2010/11/30,24.636
2010/12/01,24.485
2010/12/02,19.324
2010/12/03,19.506
2010/12/04,17.875
2010/12/05,18.04
2010/12/06,18.052
2010/12/07,17.632
2010/12/08,15.284
2010/12/09,15.165
2010/12/10,13.96
2010/12/11,13.107
2010/12/12,10.191
2010/12/13,9.866
2010/12/14,15.224
2010/12/15,24.931
2010/12/16,27.948
2010/12/17,27.724
2010/12/18,28.161
2010/12/19,28.045
2010/12/20,27.882
2010/12/21,27.692
2010/12/22,27.626
2010/12/23,27.583
2010/12/24,27.37
2010/12/25,33.281
2010/12/26,34.503
2010/12/27,34.271
2010/12/28,34.147
2010/12/29,33.93
2010/12/30,33.643
2010/12/31,33.423
2011/01/01,33.173
2011/01/02,32.858
2011/01/03,32.973
2011/01/04,33.042
2011/01/05,33.077
2011/01/06,33.109
2011/01/07,32.946
2011/01/08,33.203
2011/01/09,33.378
2011/01/10,33.595
2011/01/11,33.628
2011/01/12,34.013
2011/01/13,33.255
2011/01/14,28.598
2011/01/15,26.241
2011/01/16,26.235
2011/01/17,25.81
2011/01/18,25.775
2011/01/19,25.717
2011/01/20,25.755
2011/01/21,25.877
2011/01/22,26.058
2011/01/23,26.099
2011/01/24,16.695
2011/01/25,12.034
2011/01/26,12.236
2011/01/27,12.561
2011/01/28,12.3
2011/01/29,11.957
2011/01/30,38.388
2011/01/31,38.737
2011/02/01,39.297
2011/02/02,39.683
2011/02/03,39.877
2011/02/04,40.264
2011/02/05,41.034
2011/02/06,41.858
2011/02/07,42.345
2011/02/08,42.654
2011/02/09,43.002
2011/02/10,43.715
2011/02/11,47.91
2011/02/12,48.116
2011/02/13,47.492
2011/02/14,47.309
2011/02/15,46.954
2011/02/16,46.916
2011/02/17,46.12
2011/02/18,45.746
2011/02/19,45.059
2011/02/20,44.055
2011/02/21,42.613
2011/02/22,42.101
2011/02/23,40.663
2011/02/24,39.987
2011/02/25,39.307
2011/02/26,38.596
2011/02/27,37.628
2011/02/28,36.66
2011/03/01,27.342
2011/03/02,28.743
2011/03/03,29.688
2011/03/04,30.74
2011/03/05,30.681
2011/03/06,30.704
2011/03/07,30.878
2011/03/08,31.162
2011/03/09,31.06
2011/03/10,31.574
2011/03/11,31.827
2011/03/12,32.804
2011/03/13,28.079
2011/03/14,28.052
2011/03/15,28.415
2011/03/16,29.596
2011/03/17,30.683
2011/03/18,31.153
2011/03/19,32.049
2011/03/20,32.379
2011/03/21,32.318
2011/03/22,31.57
2011/03/23,30.611
2011/03/24,29.45
2011/03/25,28.805
2011/03/26,27.517
2011/03/27,25.88
2011/03/28,23.057
2011/03/29,23.071
2011/03/30,23.023
2011/03/31,23.051
2011/04/01,23.002
2011/04/02,23.003
2011/04/03,23.001
2011/04/04,22.059
2011/04/05,20.3
2011/04/06,19.944
2011/04/07,19.786
2011/04/08,17.646
2011/04/09,17.642
2011/04/10,17.632
2011/04/11,17.159
2011/04/12,16.754
2011/04/13,16.111
2011/04/14,15.603
2011/04/15,15.135
2011/04/16,15.063
2011/04/17,14.73
2011/04/18,14.298
2011/04/19,15.065
2011/04/20,14.333
2011/04/21,13.429
2011/04/22,13.466
2011/04/23,14.036
2011/04/24,13.013
2011/04/25,13.537
2011/04/26,15.913
2011/04/27,17.111
2011/04/28,16.626
2011/04/29,20.163
2011/04/30,21.108
2011/05/01,21.46
2011/05/02,23.342
2011/05/03,28.458
2011/05/04,38.083
2011/05/05,40.5
2011/05/06,41.91
2011/05/07,42.143
2011/05/08,41.716
2011/05/09,41.822
2011/05/10,44.693
2011/05/11,49.827
2011/05/12,49.906
2011/05/13,50.532
2011/05/14,51.292
2011/05/15,54.894
2011/05/16,58.922
2011/05/17,61.889
2011/05/18,59.616
2011/05/19,59.072
2011/05/20,66.076
2011/05/21,77.795
2011/05/22,78.523
2011/05/23,77.479
2011/05/24,78.249
2011/05/25,78.786
2011/05/26,80.718
2011/05/27,81.355
2011/05/28,80.582
2011/05/29,82.003
2011/05/30,82.227
2011/05/31,79.622
2011/06/01,79.566
2011/06/02,79.893
2011/06/03,88.797
2011/06/04,109.059
2011/06/05,140.59
2011/06/06,151.672
2011/06/07,176.49
2011/06/08,200.742
2011/06/09,237.777
2011/06/10,265.797
2011/06/11,295.62
2011/06/12,296.178
2011/06/13,302.211
2011/06/14,315.593
2011/06/15,317.908
2011/06/16,325.206
2011/06/17,317.399
2011/06/18,309.223
2011/06/19,305.366
2011/06/20,303.385
2011/06/21,296.873
2011/06/22,287.226
2011/06/23,280.738
2011/06/24,273.137
2011/06/25,267.645
2011/06/26,261.518
2011/06/27,259.751
2011/06/28,255.34
2011/06/29,248.738
2011/06/30,240.131
2011/07/01,242.197
2011/07/02,233.528
2011/07/03,235.207
2011/07/04,238.89
2011/07/05,242.767
2011/07/06,250.233
2011/07/07,253.006
2011/07/08,254.111
2011/07/09,242.82
2011/07/10,230.246
2011/07/11,207.071
2011/07/12,207.088
2011/07/13,197.537
2011/07/14,171.729
2011/07/15,156.982
2011/07/16,124.627
2011/07/17,121.892
2011/07/18,121.711
2011/07/19,113.566
2011/07/20,101.986
2011/07/21,100.372
2011/07/22,90.755
2011/07/23,87.551
2011/07/24,67.858
2011/07/25,67.009
2011/07/26,65.859
2011/07/27,72.476
2011/07/28,87.142
2011/07/29,84.227
2011/07/30,84.904
2011/07/31,81.862
2011/08/01,76.971
2011/08/02,77.863
2011/08/03,77.709
2011/08/04,84.97
2011/08/05,86.453
2011/08/06,91.252
2011/08/07,94.813
2011/08/08,96.911
2011/08/09,99.868
2011/08/10,100.476
2011/08/11,102.826
2011/08/12,105.23
2011/08/13,110.09
2011/08/14,111.424
2011/08/15,117.073
2011/08/16,122.972
2011/08/17,123.205
2011/08/18,123.257
2011/08/19,124.174
2011/08/20,124.241
2011/08/21,124.634
2011/08/22,123.571
2011/08/23,122.554
2011/08/24,121.604
2011/08/25,120.097
2011/08/26,109.59
2011/08/27,85.03
2011/08/28,81.383
2011/08/29,68.402
2011/08/30,63.2
2011/08/31,54.777
2011/09/01,52.886
2011/09/02,43.311
2011/09/03,44.097
2011/09/04,45.82
2011/09/05,46.113
2011/09/06,49.603
2011/09/07,50.305
2011/09/08,50.977
2011/09/09,51.086
2011/09/10,53.468
2011/09/11,56.074
2011/09/12,56.22
2011/09/13,56.612
2011/09/14,53.799
2011/09/15,50.828
2011/09/16,51.846
2011/09/17,52.332
2011/09/18,53.142
2011/09/19,56.287
2011/09/20,63.454
2011/09/21,64.95
2011/09/22,64.481
2011/09/23,63.676
2011/09/24,62.668
2011/09/25,62.304
2011/09/26,61.45
2011/09/27,60.569
2011/09/28,61.513
2011/09/29,61.452
2011/09/30,58.79
2011/10/01,56.77
2011/10/02,54.833
2011/10/03,50.993
2011/10/04,51.124
2011/10/05,48.144
2011/10/06,36.738
2011/10/07,37.054
2011/10/08,36.809
2011/10/09,36.044
2011/10/10,36.9
2011/10/11,38.661
2011/10/12,39.124
2011/10/13,39.716
2011/10/14,37.854
2011/10/15,37.506
2011/10/16,37.539
2011/10/17,38.111
2011/10/18,39.744
2011/10/19,42.224
2011/10/20,41.642
2011/10/21,42.316
2011/10/22,42.897
2011/10/23,41.014
2011/10/24,39.281
2011/10/25,40.321
2011/10/26,41.584
2011/10/27,41.435
2011/10/28,41.66
2011/10/29,40.744
2011/10/30,40.378
2011/10/31,40.289
2011/11/01,38.534
2011/11/02,38.532
2011/11/03,35.55
2011/11/04,31.605
2011/11/05,29.228
2011/11/06,23.193
2011/11/07,20.973
2011/11/08,18.938
2011/11/09,18.896
2011/11/10,19.554
2011/11/11,18.77
2011/11/12,18.8
2011/11/13,17.305
2011/11/14,15.659
2011/11/15,14.215
2011/11/16,14.179
2011/11/17,14.68
2011/11/18,14.451
2011/11/19,14.488
2011/11/20,14.994
2011/11/21,14.946
2011/11/22,15.083
2011/11/23,15.852
2011/11/24,16.427
2011/11/25,16.442
2011/11/26,16.439
2011/11/27,16.397
2011/11/28,16.05
2011/11/29,17.364
2011/11/30,17.42
2011/12/01,17.109
2011/12/02,16.411
2011/12/03,16.24
2011/12/04,16.061
2011/12/05,16.608
2011/12/06,18.647
2011/12/07,18.115
2011/12/08,17.496
2011/12/09,18.061
2011/12/10,20.634
2011/12/11,20.957
2011/12/12,20.782
2011/12/13,20.921
2011/12/14,21.955
2011/12/15,22.526
2011/12/16,23.21
2011/12/17,22.465
2011/12/18,22.326
2011/12/19,22.718
2011/12/20,24.141
2011/12/21,24.688
2011/12/22,25.084
2011/12/23,24.561
2011/12/24,24.189
2011/12/25,24.122
2011/12/26,24.241
2011/12/27,23.991
2011/12/28,24.389
2011/12/29,23.05
2011/12/30,22.97
2011/12/31,23.025
2012/01/01,23.9
2012/01/02,23.765
2012/01/03,22.939
2012/01/04,21.708
2012/01/05,18.581
2012/01/06,25.943
2012/01/07,28.778
2012/01/08,30.651
2012/01/09,31.895
2012/01/10,31.791
2012/01/11,31.713
2012/01/12,31.293
2012/01/13,31.269
2012/01/14,31.134
2012/01/15,31.138
2012/01/16,30.679
2012/01/17,29.649
2012/01/18,30.301
2012/01/19,30.916
2012/01/20,31.13
2012/01/21,31.755
2012/01/22,31.234
2012/01/23,30.227
2012/01/24,29.147
2012/01/25,28.465
2012/01/26,27.198
2012/01/27,27.341
2012/01/28,26.808
2012/01/29,27.311
2012/01/30,27.669
2012/01/31,27.722
2012/02/01,26.975
2012/02/02,26.793
2012/02/03,27.446
2012/02/04,27.437
2012/02/05,24.544
2012/02/06,23.266
2012/02/07,22.763
2012/02/08,22.199
2012/02/09,23.322
2012/02/10,26.825
2012/02/11,28.668
2012/02/12,29.42
2012/02/13,30.285
2012/02/14,32.314
2012/02/15,36.987
2012/02/16,41.179
2012/02/17,40.398
2012/02/18,39.7
2012/02/19,39.556
2012/02/20,38.839
2012/02/21,36.902
2012/02/22,35.582
2012/02/23,35.627
2012/02/24,35.656
2012/02/25,35.917
2012/02/26,36.045
2012/02/27,36.007
2012/02/28,36.23
2012/02/29,34.112
2012/03/01,33.219
2012/03/02,32.531
2012/03/03,32.453
2012/03/04,29.562
2012/03/05,29.048
2012/03/06,28.847
2012/03/07,28.897
2012/03/08,29.154
2012/03/09,29.353
2012/03/10,29.373
2012/03/11,28.292
2012/03/12,28.555
2012/03/13,28.533
2012/03/14,29.512
2012/03/15,28.359
2012/03/16,24.141
2012/03/17,17.898
2012/03/18,17.947
2012/03/19,17.929
2012/03/20,16.948
2012/03/21,15.494
2012/03/22,15.456
2012/03/23,15.661
2012/03/24,13.686
2012/03/25,14.271
2012/03/26,14.305
2012/03/27,14.432
2012/03/28,14.424
2012/03/29,14.371
2012/03/30,16.548
2012/03/31,17.099
2012/04/01,17.134
2012/04/02,17.44
2012/04/03,17.408
2012/04/04,17.105
2012/04/05,17.012
2012/04/06,17.122
2012/04/07,17.459
2012/04/08,18.034
2012/04/09,18.002
2012/04/10,21.211
2012/04/11,20.897
2012/04/12,21.01
2012/04/13,21.284
2012/04/14,21.542
2012/04/15,22.207
2012/04/16,21.608
2012/04/17,23.196
2012/04/18,23.213
2012/04/19,23.399
2012/04/20,26.759
2012/04/21,26.71
2012/04/22,26.983
2012/04/23,27.231
2012/04/24,27.052
2012/04/25,28.168
2012/04/26,30.486
2012/04/27,30.513
2012/04/28,31.187
2012/04/29,32.625
2012/04/30,34.097
2012/05/01,36.856
2012/05/02,38.431
2012/05/03,41.906
2012/05/04,45.429
2012/05/05,48.358
2012/05/06,49.932
2012/05/07,52.298
2012/05/08,54.448
2012/05/09,55.715
2012/05/10,56.968
2012/05/11,58.67
2012/05/12,59.363
2012/05/13,58.217
2012/05/14,59.104
2012/05/15,60.119
2012/05/16,59.715
2012/05/17,56.713
2012/05/18,55.742
2012/05/19,53.72
2012/05/20,45.72
2012/05/21,42.402
2012/05/22,40.642
2012/05/23,38.309
2012/05/24,32.169
2012/05/25,30.285
2012/05/26,29.345
2012/05/27,22.263
2012/05/28,17.247
2012/05/29,15.494
2012/05/30,12.86
2012/05/31,11.501
2012/06/01,6.995
2012/06/02,7.006
2012/06/03,7.007
2012/06/04,7.102
2012/06/05,6.533
2012/06/06,7.809
2012/06/07,7.72
2012/06/08,7.439
2012/06/09,6.798
2012/06/10,6.91
2012/06/11,6.992
2012/06/12,6.955
2012/06/13,7.022
2012/06/14,7.173
2012/06/15,7.217
2012/06/16,7.231
2012/06/17,7.237
2012/06/18,7.202
2012/06/19,7.194
2012/06/20,7.155
2012/06/21,7.156
2012/06/22,7.157
2012/06/23,7.158
2012/06/24,7.157
2012/06/25,7.148
2012/06/26,7.148
2012/06/27,7.169
2012/06/28,7.174
2012/06/29,7.203
2012/06/30,6.994
2012/07/01,7.007
2012/07/02,6.177
2012/07/03,7.947
2012/07/04,8.645
2012/07/05,8.611
2012/07/06,7.358
2012/07/07,7.446
2012/07/08,7.472
2012/07/09,8.087
2012/07/10,7.984
2012/07/11,7.856
2012/07/12,8.35
2012/07/13,8.636
2012/07/14,10.064
2012/07/15,9.937
2012/07/16,10.097
2012/07/17,9.846
2012/07/18,9.597
2012/07/19,9.432
2012/07/20,9.223
2012/07/21,9.038
2012/07/22,8.92
2012/07/23,8.928
2012/07/24,8.716
2012/07/25,8.741
2012/07/26,8.448
2012/07/27,10.309
2012/07/28,10.2
2012/07/29,10.152
2012/07/30,10.198
2012/07/31,10.814
2012/08/01,11.081
2012/08/02,11.143
2012/08/03,21.327
2012/08/04,23.047
2012/08/05,23.476
2012/08/06,23.331
2012/08/07,25.153
2012/08/08,25.114
2012/08/09,24.803
2012/08/10,24.569
2012/08/11,24.511
2012/08/12,24.577
2012/08/13,24.912
2012/08/14,24.775
2012/08/15,24.885
2012/08/16,26.058
2012/08/17,27.617
2012/08/18,27.924
2012/08/19,27.363
2012/08/20,27.052
2012/08/21,26.991
2012/08/22,27.69
2012/08/23,30.52
2012/08/24,30.623
2012/08/25,29.958
2012/08/26,29.951
2012/08/27,29.413
2012/08/28,29.372
2012/08/29,29.278
2012/08/30,29.948
2012/08/31,30.296
2012/09/01,30.844
2012/09/02,28.236
2012/09/03,28.581
2012/09/04,29.029
2012/09/05,29.418
2012/09/06,28.852
2012/09/07,28.707
2012/09/08,29.323
2012/09/09,29.95
2012/09/10,30.245
2012/09/11,30.542
2012/09/12,30.356
2012/09/13,30.855
2012/09/14,30.937
2012/09/15,30.737
2012/09/16,29.847
2012/09/17,29.4
2012/09/18,29.48
2012/09/19,29.08
2012/09/20,28.122
2012/09/21,26.585
2012/09/22,20.188
2012/09/23,18.131
2012/09/24,18.005
2012/09/25,17.773
2012/09/26,17.55
2012/09/27,17.556
2012/09/28,17.556
2012/09/29,17.498
2012/09/30,17.494
2012/10/01,17.404
2012/10/02,17.621
2012/10/03,18.33
2012/10/04,18.248
2012/10/05,18.288
2012/10/06,18.575
2012/10/07,18.605
2012/10/08,16.195
2012/10/09,12.705
2012/10/10,12.702
2012/10/11,12.524
2012/10/12,12.426
2012/10/13,12.322
2012/10/14,12.246
2012/10/15,12.126
2012/10/16,12.005
2012/10/17,12.21
2012/10/18,12.493
2012/10/19,12.288
2012/10/20,11.916
2012/10/21,12.271
2012/10/22,12.466
2012/10/23,12.457
2012/10/24,12.475
2012/10/25,12.134
2012/10/26,17.309
2012/10/27,22.7
2012/10/28,23.157
2012/10/29,23.176
2012/10/30,23.241
2012/10/31,23.194
2012/11/01,23.322
2012/11/02,22.803
2012/11/03,22.809
2012/11/04,22.703
2012/11/05,22.491
2012/11/06,22.431
2012/11/07,22.202
2012/11/08,22.029
2012/11/09,22.061
2012/11/10,22.151
2012/11/11,22.086
2012/11/12,21.968
2012/11/13,22.039
2012/11/14,22.295
2012/11/15,22.288
2012/11/16,22.462
2012/11/17,22.53
2012/11/18,22.645
2012/11/19,22.745
2012/11/20,22.478
2012/11/21,22.429
2012/11/22,22.4
2012/11/23,22.592
2012/11/24,22.406
2012/11/25,19.183
2012/11/26,11.984
2012/11/27,11.12
2012/11/28,10.875
2012/11/29,11.009
2012/11/30,10.749
2012/12/01,9.631
2012/12/02,9.89
2012/12/03,11.066
2012/12/04,11.157
2012/12/05,11.192
2012/12/06,14.803
2012/12/07,14.773
2012/12/08,14.69
2012/12/09,14.073
2012/12/10,13.959
2012/12/11,13.9
2012/12/12,13.981
2012/12/13,13.863
2012/12/14,13.709
2012/12/15,13.576
2012/12/16,13.702
2012/12/17,13.75
2012/12/18,13.726
2012/12/19,13.634
2012/12/20,13.593
2012/12/21,13.442
2012/12/22,13.526
2012/12/23,13.551
2012/12/24,13.792
2012/12/25,13.666
2012/12/26,13.65
2012/12/27,13.341
2012/12/28,13.486
2012/12/29,13.414
2012/12/30,13.694
2012/12/31,13.687
2013/01/01,13.604
2013/01/02,12.642
2013/01/03,12.652
2013/01/04,12.653
2013/01/05,7.431
2013/01/06,7.33
2013/01/07,7.273
2013/01/08,7.391
2013/01/09,7.476
2013/01/10,7.348
2013/01/11,6.906
2013/01/12,6.842
2013/01/13,7.029
2013/01/14,7.149
2013/01/15,7.017
2013/01/16,6.989
2013/01/17,7.022
2013/01/18,7.293
2013/01/19,7.298
2013/01/20,7.484
2013/01/21,7.762
2013/01/22,9.983
2013/01/23,10.585
2013/01/24,11.131
2013/01/25,11.269
2013/01/26,11.062
2013/01/27,10.887
2013/01/28,10.993
2013/01/29,10.887
2013/01/30,12.227
2013/01/31,12.139
2013/02/01,12.076
2013/02/02,12.08
2013/02/03,11.814
2013/02/04,11.671
2013/02/05,12.38
2013/02/06,13.24
2013/02/07,13.277
2013/02/08,13.285
2013/02/09,13.038
2013/02/10,12.806
2013/02/11,12.556
2013/02/12,11.862
2013/02/13,11.216
2013/02/14,11.05
2013/02/15,10.724
2013/02/16,10.635
2013/02/17,10.693
2013/02/18,10.19
2013/02/19,10.221
2013/02/20,10.313
2013/02/21,9.541
2013/02/22,9.187
2013/02/23,9.105
2013/02/24,9.37
2013/02/25,9.636
2013/02/26,9.581
2013/02/27,9.577
2013/02/28,9.44
2013/03/01,7.961
2013/03/02,8.061
2013/03/03,8.179
2013/03/04,8.19
2013/03/05,8.647
2013/03/06,8.966
2013/03/07,8.333
2013/03/08,7.325
2013/03/09,7.491
2013/03/10,7.496
2013/03/11,7.715
2013/03/12,9.019
2013/03/13,9.682
2013/03/14,10.011
2013/03/15,10.056
2013/03/16,12.672
2013/03/17,14.098
2013/03/18,18.155
2013/03/19,22.324
2013/03/20,25.031
2013/03/21,26.121
2013/03/22,27.369
2013/03/23,27.453
2013/03/24,27.339
2013/03/25,27.666
2013/03/26,29.897
2013/03/27,30.846
2013/03/28,31.497
2013/03/29,32.324
2013/03/30,31.722
2013/03/31,31.236
2013/04/01,31.265
2013/04/02,35.145
2013/04/03,39.665
2013/04/04,47.626
2013/04/05,53.912
2013/04/06,54.471
2013/04/07,53.553
2013/04/08,58.47
2013/04/09,73.811
2013/04/10,121.47
2013/04/11,121.175
2013/04/12,120.014
2013/04/13,118.485
2013/04/14,117.329
2013/04/15,116.517
2013/04/16,115.868
2013/04/17,115.489
2013/04/18,115.158
2013/04/19,114.676
2013/04/20,114.182
2013/04/21,113.578
2013/04/22,112.243
2013/04/23,110.912
2013/04/24,109.882
2013/04/25,109.518
2013/04/26,108.948
2013/04/27,108.266
2013/04/28,108.009
2013/04/29,106.516
2013/04/30,105.478
2013/05/01,104.858
2013/05/02,105.3
2013/05/03,105.692
2013/05/04,106.665
2013/05/05,106.691
2013/05/06,107.137
2013/05/07,106.969
2013/05/08,106.052
2013/05/09,99.169
2013/05/10,30.446
2013/05/11,28.395
2013/05/12,27.622
2013/05/13,27.677
2013/05/14,26.913
2013/05/15,27.13
2013/05/16,26.479
2013/05/17,26.504
2013/05/18,25.619
2013/05/19,24.938
2013/05/20,24.874
2013/05/21,25.71
2013/05/22,26.308
2013/05/23,27.157
2013/05/24,28.885
2013/05/25,28.07
2013/05/26,27.541
2013/05/27,27.055
2013/05/28,27.9
2013/05/29,28.849
2013/05/30,29.648
2013/05/31,31.374
2013/06/01,31.365
2013/06/02,31.399
2013/06/03,30.077
2013/06/04,30.523
2013/06/05,30.257
2013/06/06,30.154
2013/06/07,31.124
2013/06/08,30.401
2013/06/09,29.73
2013/06/10,27.139
2013/06/11,25.197
2013/06/12,24.723
2013/06/13,24.529
2013/06/14,23.62
2013/06/15,22.836
2013/06/16,24.323
2013/06/17,25.243
2013/06/18,23.114
2013/06/19,23.14
2013/06/20,24.247
2013/06/21,24.549
2013/06/22,24.814
2013/06/23,24.986
2013/06/24,24.853
2013/06/25,24.937
2013/06/26,24.68
2013/06/27,24.549
2013/06/28,23.759
2013/06/29,23.614
2013/06/30,22.777
2013/07/01,24.236
2013/07/02,25.007
2013/07/03,30.105
2013/07/04,29.675
2013/07/05,29.86
2013/07/06,31.717
2013/07/07,32.376
2013/07/08,32.446
2013/07/09,32.575
2013/07/10,34.046
2013/07/11,41.317
2013/07/12,41.759
2013/07/13,41.001
2013/07/14,41.682
2013/07/15,41.586
2013/07/16,41.021
2013/07/17,40.486
2013/07/18,40.776
2013/07/19,40.609
2013/07/20,41.852
2013/07/21,42.32
2013/07/22,42.166
2013/07/23,41.595
2013/07/24,41.558
2013/07/25,41.453
2013/07/26,41.499
2013/07/27,42.964
2013/07/28,44.596
2013/07/29,44.561
2013/07/30,44.114
2013/07/31,43.534
2013/08/01,43.325
2013/08/02,40.106
2013/08/03,41.838
2013/08/04,43.827
2013/08/05,42.696
2013/08/06,43.071
2013/08/07,44.507
2013/08/08,46.704
2013/08/09,46.183
2013/08/10,39.022
2013/08/11,38.436
2013/08/12,38.193
2013/08/13,38.106
2013/08/14,38.14
2013/08/15,36.688
2013/08/16,38.606
2013/08/17,40.118
2013/08/18,41.578
2013/08/19,43.222
2013/08/20,43.922
2013/08/21,43.364
2013/08/22,42.346
2013/08/23,40.985
2013/08/24,40.117
2013/08/25,37.91
2013/08/26,37.908
2013/08/27,38.596
2013/08/28,36.034
2013/08/29,32.341
2013/08/30,30.57
2013/08/31,30.136
2013/09/01,28.935
2013/09/02,28.959
2013/09/03,29.453
2013/09/04,28.759
2013/09/05,29.509
2013/09/06,29.691
2013/09/07,30.372
2013/09/08,31.643
2013/09/09,32.737
2013/09/10,32.925
2013/09/11,33.856
2013/09/12,34.152
2013/09/13,36.245
2013/09/14,36.217
2013/09/15,36.951
2013/09/16,35.6
2013/09/17,35.377
2013/09/18,34.726
2013/09/19,34.561
2013/09/20,34.763
2013/09/21,34.846
2013/09/22,35.282
2013/09/23,35.026
2013/09/24,35.302
2013/09/25,36.048
2013/09/26,35.173
2013/09/27,39.774
2013/09/28,41.406
2013/09/29,42.58
2013/09/30,49.127
2013/10/01,50.331
2013/10/02,51.811
2013/10/03,51.775
2013/10/04,51.614
2013/10/05,50.814
2013/10/06,50.654
2013/10/07,49.645
2013/10/08,47.777
2013/10/09,45.798
2013/10/10,44.925
2013/10/11,44.853
2013/10/12,45.48
2013/10/13,44.088
2013/10/14,43.784
2013/10/15,41.38
2013/10/16,43.756
2013/10/17,41.981
2013/10/18,40.949
2013/10/19,41.213
2013/10/20,41.234
2013/10/21,40.471
2013/10/22,41.506
2013/10/23,46.75
2013/10/24,47.385
2013/10/25,47.358
2013/10/26,47.98
2013/10/27,47.593
2013/10/28,47.414
2013/10/29,47.67
2013/10/30,47.319
2013/10/31,47.231
2013/11/01,54.948
2013/11/02,55.681
2013/11/03,57.717
2013/11/04,70.848
2013/11/05,87.218
2013/11/06,98.374
2013/11/07,116.942
2013/11/08,137.844
2013/11/09,160.114
2013/11/10,158.674
2013/11/11,156.056
2013/11/12,154.289
2013/11/13,152.38
2013/11/14,152.968
2013/11/15,154.831
2013/11/16,162.316
2013/11/17,162.742
2013/11/18,213.889
2013/11/19,260.859
2013/11/20,269.973
2013/11/21,274.359
2013/11/22,279.891
2013/11/23,282.504
2013/11/24,276.963
2013/11/25,269.036
2013/11/26,270.327
2013/11/27,305.673
2013/11/28,339.693
2013/11/29,361.396
2013/11/30,359.075
2013/12/01,359.757
2013/12/02,353.147
2013/12/03,344.001
2013/12/04,341.078
2013/12/05,349.835
2013/12/06,345.679
2013/12/07,346.259
2013/12/08,346.428
2013/12/09,347.078
2013/12/10,334.037
2013/12/11,317.886
2013/12/12,310.353
2013/12/13,301.199
2013/12/14,295.522
2013/12/15,294.103
2013/12/16,293.1
2013/12/17,289.62
2013/12/18,286.697
2013/12/19,281.891
2013/12/20,287.043
2013/12/21,299.003
2013/12/22,311.8
2013/12/23,322.64
2013/12/24,326.007
2013/12/25,324.066
2013/12/26,327.415
2013/12/27,310.563
2013/12/28,285.799
2013/12/29,264.072
2013/12/30,252.834
2013/12/31,243.65
2014/01/01,237.151
2014/01/02,231.297
2014/01/03,219.475
2014/01/04,173.901
2014/01/05,156.566
2014/01/06,121.676
2014/01/07,119.313
2014/01/08,115.752
2014/01/09,111.595
2014/01/10,109.588
2014/01/11,108.956
2014/01/12,108.454
2014/01/13,107.017
2014/01/14,106.999
2014/01/15,101.668
2014/01/16,97.092
2014/01/17,83.491
2014/01/18,80.785
2014/01/19,79.693
2014/01/20,78.395
2014/01/21,75.314
2014/01/22,72.542
2014/01/23,71.687
2014/01/24,70.34
2014/01/25,70.25
2014/01/26,70.155
2014/01/27,67.128
2014/01/28,60.654
2014/01/29,60.532
2014/01/30,59.516
2014/01/31,55.928
2014/02/01,56.84
2014/02/02,54.482
2014/02/03,56.38
2014/02/04,52.526
2014/02/05,39.391
2014/02/06,36.657
2014/02/07,41.085
2014/02/08,42.68
2014/02/09,45.441
2014/02/10,45.997
2014/02/11,45.414
2014/02/12,47.715
2014/02/13,47.671
2014/02/14,47.71
2014/02/15,50.463
2014/02/16,54.287
2014/02/17,56.728
2014/02/18,59.597
2014/02/19,59.673
2014/02/20,59.687
2014/02/21,63.097
2014/02/22,63.026
2014/02/23,60.785
2014/02/24,61.096
2014/02/25,65.924
2014/02/26,65.724
2014/02/27,64.746
2014/02/28,64.331
2014/03/01,64.36
2014/03/02,63.606
2014/03/03,65.419
2014/03/04,67.202
2014/03/05,66.894
2014/03/06,67.546
2014/03/07,68.922
2014/03/08,68.764
2014/03/09,63.689
2014/03/10,63.93
2014/03/11,64.493
2014/03/12,63.235
2014/03/13,64.701
2014/03/14,69.536
2014/03/15,74.425
2014/03/16,80.646
2014/03/17,82.932
2014/03/18,83.954
2014/03/19,86.802
2014/03/20,87.874
2014/03/21,90.656
2014/03/22,93.131
2014/03/23,91.566
2014/03/24,93.041
2014/03/25,92.859
2014/03/26,91.085
2014/03/27,80.791
2014/03/28,76.42
2014/03/29,77.853
2014/03/30,76.221
2014/03/31,75.55
2014/04/01,75.458
2014/04/02,66.916
2014/04/03,55.731
2014/04/04,52.182
2014/04/05,51.792
2014/04/06,52.276
2014/04/07,45.721
2014/04/08,41.25
2014/04/09,37.14
2014/04/10,34.753
2014/04/11,30.481
2014/04/12,29.268
2014/04/13,31.85
2014/04/14,32.067
2014/04/15,31.666
2014/04/16,32.802
2014/04/17,32.367
2014/04/18,32.315
2014/04/19,32.819
2014/04/20,33.346
2014/04/21,34.015
2014/04/22,33.112
2014/04/23,36.148
2014/04/24,35.504
2014/04/25,36.337
2014/04/26,35.907
2014/04/27,37.608
2014/04/28,37.634
2014/04/29,38.054
2014/04/30,37.722
2014/05/01,35.307
2014/05/02,34.946
2014/05/03,36.474
2014/05/04,37.094
2014/05/05,37.516
2014/05/06,37.798
2014/05/07,37.792
2014/05/08,37.228
2014/05/09,37.024
2014/05/10,35.723
2014/05/11,36.065
2014/05/12,36.293
2014/05/13,36.073
2014/05/14,34.037
2014/05/15,30.799
2014/05/16,24.35
2014/05/17,22.641
2014/05/18,19.552
2014/05/19,20.251
2014/05/20,23.322
2014/05/21,26.843
2014/05/22,28.974
2014/05/23,32.818
2014/05/24,33.388
2014/05/25,34.797
2014/05/26,37.504
2014/05/27,39.945
2014/05/28,41.129
2014/05/29,42.309
2014/05/30,47.191
2014/05/31,48.596
2014/06/01,53.146
2014/06/02,55.358
2014/06/03,58.949
2014/06/04,61.645
2014/06/05,62.039
2014/06/06,62.344
2014/06/07,61.744
2014/06/08,61.312
2014/06/09,59.916
2014/06/10,56.708
2014/06/11,55.86
2014/06/12,54.92
2014/06/13,52.383
2014/06/14,48.952
2014/06/15,49.479
2014/06/16,46.404
2014/06/17,41.922
2014/06/18,40.438
2014/06/19,40.836
2014/06/20,40.828
2014/06/21,41.43
2014/06/22,43.201
2014/06/23,42.218
2014/06/24,41.858
2014/06/25,42.587
2014/06/26,43.133
2014/06/27,43.14
2014/06/28,44.798
2014/06/29,46.469
2014/06/30,46.497
2014/07/01,45.601
2014/07/02,44.604
2014/07/03,41.688
2014/07/04,39.993
2014/07/05,42.866
2014/07/06,45.409
2014/07/07,45.414
2014/07/08,45.581
2014/07/09,44.363
2014/07/10,43.215
2014/07/11,41.031
2014/07/12,38.197
2014/07/13,38.952
2014/07/14,38.957
2014/07/15,37.604
2014/07/16,37.566
2014/07/17,37.332
2014/07/18,37.099
2014/07/19,39.952
2014/07/20,41.075
2014/07/21,41.079
2014/07/22,41.182
2014/07/23,40.77
2014/07/24,41.69
2014/07/25,42.389
2014/07/26,43.263
2014/07/27,44.165
2014/07/28,44.233
2014/07/29,43.778
2014/07/30,43.656
2014/07/31,41.194
2014/08/01,39.966
2014/08/02,38.785
2014/08/03,39.721
2014/08/04,38.199
2014/08/05,36.843
2014/08/06,36.8
2014/08/07,36.394
2014/08/08,36.123
2014/08/09,37.309
2014/08/10,36.627
2014/08/11,36.516
2014/08/12,35.626
2014/08/13,35.455
2014/08/14,36.135
2014/08/15,36.265
2014/08/16,38.276
2014/08/17,38.255
2014/08/18,36.105
2014/08/19,34.931
2014/08/20,35.761
2014/08/21,36.379
2014/08/22,35.518
2014/08/23,34.061
2014/08/24,33.18
2014/08/25,32.351
2014/08/26,31.353
2014/08/27,31.917
2014/08/28,31.712
2014/08/29,31.243
2014/08/30,32.426
2014/08/31,32.287
2014/09/01,32.243
2014/09/02,30.583
2014/09/03,30.48
2014/09/04,30.439
2014/09/05,30.334
2014/09/06,30.99
2014/09/07,32.822
2014/09/08,31.305
2014/09/09,30.087
2014/09/10,30.028
2014/09/11,30.059
2014/09/12,30.562
2014/09/13,30.1
2014/09/14,31.276
2014/09/15,28.084
2014/09/16,28.275
2014/09/17,28.01
2014/09/18,29.189
2014/09/19,29.842
2014/09/20,29.192
2014/09/21,30.305
2014/09/22,30.268
2014/09/23,30.675
2014/09/24,30.473
2014/09/25,29.725
2014/09/26,28.79
2014/09/27,30.14
2014/09/28,31.937
2014/09/29,31.257
2014/09/30,31.565
2014/10/01,31.511
2014/10/02,31.513
2014/10/03,31.656
2014/10/04,31.638
2014/10/05,32.164
2014/10/06,31.747
2014/10/07,30.065
2014/10/08,30.064
2014/10/09,30.252
2014/10/10,30.002
2014/10/11,30.217
2014/10/12,30.86
2014/10/13,30.866
2014/10/14,30.419
2014/10/15,30.962
2014/10/16,30.719
2014/10/17,30.572
2014/10/18,29.387
2014/10/19,28.575
2014/10/20,28.546
2014/10/21,28.135
2014/10/22,27.72
2014/10/23,26.687
2014/10/24,26.992
2014/10/25,27.021
2014/10/26,30.435
2014/10/27,29.838
2014/10/28,28.309
2014/10/29,28.145
2014/10/30,28.579
2014/10/31,29.309
2014/11/01,29.938
2014/11/02,33.219
2014/11/03,34.076
2014/11/04,34.096
2014/11/05,33.981
2014/11/06,33.968
2014/11/07,33.674
2014/11/08,34.186
2014/11/09,35.662
2014/11/10,35.662
2014/11/11,35.468
2014/11/12,36.398
2014/11/13,38.042
2014/11/14,36.533
2014/11/15,36.165
2014/11/16,35.778
2014/11/17,36.389
2014/11/18,36.567
2014/11/19,37.099
2014/11/20,36.346
2014/11/21,36.469
2014/11/22,36.413
2014/11/23,37.615
2014/11/24,37.216
2014/11/25,37.274
2014/11/26,38.809
2014/11/27,39.403
2014/11/28,41.475
2014/11/29,41.6
2014/11/30,41.166
2014/12/01,41.706
2014/12/02,44.264
2014/12/03,43.718
2014/12/04,43.677
2014/12/05,43.932
2014/12/06,43.147
2014/12/07,42.578
2014/12/08,40.633
2014/12/09,37.142
2014/12/10,38.613
2014/12/11,38.107
2014/12/12,38.118
2014/12/13,37.099
2014/12/14,38.145
2014/12/15,37.062
2014/12/16,34.724
2014/12/17,34.662
2014/12/18,37.561
2014/12/19,40.483
2014/12/20,41.501
2014/12/21,42.484
2014/12/22,43.106
2014/12/23,38.293
2014/12/24,37.571
2014/12/25,37.988
2014/12/26,38.111
2014/12/27,37.92
2014/12/28,39.176
2014/12/29,39.298
2014/12/30,38.953
2014/12/31,39.009
2015/01/01,39.184
2015/01/02,39.37
2015/01/03,39.8
2015/01/04,39.958
2015/01/05,40.212
2015/01/06,39.637
2015/01/07,39.487
2015/01/08,39.231
2015/01/09,38.326
2015/01/10,38.257
2015/01/11,41.254
2015/01/12,44.45
2015/01/13,43.042
2015/01/14,43.182
2015/01/15,42.942
2015/01/16,42.944
2015/01/17,41.913
2015/01/18,40.977
2015/01/19,40.13
2015/01/20,40.616
2015/01/21,39.894
2015/01/22,38.674
2015/01/23,39.25
2015/01/24,40.938
2015/01/25,42.901
2015/01/26,41.981
2015/01/27,42.35
2015/01/28,42.597
2015/01/29,39.025
2015/01/30,37.259
2015/01/31,38.66
2015/02/01,37.591
2015/02/02,37.376
2015/02/03,37.207
2015/02/04,37.282
2015/02/05,37.1
2015/02/06,35.453
2015/02/07,36.717
2015/02/08,38.72
2015/02/09,38.719
2015/02/10,39.471
2015/02/11,40.036
2015/02/12,38.208
2015/02/13,38.025
2015/02/14,36.457
2015/02/15,34.501
2015/02/16,35.275
2015/02/17,35.527
2015/02/18,35.758
2015/02/19,35.959
2015/02/20,36.243
2015/02/21,35.735
2015/02/22,36.283
2015/02/23,36.567
2015/02/24,36.384
2015/02/25,33.931
2015/02/26,33.518
2015/02/27,33.134
2015/02/28,32.649
2015/03/01,30.092
2015/03/02,30.483
2015/03/03,31.559
2015/03/04,29.943
2015/03/05,25.735
2015/03/06,24.78
2015/03/07,24.65
2015/03/08,23.251
2015/03/09,23.386
2015/03/10,23.72
2015/03/11,23.448
2015/03/12,24.355
2015/03/13,24.456
2015/03/14,23.979
2015/03/15,24.56
2015/03/16,23.868
2015/03/17,23.762
2015/03/18,23.591
2015/03/19,23.748
2015/03/20,23.765
2015/03/21,24.115
2015/03/22,24.724
2015/03/23,24.438
2015/03/24,23.729
2015/03/25,23.456
2015/03/26,23.445
2015/03/27,23.443
2015/03/28,23.936
2015/03/29,24.856
2015/03/30,24.583
2015/03/31,24.084
2015/04/01,23.738
2015/04/02,22.276
2015/04/03,21.917
2015/04/04,22.492
2015/04/05,23.76
2015/04/06,23.221
2015/04/07,22.676
2015/04/08,22.466
2015/04/09,21.504
2015/04/10,21.341
2015/04/11,20.331
2015/04/12,20.1
2015/04/13,20.156
2015/04/14,19.759
2015/04/15,19.01
2015/04/16,18.359
2015/04/17,18.216
2015/04/18,18.395
2015/04/19,18.459
2015/04/20,18.87
2015/04/21,24.062
2015/04/22,27.968
2015/04/23,32.155
2015/04/24,34.594
2015/04/25,34.843
2015/04/26,34.987
2015/04/27,34.945
2015/04/28,34.247
2015/04/29,34.275
2015/04/30,34.582
2015/05/01,34.583
2015/05/02,35.11
2015/05/03,34.765
2015/05/04,33.616
2015/05/05,31.549
2015/05/06,31.178
2015/05/07,31.342
2015/05/08,31.219
2015/05/09,31.055
2015/05/10,30.687
2015/05/11,32.355
2015/05/12,33.333
2015/05/13,32.331
2015/05/14,31.847
2015/05/15,30.931
2015/05/16,31.988
2015/05/17,32.962
2015/05/18,31.531
2015/05/19,34.936
2015/05/20,36.63
2015/05/21,37.445
2015/05/22,37.733
2015/05/23,36.583
2015/05/24,37.101
2015/05/25,37.093
2015/05/26,37.082
2015/05/27,37.13
2015/05/28,37.139
2015/05/29,37.839
2015/05/30,41.136
2015/05/31,41.107
2015/06/01,41.784
2015/06/02,43.112
2015/06/03,43.029
2015/06/04,42.844
2015/06/05,43.877
2015/06/06,44.593
2015/06/07,44.601
2015/06/08,43.353
2015/06/09,45.097
2015/06/10,45.206
2015/06/11,45.18
2015/06/12,45.332
2015/06/13,45.081
2015/06/14,44.907
2015/06/15,43.009
2015/06/16,41.332
2015/06/17,43.195
2015/06/18,42.656
2015/06/19,42.137
2015/06/20,41.801
2015/06/21,42.35
2015/06/22,42.33
2015/06/23,40.533
2015/06/24,40.602
2015/06/25,41
2015/06/26,40.977
2015/06/27,41.754
2015/06/28,40.484
2015/06/29,36.207
2015/06/30,57.577
2015/07/01,57.218
2015/07/02,59.22
2015/07/03,59.233
2015/07/04,59.861
2015/07/05,64.15
2015/07/06,66.007
2015/07/07,66.363
2015/07/08,68.526
2015/07/09,68.322
2015/07/10,69.533
2015/07/11,71.959
2015/07/12,77.981
2015/07/13,80.157
2015/07/14,79.512
2015/07/15,79.509
2015/07/16,79.506
2015/07/17,79.116
2015/07/18,82.692
2015/07/19,86.475
2015/07/20,86.65
2015/07/21,86.986
2015/07/22,87.35
2015/07/23,87.467
2015/07/24,87.386
2015/07/25,87.544
2015/07/26,87.596
2015/07/27,87.183
2015/07/28,86.941
2015/07/29,86.712
2015/07/30,73.971
2015/07/31,74.058
2015/08/01,72.542
2015/08/02,73.33
2015/08/03,73.141
2015/08/04,69.871
2015/08/05,68.447
2015/08/06,65.477
2015/08/07,60.285
2015/08/08,59.906
2015/08/09,59.743
2015/08/10,59.152
2015/08/11,54.639
2015/08/12,52.806
2015/08/13,52.478
2015/08/14,52.365
2015/08/15,52.333
2015/08/16,52.094
2015/08/17,48.037
2015/08/18,42.345
2015/08/19,42.065
2015/08/20,40.391
2015/08/21,39.359
2015/08/22,40.566
2015/08/23,41.561
2015/08/24,40.626
2015/08/25,40.446
2015/08/26,40.276
2015/08/27,40.095
2015/08/28,39.312
2015/08/29,39.79
2015/08/30,39.985
2015/08/31,38.365
2015/09/01,35.762
2015/09/02,43.387
2015/09/03,40.866
2015/09/04,38.805
2015/09/05,42.279
2015/09/06,43.028
2015/09/07,42.827
2015/09/08,42.782
2015/09/09,43.253
2015/09/10,42.721
2015/09/11,47.256
2015/09/12,50.385
2015/09/13,55.27
2015/09/14,57.765
2015/09/15,59.395
2015/09/16,60.497
2015/09/17,64.523
2015/09/18,64.626
2015/09/19,63.562
2015/09/20,63.343
2015/09/21,63.511
2015/09/22,64.589
2015/09/23,64.98
2015/09/24,65.997
2015/09/25,67.101
2015/09/26,66.837
2015/09/27,66.32
2015/09/28,68.489
2015/09/29,71.225
2015/09/30,72.434
2015/10/01,74.948
2015/10/02,69.938
2015/10/03,69.774
2015/10/04,69.72
2015/10/05,69.358
2015/10/06,71.125
2015/10/07,72.095
2015/10/08,72.207
2015/10/09,71.855
2015/10/10,72.081
2015/10/11,69.587
2015/10/12,68.32
2015/10/13,64.116
2015/10/14,61.346
2015/10/15,60.252
2015/10/16,56.801
2015/10/17,45.167
2015/10/18,39.596
2015/10/19,37.733
2015/10/20,35.175
2015/10/21,34.499
2015/10/22,35.297
2015/10/23,35.433
2015/10/24,37.629
2015/10/25,37.745
2015/10/26,36.912
2015/10/27,36.075
2015/10/28,35.932
2015/10/29,35.102
2015/10/30,36.584
2015/10/31,35.801
2015/11/01,35.973
2015/11/02,35.357
2015/11/03,39.484
2015/11/04,52.808
2015/11/05,56.1
2015/11/06,56.635
2015/11/07,57.259
2015/11/08,57.349
2015/11/09,54.225
2015/11/10,53.112
2015/11/11,53.182
2015/11/12,52.941
2015/11/13,53.009
2015/11/14,53.356
2015/11/15,53.432
2015/11/16,52.572
2015/11/17,50.865
2015/11/18,50.89
2015/11/19,51.016
2015/11/20,51.363
2015/11/21,53.045
2015/11/22,53.811
2015/11/23,50.627
2015/11/24,49.814
2015/11/25,49.974
2015/11/26,51.071
2015/11/27,52.08
2015/11/28,54.42
2015/11/29,54.714
2015/11/30,54.907
2015/12/01,55.679
2015/12/02,56.456
2015/12/03,54.724
2015/12/04,44.91
2015/12/05,41.746
2015/12/06,49.255
2015/12/07,55.607
2015/12/08,58.213
2015/12/09,73.528
2015/12/10,88.956
2015/12/11,101.052
2015/12/12,102.688
2015/12/13,110.344
2015/12/14,111.955
2015/12/15,112.858
2015/12/16,114.574
2015/12/17,116.776
2015/12/18,119.4
2015/12/19,117.51
2015/12/20,116.54
2015/12/21,115.063
2015/12/22,112.324
2015/12/23,112.949
2015/12/24,115.412
2015/12/25,120.386
2015/12/26,123.206
2015/12/27,128.349
2015/12/28,123.387
2015/12/29,120.958
2015/12/30,124.102
2015/12/31,127.171
2016/01/01,130.615
2016/01/02,134.664
2016/01/03,136.886
2016/01/04,139.639
2016/01/05,142.426
2016/01/06,144.642
2016/01/07,146.486
2016/01/08,146.024
2016/01/09,146.32
2016/01/10,144.691
2016/01/11,145.675
2016/01/12,142.604
2016/01/13,141.171
2016/01/14,140.043
2016/01/15,138.555
2016/01/16,137.045
2016/01/17,133.306
2016/01/18,134.134
2016/01/19,130.108
2016/01/20,122.598
2016/01/21,114.45
2016/01/22,102.677
2016/01/23,79.882
2016/01/24,38.234
2016/01/25,38.252
2016/01/26,41.56
2016/01/27,44.214
2016/01/28,43.937
2016/01/29,44.086
2016/01/30,45.447
2016/01/31,45.797
2016/02/01,45.989
2016/02/02,45.133
2016/02/03,44.835
2016/02/04,46.111
2016/02/05,46.699
2016/02/06,47.951
2016/02/07,48.42
2016/02/08,50.222
2016/02/09,56.112
2016/02/10,62.322
2016/02/11,62.081
2016/02/12,62.006
2016/02/13,61.939
2016/02/14,62.003
2016/02/15,61.795
2016/02/16,61.358
2016/02/17,59.396
2016/02/18,59.637
2016/02/19,59.05
2016/02/20,60.902
2016/02/21,64.221
2016/02/22,65.04
2016/02/23,65.526
2016/02/24,63.044
2016/02/25,63.041
2016/02/26,63.1
2016/02/27,63.425
2016/02/28,69.882
2016/02/29,90.438
2016/03/01,97.446
2016/03/02,104.23
2016/03/03,101.423
2016/03/04,96.051
2016/03/05,125.654
2016/03/06,126.504
2016/03/07,127.129
2016/03/08,127.425
2016/03/09,129.888
2016/03/10,133.157
2016/03/11,135.823
2016/03/12,138.333
2016/03/13,140.929
2016/03/14,141.932
2016/03/15,143.184
2016/03/16,143.214
2016/03/17,143.522
2016/03/18,144.903
2016/03/19,147.585
2016/03/20,150.063
2016/03/21,151.069
2016/03/22,151.941
2016/03/23,152.744
2016/03/24,153.339
2016/03/25,154.387
2016/03/26,156.091
2016/03/27,157.528
2016/03/28,156.992
2016/03/29,153.077
2016/03/30,138.73
2016/03/31,129.199
2016/04/01,117.874
2016/04/02,115.23
2016/04/03,113.988
2016/04/04,38.075
2016/04/05,38.025
2016/04/06,37.664
2016/04/07,37.376
2016/04/08,37.615
2016/04/09,38.253
2016/04/10,38.777
2016/04/11,38.608
2016/04/12,37.983
2016/04/13,38.37
2016/04/14,38.526
2016/04/15,27.589
2016/04/16,25.1
2016/04/17,24.95
2016/04/18,24.578
2016/04/19,24.298
2016/04/20,24.818
2016/04/21,24.615
2016/04/22,24.971
2016/04/23,25.813
2016/04/24,27.06
2016/04/25,25.807
2016/04/26,24.452
2016/04/27,24.483
2016/04/28,24.786
2016/04/29,25.933
2016/04/30,27.606
2016/05/01,30.577
2016/05/02,30.491
2016/05/03,30.352
2016/05/04,31.196
2016/05/05,31.319
2016/05/06,31.227
2016/05/07,31.181
2016/05/08,30.968
2016/05/09,30.147
2016/05/10,29.715
2016/05/11,30.236
2016/05/12,31.531
2016/05/13,33.029
2016/05/14,33.048
2016/05/15,32.176
2016/05/16,35.267
2016/05/17,36.6
2016/05/18,36.739
2016/05/19,37.012
2016/05/20,36.976
2016/05/21,37.232
2016/05/22,37.645
2016/05/23,36.772
2016/05/24,35.356
2016/05/25,35.505
2016/05/26,35.782
2016/05/27,36.597
2016/05/28,36.209
2016/05/29,34.815
2016/05/30,32.247
2016/05/31,27.694
2016/06/01,27.911
2016/06/02,28.564
2016/06/03,28.437
2016/06/04,28.498
2016/06/05,28.448
2016/06/06,28.583
2016/06/07,28.067
2016/06/08,28.468
2016/06/09,29.886
2016/06/10,32.475
2016/06/11,33.049
2016/06/12,33.334
2016/06/13,36.392
2016/06/14,37.996
2016/06/15,38.229
2016/06/16,45.231
2016/06/17,48.532
2016/06/18,48.759
2016/06/19,48.536
2016/06/20,49.653
2016/06/21,51.595
2016/06/22,58.6
2016/06/23,57.751
2016/06/24,59.501
2016/06/25,58.959
2016/06/26,59.31
2016/06/27,58.655
2016/06/28,58.044
2016/06/29,56.828
2016/06/30,57.583
2016/07/01,55.434
2016/07/02,52.29
2016/07/03,50.547
2016/07/04,48.618
2016/07/05,45.654
2016/07/06,44.502
2016/07/07,43.164
2016/07/08,41.852
2016/07/09,43.685
2016/07/10,47.162
2016/07/11,47.391
2016/07/12,47.11
2016/07/13,47.481
2016/07/14,47.528
2016/07/15,49.203
2016/07/16,48.321
2016/07/17,48.684
2016/07/18,51.246
2016/07/19,53.952
2016/07/20,54.734
2016/07/21,57.028
2016/07/22,58.744
2016/07/23,59.279
2016/07/24,58.348
2016/07/25,58.363
2016/07/26,57.651
2016/07/27,59.393
2016/07/28,59.808
2016/07/29,64.288
2016/07/30,65.887
2016/07/31,65.818
2016/08/01,65.728
2016/08/02,67.793
2016/08/03,67.934
2016/08/04,67.372
2016/08/05,66.517
2016/08/06,66.496
2016/08/07,66.005
2016/08/08,61.843
2016/08/09,54.276
2016/08/10,55.699
2016/08/11,54.281
2016/08/12,54.025
2016/08/13,53.378
2016/08/14,53.636
2016/08/15,50.828
2016/08/16,46.755
2016/08/17,48.273
2016/08/18,48.047
2016/08/19,48.058
2016/08/20,50.647
2016/08/21,53.73
2016/08/22,54.841
2016/08/23,56.35
2016/08/24,58.79
2016/08/25,58.113
2016/08/26,56.493
2016/08/27,60.344
2016/08/28,59.324
2016/08/29,56.719
2016/08/30,56.239
2016/08/31,55.875
2016/09/01,46.637
2016/09/02,45.108
2016/09/03,46.877
2016/09/04,51.528
2016/09/05,51.562
2016/09/06,51.179
2016/09/07,51.661
2016/09/08,51.024
2016/09/09,51.086
2016/09/10,52.246
2016/09/11,51.282
2016/09/12,49.248
2016/09/13,48.609
2016/09/14,45.776
2016/09/15,44.119
2016/09/16,44.226
2016/09/17,44.995
2016/09/18,41.795
2016/09/19,42.622
2016/09/20,42.592
2016/09/21,42.762
2016/09/22,43.912
2016/09/23,44.881
2016/09/24,44.617
2016/09/25,44.907
2016/09/26,43.319
2016/09/27,41.93
2016/09/28,41.531
2016/09/29,41.491
2016/09/30,41.472
2016/10/01,43.291
2016/10/02,45.961
2016/10/03,46.653
2016/10/04,45.881
2016/10/05,47.368
2016/10/06,50.071
2016/10/07,51.33
2016/10/08,53.894
2016/10/09,54.113
2016/10/10,54.109
2016/10/11,53.908
2016/10/12,54.206
2016/10/13,52.624
2016/10/14,52.381
2016/10/15,52.65
2016/10/16,52.984
2016/10/17,53.527
2016/10/18,53.645
2016/10/19,51.418
2016/10/20,50.07
2016/10/21,48.003
2016/10/22,43.847
2016/10/23,39.659
2016/10/24,36.072
2016/10/25,36.566
2016/10/26,36.191
2016/10/27,35.798
2016/10/28,34.525
2016/10/29,33.677
2016/10/30,33.424
2016/10/31,33.831
2016/11/01,33.907
2016/11/02,34.097
2016/11/03,34.328
2016/11/04,34.038
2016/11/05,34.642
2016/11/06,35.689
2016/11/07,34.953
2016/11/08,36.128
2016/11/09,35.092
2016/11/10,34.723
2016/11/11,32.216
2016/11/12,31.801
2016/11/13,33.241
2016/11/14,33.2
2016/11/15,32.452
2016/11/16,32.783
2016/11/17,32.746
2016/11/18,32.374
2016/11/19,32.564
2016/11/20,33.885
2016/11/21,34.206
2016/11/22,34.104
2016/11/23,32.627
2016/11/24,31.308
2016/11/25,30.598
2016/11/26,30.989
2016/11/27,31.067
2016/11/28,30.874
2016/11/29,30.637
2016/11/30,28.062
2016/12/01,23.578
2016/12/02,21.328
2016/12/03,18.439
2016/12/04,16.435
2016/12/05,16.953
2016/12/06,17.003
2016/12/07,17.19
2016/12/08,17.599
2016/12/09,17.444
2016/12/10,17.494
2016/12/11,18.297
2016/12/12,18.685
2016/12/13,17.896
2016/12/14,17.74
2016/12/15,17.607
2016/12/16,17.675
2016/12/17,17.765
2016/12/18,17.789
2016/12/19,20.227
2016/12/20,20.283
2016/12/21,21.324
2016/12/22,22.972
2016/12/23,26.141
2016/12/24,26.015
2016/12/25,25.723
2016/12/26,28.572
2016/12/27,29.848
2016/12/28,33.337
2016/12/29,35.814
2016/12/30,36.768
2016/12/31,36.806
2017/01/01,36.882
2017/01/02,36.183
2017/01/03,35.407
2017/01/04,38.163
2017/01/05,45.579
2017/01/06,45.422
2017/01/07,45.256
2017/01/08,44.899
2017/01/09,45.09
2017/01/10,42.035
2017/01/11,42.395
2017/01/12,41.263
2017/01/13,39.586
2017/01/14,40.054
2017/01/15,41.991
2017/01/16,39.403
2017/01/17,38.475
2017/01/18,38.85
2017/01/19,38.537
2017/01/20,38.348
2017/01/21,39.443
2017/01/22,40.82
2017/01/23,40.601
2017/01/24,39.851
2017/01/25,40
2017/01/26,41.013
2017/01/27,40.422
2017/01/28,41.009
2017/01/29,43.095
2017/01/30,44.323
2017/01/31,44.505
2017/02/01,44.733
2017/02/02,46.654
2017/02/03,45.534
2017/02/04,39.117
2017/02/05,38.841
2017/02/06,54.725
2017/02/07,54.828
2017/02/08,55.8
2017/02/09,55.835
2017/02/10,55.571
2017/02/11,55.697
2017/02/12,55.81
2017/02/13,55.841
2017/02/14,54.33
2017/02/15,55.065
2017/02/16,57.908
2017/02/17,58.205
2017/02/18,58.538
2017/02/19,58.433
2017/02/20,59.448
2017/02/21,63.283
2017/02/22,67.217
2017/02/23,67.485
2017/02/24,66.867
2017/02/25,66.738
2017/02/26,66.366
2017/02/27,66.524
2017/02/28,65.183
2017/03/01,69.715
2017/03/02,74.749
2017/03/03,77.157
2017/03/04,78.221
2017/03/05,78.577
2017/03/06,83.621
2017/03/07,81.819
2017/03/08,78.856
2017/03/09,78.077
2017/03/10,78.696
2017/03/11,79.289
2017/03/12,79.328
2017/03/13,77.388
2017/03/14,74.239
2017/03/15,75.211
2017/03/16,76.449
2017/03/17,81.004
2017/03/18,81.019
2017/03/19,83.059
2017/03/20,79.704
2017/03/21,77.125
2017/03/22,77.445
2017/03/23,76.962
2017/03/24,77.254
2017/03/25,77.182
2017/03/26,77.468
2017/03/27,73.081
2017/03/28,69.055
2017/03/29,69.73
2017/03/30,69.485
2017/03/31,68.9
2017/04/01,68.793
2017/04/02,68.232
2017/04/03,68.146
2017/04/04,66.032
2017/04/05,61.819
2017/04/06,61.729
2017/04/07,61.347
2017/04/08,62.848
2017/04/09,68.218
2017/04/10,65.067
2017/04/11,63.494
2017/04/12,63.169
2017/04/13,63.465
2017/04/14,63.462
2017/04/15,63.992
2017/04/16,58.68
2017/04/17,58.683
2017/04/18,57.217
2017/04/19,56.624
2017/04/20,57.168
2017/04/21,57.291
2017/04/22,57.443
2017/04/23,56.094
2017/04/24,60.45
2017/04/25,63.504
2017/04/26,60.58
2017/04/27,65.779
2017/04/28,69.97
2017/04/29,69.959
2017/04/30,69.194
2017/05/01,72.03
2017/05/02,76.687
2017/05/03,86.27
2017/05/04,92.773
2017/05/05,114.488
2017/05/06,114.372
2017/05/07,114.368
2017/05/08,116.081
2017/05/09,123.228
2017/05/10,140.907
2017/05/11,152.225
2017/05/12,160.442
2017/05/13,165.195
2017/05/14,161.898
2017/05/15,158.606
2017/05/16,158.987
2017/05/17,176.466
2017/05/18,183.228
2017/05/19,191.649
2017/05/20,189.295
2017/05/21,183.119
2017/05/22,183.005
2017/05/23,181.375
2017/05/24,186.333
2017/05/25,197.643
2017/05/26,196.403
2017/05/27,193.87
2017/05/28,192.059
2017/05/29,183.197
2017/05/30,173.515
2017/05/31,169.351
2017/06/01,166.636
2017/06/02,165.164
2017/06/03,165.863
2017/06/04,167.898
2017/06/05,158.302
2017/06/06,147.638
2017/06/07,144.901
2017/06/08,147.088
2017/06/09,147.369
2017/06/10,147.237
2017/06/11,147.273
2017/06/12,156.01
2017/06/13,146.308
2017/06/14,147.585
2017/06/15,147.508
2017/06/16,142.775
2017/06/17,142.507
2017/06/18,141.244
2017/06/19,136.313
2017/06/20,133.968
2017/06/21,138.061
2017/06/22,139.075
2017/06/23,137.234
2017/06/24,127.218
2017/06/25,125.285
2017/06/26,125.687
2017/06/27,119.816
2017/06/28,118.923
2017/06/29,131.399
2017/06/30,131.023
2017/07/01,128.846
2017/07/02,131.208
2017/07/03,123.021
2017/07/04,121.79
2017/07/05,122.04
2017/07/06,122.149
2017/07/07,122.945
2017/07/08,119.942
2017/07/09,125.673
2017/07/10,125.247
2017/07/11,125.287
2017/07/12,117.781
2017/07/13,114.952
2017/07/14,112.368
2017/07/15,113.563
2017/07/16,115.396
2017/07/17,115.868
2017/07/18,112.947
2017/07/19,113.708
2017/07/20,122.355
2017/07/21,116.173
2017/07/22,113.114
2017/07/23,112.906
2017/07/24,112.982
2017/07/25,112.175
2017/07/26,107.893
2017/07/27,107.744
2017/07/28,124.138
2017/07/29,108.144
2017/07/30,137.489
2017/07/31,152.051
2017/08/01,160.781
2017/08/02,163.635
2017/08/03,162.966
2017/08/04,163.197
2017/08/05,162.941
2017/08/06,163.795
2017/08/07,164.156
2017/08/08,162.18
2017/08/09,162.477
2017/08/10,167.197
2017/08/11,173.611
2017/08/12,173.47
2017/08/13,174.256
2017/08/14,202.796
2017/08/15,208.064
2017/08/16,214.39
2017/08/17,212.185
2017/08/18,209.431
2017/08/19,207.63
2017/08/20,207.614
2017/08/21,226.978
2017/08/22,275.543
2017/08/23,275.687
2017/08/24,315.587
2017/08/25,315.8
2017/08/26,312.905
2017/08/27,319.873
2017/08/28,319.726
2017/08/29,320.702
2017/08/30,321.656
2017/08/31,315.412
2017/09/01,315.428
2017/09/02,303.278
2017/09/03,295.011
2017/09/04,302.345
2017/09/05,293.119
2017/09/06,290.12
2017/09/07,287.539
2017/09/08,280.85
2017/09/09,280.781
2017/09/10,279.853
2017/09/11,275.534
2017/09/12,272.546
2017/09/13,270.42
2017/09/14,271.094
2017/09/15,273.797
2017/09/16,270.066
2017/09/17,264.303
2017/09/18,257.96
2017/09/19,257.38
2017/09/20,255.869
2017/09/21,236.268
2017/09/22,240.918
2017/09/23,226.769
2017/09/24,240.508
2017/09/25,241.638
2017/09/26,226.11
2017/09/27,225.393
2017/09/28,224.922
2017/09/29,226.677
2017/09/30,217.144
2017/10/01,208.036
2017/10/02,211.152
2017/10/03,216.454
2017/10/04,193.787
2017/10/05,187.752
2017/10/06,187.45
2017/10/07,189.316
2017/10/08,197.696
2017/10/09,198.215
2017/10/10,194.831
2017/10/11,197.393
2017/10/12,199.279
2017/10/13,203.646
2017/10/14,194.704
2017/10/15,180.895
2017/10/16,181.664
2017/10/17,182.022
2017/10/18,148.569
2017/10/19,151.962
2017/10/20,143.057
2017/10/21,143.566
2017/10/22,144.544
2017/10/23,169.06
2017/10/24,182.134
2017/10/25,182.265
2017/10/26,182.487
2017/10/27,194.862
2017/10/28,203.319
2017/10/29,205.238
2017/10/30,204.074
2017/10/31,215.52
2017/11/01,223.414
2017/11/02,233.5
2017/11/03,252.625
2017/11/04,251.828
2017/11/05,250.93
2017/11/06,252.586
2017/11/07,243.691
2017/11/08,259.804
2017/11/09,263.731
2017/11/10,294.576
2017/11/11,362.064
2017/11/12,442.739
2017/11/13,444.239
2017/11/14,436.96
2017/11/15,430.821
2017/11/16,427.38
2017/11/17,419.668
2017/11/18,411.951
2017/11/19,407.165
2017/11/20,392.724
2017/11/21,383.63
2017/11/22,383.565
2017/11/23,384.573
2017/11/24,374.292
2017/11/25,371.624
2017/11/26,373.744
2017/11/27,373.651
2017/11/28,376.351
2017/11/29,418.852
2017/11/30,427.76
2017/12/01,428.029
2017/12/02,428.364
2017/12/03,428.271
2017/12/04,427.381
2017/12/05,434.792
2017/12/06,573.165
2017/12/07,936.606
2017/12/08,1035
2017/12/09,1041
2017/12/10,1042
2017/12/11,1043
2017/12/12,1116
2017/12/13,1174
2017/12/14,1785
2017/12/15,1883
2017/12/16,1901
2017/12/17,1909
2017/12/18,1990
2017/12/19,2406
2017/12/20,2640
2017/12/21,2851
2017/12/22,2900
2017/12/23,2876
2017/12/24,2832
2017/12/25,2775
2017/12/26,2726
2017/12/27,2743
2017/12/28,2737
2017/12/29,2780
2017/12/30,2810
2017/12/31,2720
2018/01/01,2628
2018/01/02,2558
2018/01/03,2564
2018/01/04,2572
2018/01/05,2596
2018/01/06,2595
2018/01/07,2686
2018/01/08,2592
2018/01/09,2459
2018/01/10,2315
2018/01/11,2254
2018/01/12,2181
2018/01/13,2141
2018/01/14,2147
2018/01/15,2090
2018/01/16,2043
2018/01/17,2074
2018/01/18,2004
2018/01/19,2011
2018/01/20,2024
2018/01/21,2156
2018/01/22,2234
2018/01/23,2308
2018/01/24,2338
2018/01/25,2418
2018/01/26,2481
2018/01/27,2569
2018/01/28,2624
2018/01/29,2634
2018/01/30,2678
2018/01/31,2692
2018/02/01,2690
2018/02/02,2571
2018/02/03,2446
2018/02/04,2330
2018/02/05,2356
2018/02/06,2064
2018/02/07,1997
2018/02/08,1866
2018/02/09,1706
2018/02/10,1633
2018/02/11,1565
2018/02/12,1351
2018/02/13,1274
2018/02/14,1158
2018/02/15,1033
2018/02/16,924.948
2018/02/17,754.185
2018/02/18,663.761
2018/02/19,633.502
2018/02/20,631.597
2018/02/21,597.959
2018/02/22,596.723
2018/02/23,561.355
2018/02/24,542.178
2018/02/25,530.481
2018/02/26,530.376
2018/02/27,530.74
2018/02/28,532.696
2018/03/01,518.442
2018/03/02,421.518
2018/03/03,398.56
2018/03/04,248.431
2018/03/05,243.048
2018/03/06,245.383
2018/03/07,246.776
2018/03/08,245.061
2018/03/09,241.515
2018/03/10,249.669
2018/03/11,264.094
2018/03/12,274.002
2018/03/13,264.883
2018/03/14,264.748
2018/03/15,264.182
2018/03/16,266.088
2018/03/17,267.816
2018/03/18,267.001
2018/03/19,269.744
2018/03/20,271.922
2018/03/21,275.1
2018/03/22,265.011
2018/03/23,233.025
2018/03/24,222.394
2018/03/25,221.281
2018/03/26,214.873
2018/03/27,213.887
2018/03/28,208.577
2018/03/29,192.672
2018/03/30,185.724
2018/03/31,167.914
2018/04/01,165.391
2018/04/02,169.312
2018/04/03,169.872
2018/04/04,158.96
2018/04/05,159.657
2018/04/06,163.683
2018/04/07,168.078
2018/04/08,177.029
2018/04/09,179.311
2018/04/10,181.137
2018/04/11,182.239
2018/04/12,180.327
2018/04/13,164.684
2018/04/14,155.047
2018/04/15,150.945
2018/04/16,150.659
2018/04/17,126.834
2018/04/18,120.764
2018/04/19,112.956
2018/04/20,107.953
2018/04/21,106.682
2018/04/22,105.372
2018/04/23,107.238
2018/04/24,108.009
2018/04/25,126.372
2018/04/26,126.243
2018/04/27,125.514
2018/04/28,136.331
2018/04/29,135.456
2018/04/30,136.174
2018/05/01,133.823
2018/05/02,134.284
2018/05/03,134.65
2018/05/04,135.101
2018/05/05,137.029
2018/05/06,140.328
2018/05/07,138.197
2018/05/08,130.42
2018/05/09,130.681
2018/05/10,130.816
2018/05/11,135.763
2018/05/12,141.675
2018/05/13,141.835
2018/05/14,140.606
2018/05/15,140.203
2018/05/16,139.958
2018/05/17,140.369
2018/05/18,140.321
2018/05/19,142.565
2018/05/20,140.821
2018/05/21,140.359
2018/05/22,139.159
2018/05/23,137.362
2018/05/24,136.307
2018/05/25,109.818
2018/05/26,112.611
2018/05/27,117.139
2018/05/28,106.101
2018/05/29,106.283
2018/05/30,104.52
2018/05/31,105.249
2018/06/01,104.969
2018/06/02,106.1
2018/06/03,104
2018/06/04,103.094
2018/06/05,102.192
2018/06/06,105.617
2018/06/07,108.988
2018/06/08,113.041
2018/06/09,117.916
2018/06/10,105.458
2018/06/11,102.082
2018/06/12,102.892
2018/06/13,98.403
2018/06/14,95.102
2018/06/15,97.804
2018/06/16,99.674
2018/06/17,108.561
2018/06/18,110.559
2018/06/19,108.416
2018/06/20,106.126
2018/06/21,106.238
2018/06/22,101.789
2018/06/23,98.066
2018/06/24,97.715
2018/06/25,97.723
2018/06/26,97.426
2018/06/27,93.837
2018/06/28,86.586
2018/06/29,84.278
2018/06/30,83.064
2018/07/01,87.152
2018/07/02,87.172
2018/07/03,93.971
2018/07/04,92.919
2018/07/05,93.86
2018/07/06,95.732
2018/07/07,103.007
2018/07/08,105.987
2018/07/09,105.399
2018/07/10,105.226
2018/07/11,102.669
2018/07/12,104.625
2018/07/13,104.053
2018/07/14,101.964
2018/07/15,102.589
2018/07/16,102.141
2018/07/17,98.267
2018/07/18,98.258
2018/07/19,98.168
2018/07/20,95.169
2018/07/21,97.16
2018/07/22,93.773
2018/07/23,93.577
2018/07/24,96.429
2018/07/25,95.438
2018/07/26,95.212
2018/07/27,94.126
2018/07/28,96.532
2018/07/29,96.73
2018/07/30,96.573
2018/07/31,95.566
2018/08/01,95.104
2018/08/02,81.191
2018/08/03,81.168
2018/08/04,83.223
2018/08/05,85.72
2018/08/06,82.159
2018/08/07,80.893
2018/08/08,81.604
2018/08/09,80.626
2018/08/10,79.978
2018/08/11,79.17
2018/08/12,85.341
2018/08/13,81.081
2018/08/14,81.4
2018/08/15,79.279
2018/08/16,78.869
2018/08/17,77.777
2018/08/18,82.847
2018/08/19,89.77
2018/08/20,91.629
2018/08/21,91.017
2018/08/22,90.578
2018/08/23,85.58
2018/08/24,84.617
2018/08/25,86.215
2018/08/26,92.164
2018/08/27,92.403
2018/08/28,92.146
2018/08/29,88.871
2018/08/30,86.241
2018/08/31,80.156
2018/09/01,79.489
2018/09/02,79.155
2018/09/03,79.405
2018/09/04,80.291
2018/09/05,83.566
2018/09/06,85.998
2018/09/07,80.576
2018/09/08,83.543
2018/09/09,84.722
2018/09/10,83.253
2018/09/11,82.219
2018/09/12,81.477
2018/09/13,76.128
2018/09/14,75.621
2018/09/15,79.694
2018/09/16,83.383
2018/09/17,83.092
2018/09/18,80.404
2018/09/19,83.792
2018/09/20,84.147
2018/09/21,84.03
2018/09/22,88.37
2018/09/23,93.813
2018/09/24,94.957
2018/09/25,93.656
2018/09/26,94.132
2018/09/27,91.639
2018/09/28,91.383
2018/09/29,92.009
2018/09/30,93.316
2018/10/01,93.641
2018/10/02,94.076
2018/10/03,92.527
2018/10/04,89.286
2018/10/05,81.154
2018/10/06,70.349
2018/10/07,92.97
2018/10/08,92.887
2018/10/09,92.985
2018/10/10,91.013
2018/10/11,89.799
2018/10/12,88.817
2018/10/13,86.847
2018/10/14,85.386
2018/10/15,86.638
2018/10/16,86.774
2018/10/17,87.151
2018/10/18,87.083
2018/10/19,86.723
2018/10/20,89.892
2018/10/21,91.542
2018/10/22,90.707
2018/10/23,88.983
2018/10/24,88.854
2018/10/25,88.864
2018/10/26,89.016
2018/10/27,90.235
2018/10/28,92.519
2018/10/29,92.19
2018/10/30,93.521
2018/10/31,94.493
2018/11/01,92.8
2018/11/02,92.572
2018/11/03,95.314
2018/11/04,93.369
2018/11/05,93.165
2018/11/06,77.042
2018/11/07,76.369
2018/11/08,74.915
2018/11/09,74.299
2018/11/10,73.05
2018/11/11,75.499
2018/11/12,76.587
2018/11/13,76.69
2018/11/14,75.512
2018/11/15,73.48
2018/11/16,70.169
2018/11/17,71.012
2018/11/18,76.758
2018/11/19,76.662
2018/11/20,101.049
2018/11/21,101.386
2018/11/22,103.035
2018/11/23,106.535
2018/11/24,113.277
2018/11/25,113.821
2018/11/26,113.859
2018/11/27,115.171
2018/11/28,115.338
2018/11/29,116.58
2018/11/30,116.579
2018/12/01,120.389
2018/12/02,126.001
2018/12/03,125.375
2018/12/04,124.904
2018/12/05,125.342
2018/12/06,123.896
2018/12/07,125.296
2018/12/08,129.623
2018/12/09,136.783
2018/12/10,137.165
2018/12/11,136.504
2018/12/12,136.923
2018/12/13,137.618
2018/12/14,133.744
2018/12/15,136.627
2018/12/16,138.77
2018/12/17,139.898
2018/12/18,139.226
2018/12/19,137.089
2018/12/20,107.93
2018/12/21,102.672
2018/12/22,106.724
2018/12/23,112.581
2018/12/24,111.359
2018/12/25,114.119
2018/12/26,114.604
2018/12/27,117.924
2018/12/28,115.887
2018/12/29,109.582
2018/12/30,107.405
2018/12/31,109.136
2019/01/01,110.649
2019/01/02,106.483
2019/01/03,103.53
2019/01/04,102.262
2019/01/05,101.159
2019/01/06,85.866
2019/01/07,85.983
2019/01/08,85.063
2019/01/09,83.823
2019/01/10,79.984
2019/01/11,77.489
2019/01/12,78.125
2019/01/13,79.129
2019/01/14,79.341
2019/01/15,79.409
2019/01/16,80.333
2019/01/17,73.043
2019/01/18,68.194
2019/01/19,60.602
2019/01/20,53.432
2019/01/21,53.579
2019/01/22,53.843
2019/01/23,54.017
2019/01/24,54.098
2019/01/25,55.148
2019/01/26,55.621
2019/01/27,57.731
2019/01/28,60.823
2019/01/29,58.336
2019/01/30,58.027
2019/01/31,57.557
2019/02/01,57.493
2019/02/02,58.245
2019/02/03,58.843
2019/02/04,59.403
2019/02/05,59.111
2019/02/06,58.085
2019/02/07,58.882
2019/02/08,58.906
2019/02/09,58.799
2019/02/10,62.104
2019/02/11,61.698
2019/02/12,85.732
2019/02/13,86.66
2019/02/14,86.483
2019/02/15,85.345
2019/02/16,85.515
2019/02/17,87.406
2019/02/18,87.174
2019/02/19,85.865
2019/02/20,87.708
2019/02/21,88.087
2019/02/22,87.146
2019/02/23,87.764
2019/02/24,87.693
2019/02/25,87.437
2019/02/26,86.259
2019/02/27,83.973
2019/02/28,83.983
2019/03/01,83.985
2019/03/02,84.583
2019/03/03,87.243
2019/03/04,90.784
2019/03/05,106.896
2019/03/06,125.258
2019/03/07,139.483
2019/03/08,150.156
2019/03/09,155.556
2019/03/10,160.819
2019/03/11,167.969
2019/03/12,170.483
2019/03/13,176.243
2019/03/14,177.731
2019/03/15,184.424
2019/03/16,185.158
2019/03/17,185.83
2019/03/18,183.488
2019/03/19,177.849
2019/03/20,176.914
2019/03/21,178.681
2019/03/22,180.934
2019/03/23,180.893
2019/03/24,177.192
2019/03/25,169.237
2019/03/26,164.425
2019/03/27,161.486
2019/03/28,157.213
2019/03/29,152.989
2019/03/30,148.686
2019/03/31,146.089
2019/04/01,134.826
2019/04/02,115.991
2019/04/03,125.832
2019/04/04,126.351
2019/04/05,127.634
2019/04/06,137.12
2019/04/07,149.698
2019/04/08,149.75
2019/04/09,149.698
2019/04/10,150.93
2019/04/11,151.379
2019/04/12,151.551
2019/04/13,156.372
2019/04/14,158.136
2019/04/15,157.145
2019/04/16,156.331
2019/04/17,155.915
2019/04/18,154.47
2019/04/19,151.456
2019/04/20,146.872
2019/04/21,146.802
2019/04/22,142.253
2019/04/23,160.65
2019/04/24,161.641
2019/04/25,160.14
2019/04/26,159.99
2019/04/27,163.391
2019/04/28,167.692
2019/04/29,168.519
2019/04/30,173.912
2019/05/01,176.522
2019/05/02,173.52
2019/05/03,154.117
2019/05/04,148.445
2019/05/05,148.923
2019/05/06,147.209
2019/05/07,161.236
2019/05/08,166.636
2019/05/09,173.59
2019/05/10,195.802
2019/05/11,208.525
2019/05/12,213.737
2019/05/13,219.912
2019/05/14,233.177
2019/05/15,249.673
2019/05/16,265.238
2019/05/17,274.874
2019/05/18,273.773
2019/05/19,271.807
2019/05/20,269.067
2019/05/21,259.831
2019/05/22,257.853
2019/05/23,254.804
2019/05/24,256.048
2019/05/25,255.465
2019/05/26,260.921
2019/05/27,253.515
2019/05/28,242.144
2019/05/29,242.014
2019/05/30,246.901
2019/05/31,268.552
2019/06/01,254.545
2019/06/02,253.508
2019/06/03,248.639
2019/06/04,234.157
2019/06/05,224.095
2019/06/06,226.016
2019/06/07,226.431
2019/06/08,233.841
2019/06/09,248.474
2019/06/10,248.157
2019/06/11,248.157
2019/06/12,247.244
2019/06/13,242.471
2019/06/14,236.061
2019/06/15,230.965
2019/06/16,226.399
2019/06/17,227.201
2019/06/18,222.511
2019/06/19,224.216
2019/06/20,227.046
2019/06/21,233.933
2019/06/22,236.461
2019/06/23,243.362
2019/06/24,238.667
2019/06/25,232.281
2019/06/26,267.719
2019/06/27,304.914
2019/06/28,305.577
2019/06/29,309.731
2019/06/30,291.429
2019/07/01,295.01
2019/07/02,293.869
2019/07/03,288.295
2019/07/04,288.289
2019/07/05,292.429
2019/07/06,301.607
2019/07/07,311.086
2019/07/08,306.676
2019/07/09,294.55
2019/07/10,308.358
2019/07/11,309.873
2019/07/12,312.018
2019/07/13,319.146
2019/07/14,326.611
2019/07/15,323.674
2019/07/16,324.268
2019/07/17,323.777
2019/07/18,324.803
2019/07/19,323.231
2019/07/20,329.089
2019/07/21,336.454
2019/07/22,336.127
2019/07/23,331.102
2019/07/24,331.314
2019/07/25,324.497
2019/07/26,292.638
2019/07/27,247.161
2019/07/28,251.964
2019/07/29,253.133
2019/07/30,251.163
2019/07/31,240.267
2019/08/01,233.771
2019/08/02,233.81
2019/08/03,238.459
2019/08/04,244.736
2019/08/05,244.074
2019/08/06,237.816
2019/08/07,241.897
2019/08/08,238.189
2019/08/09,202.371
2019/08/10,193.237
2019/08/11,196.213
2019/08/12,194.399
2019/08/13,191.391
2019/08/14,190.823
2019/08/15,190.803
2019/08/16,178.811
2019/08/17,164.651
2019/08/18,147.492
2019/08/19,146.765
2019/08/20,141.666
2019/08/21,144.502
2019/08/22,144.084
2019/08/23,142.747
2019/08/24,143.521
2019/08/25,149.682
2019/08/26,148.628
2019/08/27,141.803
2019/08/28,141.1
2019/08/29,139.229
2019/08/30,139.238
2019/08/31,140.999
2019/09/01,144.188
2019/09/02,140.66
2019/09/03,134.476
2019/09/04,123.172
2019/09/05,119.442
2019/09/06,117.438
2019/09/07,110.709
2019/09/08,111.445
2019/09/09,113.443
2019/09/10,113.632
2019/09/11,115.496
2019/09/12,117.017
2019/09/13,118.694
2019/09/14,119.485
2019/09/15,119.906
2019/09/16,119.91
2019/09/17,122.113
2019/09/18,123.331
2019/09/19,122.658
2019/09/20,119.907
2019/09/21,121.456
2019/09/22,129.584
2019/09/23,135.088
2019/09/24,129.392
2019/09/25,130.317
2019/09/26,131.188
2019/09/27,130.856
2019/09/28,139.344
2019/09/29,145.206
2019/09/30,140.423
2019/10/01,135.537
2019/10/02,136.268
2019/10/03,137.435
2019/10/04,138.469
2019/10/05,146.809
2019/10/06,151.191
2019/10/07,150.172
2019/10/08,148.31
2019/10/09,145.937
2019/10/10,143.792
2019/10/11,142.717
2019/10/12,145.428
2019/10/13,148.561
2019/10/14,148.444
2019/10/15,148.135
2019/10/16,146.727
2019/10/17,139.54
2019/10/18,136.897
2019/10/19,138.239
2019/10/20,138.451
2019/10/21,138.426
2019/10/22,135.143
2019/10/23,119.158
2019/10/24,112.833
2019/10/25,113.985
2019/10/26,126.144
2019/10/27,124.542
2019/10/28,124.472
2019/10/29,124.529
2019/10/30,120.436
2019/10/31,122.575
2019/11/01,129.782
2019/11/02,129.706
2019/11/03,128.614
2019/11/04,133.834
2019/11/05,137.674
2019/11/06,141.311
2019/11/07,145.097
2019/11/08,156.141
2019/11/09,156.083
2019/11/10,160.924
2019/11/11,157.398
2019/11/12,150.112
2019/11/13,149.868
2019/11/14,150.735
2019/11/15,151.057
2019/11/16,150.564
2019/11/17,150.662
2019/11/18,144.121
2019/11/19,135.684
2019/11/20,134.327
2019/11/21,131.302
2019/11/22,132.737
2019/11/23,134
2019/11/24,138.768
2019/11/25,135.693
2019/11/26,138.248
2019/11/27,138.483
2019/11/28,138.269
2019/11/29,138.813
2019/11/30,138.829
2019/12/01,138.875
2019/12/02,137.83
2019/12/03,136.283
2019/12/04,131.012
2019/12/05,126.158
2019/12/06,123.749
2019/12/07,123.947
2019/12/08,116.24
2019/12/09,116.62
2019/12/10,109.107
2019/12/11,107.051
2019/12/12,106.866
2019/12/13,106.522
2019/12/14,108.563
2019/12/15,108.252
2019/12/16,108.183
2019/12/17,104.815
2019/12/18,106.913
2019/12/19,106.546
2019/12/20,105.354
2019/12/21,110.517
2019/12/22,106.487
2019/12/23,107.984
2019/12/24,103.922
2019/12/25,106.138
2019/12/26,100.291
2019/12/27,97.151
2019/12/28,96.919
2019/12/29,95.753
2019/12/30,95.691
2019/12/31,95.271
2020/01/01,100.749
2020/01/02,100.6
2020/01/03,100.445
2020/01/04,100.879
2020/01/05,102.725
2020/01/06,105.371
2020/01/07,102.969
2020/01/08,111.218
2020/01/09,112.035
2020/01/10,114.304
2020/01/11,114.909
2020/01/12,115.7
2020/01/13,115.085
2020/01/14,123.521
2020/01/15,125.845
2020/01/16,124.992
2020/01/17,123.236
2020/01/18,123.029
2020/01/19,123.522
2020/01/20,120.037
2020/01/21,115.259
2020/01/22,113.163
2020/01/23,113.027
2020/01/24,110.824
2020/01/25,113.441
2020/01/26,116.197
2020/01/27,121.83
2020/01/28,121.889
2020/01/29,122.153
2020/01/30,122.078
2020/01/31,115.607
2020/02/01,115.564
2020/02/02,115.531
2020/02/03,112.541
2020/02/04,109.759
2020/02/05,108.762
2020/02/06,111.628
2020/02/07,112.07
2020/02/08,113.337
2020/02/09,113.46
2020/02/10,114.796
2020/02/11,113.388
2020/02/12,122.734
2020/02/13,126.127
2020/02/14,127.836
2020/02/15,127.274
2020/02/16,130.975
2020/02/17,128.587
2020/02/18,126.971
2020/02/19,128.161
2020/02/20,131.624
2020/02/21,129.695
2020/02/22,130.092
2020/02/23,132.627
2020/02/24,125.104
2020/02/25,116.691
2020/02/26,120.444
2020/02/27,121.21
2020/02/28,120.814
2020/02/29,121.321
2020/03/01,129.495
2020/03/02,128.498
2020/03/03,126.364
2020/03/04,126.472
2020/03/05,126.935
2020/03/06,129.408
2020/03/07,131.227
2020/03/08,133.58
2020/03/09,130.913
2020/03/10,128.004
2020/03/11,128.547
2020/03/12,138.849
2020/03/13,178.099
2020/03/14,177.168
2020/03/15,178.75
2020/03/16,182.081
2020/03/17,177.756
2020/03/18,182.095
2020/03/19,190.72
2020/03/20,197.351
2020/03/21,198.505
2020/03/22,202.144
2020/03/23,197.119
2020/03/24,190.053
2020/03/25,192.873
2020/03/26,193.072
2020/03/27,192.91
2020/03/28,195.756
2020/03/29,202.587
2020/03/30,199.966
2020/03/31,190.083
2020/04/01,190.346
2020/04/02,190.33
2020/04/03,189.996
2020/04/04,195.625
2020/04/05,201.244
2020/04/06,198.051
2020/04/07,191.651
2020/04/08,192.012
2020/04/09,192.299
2020/04/10,193.164
2020/04/11,192.951
2020/04/12,161.849
2020/04/13,162.077
2020/04/14,159.784
2020/04/15,155.058
2020/04/16,151.599
2020/04/17,145.606
2020/04/18,131.661
2020/04/19,117.973
2020/04/20,117.896
2020/04/21,114.633
2020/04/22,116.567
2020/04/23,120.622
2020/04/24,114.654
2020/04/25,114.721
2020/04/26,114.897
2020/04/27,117.749
2020/04/28,111.441
2020/04/29,124.237
2020/04/30,157.599
2020/05/01,162.299
2020/05/02,162.818
2020/05/03,162.689
2020/05/04,160.052
2020/05/05,155.985
2020/05/06,163.496
2020/05/07,174.723
2020/05/08,190.877
2020/05/09,190.334
2020/05/10,189.26
2020/05/11,183.756
2020/05/12,175.799
2020/05/13,176.151
2020/05/14,192.147
2020/05/15,196.525
2020/05/16,197.197
2020/05/17,196.568
2020/05/18,189.012
2020/05/19,178.191
2020/05/20,178.328
2020/05/21,172.934
2020/05/22,174.457
2020/05/23,176.574
2020/05/24,176.703
2020/05/25,169.428
2020/05/26,156.551
2020/05/27,154.345
2020/05/28,149.442
2020/05/29,150.039
2020/05/30,152.659
2020/05/31,164.912
2020/06/01,161.701
2020/06/02,164.342
2020/06/03,162.906
2020/06/04,161.964
2020/06/05,162.67
2020/06/06,174.966
2020/06/07,183.455
2020/06/08,183.267
2020/06/09,182.761
2020/06/10,182.774
2020/06/11,182.77
2020/06/12,181.256
2020/06/13,177.545
2020/06/14,188.118
2020/06/15,184.087
2020/06/16,184.375
2020/06/17,183.677
2020/06/18,182.537
2020/06/19,178.034
2020/06/20,180.335
2020/06/21,184.667
2020/06/22,185.562
2020/06/23,187.465
2020/06/24,187.928
2020/06/25,189.794
2020/06/26,189.469
2020/06/27,189.161
2020/06/28,191.705
2020/06/29,189.226
2020/06/30,184.225
2020/07/01,185.551
2020/07/02,172.566
2020/07/03,172.72
2020/07/04,174.455
2020/07/05,180.558
2020/07/06,174.522
2020/07/07,166.934
2020/07/08,171.713
2020/07/09,172.977
2020/07/10,174.376
2020/07/11,176.763
2020/07/12,183.906
2020/07/13,182.148
2020/07/14,168.481
2020/07/15,173.661
2020/07/16,181.965
2020/07/17,191.74
2020/07/18,191.291
2020/07/19,192.521
2020/07/20,188.902
2020/07/21,184.349
2020/07/22,188.931
2020/07/23,193.817
2020/07/24,193.963
2020/07/25,194.079
2020/07/26,194.507
2020/07/27,208.061
2020/07/28,210.079
2020/07/29,211.182
2020/07/30,213.749
2020/07/31,213.782
2020/08/01,214.322
2020/08/02,215.251
2020/08/03,203.789
2020/08/04,183.503
2020/08/05,187.464
2020/08/06,187.367
2020/08/07,187.681
2020/08/08,188.996
2020/08/09,194.497
2020/08/10,186.984
2020/08/11,160.58
2020/08/12,160.762
2020/08/13,160.818
2020/08/14,162.487
2020/08/15,170.236
2020/08/16,182.92
2020/08/17,183.496
2020/08/18,179.923
2020/08/19,180.149
2020/08/20,177.186
2020/08/21,176.753
2020/08/22,176.746
2020/08/23,190.198
2020/08/24,190.188
2020/08/25,187.582
2020/08/26,175.189
2020/08/27,164.252
2020/08/28,163.401
2020/08/29,163.327
2020/08/30,166.194
2020/08/31,171.637
2020/09/01,171.583
2020/09/02,175.374
2020/09/03,187.358
2020/09/04,196.483
2020/09/05,197.926
2020/09/06,205.752
2020/09/07,205.899
2020/09/08,200.505
2020/09/09,195.173
2020/09/10,194.626
2020/09/11,195.155
2020/09/12,205.372
2020/09/13,215.538
2020/09/14,211.542
2020/09/15,200.831
2020/09/16,198.882
2020/09/17,193.408
2020/09/18,192.532
2020/09/19,195.145
2020/09/20,207.689
2020/09/21,207.675
2020/09/22,199.691
2020/09/23,199.626
2020/09/24,199.623
2020/09/25,199.648
2020/09/26,197.907
2020/09/27,205.909
2020/09/28,205.887
2020/09/29,205.027
2020/09/30,198.887
2020/10/01,201.54
2020/10/02,202.347
2020/10/03,191.295
2020/10/04,178.945
2020/10/05,180.095
2020/10/06,178.796
2020/10/07,178.199
2020/10/08,178.262
2020/10/09,178.623
2020/10/10,179.385
2020/10/11,185.567
2020/10/12,178.604
2020/10/13,169.302
2020/10/14,169.612
2020/10/15,168.396
2020/10/16,168.304
2020/10/17,171.875
2020/10/18,174.423
2020/10/19,175.643
2020/10/20,163.049
2020/10/21,175.682
2020/10/22,187.822
2020/10/23,190.57
2020/10/24,193.651
2020/10/25,194.567
2020/10/26,207.426
2020/10/27,247.414
2020/10/28,279.034
2020/10/29,290.396
2020/10/30,295.993
2020/10/31,295.177
2020/11/01,296.091
2020/11/02,307.676
2020/11/03,294.508
2020/11/04,294.789
2020/11/05,308.253
2020/11/06,309.103
2020/11/07,308.304
2020/11/08,312.066
2020/11/09,308.241
2020/11/10,292.829
2020/11/11,290.378
2020/11/12,287.979
2020/11/13,286.742
2020/11/14,289.359
2020/11/15,299.541
2020/11/16,288.866
2020/11/17,278.809
2020/11/18,278.722
2020/11/19,278.777
2020/11/20,278.066
2020/11/21,282.631
2020/11/22,294.087
2020/11/23,282.165
2020/11/24,279.713
2020/11/25,277.888
2020/11/26,258.269
2020/11/27,238.01
2020/11/28,236.179
2020/11/29,237.226
2020/11/30,254.526
2020/12/01,261.563
2020/12/02,248.386
2020/12/03,248.386
2020/12/04,246.419
2020/12/05,237.156
2020/12/06,238.104
2020/12/07,237.128
2020/12/08,230.653
2020/12/09,228.925
2020/12/10,228.763
2020/12/11,228.685
2020/12/12,232.227
2020/12/13,235.143
2020/12/14,230.733
2020/12/15,216.909
2020/12/16,222.021
2020/12/17,282.587
2020/12/18,289.665
2020/12/19,289.938
2020/12/20,293.889
2020/12/21,304.973
2020/12/22,294.174
2020/12/23,298.335
2020/12/24,297.584
2020/12/25,297.973
2020/12/26,297.881
2020/12/27,299.878
2020/12/28,295.198
2020/12/29,287.41
2020/12/30,285.47
2020/12/31,280.683
2021/01/01,282.512
2021/01/02,295.066
2021/01/03,294.334
2021/01/04,292.159
2021/01/05,281.964
2021/01/06,281.638
2021/01/07,300.387
2021/01/08,337.469
2021/01/09,331.978
2021/01/10,327.552
2021/01/11,342.722
2021/01/12,327.751
2021/01/13,318.878
2021/01/14,316.125
2021/01/15,314.806
2021/01/16,304.348
2021/01/17,311.646
2021/01/18,299.465
2021/01/19,275.945
2021/01/20,274.362
2021/01/21,278.988
2021/01/22,279.338
2021/01/23,296.296
2021/01/24,304.014
2021/01/25,303.296
2021/01/26,309.793
2021/01/27,311.474
2021/01/28,313.205
2021/01/29,321.284
2021/01/30,323.854
2021/01/31,328.574
2021/02/01,328.912
2021/02/02,327.484
2021/02/03,327.54
2021/02/04,327.656
2021/02/05,328.791
2021/02/06,316.829
2021/02/07,288.803
2021/02/08,300.172
2021/02/09,336.919
2021/02/10,317.942
2021/02/11,332.556
2021/02/12,339.238
2021/02/13,338.758
2021/02/14,339.668
2021/02/15,336.576
2021/02/16,345.575
2021/02/17,371.387
2021/02/18,386.45
2021/02/19,402.237
2021/02/20,412.452
2021/02/21,417.464
2021/02/22,438.443
2021/02/23,486.011
2021/02/24,484.329
2021/02/25,470.478
2021/02/26,462.208
2021/02/27,466.672
2021/02/28,472.036
2021/03/01,461.517
2021/03/02,433.568
2021/03/03,433.118
2021/03/04,427.996
2021/03/05,430.75
2021/03/06,441.094
2021/03/07,434.902
2021/03/08,428.37
2021/03/09,409.266
2021/03/10,409.271
2021/03/11,403.024
2021/03/12,403.169
2021/03/13,403.304
2021/03/14,412.577
2021/03/15,398.471
2021/03/16,385.447
2021/03/17,384.069
2021/03/18,382.713
2021/03/19,377.007
2021/03/20,382.689
2021/03/21,381.711
2021/03/22,377.541
2021/03/23,376.497
2021/03/24,341.323
2021/03/25,238.829
2021/03/26,239.696
2021/03/27,246.131
2021/03/28,252.861
2021/03/29,236.505
2021/03/30,229.268
2021/03/31,225.376
2021/04/01,226.029
2021/04/02,226.5
2021/04/03,227.771
2021/04/04,235.566
2021/04/05,217.738
2021/04/06,217.249
2021/04/07,216.89
2021/04/08,207.485
2021/04/09,206.492
2021/04/10,205.666
2021/04/11,213.107
2021/04/12,213.971
2021/04/13,220.488
2021/04/14,244.343
2021/04/15,244.253
2021/04/16,304.447
2021/04/17,351.454
2021/04/18,354.291
2021/04/19,390.78
2021/04/20,391.629
2021/04/21,401.655
2021/04/22,406.52
2021/04/23,406.565
2021/04/24,428.667
2021/04/25,451.487
2021/04/26,446.501
2021/04/27,434.277
2021/04/28,435.615
2021/04/29,437.012
2021/04/30,436.216
2021/05/01,442.965
2021/05/02,449.309
2021/05/03,444.165
2021/05/04,429.209
2021/05/05,429.049
2021/05/06,429.362
2021/05/07,428.512
2021/05/08,429.723
2021/05/09,431.997
2021/05/10,420.94
2021/05/11,408.144
2021/05/12,408.027
2021/05/13,411.235
2021/05/14,403.986
2021/05/15,404.006
2021/05/16,378.391
2021/05/17,352.049
2021/05/18,355.716
2021/05/19,424.056
2021/05/20,452.095
2021/05/21,451.371
2021/05/22,452.674
2021/05/23,452.395
2021/05/24,427.903
2021/05/25,399.848
2021/05/26,396.229
2021/05/27,394.507
2021/05/28,393.006
2021/05/29,408.31
2021/05/30,425.706
2021/05/31,419.494
2021/06/01,413.804
2021/06/02,419.577
2021/06/03,422.949
2021/06/04,428.66
2021/06/05,443.444
2021/06/06,467.35
2021/06/07,470.112
2021/06/08,469.232
2021/06/09,469.41
2021/06/10,469.469
2021/06/11,469.71
2021/06/12,475.841
2021/06/13,484.761
2021/06/14,485.443
2021/06/15,485.618
2021/06/16,480.82
2021/06/17,476.145
2021/06/18,350.302
2021/06/19,273.936
2021/06/20,239.273
2021/06/21,241.551
2021/06/22,258.305
2021/06/23,249.111
2021/06/24,245.112
2021/06/25,239.13
2021/06/26,235.167
2021/06/27,237.438
2021/06/28,237.188
2021/06/29,235.235
2021/06/30,234.047
2021/07/01,232.343
2021/07/02,235.394
2021/07/03,250.422
2021/07/04,253.194
2021/07/05,249.704
2021/07/06,233.869
2021/07/07,233.868
2021/07/08,235.434
2021/07/09,237.599
2021/07/10,244.497
2021/07/11,253.911
2021/07/12,249.548
2021/07/13,247.792
2021/07/14,250.458
2021/07/15,247.781
2021/07/16,251.167
2021/07/17,260.818
2021/07/18,268.356
2021/07/19,270.013
2021/07/20,269.558
2021/07/21,263.402
2021/07/22,230.717
2021/07/23,223.173
2021/07/24,227.315
2021/07/25,233.884
2021/07/26,235.446
2021/07/27,215.415
2021/07/28,203.91
2021/07/29,186.52
2021/07/30,173.046
2021/07/31,166.169
2021/08/01,141.684
2021/08/02,137.98
2021/08/03,138.442
2021/08/04,138.296
2021/08/05,136.898
2021/08/06,127.869
2021/08/07,126.216
2021/08/08,126.304
2021/08/09,125.809
2021/08/10,120.55
2021/08/11,123.723
2021/08/12,123.726
2021/08/13,124.776
2021/08/14,123.524
2021/08/15,124.2
2021/08/16,118.154
2021/08/17,115.929
2021/08/18,116.984
2021/08/19,116.568
2021/08/20,118.534
2021/08/21,118.369
2021/08/22,123.093
2021/08/23,121.74
2021/08/24,109.161
2021/08/25,99.097
2021/08/26,99.118
2021/08/27,94.592
2021/08/28,103.421
2021/08/29,112.273
2021/08/30,111.604
2021/08/31,110.836
2021/09/01,116.034
2021/09/02,117.797
2021/09/03,119.489
2021/09/04,128.404
2021/09/05,134.619
2021/09/06,135.072
2021/09/07,148.344
2021/09/08,150.322
2021/09/09,150.76
2021/09/10,151.171
2021/09/11,160.715
2021/09/12,171.43
2021/09/13,171.134
2021/09/14,170.514
2021/09/15,170.747
2021/09/16,168.57
2021/09/17,167.357
2021/09/18,174.79
2021/09/19,183.857
2021/09/20,184.357
2021/09/21,183.555
2021/09/22,181.716
2021/09/23,181.623
2021/09/24,181.576
2021/09/25,190.155
2021/09/26,199.185
2021/09/27,197.457
2021/09/28,196.856
2021/09/29,195.018
2021/09/30,191.854
2021/10/01,188.928
2021/10/02,190.062
2021/10/03,188.288
2021/10/04,189.051
2021/10/05,188.516
2021/10/06,203.282
2021/10/07,191.106
2021/10/08,187.82
2021/10/09,190.707
2021/10/10,191.662
2021/10/11,197.532
2021/10/12,198.461
2021/10/13,198.461
2021/10/14,202.081
2021/10/15,211.919
2021/10/16,212.594
2021/10/17,213.823
2021/10/18,215.447
2021/10/19,209.526
2021/10/20,226.879
2021/10/21,228.571
2021/10/22,226.185
2021/10/23,226.42
2021/10/24,228.732
2021/10/25,218.841
2021/10/26,204.949
2021/10/27,205.006
2021/10/28,198.73
2021/10/29,198.62
2021/10/30,200.703
2021/10/31,200.343
2021/11/01,190.437
2021/11/02,181.906
2021/11/03,182.665
2021/11/04,182.131
2021/11/05,173.819
2021/11/06,177.609
2021/11/07,180.13
2021/11/08,184.164
2021/11/09,178.931
2021/11/10,181.713
2021/11/11,181.324
2021/11/12,180.403
2021/11/13,186.504
2021/11/14,188.317
2021/11/15,184.62
2021/11/16,179.526
2021/11/17,176.945
2021/11/18,175.084
2021/11/19,158.278
2021/11/20,164.078
2021/11/21,170.199
2021/11/22,168.108
2021/11/23,164.083
2021/11/24,164.55
2021/11/25,165.363
2021/11/26,165.275
2021/11/27,174.374
2021/11/28,178.701
2021/11/29,176.008
2021/11/30,176.492
2021/12/01,176.245
2021/12/02,171.927
2021/12/03,169.394
2021/12/04,170.5
2021/12/05,174.014
2021/12/06,171.526
2021/12/07,170.288
2021/12/08,147.423
2021/12/09,140.281
2021/12/10,125.818
2021/12/11,136.21
2021/12/12,147.798
2021/12/13,147.052
