Date,mining_profitability7sma
2010/07/17,0
2010/07/18,0
2010/07/19,0
2010/07/20,0
2010/07/21,0
2010/07/22,0
2010/07/23,369222
2010/07/24,394265
2010/07/25,382694
2010/07/26,355288
2010/07/27,321939
2010/07/28,290737
2010/07/29,282700
2010/07/30,276371
2010/07/31,271804
2010/08/01,264982
2010/08/02,259102
2010/08/03,264251
2010/08/04,267387
2010/08/05,257132
2010/08/06,238190
2010/08/07,221106
2010/08/08,209336
2010/08/09,199785
2010/08/10,194619
2010/08/11,184977
2010/08/12,183013
2010/08/13,188285
2010/08/14,194523
2010/08/15,184165
2010/08/16,176368
2010/08/17,165645
2010/08/18,157237
2010/08/19,148468
2010/08/20,144894
2010/08/21,130735
2010/08/22,133805
2010/08/23,134063
2010/08/24,134843
2010/08/25,133073
2010/08/26,132009
2010/08/27,123402
2010/08/28,120043
2010/08/29,114866
2010/08/30,111110
2010/08/31,108104
2010/09/01,103253
2010/09/02,99797
2010/09/03,100719
2010/09/04,101455
2010/09/05,100341
2010/09/06,99456
2010/09/07,98733
2010/09/08,98828
2010/09/09,95421
2010/09/10,94741
2010/09/11,91879
2010/09/12,90940
2010/09/13,89340
2010/09/14,88379
2010/09/15,86695
2010/09/16,89913
2010/09/17,87647
2010/09/18,88436
2010/09/19,84998
2010/09/20,82327
2010/09/21,77580
2010/09/22,75966
2010/09/23,73288
2010/09/24,71261
2010/09/25,67538
2010/09/26,68108
2010/09/27,68667
2010/09/28,68414
2010/09/29,64295
2010/09/30,59594
2010/10/01,56733
2010/10/02,52976
2010/10/03,50479
2010/10/04,47756
2010/10/05,45241
2010/10/06,47332
2010/10/07,47375
2010/10/08,48821
2010/10/09,53234
2010/10/10,56869
2010/10/11,59058
2010/10/12,62489
2010/10/13,65501
2010/10/14,70550
2010/10/15,72320
2010/10/16,75106
2010/10/17,74369
2010/10/18,75071
2010/10/19,76500
2010/10/20,76392
2010/10/21,70365
2010/10/22,67235
2010/10/23,62033
2010/10/24,60270
2010/10/25,57223
2010/10/26,56245
2010/10/27,55923
2010/10/28,62522
2010/10/29,67877
2010/10/30,74088
2010/10/31,73043
2010/11/01,74927
2010/11/02,73795
2010/11/03,72404
2010/11/04,70348
2010/11/05,69691
2010/11/06,71871
2010/11/07,83342
2010/11/08,89110
2010/11/09,87990
2010/11/10,86425
2010/11/11,83092
2010/11/12,78731
2010/11/13,73224
2010/11/14,63586
2010/11/15,56561
2010/11/16,56731
2010/11/17,56913
2010/11/18,57011
2010/11/19,54276
2010/11/20,49573
2010/11/21,46318
2010/11/22,44751
2010/11/23,42279
2010/11/24,40957
2010/11/25,40570
2010/11/26,42091
2010/11/27,42116
2010/11/28,41991
2010/11/29,41512
2010/11/30,40118
2010/12/01,37795
2010/12/02,35253
2010/12/03,33883
2010/12/04,32731
2010/12/05,30586
2010/12/06,28644
2010/12/07,28472
2010/12/08,28665
2010/12/09,27862
2010/12/10,25478
2010/12/11,23812
2010/12/12,22488
2010/12/13,20937
2010/12/14,20071
2010/12/15,18939
2010/12/16,18263
2010/12/17,18939
2010/12/18,19085
2010/12/19,19760
2010/12/20,20152
2010/12/21,20188
2010/12/22,19270
2010/12/23,19086
2010/12/24,18834
2010/12/25,18603
2010/12/26,17954
2010/12/27,18030
2010/12/28,17540
2010/12/29,18139
2010/12/30,18708
2010/12/31,19143
2011/01/01,19568
2011/01/02,19991
2011/01/03,19655
2011/01/04,19577
2011/01/05,19521
2011/01/06,18852
2011/01/07,19009
2011/01/08,18629
2011/01/09,18714
2011/01/10,19027
2011/01/11,19529
2011/01/12,19639
2011/01/13,20235
2011/01/14,20380
2011/01/15,20617
2011/01/16,20784
2011/01/17,21063
2011/01/18,20282
2011/01/19,20036
2011/01/20,20022
2011/01/21,19723
2011/01/22,20244
2011/01/23,20485
2011/01/24,21116
2011/01/25,21918
2011/01/26,22523
2011/01/27,22270
2011/01/28,22192
2011/01/29,21791
2011/01/30,21306
2011/01/31,21324
2011/02/01,22030
2011/02/02,23412
2011/02/03,25430
2011/02/04,28063
2011/02/05,30395
2011/02/06,33407
2011/02/07,36055
2011/02/08,36882
2011/02/09,38242
2011/02/10,39176
2011/02/11,39349
2011/02/12,39797
2011/02/13,39747
2011/02/14,39244
2011/02/15,40944
2011/02/16,41052
2011/02/17,40806
2011/02/18,39132
2011/02/19,36407
2011/02/20,34366
2011/02/21,31883
2011/02/22,29040
2011/02/23,26882
2011/02/24,24987
2011/02/25,24797
2011/02/26,25794
2011/02/27,24550
2011/02/28,23153
2011/03/01,21805
2011/03/02,20531
2011/03/03,19634
2011/03/04,18437
2011/03/05,16999
2011/03/06,16724
2011/03/07,16712
2011/03/08,16758
2011/03/09,16024
2011/03/10,14804
2011/03/11,13988
2011/03/12,13152
2011/03/13,12374
2011/03/14,12166
2011/03/15,11742
2011/03/16,11533
2011/03/17,11849
2011/03/18,11446
2011/03/19,11090
2011/03/20,11133
2011/03/21,10913
2011/03/22,10483
2011/03/23,10608
2011/03/24,10407
2011/03/25,11113
2011/03/26,11279
2011/03/27,11379
2011/03/28,11769
2011/03/29,12104
2011/03/30,11981
2011/03/31,12237
2011/04/01,11718
2011/04/02,11706
2011/04/03,11697
2011/04/04,11329
2011/04/05,11171
2011/04/06,10678
2011/04/07,10187
2011/04/08,10064
2011/04/09,9682
2011/04/10,9403
2011/04/11,9247
2011/04/12,9176
2011/04/13,9599
2011/04/14,9895
2011/04/15,10094
2011/04/16,10794
2011/04/17,11405
2011/04/18,11776
2011/04/19,12345
2011/04/20,12482
2011/04/21,12642
2011/04/22,13236
2011/04/23,13720
2011/04/24,14304
2011/04/25,15349
2011/04/26,15939
2011/04/27,16953
2011/04/28,18424
2011/04/29,20336
2011/04/30,22151
2011/05/01,23761
2011/05/02,25246
2011/05/03,26986
2011/05/04,28811
2011/05/05,30201
2011/05/06,30632
2011/05/07,30933
2011/05/08,31913
2011/05/09,32484
2011/05/10,31961
2011/05/11,32676
2011/05/12,33231
2011/05/13,35954
2011/05/14,38698
2011/05/15,39613
2011/05/16,42159
2011/05/17,45430
2011/05/18,46678
2011/05/19,44740
2011/05/20,41325
2011/05/21,37673
2011/05/22,35452
2011/05/23,32586
2011/05/24,29951
2011/05/25,28165
2011/05/26,29138
2011/05/27,27366
2011/05/28,26359
2011/05/29,25545
2011/05/30,23753
2011/05/31,22167
2011/06/01,20826
2011/06/02,19927
2011/06/03,22017
2011/06/04,25218
2011/06/05,27975
2011/06/06,30421
2011/06/07,32547
2011/06/08,36127
2011/06/09,40819
2011/06/10,43376
2011/06/11,42969
2011/06/12,41227
2011/06/13,40875
2011/06/14,41122
2011/06/15,38254
2011/06/16,32665
2011/06/17,28628
2011/06/18,26013
2011/06/19,24918
2011/06/20,22975
2011/06/21,20728
2011/06/22,19377
2011/06/23,19737
2011/06/24,19031
2011/06/25,17797
2011/06/26,16592
2011/06/27,15623
2011/06/28,14463
2011/06/29,13482
2011/06/30,12562
2011/07/01,12096
2011/07/02,12087
2011/07/03,11932
2011/07/04,11654
2011/07/05,11098
2011/07/06,10778
2011/07/07,10183
2011/07/08,10218
2011/07/09,9888
2011/07/10,9574
2011/07/11,9377
2011/07/12,9399
2011/07/13,9395
2011/07/14,9291
2011/07/15,9054
2011/07/16,9022
2011/07/17,9076
2011/07/18,8953
2011/07/19,8752
2011/07/20,8546
2011/07/21,8572
2011/07/22,8425
2011/07/23,8371
2011/07/24,8263
2011/07/25,8189
2011/07/26,8388
2011/07/27,8262
2011/07/28,8182
2011/07/29,8194
2011/07/30,8197
2011/07/31,8172
2011/08/01,7962
2011/08/02,7654
2011/08/03,7352
2011/08/04,6963
2011/08/05,6601
2011/08/06,6034
2011/08/07,5391
2011/08/08,5031
2011/08/09,4797
2011/08/10,4699
2011/08/11,4748
2011/08/12,4637
2011/08/13,4771
2011/08/14,5072
2011/08/15,5224
2011/08/16,5487
2011/08/17,5609
2011/08/18,5718
2011/08/19,5857
2011/08/20,6142
2011/08/21,6260
2011/08/22,6340
2011/08/23,6166
2011/08/24,6132
2011/08/25,6117
2011/08/26,5978
2011/08/27,5610
2011/08/28,5330
2011/08/29,5256
2011/08/30,5167
2011/08/31,5045
2011/09/01,4839
2011/09/02,4852
2011/09/03,4902
2011/09/04,4880
2011/09/05,4777
2011/09/06,4648
2011/09/07,4470
2011/09/08,4402
2011/09/09,4196
2011/09/10,3878
2011/09/11,3602
2011/09/12,3440
2011/09/13,3342
2011/09/14,3297
2011/09/15,3201
2011/09/16,3031
2011/09/17,3099
2011/09/18,3117
2011/09/19,2992
2011/09/20,3015
2011/09/21,3025
2011/09/22,3019
2011/09/23,3091
2011/09/24,3125
2011/09/25,3148
2011/09/26,3184
2011/09/27,3058
2011/09/28,3019
2011/09/29,2938
2011/09/30,2917
2011/10/01,2954
2011/10/02,2898
2011/10/03,2935
2011/10/04,2904
2011/10/05,2948
2011/10/06,2944
2011/10/07,2961
2011/10/08,2779
2011/10/09,2767
2011/10/10,2649
2011/10/11,2578
2011/10/12,2462
2011/10/13,2447
2011/10/14,2468
2011/10/15,2512
2011/10/16,2487
2011/10/17,2441
2011/10/18,2396
2011/10/19,2271
2011/10/20,2135
2011/10/21,1925
2011/10/22,1824
2011/10/23,1806
2011/10/24,1818
2011/10/25,1834
2011/10/26,1854
2011/10/27,1890
2011/10/28,1977
2011/10/29,2040
2011/10/30,2081
2011/10/31,2161
2011/11/01,2319
2011/11/02,2451
2011/11/03,2535
2011/11/04,2632
2011/11/05,2657
2011/11/06,2640
2011/11/07,2604
2011/11/08,2576
2011/11/09,2548
2011/11/10,2525
2011/11/11,2443
2011/11/12,2494
2011/11/13,2504
2011/11/14,2462
2011/11/15,2361
2011/11/16,2271
2011/11/17,2246
2011/11/18,2176
2011/11/19,2004
2011/11/20,1962
2011/11/21,1878
2011/11/22,1885
2011/11/23,1885
2011/11/24,1864
2011/11/25,1930
2011/11/26,1990
2011/11/27,1958
2011/11/28,2047
2011/11/29,2091
2011/11/30,2241
2011/12/01,2385
2011/12/02,2401
2011/12/03,2533
2011/12/04,2597
2011/12/05,2667
2011/12/06,2740
2011/12/07,2668
2011/12/08,2696
2011/12/09,2735
2011/12/10,2678
2011/12/11,2789
2011/12/12,2777
2011/12/13,2781
2011/12/14,2847
2011/12/15,2743
2011/12/16,2753
2011/12/17,2842
2011/12/18,2764
2011/12/19,2837
2011/12/20,2851
2011/12/21,2923
2011/12/22,3093
2011/12/23,3162
2011/12/24,3221
2011/12/25,3407
2011/12/26,3456
2011/12/27,3465
2011/12/28,3507
2011/12/29,3473
2011/12/30,3599
2011/12/31,3632
2012/01/01,3699
2012/01/02,3852
2012/01/03,4034
2012/01/04,4106
2012/01/05,4445
2012/01/06,4723
2012/01/07,5048
2012/01/08,5234
2012/01/09,5356
2012/01/10,5414
2012/01/11,5602
2012/01/12,5531
2012/01/13,5449
2012/01/14,5343
2012/01/15,5252
2012/01/16,5382
2012/01/17,5373
2012/01/18,5153
2012/01/19,5201
2012/01/20,5187
2012/01/21,5147
2012/01/22,5048
2012/01/23,4890
2012/01/24,4894
2012/01/25,4965
2012/01/26,4807
2012/01/27,4625
2012/01/28,4493
2012/01/29,4529
2012/01/30,4389
2012/01/31,4266
2012/02/01,4244
2012/02/02,4336
2012/02/03,4369
2012/02/04,4427
2012/02/05,4339
2012/02/06,4309
2012/02/07,4322
2012/02/08,4312
2012/02/09,4207
2012/02/10,4156
2012/02/11,4153
2012/02/12,4157
2012/02/13,4084
2012/02/14,4054
2012/02/15,3899
2012/02/16,3720
2012/02/17,3645
2012/02/18,3470
2012/02/19,3307
2012/02/20,3221
2012/02/21,3142
2012/02/22,3166
2012/02/23,3231
2012/02/24,3273
2012/02/25,3309
2012/02/26,3366
2012/02/27,3468
2012/02/28,3547
2012/02/29,3578
2012/03/01,3561
2012/03/02,3467
2012/03/03,3403
2012/03/04,3413
2012/03/05,3390
2012/03/06,3307
2012/03/07,3302
2012/03/08,3283
2012/03/09,3342
2012/03/10,3338
2012/03/11,3305
2012/03/12,3305
2012/03/13,3343
2012/03/14,3305
2012/03/15,3334
2012/03/16,3402
2012/03/17,3492
2012/03/18,3528
2012/03/19,3467
2012/03/20,3466
2012/03/21,3443
2012/03/22,3403
2012/03/23,3262
2012/03/24,3251
2012/03/25,3161
2012/03/26,3157
2012/03/27,3136
2012/03/28,3136
2012/03/29,3096
2012/03/30,3121
2012/03/31,3054
2012/04/01,3063
2012/04/02,3004
2012/04/03,2999
2012/04/04,2978
2012/04/05,2979
2012/04/06,3010
2012/04/07,2972
2012/04/08,3019
2012/04/09,3054
2012/04/10,3037
2012/04/11,3017
2012/04/12,3000
2012/04/13,2954
2012/04/14,3027
2012/04/15,2971
2012/04/16,3085
2012/04/17,3081
2012/04/18,3136
2012/04/19,3241
2012/04/20,3264
2012/04/21,3280
2012/04/22,3332
2012/04/23,3229
2012/04/24,3276
2012/04/25,3252
2012/04/26,3260
2012/04/27,3280
2012/04/28,3261
2012/04/29,3329
2012/04/30,3397
2012/05/01,3369
2012/05/02,3375
2012/05/03,3353
2012/05/04,3358
2012/05/05,3387
2012/05/06,3339
2012/05/07,3338
2012/05/08,3347
2012/05/09,3345
2012/05/10,3205
2012/05/11,3204
2012/05/12,3059
2012/05/13,3018
2012/05/14,2946
2012/05/15,2878
2012/05/16,2869
2012/05/17,2924
2012/05/18,2897
2012/05/19,2972
2012/05/20,2958
2012/05/21,2929
2012/05/22,2942
2012/05/23,2962
2012/05/24,2977
2012/05/25,2990
2012/05/26,3041
2012/05/27,3100
2012/05/28,3165
2012/05/29,3193
2012/05/30,3221
2012/05/31,3246
2012/06/01,3303
2012/06/02,3291
2012/06/03,3267
2012/06/04,3295
2012/06/05,3364
2012/06/06,3355
2012/06/07,3409
2012/06/08,3388
2012/06/09,3447
2012/06/10,3505
2012/06/11,3452
2012/06/12,3521
2012/06/13,3543
2012/06/14,3619
2012/06/15,3676
2012/06/16,3727
2012/06/17,3796
2012/06/18,4000
2012/06/19,3885
2012/06/20,4016
2012/06/21,3998
2012/06/22,4020
2012/06/23,3982
2012/06/24,3861
2012/06/25,3788
2012/06/26,3862
2012/06/27,3797
2012/06/28,3766
2012/06/29,3755
2012/06/30,3732
2012/07/01,3847
2012/07/02,3849
2012/07/03,3900
2012/07/04,3845
2012/07/05,3852
2012/07/06,3851
2012/07/07,3887
2012/07/08,3841
2012/07/09,3853
2012/07/10,3847
2012/07/11,3885
2012/07/12,4006
2012/07/13,4096
2012/07/14,4150
2012/07/15,4193
2012/07/16,4304
2012/07/17,4455
2012/07/18,4583
2012/07/19,4551
2012/07/20,4604
2012/07/21,4641
2012/07/22,4777
2012/07/23,4715
2012/07/24,4670
2012/07/25,4670
2012/07/26,4721
2012/07/27,4749
2012/07/28,4692
2012/07/29,4758
2012/07/30,4761
2012/07/31,4655
2012/08/01,4654
2012/08/02,4753
2012/08/03,4749
2012/08/04,4921
2012/08/05,4870
2012/08/06,5003
2012/08/07,5281
2012/08/08,5419
2012/08/09,5442
2012/08/10,5468
2012/08/11,5520
2012/08/12,5567
2012/08/13,5606
2012/08/14,5522
2012/08/15,5566
2012/08/16,5608
2012/08/17,5627
2012/08/18,5615
2012/08/19,5598
2012/08/20,5353
2012/08/21,5197
2012/08/22,5011
2012/08/23,4828
2012/08/24,4660
2012/08/25,4478
2012/08/26,4415
2012/08/27,4446
2012/08/28,4493
2012/08/29,4490
2012/08/30,4444
2012/08/31,4426
2012/09/01,4402
2012/09/02,4355
2012/09/03,4338
2012/09/04,4347
2012/09/05,4325
2012/09/06,4325
2012/09/07,4315
2012/09/08,4263
2012/09/09,4267
2012/09/10,4285
2012/09/11,4167
2012/09/12,4187
2012/09/13,4124
2012/09/14,4175
2012/09/15,4246
2012/09/16,4274
2012/09/17,4332
2012/09/18,4398
2012/09/19,4335
2012/09/20,4458
2012/09/21,4475
2012/09/22,4411
2012/09/23,4385
2012/09/24,4352
2012/09/25,4276
2012/09/26,4307
2012/09/27,4331
2012/09/28,4267
2012/09/29,4361
2012/09/30,4330
2012/10/01,4275
2012/10/02,4396
2012/10/03,4335
2012/10/04,4253
2012/10/05,4266
2012/10/06,4273
2012/10/07,4172
2012/10/08,4260
2012/10/09,4113
2012/10/10,4109
2012/10/11,4033
2012/10/12,4006
2012/10/13,3920
2012/10/14,3917
2012/10/15,3894
2012/10/16,3929
2012/10/17,3893
2012/10/18,3951
2012/10/19,3853
2012/10/20,3891
2012/10/21,3924
2012/10/22,3861
2012/10/23,3782
2012/10/24,3850
2012/10/25,3778
2012/10/26,3832
2012/10/27,3685
2012/10/28,3647
2012/10/29,3566
2012/10/30,3534
2012/10/31,3424
2012/11/01,3375
2012/11/02,3304
2012/11/03,3304
2012/11/04,3267
2012/11/05,3282
2012/11/06,3280
2012/11/07,3301
2012/11/08,3282
2012/11/09,3308
2012/11/10,3278
2012/11/11,3300
2012/11/12,3247
2012/11/13,3303
2012/11/14,3253
2012/11/15,3260
2012/11/16,3290
2012/11/17,3340
2012/11/18,3326
2012/11/19,3445
2012/11/20,3432
2012/11/21,3489
2012/11/22,3510
2012/11/23,3592
2012/11/24,3604
2012/11/25,3652
2012/11/26,3619
2012/11/27,3641
2012/11/28,3581
2012/11/29,3353
2012/11/30,2994
2012/12/01,2791
2012/12/02,2513
2012/12/03,2254
2012/12/04,1989
2012/12/05,1828
2012/12/06,1865
2012/12/07,1909
2012/12/08,1893
2012/12/09,1920
2012/12/10,1959
2012/12/11,2016
2012/12/12,1989
2012/12/13,1994
2012/12/14,1978
2012/12/15,2011
2012/12/16,2012
2012/12/17,2031
2012/12/18,2012
2012/12/19,2041
2012/12/20,2010
2012/12/21,2047
2012/12/22,2067
2012/12/23,2027
2012/12/24,2010
2012/12/25,2007
2012/12/26,2064
2012/12/27,2116
2012/12/28,2148
2012/12/29,2124
2012/12/30,2251
2012/12/31,2247
2013/01/01,2293
2013/01/02,2259
2013/01/03,2267
2013/01/04,2256
2013/01/05,2243
2013/01/06,2215
2013/01/07,2264
2013/01/08,2204
2013/01/09,2186
2013/01/10,2186
2013/01/11,2142
2013/01/12,2172
2013/01/13,2169
2013/01/14,2157
2013/01/15,2172
2013/01/16,2210
2013/01/17,2169
2013/01/18,2245
2013/01/19,2305
2013/01/20,2309
2013/01/21,2300
2013/01/22,2423
2013/01/23,2444
2013/01/24,2609
2013/01/25,2642
2013/01/26,2720
2013/01/27,2804
2013/01/28,2893
2013/01/29,2968
2013/01/30,3069
2013/01/31,3151
2013/02/01,3194
2013/02/02,3196
2013/02/03,3348
2013/02/04,3377
2013/02/05,3360
2013/02/06,3325
2013/02/07,3285
2013/02/08,3342
2013/02/09,3374
2013/02/10,3342
2013/02/11,3400
2013/02/12,3456
2013/02/13,3634
2013/02/14,3653
2013/02/15,3795
2013/02/16,3896
2013/02/17,3941
2013/02/18,3912
2013/02/19,3951
2013/02/20,3993
2013/02/21,4022
2013/02/22,3994
2013/02/23,3954
2013/02/24,3916
2013/02/25,4082
2013/02/26,4094
2013/02/27,4053
2013/02/28,4104
2013/03/01,4091
2013/03/02,4072
2013/03/03,4102
2013/03/04,4034
2013/03/05,4008
2013/03/06,4068
2013/03/07,4195
2013/03/08,4293
2013/03/09,4492
2013/03/10,4672
2013/03/11,4788
2013/03/12,4998
2013/03/13,5052
2013/03/14,5041
2013/03/15,4995
2013/03/16,4934
2013/03/17,4887
2013/03/18,4860
2013/03/19,4807
2013/03/20,5068
2013/03/21,5317
2013/03/22,5671
2013/03/23,5942
2013/03/24,5969
2013/03/25,5997
2013/03/26,6082
2013/03/27,5927
2013/03/28,6034
2013/03/29,5964
2013/03/30,5957
2013/03/31,6221
2013/04/01,6562
2013/04/02,6924
2013/04/03,7363
2013/04/04,7555
2013/04/05,8052
2013/04/06,8384
2013/04/07,8732
2013/04/08,9147
2013/04/09,9913
2013/04/10,10406
2013/04/11,10166
2013/04/12,9653
2013/04/13,9320
2013/04/14,8801
2013/04/15,8193
2013/04/16,6991
2013/04/17,5948
2013/04/18,5631
2013/04/19,5608
2013/04/20,5650
2013/04/21,5770
2013/04/22,5798
2013/04/23,6100
2013/04/24,6452
2013/04/25,6975
2013/04/26,7125
2013/04/27,7060
2013/04/28,7225
2013/04/29,7397
2013/04/30,7302
2013/05/01,7141
2013/05/02,6686
2013/05/03,6371
2013/05/04,6261
2013/05/05,6045
2013/05/06,5787
2013/05/07,5669
2013/05/08,5528
2013/05/09,5541
2013/05/10,5644
2013/05/11,5683
2013/05/12,5531
2013/05/13,5491
2013/05/14,5363
2013/05/15,5253
2013/05/16,5188
2013/05/17,5111
2013/05/18,5008
2013/05/19,4970
2013/05/20,4901
2013/05/21,5038
2013/05/22,5127
2013/05/23,5242
2013/05/24,5293
2013/05/25,5350
2013/05/26,5404
2013/05/27,5512
2013/05/28,5454
2013/05/29,5473
2013/05/30,5442
2013/05/31,5368
2013/06/01,5405
2013/06/02,5346
2013/06/03,5312
2013/06/04,5299
2013/06/05,5111
2013/06/06,4863
2013/06/07,4672
2013/06/08,4382
2013/06/09,4129
2013/06/10,3864
2013/06/11,3657
2013/06/12,3608
2013/06/13,3523
2013/06/14,3476
2013/06/15,3382
2013/06/16,3388
2013/06/17,3241
2013/06/18,3078
2013/06/19,2977
2013/06/20,2928
2013/06/21,2866
2013/06/22,2803
2013/06/23,2707
2013/06/24,2737
2013/06/25,2743
2013/06/26,2685
2013/06/27,2649
2013/06/28,2564
2013/06/29,2501
2013/06/30,2424
2013/07/01,2352
2013/07/02,2258
2013/07/03,2193
2013/07/04,2065
2013/07/05,1987
2013/07/06,1894
2013/07/07,1837
2013/07/08,1801
2013/07/09,1762
2013/07/10,1731
2013/07/11,1694
2013/07/12,1640
2013/07/13,1667
2013/07/14,1689
2013/07/15,1677
2013/07/16,1683
2013/07/17,1684
2013/07/18,1692
2013/07/19,1720
2013/07/20,1693
2013/07/21,1693
2013/07/22,1642
2013/07/23,1579
2013/07/24,1529
2013/07/25,1503
2013/07/26,1476
2013/07/27,1462
2013/07/28,1405
2013/07/29,1442
2013/07/30,1491
2013/07/31,1488
2013/08/01,1499
2013/08/02,1522
2013/08/03,1482
2013/08/04,1486
2013/08/05,1440
2013/08/06,1407
2013/08/07,1374
2013/08/08,1367
2013/08/09,1305
2013/08/10,1315
2013/08/11,1303
2013/08/12,1296
2013/08/13,1263
2013/08/14,1212
2013/08/15,1156
2013/08/16,1124
2013/08/17,1074
2013/08/18,1034
2013/08/19,992.645
2013/08/20,979.532
2013/08/21,990.875
2013/08/22,1012
2013/08/23,1014
2013/08/24,1003
2013/08/25,975.485
2013/08/26,963.615
2013/08/27,939.444
2013/08/28,932.243
2013/08/29,895.558
2013/08/30,892.499
2013/08/31,905.148
2013/09/01,923.344
2013/09/02,934.111
2013/09/03,947.092
2013/09/04,901.861
2013/09/05,879.122
2013/09/06,840.772
2013/09/07,781.644
2013/09/08,749.084
2013/09/09,723.404
2013/09/10,684.021
2013/09/11,695.163
2013/09/12,695.366
2013/09/13,700.226
2013/09/14,720.542
2013/09/15,693.461
2013/09/16,655.894
2013/09/17,648.161
2013/09/18,630.058
2013/09/19,605.958
2013/09/20,585.476
2013/09/21,557.235
2013/09/22,563.981
2013/09/23,569.782
2013/09/24,557.642
2013/09/25,539.463
2013/09/26,511.494
2013/09/27,492.273
2013/09/28,478.263
2013/09/29,457.765
2013/09/30,440.687
2013/10/01,423.247
2013/10/02,413.098
2013/10/03,413.616
2013/10/04,405.745
2013/10/05,407.041
2013/10/06,395.289
2013/10/07,380.545
2013/10/08,366.8
2013/10/09,354.568
2013/10/10,352.207
2013/10/11,345.221
2013/10/12,333.368
2013/10/13,334.636
2013/10/14,341.418
2013/10/15,347.206
2013/10/16,340.19
2013/10/17,325.445
2013/10/18,320.77
2013/10/19,311.771
2013/10/20,305.133
2013/10/21,298.577
2013/10/22,296.727
2013/10/23,309.055
2013/10/24,324.132
2013/10/25,328.203
2013/10/26,313.115
2013/10/27,306.55
2013/10/28,294.956
2013/10/29,279.199
2013/10/30,265.937
2013/10/31,253.078
2013/11/01,245.098
2013/11/02,251.639
2013/11/03,253.833
2013/11/04,259.426
2013/11/05,263.825
2013/11/06,261.031
2013/11/07,259.838
2013/11/08,263.111
2013/11/09,280.062
2013/11/10,287.746
2013/11/11,292.892
2013/11/12,302.916
2013/11/13,313.03
2013/11/14,337.149
2013/11/15,353.81
2013/11/16,361.642
2013/11/17,375.989
2013/11/18,392.307
2013/11/19,417.59
2013/11/20,430.265
2013/11/21,439.15
2013/11/22,466.005
2013/11/23,493.215
2013/11/24,518.302
2013/11/25,542.709
2013/11/26,553.739
2013/11/27,609.685
2013/11/28,653.347
2013/11/29,672.707
2013/11/30,703.834
2013/12/01,713.334
2013/12/02,712.506
2013/12/03,738.864
2013/12/04,721.853
2013/12/05,710.055
2013/12/06,707.454
2013/12/07,660.929
2013/12/08,646.362
2013/12/09,639.944
2013/12/10,612.71
2013/12/11,584.696
2013/12/12,549.738
2013/12/13,518.597
2013/12/14,521.119
2013/12/15,503.379
2013/12/16,492.413
2013/12/17,461.215
2013/12/18,434.51
2013/12/19,418.892
2013/12/20,392.983
2013/12/21,360.094
2013/12/22,339.603
2013/12/23,312.933
2013/12/24,299.676
2013/12/25,296.41
2013/12/26,293.235
2013/12/27,294.975
2013/12/28,294.225
2013/12/29,301.588
2013/12/30,306.907
2013/12/31,313.514
2014/01/01,323.824
2014/01/02,308.671
2014/01/03,305.543
2014/01/04,304.334
2014/01/05,308.026
2014/01/06,311.178
2014/01/07,308.23
2014/01/08,302.614
2014/01/09,318.005
2014/01/10,313.934
2014/01/11,321.93
2014/01/12,318.528
2014/01/13,299.345
2014/01/14,289.295
2014/01/15,282.756
2014/01/16,268.612
2014/01/17,258.485
2014/01/18,247.99
2014/01/19,232.94
2014/01/20,242.53
2014/01/21,239.617
2014/01/22,238.456
2014/01/23,237.078
2014/01/24,237.928
2014/01/25,228.542
2014/01/26,222.691
2014/01/27,214.208
2014/01/28,206.727
2014/01/29,196.346
2014/01/30,194.549
2014/01/31,191.625
2014/02/01,191.475
2014/02/02,192.34
2014/02/03,186.901
2014/02/04,190.21
2014/02/05,187.344
2014/02/06,181.469
2014/02/07,172.538
2014/02/08,165.726
2014/02/09,153.47
2014/02/10,148.314
2014/02/11,139.087
2014/02/12,134.599
2014/02/13,126.006
2014/02/14,123.343
2014/02/15,119.648
2014/02/16,121.312
2014/02/17,114.431
2014/02/18,111.614
2014/02/19,107.982
2014/02/20,106.025
2014/02/21,101.912
2014/02/22,100.443
2014/02/23,96.534
2014/02/24,97.399
2014/02/25,92.787
2014/02/26,91.798
2014/02/27,91.618
2014/02/28,91.715
2014/03/01,86.284
2014/03/02,82.999
2014/03/03,80.929
2014/03/04,83.787
2014/03/05,81.836
2014/03/06,82.257
2014/03/07,82.154
2014/03/08,84.079
2014/03/09,86.718
2014/03/10,85.641
2014/03/11,84.722
2014/03/12,85.378
2014/03/13,81.569
2014/03/14,79.862
2014/03/15,79.412
2014/03/16,78.259
2014/03/17,77.291
2014/03/18,74.997
2014/03/19,73.241
2014/03/20,73.753
2014/03/21,74.325
2014/03/22,72.196
2014/03/23,70.964
2014/03/24,70.693
2014/03/25,68.29
2014/03/26,65.55
2014/03/27,63.497
2014/03/28,59.859
2014/03/29,58.343
2014/03/30,53.998
2014/03/31,51.889
2014/04/01,50.74
2014/04/02,49.878
2014/04/03,47.496
2014/04/04,46.948
2014/04/05,44.797
2014/04/06,44.353
2014/04/07,42.371
2014/04/08,40.902
2014/04/09,38.898
2014/04/10,37.417
2014/04/11,36.388
2014/04/12,36.083
2014/04/13,35.441
2014/04/14,35.556
2014/04/15,36.096
2014/04/16,36.313
2014/04/17,37.569
2014/04/18,37.427
2014/04/19,37.418
2014/04/20,38.049
2014/04/21,37.526
2014/04/22,36.807
2014/04/23,36.049
2014/04/24,34.935
2014/04/25,35.341
2014/04/26,34.765
2014/04/27,34.192
2014/04/28,33.346
2014/04/29,33.467
2014/04/30,31.903
2014/05/01,31.984
2014/05/02,30.204
2014/05/03,29.569
2014/05/04,28.6
2014/05/05,28.137
2014/05/06,27.815
2014/05/07,27.874
2014/05/08,27.206
2014/05/09,27.52
2014/05/10,27.998
2014/05/11,27.528
2014/05/12,27.957
2014/05/13,26.824
2014/05/14,26.824
2014/05/15,26.454
2014/05/16,26.146
2014/05/17,25.432
2014/05/18,25.717
2014/05/19,25.266
2014/05/20,25.478
2014/05/21,26.066
2014/05/22,26.4
2014/05/23,26.947
2014/05/24,27.124
2014/05/25,27.392
2014/05/26,27.706
2014/05/27,27.751
2014/05/28,27.835
2014/05/29,27.5
2014/05/30,27.583
2014/05/31,28.107
2014/06/01,28.586
2014/06/02,29.456
2014/06/03,30.015
2014/06/04,30.189
2014/06/05,30.697
2014/06/06,30.08
2014/06/07,30.109
2014/06/08,29.203
2014/06/09,28.777
2014/06/10,28.471
2014/06/11,28.002
2014/06/12,27.791
2014/06/13,27.615
2014/06/14,27.013
2014/06/15,26.931
2014/06/16,26.233
2014/06/17,25.845
2014/06/18,24.99
2014/06/19,24.37
2014/06/20,24.131
2014/06/21,23.654
2014/06/22,23.005
2014/06/23,22.714
2014/06/24,22.279
2014/06/25,22.279
2014/06/26,21.814
2014/06/27,21.816
2014/06/28,21.819
2014/06/29,21.332
2014/06/30,20.555
2014/07/01,20.166
2014/07/02,19.913
2014/07/03,19.735
2014/07/04,19.371
2014/07/05,18.758
2014/07/06,18.987
2014/07/07,19.189
2014/07/08,19.058
2014/07/09,19.051
2014/07/10,18.839
2014/07/11,18.481
2014/07/12,18.67
2014/07/13,18.695
2014/07/14,18.311
2014/07/15,18.566
2014/07/16,18.079
2014/07/17,18.32
2014/07/18,18.356
2014/07/19,18.283
2014/07/20,17.96
2014/07/21,18.248
2014/07/22,17.799
2014/07/23,18.162
2014/07/24,17.738
2014/07/25,17.711
2014/07/26,17.182
2014/07/27,17.151
2014/07/28,16.88
2014/07/29,16.643
2014/07/30,16.37
2014/07/31,16.077
2014/08/01,15.746
2014/08/02,15.943
2014/08/03,15.737
2014/08/04,15.408
2014/08/05,15.467
2014/08/06,15.625
2014/08/07,15.734
2014/08/08,15.607
2014/08/09,15.612
2014/08/10,15.615
2014/08/11,15.736
2014/08/12,15.408
2014/08/13,14.698
2014/08/14,14.642
2014/08/15,14.254
2014/08/16,13.667
2014/08/17,13.49
2014/08/18,13.214
2014/08/19,12.831
2014/08/20,12.531
2014/08/21,11.925
2014/08/22,11.605
2014/08/23,11.467
2014/08/24,10.926
2014/08/25,10.529
2014/08/26,10.686
2014/08/27,10.76
2014/08/28,10.728
2014/08/29,10.778
2014/08/30,10.805
2014/08/31,10.884
2014/09/01,10.42
2014/09/02,10.002
2014/09/03,9.77
2014/09/04,9.445
2014/09/05,9.144
2014/09/06,8.965
2014/09/07,8.656
2014/09/08,8.75
2014/09/09,8.73
2014/09/10,8.704
2014/09/11,8.88
2014/09/12,8.785
2014/09/13,8.672
2014/09/14,8.577
2014/09/15,8.619
2014/09/16,8.517
2014/09/17,8.324
2014/09/18,7.998
2014/09/19,7.835
2014/09/20,7.554
2014/09/21,7.401
2014/09/22,7.225
2014/09/23,6.976
2014/09/24,6.889
2014/09/25,6.863
2014/09/26,6.642
2014/09/27,6.47
2014/09/28,6.318
2014/09/29,6.101
2014/09/30,6.045
2014/10/01,5.799
2014/10/02,5.546
2014/10/03,5.605
2014/10/04,5.496
2014/10/05,5.391
2014/10/06,5.254
2014/10/07,4.984
2014/10/08,4.937
2014/10/09,5.018
2014/10/10,4.962
2014/10/11,4.892
2014/10/12,5.009
2014/10/13,5.152
2014/10/14,5.328
2014/10/15,5.422
2014/10/16,5.378
2014/10/17,5.421
2014/10/18,5.562
2014/10/19,5.522
2014/10/20,5.502
2014/10/21,5.614
2014/10/22,5.538
2014/10/23,5.497
2014/10/24,5.421
2014/10/25,5.318
2014/10/26,5.199
2014/10/27,5.208
2014/10/28,4.978
2014/10/29,4.968
2014/10/30,4.917
2014/10/31,4.911
2014/11/01,4.811
2014/11/02,4.815
2014/11/03,4.727
2014/11/04,4.71
2014/11/05,4.485
2014/11/06,4.488
2014/11/07,4.395
2014/11/08,4.421
2014/11/09,4.477
2014/11/10,4.394
2014/11/11,4.375
2014/11/12,4.624
2014/11/13,4.735
2014/11/14,4.856
2014/11/15,4.874
2014/11/16,4.929
2014/11/17,5
2014/11/18,5.098
2014/11/19,4.993
2014/11/20,4.84
2014/11/21,4.719
2014/11/22,4.72
2014/11/23,4.621
2014/11/24,4.608
2014/11/25,4.528
2014/11/26,4.534
2014/11/27,4.564
2014/11/28,4.6
2014/11/29,4.652
2014/11/30,4.713
2014/12/01,4.619
2014/12/02,4.73
2014/12/03,4.702
2014/12/04,4.721
2014/12/05,4.775
2014/12/06,4.67
2014/12/07,4.638
2014/12/08,4.811
2014/12/09,4.704
2014/12/10,4.624
2014/12/11,4.606
2014/12/12,4.498
2014/12/13,4.526
2014/12/14,4.509
2014/12/15,4.35
2014/12/16,4.358
2014/12/17,4.347
2014/12/18,4.211
2014/12/19,4.238
2014/12/20,4.158
2014/12/21,4.088
2014/12/22,4.21
2014/12/23,4.133
2014/12/24,4.184
2014/12/25,4.191
2014/12/26,4.181
2014/12/27,4.175
2014/12/28,4.223
2014/12/29,4.057
2014/12/30,4.066
2014/12/31,3.992
2015/01/01,4.012
2015/01/02,3.963
2015/01/03,3.94
2015/01/04,3.84
2015/01/05,3.737
2015/01/06,3.658
2015/01/07,3.593
2015/01/08,3.559
2015/01/09,3.462
2015/01/10,3.444
2015/01/11,3.44
2015/01/12,3.416
2015/01/13,3.324
2015/01/14,3.187
2015/01/15,3.002
2015/01/16,2.859
2015/01/17,2.682
2015/01/18,2.525
2015/01/19,2.412
2015/01/20,2.336
2015/01/21,2.412
2015/01/22,2.387
2015/01/23,2.429
2015/01/24,2.497
2015/01/25,2.543
2015/01/26,2.693
2015/01/27,2.84
2015/01/28,2.902
2015/01/29,2.97
2015/01/30,2.968
2015/01/31,3.015
2015/02/01,2.961
2015/02/02,2.917
2015/02/03,2.807
2015/02/04,2.758
2015/02/05,2.767
2015/02/06,2.804
2015/02/07,2.727
2015/02/08,2.747
2015/02/09,2.727
2015/02/10,2.695
2015/02/11,2.655
2015/02/12,2.544
2015/02/13,2.558
2015/02/14,2.597
2015/02/15,2.638
2015/02/16,2.617
2015/02/17,2.659
2015/02/18,2.696
2015/02/19,2.771
2015/02/20,2.737
2015/02/21,2.723
2015/02/22,2.716
2015/02/23,2.686
2015/02/24,2.668
2015/02/25,2.653
2015/02/26,2.634
2015/02/27,2.637
2015/02/28,2.621
2015/03/01,2.593
2015/03/02,2.687
2015/03/03,2.754
2015/03/04,2.745
2015/03/05,2.816
2015/03/06,2.861
2015/03/07,2.899
2015/03/08,2.964
2015/03/09,2.934
2015/03/10,2.992
2015/03/11,3.022
2015/03/12,3.016
2015/03/13,3.054
2015/03/14,3.041
2015/03/15,3.049
2015/03/16,3.066
2015/03/17,2.999
2015/03/18,3.032
2015/03/19,2.978
2015/03/20,2.904
2015/03/21,2.92
2015/03/22,2.893
2015/03/23,2.857
2015/03/24,2.859
2015/03/25,2.774
2015/03/26,2.78
2015/03/27,2.78
2015/03/28,2.728
2015/03/29,2.695
2015/03/30,2.673
2015/03/31,2.639
2015/04/01,2.625
2015/04/02,2.681
2015/04/03,2.653
2015/04/04,2.68
2015/04/05,2.669
2015/04/06,2.63
2015/04/07,2.644
2015/04/08,2.636
2015/04/09,2.548
2015/04/10,2.571
2015/04/11,2.505
2015/04/12,2.447
2015/04/13,2.505
2015/04/14,2.414
2015/04/15,2.369
2015/04/16,2.362
2015/04/17,2.293
2015/04/18,2.314
2015/04/19,2.328
2015/04/20,2.286
2015/04/21,2.305
2015/04/22,2.373
2015/04/23,2.363
2015/04/24,2.392
2015/04/25,2.431
2015/04/26,2.414
2015/04/27,2.393
2015/04/28,2.422
2015/04/29,2.37
2015/04/30,2.403
2015/05/01,2.425
2015/05/02,2.389
2015/05/03,2.433
2015/05/04,2.44
2015/05/05,2.475
2015/05/06,2.536
2015/05/07,2.497
2015/05/08,2.5
2015/05/09,2.5
2015/05/10,2.505
2015/05/11,2.565
2015/05/12,2.522
2015/05/13,2.529
2015/05/14,2.571
2015/05/15,2.538
2015/05/16,2.526
2015/05/17,2.547
2015/05/18,2.496
2015/05/19,2.473
2015/05/20,2.454
2015/05/21,2.442
2015/05/22,2.444
2015/05/23,2.399
2015/05/24,2.43
2015/05/25,2.414
2015/05/26,2.465
2015/05/27,2.442
2015/05/28,2.436
2015/05/29,2.453
2015/05/30,2.517
2015/05/31,2.457
2015/06/01,2.439
2015/06/02,2.436
2015/06/03,2.418
2015/06/04,2.42
2015/06/05,2.388
2015/06/06,2.417
2015/06/07,2.369
2015/06/08,2.422
2015/06/09,2.39
2015/06/10,2.436
2015/06/11,2.381
2015/06/12,2.423
2015/06/13,2.403
2015/06/14,2.419
2015/06/15,2.388
2015/06/16,2.37
2015/06/17,2.433
2015/06/18,2.502
2015/06/19,2.474
2015/06/20,2.442
2015/06/21,2.461
2015/06/22,2.519
2015/06/23,2.545
2015/06/24,2.472
2015/06/25,2.465
2015/06/26,2.477
2015/06/27,2.477
2015/06/28,2.501
2015/06/29,2.486
2015/06/30,2.529
2015/07/01,2.516
2015/07/02,2.584
2015/07/03,2.608
2015/07/04,2.649
2015/07/05,2.642
2015/07/06,2.707
2015/07/07,2.677
2015/07/08,2.752
2015/07/09,2.69
2015/07/10,2.762
2015/07/11,2.788
2015/07/12,2.845
2015/07/13,2.849
2015/07/14,2.893
2015/07/15,2.899
2015/07/16,2.912
2015/07/17,2.875
2015/07/18,2.849
2015/07/19,2.828
2015/07/20,2.79
2015/07/21,2.745
2015/07/22,2.741
2015/07/23,2.735
2015/07/24,2.763
2015/07/25,2.77
2015/07/26,2.774
2015/07/27,2.765
2015/07/28,2.785
2015/07/29,2.795
2015/07/30,2.805
2015/07/31,2.794
2015/08/01,2.783
2015/08/02,2.758
2015/08/03,2.779
2015/08/04,2.749
2015/08/05,2.738
2015/08/06,2.753
2015/08/07,2.686
2015/08/08,2.72
2015/08/09,2.703
2015/08/10,2.664
2015/08/11,2.661
2015/08/12,2.571
2015/08/13,2.561
2015/08/14,2.558
2015/08/15,2.513
2015/08/16,2.503
2015/08/17,2.502
2015/08/18,2.498
2015/08/19,2.486
2015/08/20,2.413
2015/08/21,2.409
2015/08/22,2.346
2015/08/23,2.282
2015/08/24,2.206
2015/08/25,2.127
2015/08/26,2.134
2015/08/27,2.103
2015/08/28,2.075
2015/08/29,2.073
2015/08/30,2.088
2015/08/31,2.085
2015/09/01,2.146
2015/09/02,2.123
2015/09/03,2.142
2015/09/04,2.117
2015/09/05,2.1
2015/09/06,2.091
2015/09/07,2.122
2015/09/08,2.094
2015/09/09,2.11
2015/09/10,2.13
2015/09/11,2.117
2015/09/12,2.114
2015/09/13,2.146
2015/09/14,2.089
2015/09/15,2.105
2015/09/16,2.042
2015/09/17,2.034
2015/09/18,2.034
2015/09/19,2.013
2015/09/20,1.983
2015/09/21,1.985
2015/09/22,1.973
2015/09/23,1.999
2015/09/24,1.963
2015/09/25,1.98
2015/09/26,1.984
2015/09/27,1.983
2015/09/28,2.006
2015/09/29,2.017
2015/09/30,1.992
2015/10/01,2.005
2015/10/02,2
2015/10/03,2.02
2015/10/04,2.01
2015/10/05,1.997
2015/10/06,1.971
2015/10/07,1.989
2015/10/08,2.002
2015/10/09,1.967
2015/10/10,2.026
2015/10/11,2.013
2015/10/12,2.018
2015/10/13,2.032
2015/10/14,2.055
2015/10/15,2.078
2015/10/16,2.099
2015/10/17,2.074
2015/10/18,2.134
2015/10/19,2.165
2015/10/20,2.161
2015/10/21,2.193
2015/10/22,2.178
2015/10/23,2.231
2015/10/24,2.244
2015/10/25,2.262
2015/10/26,2.302
2015/10/27,2.336
2015/10/28,2.346
2015/10/29,2.432
2015/10/30,2.497
2015/10/31,2.502
2015/11/01,2.528
2015/11/02,2.557
2015/11/03,2.67
2015/11/04,2.857
2015/11/05,2.926
2015/11/06,2.957
2015/11/07,3.063
2015/11/08,3.113
2015/11/09,3.192
2015/11/10,3.162
2015/11/11,2.997
2015/11/12,2.907
2015/11/13,2.84
2015/11/14,2.739
2015/11/15,2.706
2015/11/16,2.59
2015/11/17,2.505
2015/11/18,2.549
2015/11/19,2.509
2015/11/20,2.528
2015/11/21,2.554
2015/11/22,2.507
2015/11/23,2.5
2015/11/24,2.503
2015/11/25,2.394
2015/11/26,2.445
2015/11/27,2.363
2015/11/28,2.373
2015/11/29,2.374
2015/11/30,2.439
2015/12/01,2.449
2015/12/02,2.513
2015/12/03,2.469
2015/12/04,2.539
2015/12/05,2.571
2015/12/06,2.594
2015/12/07,2.521
2015/12/08,2.591
2015/12/09,2.587
2015/12/10,2.692
2015/12/11,2.654
2015/12/12,2.642
2015/12/13,2.639
2015/12/14,2.763
2015/12/15,2.76
2015/12/16,2.783
2015/12/17,2.754
2015/12/18,2.846
2015/12/19,2.806
2015/12/20,2.796
2015/12/21,2.649
2015/12/22,2.606
2015/12/23,2.553
2015/12/24,2.461
2015/12/25,2.446
2015/12/26,2.416
2015/12/27,2.408
2015/12/28,2.373
2015/12/29,2.353
2015/12/30,2.352
2015/12/31,2.324
2016/01/01,2.207
2016/01/02,2.202
2016/01/03,2.146
2016/01/04,2.196
2016/01/05,2.147
2016/01/06,2.107
2016/01/07,2.127
2016/01/08,2.166
2016/01/09,2.14
2016/01/10,2.181
2016/01/11,2.154
2016/01/12,2.172
2016/01/13,2.136
2016/01/14,2.096
2016/01/15,2.012
2016/01/16,1.965
2016/01/17,1.905
2016/01/18,1.843
2016/01/19,1.754
2016/01/20,1.757
2016/01/21,1.754
2016/01/22,1.785
2016/01/23,1.792
2016/01/24,1.78
2016/01/25,1.769
2016/01/26,1.791
2016/01/27,1.77
2016/01/28,1.725
2016/01/29,1.68
2016/01/30,1.668
2016/01/31,1.643
2016/02/01,1.618
2016/02/02,1.624
2016/02/03,1.615
2016/02/04,1.595
2016/02/05,1.612
2016/02/06,1.612
2016/02/07,1.562
2016/02/08,1.524
2016/02/09,1.482
2016/02/10,1.431
2016/02/11,1.435
2016/02/12,1.367
2016/02/13,1.317
2016/02/14,1.338
2016/02/15,1.367
2016/02/16,1.349
2016/02/17,1.4
2016/02/18,1.405
2016/02/19,1.407
2016/02/20,1.408
2016/02/21,1.39
2016/02/22,1.387
2016/02/23,1.391
2016/02/24,1.335
2016/02/25,1.336
2016/02/26,1.322
2016/02/27,1.337
2016/02/28,1.326
2016/02/29,1.32
2016/03/01,1.338
2016/03/02,1.368
2016/03/03,1.334
2016/03/04,1.354
2016/03/05,1.321
2016/03/06,1.337
2016/03/07,1.314
2016/03/08,1.326
2016/03/09,1.315
2016/03/10,1.319
2016/03/11,1.315
2016/03/12,1.322
2016/03/13,1.318
2016/03/14,1.356
2016/03/15,1.332
2016/03/16,1.319
2016/03/17,1.321
2016/03/18,1.309
2016/03/19,1.304
2016/03/20,1.303
2016/03/21,1.282
2016/03/22,1.272
2016/03/23,1.279
2016/03/24,1.269
2016/03/25,1.274
2016/03/26,1.281
2016/03/27,1.268
2016/03/28,1.301
2016/03/29,1.287
2016/03/30,1.274
2016/03/31,1.267
2016/04/01,1.288
2016/04/02,1.268
2016/04/03,1.284
2016/04/04,1.256
2016/04/05,1.264
2016/04/06,1.28
2016/04/07,1.284
2016/04/08,1.266
2016/04/09,1.29
2016/04/10,1.284
2016/04/11,1.275
2016/04/12,1.275
2016/04/13,1.276
2016/04/14,1.284
2016/04/15,1.258
2016/04/16,1.239
2016/04/17,1.24
2016/04/18,1.225
2016/04/19,1.224
2016/04/20,1.23
2016/04/21,1.215
2016/04/22,1.24
2016/04/23,1.244
2016/04/24,1.237
2016/04/25,1.259
2016/04/26,1.295
2016/04/27,1.268
2016/04/28,1.286
2016/04/29,1.302
2016/04/30,1.305
2016/05/01,1.314
2016/05/02,1.316
2016/05/03,1.275
2016/05/04,1.295
2016/05/05,1.289
2016/05/06,1.276
2016/05/07,1.283
2016/05/08,1.29
2016/05/09,1.286
2016/05/10,1.291
2016/05/11,1.259
2016/05/12,1.253
2016/05/13,1.241
2016/05/14,1.229
2016/05/15,1.199
2016/05/16,1.194
2016/05/17,1.175
2016/05/18,1.203
2016/05/19,1.184
2016/05/20,1.18
2016/05/21,1.18
2016/05/22,1.195
2016/05/23,1.177
2016/05/24,1.173
2016/05/25,1.154
2016/05/26,1.161
2016/05/27,1.173
2016/05/28,1.17
2016/05/29,1.182
2016/05/30,1.231
2016/05/31,1.246
2016/06/01,1.301
2016/06/02,1.323
2016/06/03,1.345
2016/06/04,1.36
2016/06/05,1.418
2016/06/06,1.423
2016/06/07,1.449
2016/06/08,1.438
2016/06/09,1.479
2016/06/10,1.48
2016/06/11,1.517
2016/06/12,1.497
2016/06/13,1.554
2016/06/14,1.577
2016/06/15,1.647
2016/06/16,1.689
2016/06/17,1.761
2016/06/18,1.844
2016/06/19,1.893
2016/06/20,1.89
2016/06/21,1.904
2016/06/22,1.836
2016/06/23,1.78
2016/06/24,1.73
2016/06/25,1.68
2016/06/26,1.618
2016/06/27,1.571
2016/06/28,1.561
2016/06/29,1.578
2016/06/30,1.591
2016/07/01,1.583
2016/07/02,1.575
2016/07/03,1.597
2016/07/04,1.608
2016/07/05,1.624
2016/07/06,1.613
2016/07/07,1.602
2016/07/08,1.61
2016/07/09,1.552
2016/07/10,1.427
2016/07/11,1.306
2016/07/12,1.175
2016/07/13,1.065
2016/07/14,0.974
2016/07/15,0.865
2016/07/16,0.793
2016/07/17,0.793
2016/07/18,0.799
2016/07/19,0.795
2016/07/20,0.811
2016/07/21,0.803
2016/07/22,0.796
2016/07/23,0.798
2016/07/24,0.796
2016/07/25,0.795
2016/07/26,0.801
2016/07/27,0.795
2016/07/28,0.801
2016/07/29,0.806
2016/07/30,0.791
2016/07/31,0.805
2016/08/01,0.805
2016/08/02,0.792
2016/08/03,0.784
2016/08/04,0.768
2016/08/05,0.76
2016/08/06,0.758
2016/08/07,0.741
2016/08/08,0.74
2016/08/09,0.731
2016/08/10,0.737
2016/08/11,0.754
2016/08/12,0.751
2016/08/13,0.757
2016/08/14,0.759
2016/08/15,0.74
2016/08/16,0.747
2016/08/17,0.729
2016/08/18,0.718
2016/08/19,0.714
2016/08/20,0.702
2016/08/21,0.695
2016/08/22,0.699
2016/08/23,0.695
2016/08/24,0.703
2016/08/25,0.682
2016/08/26,0.68
2016/08/27,0.69
2016/08/28,0.686
2016/08/29,0.678
2016/08/30,0.691
2016/08/31,0.678
2016/09/01,0.687
2016/09/02,0.684
2016/09/03,0.668
2016/09/04,0.689
2016/09/05,0.688
2016/09/06,0.682
2016/09/07,0.697
2016/09/08,0.702
2016/09/09,0.709
2016/09/10,0.728
2016/09/11,0.717
2016/09/12,0.721
2016/09/13,0.727
2016/09/14,0.718
2016/09/15,0.716
2016/09/16,0.701
2016/09/17,0.698
2016/09/18,0.689
2016/09/19,0.691
2016/09/20,0.688
2016/09/21,0.699
2016/09/22,0.684
2016/09/23,0.692
2016/09/24,0.703
2016/09/25,0.695
2016/09/26,0.685
2016/09/27,0.682
2016/09/28,0.661
2016/09/29,0.668
2016/09/30,0.666
2016/10/01,0.642
2016/10/02,0.637
2016/10/03,0.657
2016/10/04,0.65
2016/10/05,0.661
2016/10/06,0.663
2016/10/07,0.655
2016/10/08,0.661
2016/10/09,0.663
2016/10/10,0.633
2016/10/11,0.635
2016/10/12,0.634
2016/10/13,0.63
2016/10/14,0.631
2016/10/15,0.629
2016/10/16,0.631
2016/10/17,0.644
2016/10/18,0.647
2016/10/19,0.628
2016/10/20,0.641
2016/10/21,0.655
2016/10/22,0.64
2016/10/23,0.649
2016/10/24,0.653
2016/10/25,0.649
2016/10/26,0.675
2016/10/27,0.685
2016/10/28,0.68
2016/10/29,0.702
2016/10/30,0.715
2016/10/31,0.712
2016/11/01,0.723
2016/11/02,0.73
2016/11/03,0.727
2016/11/04,0.72
2016/11/05,0.731
2016/11/06,0.725
2016/11/07,0.736
2016/11/08,0.741
2016/11/09,0.738
2016/11/10,0.737
2016/11/11,0.746
2016/11/12,0.738
2016/11/13,0.725
2016/11/14,0.736
2016/11/15,0.727
2016/11/16,0.726
2016/11/17,0.72
2016/11/18,0.72
2016/11/19,0.712
2016/11/20,0.713
2016/11/21,0.706
2016/11/22,0.702
2016/11/23,0.696
2016/11/24,0.704
2016/11/25,0.7
2016/11/26,0.7
2016/11/27,0.699
2016/11/28,0.701
2016/11/29,0.698
2016/11/30,0.694
2016/12/01,0.679
2016/12/02,0.689
2016/12/03,0.699
2016/12/04,0.698
2016/12/05,0.692
2016/12/06,0.702
2016/12/07,0.712
2016/12/08,0.71
2016/12/09,0.699
2016/12/10,0.692
2016/12/11,0.716
2016/12/12,0.708
2016/12/13,0.709
2016/12/14,0.695
2016/12/15,0.695
2016/12/16,0.695
2016/12/17,0.7
2016/12/18,0.672
2016/12/19,0.68
2016/12/20,0.668
2016/12/21,0.682
2016/12/22,0.692
2016/12/23,0.704
2016/12/24,0.703
2016/12/25,0.728
2016/12/26,0.725
2016/12/27,0.749
2016/12/28,0.759
2016/12/29,0.769
2016/12/30,0.775
2016/12/31,0.773
2017/01/01,0.779
2017/01/02,0.814
2017/01/03,0.814
2017/01/04,0.832
2017/01/05,0.83
2017/01/06,0.837
2017/01/07,0.829
2017/01/08,0.833
2017/01/09,0.792
2017/01/10,0.795
2017/01/11,0.75
2017/01/12,0.732
2017/01/13,0.69
2017/01/14,0.695
2017/01/15,0.664
2017/01/16,0.664
2017/01/17,0.64
2017/01/18,0.644
2017/01/19,0.66
2017/01/20,0.687
2017/01/21,0.683
2017/01/22,0.694
2017/01/23,0.678
2017/01/24,0.676
2017/01/25,0.672
2017/01/26,0.649
2017/01/27,0.634
2017/01/28,0.622
2017/01/29,0.617
2017/01/30,0.623
2017/01/31,0.618
2017/02/01,0.633
2017/02/02,0.631
2017/02/03,0.651
2017/02/04,0.656
2017/02/05,0.658
2017/02/06,0.659
2017/02/07,0.678
2017/02/08,0.666
2017/02/09,0.683
2017/02/10,0.657
2017/02/11,0.655
2017/02/12,0.647
2017/02/13,0.66
2017/02/14,0.638
2017/02/15,0.634
2017/02/16,0.631
2017/02/17,0.644
2017/02/18,0.65
2017/02/19,0.644
2017/02/20,0.649
2017/02/21,0.656
2017/02/22,0.667
2017/02/23,0.683
2017/02/24,0.692
2017/02/25,0.704
2017/02/26,0.723
2017/02/27,0.716
2017/02/28,0.733
2017/03/01,0.739
2017/03/02,0.743
2017/03/03,0.756
2017/03/04,0.75
2017/03/05,0.763
2017/03/06,0.781
2017/03/07,0.785
2017/03/08,0.777
2017/03/09,0.767
2017/03/10,0.754
2017/03/11,0.759
2017/03/12,0.743
2017/03/13,0.733
2017/03/14,0.732
2017/03/15,0.741
2017/03/16,0.748
2017/03/17,0.733
2017/03/18,0.713
2017/03/19,0.706
2017/03/20,0.687
2017/03/21,0.666
2017/03/22,0.657
2017/03/23,0.632
2017/03/24,0.626
2017/03/25,0.609
2017/03/26,0.605
2017/03/27,0.595
2017/03/28,0.593
2017/03/29,0.581
2017/03/30,0.584
2017/03/31,0.574
2017/04/01,0.593
2017/04/02,0.595
2017/04/03,0.617
2017/04/04,0.603
2017/04/05,0.619
2017/04/06,0.621
2017/04/07,0.644
2017/04/08,0.64
2017/04/09,0.647
2017/04/10,0.648
2017/04/11,0.669
2017/04/12,0.659
2017/04/13,0.653
2017/04/14,0.652
2017/04/15,0.663
2017/04/16,0.653
2017/04/17,0.643
2017/04/18,0.644
2017/04/19,0.644
2017/04/20,0.653
2017/04/21,0.657
2017/04/22,0.655
2017/04/23,0.662
2017/04/24,0.657
2017/04/25,0.672
2017/04/26,0.682
2017/04/27,0.69
2017/04/28,0.687
2017/04/29,0.709
2017/04/30,0.709
2017/05/01,0.732
2017/05/02,0.733
2017/05/03,0.737
2017/05/04,0.77
2017/05/05,0.773
2017/05/06,0.789
2017/05/07,0.816
2017/05/08,0.846
2017/05/09,0.854
2017/05/10,0.879
2017/05/11,0.863
2017/05/12,0.901
2017/05/13,0.902
2017/05/14,0.911
2017/05/15,0.904
2017/05/16,0.894
2017/05/17,0.923
2017/05/18,0.938
2017/05/19,0.961
2017/05/20,0.98
2017/05/21,0.997
2017/05/22,1.04
2017/05/23,1.098
2017/05/24,1.116
2017/05/25,1.174
2017/05/26,1.179
2017/05/27,1.201
2017/05/28,1.202
2017/05/29,1.199
2017/05/30,1.205
2017/05/31,1.191
2017/06/01,1.185
2017/06/02,1.181
2017/06/03,1.214
2017/06/04,1.234
2017/06/05,1.238
2017/06/06,1.23
2017/06/07,1.279
2017/06/08,1.27
2017/06/09,1.284
2017/06/10,1.257
2017/06/11,1.277
2017/06/12,1.279
2017/06/13,1.294
2017/06/14,1.256
2017/06/15,1.236
2017/06/16,1.206
2017/06/17,1.186
2017/06/18,1.151
2017/06/19,1.139
2017/06/20,1.1
2017/06/21,1.107
2017/06/22,1.123
2017/06/23,1.133
2017/06/24,1.136
2017/06/25,1.109
2017/06/26,1.118
2017/06/27,1.11
2017/06/28,1.098
2017/06/29,1.057
2017/06/30,1.069
2017/07/01,1.05
2017/07/02,1.063
2017/07/03,1.033
2017/07/04,1.038
2017/07/05,1.009
2017/07/06,1.016
2017/07/07,0.998
2017/07/08,1.007
2017/07/09,0.987
2017/07/10,1.007
2017/07/11,0.984
2017/07/12,0.983
2017/07/13,0.963
2017/07/14,0.918
2017/07/15,0.887
2017/07/16,0.866
2017/07/17,0.807
2017/07/18,0.804
2017/07/19,0.777
2017/07/20,0.776
2017/07/21,0.801
2017/07/22,0.823
2017/07/23,0.854
2017/07/24,0.888
2017/07/25,0.888
2017/07/26,0.901
2017/07/27,0.903
2017/07/28,0.888
2017/07/29,0.872
2017/07/30,0.86
2017/07/31,0.853
2017/08/01,0.854
2017/08/02,0.857
2017/08/03,0.852
2017/08/04,0.871
2017/08/05,0.882
2017/08/06,0.893
2017/08/07,0.913
2017/08/08,0.945
2017/08/09,0.96
2017/08/10,0.991
2017/08/11,1.009
2017/08/12,1.042
2017/08/13,1.087
2017/08/14,1.116
2017/08/15,1.168
2017/08/16,1.217
2017/08/17,1.292
2017/08/18,1.313
2017/08/19,1.323
2017/08/20,1.311
2017/08/21,1.321
2017/08/22,1.293
2017/08/23,1.365
2017/08/24,1.306
2017/08/25,1.361
2017/08/26,1.43
2017/08/27,1.507
2017/08/28,1.508
2017/08/29,1.587
2017/08/30,1.553
2017/08/31,1.621
2017/09/01,1.619
2017/09/02,1.577
2017/09/03,1.546
2017/09/04,1.564
2017/09/05,1.526
2017/09/06,1.475
2017/09/07,1.45
2017/09/08,1.414
2017/09/09,1.384
2017/09/10,1.328
2017/09/11,1.326
2017/09/12,1.297
2017/09/13,1.286
2017/09/14,1.219
2017/09/15,1.166
2017/09/16,1.147
2017/09/17,1.144
2017/09/18,1.065
2017/09/19,1.037
2017/09/20,1
2017/09/21,1.01
2017/09/22,0.974
2017/09/23,0.962
2017/09/24,0.926
2017/09/25,0.931
2017/09/26,0.917
2017/09/27,0.931
2017/09/28,0.943
2017/09/29,0.98
2017/09/30,0.957
2017/10/01,1
2017/10/02,1.039
2017/10/03,1.047
2017/10/04,1.025
2017/10/05,1.017
2017/10/06,1.037
2017/10/07,1.069
2017/10/08,1.068
2017/10/09,1.051
2017/10/10,1.06
2017/10/11,1.105
2017/10/12,1.125
2017/10/13,1.177
2017/10/14,1.218
2017/10/15,1.271
2017/10/16,1.296
2017/10/17,1.316
2017/10/18,1.322
2017/10/19,1.354
2017/10/20,1.311
2017/10/21,1.311
2017/10/22,1.3
2017/10/23,1.315
2017/10/24,1.314
2017/10/25,1.332
2017/10/26,1.301
2017/10/27,1.248
2017/10/28,1.202
2017/10/29,1.224
2017/10/30,1.206
2017/10/31,1.185
2017/11/01,1.207
2017/11/02,1.222
2017/11/03,1.283
2017/11/04,1.366
2017/11/05,1.344
2017/11/06,1.358
2017/11/07,1.431
2017/11/08,1.415
2017/11/09,1.45
2017/11/10,1.448
2017/11/11,1.396
2017/11/12,1.481
2017/11/13,1.582
2017/11/14,1.576
2017/11/15,1.655
2017/11/16,1.68
2017/11/17,1.749
2017/11/18,1.793
2017/11/19,1.746
2017/11/20,1.73
2017/11/21,1.743
2017/11/22,1.686
2017/11/23,1.698
2017/11/24,1.679
2017/11/25,1.708
2017/11/26,1.735
2017/11/27,1.764
2017/11/28,1.809
2017/11/29,1.916
2017/11/30,1.951
2017/12/01,2.045
2017/12/02,2.083
2017/12/03,2.168
2017/12/04,2.198
2017/12/05,2.257
2017/12/06,2.287
2017/12/07,2.369
2017/12/08,2.542
2017/12/09,2.714
2017/12/10,2.744
2017/12/11,2.879
2017/12/12,2.994
2017/12/13,3.173
2017/12/14,3.262
2017/12/15,3.244
2017/12/16,3.313
2017/12/17,3.482
2017/12/18,3.52
2017/12/19,3.479
2017/12/20,3.414
2017/12/21,3.46
2017/12/22,3.51
2017/12/23,3.416
2017/12/24,3.266
2017/12/25,3.113
2017/12/26,3.121
2017/12/27,3.083
2017/12/28,2.949
2017/12/29,2.836
2017/12/30,2.744
2017/12/31,2.671
2018/01/01,2.632
2018/01/02,2.553
2018/01/03,2.515
2018/01/04,2.506
2018/01/05,2.468
2018/01/06,2.571
2018/01/07,2.655
2018/01/08,2.737
2018/01/09,2.769
2018/01/10,2.725
2018/01/11,2.717
2018/01/12,2.658
2018/01/13,2.484
2018/01/14,2.361
2018/01/15,2.261
2018/01/16,2.149
2018/01/17,2.02
2018/01/18,1.905
2018/01/19,1.834
2018/01/20,1.789
2018/01/21,1.732
2018/01/22,1.635
2018/01/23,1.56
2018/01/24,1.552
2018/01/25,1.47
2018/01/26,1.4
2018/01/27,1.337
2018/01/28,1.297
2018/01/29,1.263
2018/01/30,1.23
2018/01/31,1.149
2018/02/01,1.157
2018/02/02,1.118
2018/02/03,1.082
2018/02/04,1.034
2018/02/05,0.983
2018/02/06,0.92
2018/02/07,0.894
2018/02/08,0.816
2018/02/09,0.794
2018/02/10,0.786
2018/02/11,0.747
2018/02/12,0.754
2018/02/13,0.766
2018/02/14,0.788
2018/02/15,0.804
2018/02/16,0.826
2018/02/17,0.829
2018/02/18,0.873
2018/02/19,0.895
2018/02/20,0.928
2018/02/21,0.937
2018/02/22,0.939
2018/02/23,0.929
2018/02/24,0.932
2018/02/25,0.911
2018/02/26,0.886
2018/02/27,0.876
2018/02/28,0.862
2018/03/01,0.89
2018/03/02,0.894
2018/03/03,0.912
2018/03/04,0.914
2018/03/05,0.924
2018/03/06,0.92
2018/03/07,0.912
2018/03/08,0.881
2018/03/09,0.843
2018/03/10,0.797
2018/03/11,0.784
2018/03/12,0.761
2018/03/13,0.731
2018/03/14,0.713
2018/03/15,0.692
2018/03/16,0.697
2018/03/17,0.681
2018/03/18,0.654
2018/03/19,0.638
2018/03/20,0.623
2018/03/21,0.629
2018/03/22,0.629
2018/03/23,0.624
2018/03/24,0.634
2018/03/25,0.633
2018/03/26,0.635
2018/03/27,0.638
2018/03/28,0.613
2018/03/29,0.606
2018/03/30,0.588
2018/03/31,0.559
2018/04/01,0.554
2018/04/02,0.536
2018/04/03,0.528
2018/04/04,0.524
2018/04/05,0.511
2018/04/06,0.502
2018/04/07,0.513
2018/04/08,0.507
2018/04/09,0.5
2018/04/10,0.498
2018/04/11,0.497
2018/04/12,0.499
2018/04/13,0.522
2018/04/14,0.51
2018/04/15,0.526
2018/04/16,0.533
2018/04/17,0.537
2018/04/18,0.544
2018/04/19,0.553
2018/04/20,0.531
2018/04/21,0.558
2018/04/22,0.554
2018/04/23,0.565
2018/04/24,0.577
2018/04/25,0.578
2018/04/26,0.586
2018/04/27,0.613
2018/04/28,0.603
2018/04/29,0.605
2018/04/30,0.612
2018/05/01,0.6
2018/05/02,0.598
2018/05/03,0.595
2018/05/04,0.585
2018/05/05,0.605
2018/05/06,0.594
2018/05/07,0.598
2018/05/08,0.598
2018/05/09,0.609
2018/05/10,0.601
2018/05/11,0.594
2018/05/12,0.574
2018/05/13,0.567
2018/05/14,0.552
2018/05/15,0.545
2018/05/16,0.539
2018/05/17,0.518
2018/05/18,0.526
2018/05/19,0.519
2018/05/20,0.518
2018/05/21,0.523
2018/05/22,0.513
2018/05/23,0.509
2018/05/24,0.509
2018/05/25,0.494
2018/05/26,0.483
2018/05/27,0.476
2018/05/28,0.454
2018/05/29,0.445
2018/05/30,0.44
2018/05/31,0.443
2018/06/01,0.437
2018/06/02,0.432
2018/06/03,0.438
2018/06/04,0.448
2018/06/05,0.448
2018/06/06,0.429
2018/06/07,0.424
2018/06/08,0.416
2018/06/09,0.413
2018/06/10,0.396
2018/06/11,0.378
2018/06/12,0.372
2018/06/13,0.366
2018/06/14,0.357
2018/06/15,0.355
2018/06/16,0.348
2018/06/17,0.342
2018/06/18,0.341
2018/06/19,0.34
2018/06/20,0.346
2018/06/21,0.347
2018/06/22,0.34
2018/06/23,0.34
2018/06/24,0.336
2018/06/25,0.329
2018/06/26,0.324
2018/06/27,0.308
2018/06/28,0.309
2018/06/29,0.309
2018/06/30,0.305
2018/07/01,0.309
2018/07/02,0.308
2018/07/03,0.306
2018/07/04,0.315
2018/07/05,0.312
2018/07/06,0.315
2018/07/07,0.315
2018/07/08,0.316
2018/07/09,0.315
2018/07/10,0.318
2018/07/11,0.312
2018/07/12,0.309
2018/07/13,0.303
2018/07/14,0.302
2018/07/15,0.297
2018/07/16,0.296
2018/07/17,0.307
2018/07/18,0.321
2018/07/19,0.329
2018/07/20,0.335
2018/07/21,0.339
2018/07/22,0.358
2018/07/23,0.369
2018/07/24,0.367
2018/07/25,0.376
2018/07/26,0.379
2018/07/27,0.391
2018/07/28,0.396
2018/07/29,0.386
2018/07/30,0.385
2018/07/31,0.38
2018/08/01,0.363
2018/08/02,0.355
2018/08/03,0.342
2018/08/04,0.336
2018/08/05,0.324
2018/08/06,0.313
2018/08/07,0.31
2018/08/08,0.304
2018/08/09,0.295
2018/08/10,0.291
2018/08/11,0.28
2018/08/12,0.273
2018/08/13,0.271
2018/08/14,0.257
2018/08/15,0.256
2018/08/16,0.255
2018/08/17,0.248
2018/08/18,0.251
2018/08/19,0.251
2018/08/20,0.252
2018/08/21,0.255
2018/08/22,0.256
2018/08/23,0.255
2018/08/24,0.256
2018/08/25,0.253
2018/08/26,0.258
2018/08/27,0.26
2018/08/28,0.258
2018/08/29,0.255
2018/08/30,0.258
2018/08/31,0.262
2018/09/01,0.265
2018/09/02,0.263
2018/09/03,0.262
2018/09/04,0.265
2018/09/05,0.269
2018/09/06,0.267
2018/09/07,0.261
2018/09/08,0.256
2018/09/09,0.254
2018/09/10,0.244
2018/09/11,0.239
2018/09/12,0.235
2018/09/13,0.231
2018/09/14,0.228
2018/09/15,0.231
2018/09/16,0.228
2018/09/17,0.233
2018/09/18,0.233
2018/09/19,0.23
2018/09/20,0.232
2018/09/21,0.235
2018/09/22,0.233
2018/09/23,0.235
2018/09/24,0.234
2018/09/25,0.236
2018/09/26,0.231
2018/09/27,0.233
2018/09/28,0.233
2018/09/29,0.232
2018/09/30,0.233
2018/10/01,0.233
2018/10/02,0.23
2018/10/03,0.234
2018/10/04,0.234
2018/10/05,0.229
2018/10/06,0.228
2018/10/07,0.224
2018/10/08,0.224
2018/10/09,0.227
2018/10/10,0.226
2018/10/11,0.223
2018/10/12,0.221
2018/10/13,0.22
2018/10/14,0.218
2018/10/15,0.221
2018/10/16,0.218
2018/10/17,0.218
2018/10/18,0.217
2018/10/19,0.224
2018/10/20,0.226
2018/10/21,0.229
2018/10/22,0.227
2018/10/23,0.229
2018/10/24,0.228
2018/10/25,0.233
2018/10/26,0.23
2018/10/27,0.228
2018/10/28,0.231
2018/10/29,0.228
2018/10/30,0.231
2018/10/31,0.232
2018/11/01,0.225
2018/11/02,0.225
2018/11/03,0.229
2018/11/04,0.222
2018/11/05,0.226
2018/11/06,0.221
2018/11/07,0.221
2018/11/08,0.224
2018/11/09,0.225
2018/11/10,0.226
2018/11/11,0.23
2018/11/12,0.228
2018/11/13,0.228
2018/11/14,0.227
2018/11/15,0.223
2018/11/16,0.22
2018/11/17,0.216
2018/11/18,0.211
2018/11/19,0.208
2018/11/20,0.205
2018/11/21,0.195
2018/11/22,0.194
2018/11/23,0.189
2018/11/24,0.182
2018/11/25,0.175
2018/11/26,0.167
2018/11/27,0.161
2018/11/28,0.16
2018/11/29,0.159
2018/11/30,0.155
2018/12/01,0.155
2018/12/02,0.157
2018/12/03,0.158
2018/12/04,0.166
2018/12/05,0.169
2018/12/06,0.17
2018/12/07,0.168
2018/12/08,0.166
2018/12/09,0.169
2018/12/10,0.168
2018/12/11,0.16
2018/12/12,0.158
2018/12/13,0.156
2018/12/14,0.158
2018/12/15,0.156
2018/12/16,0.15
2018/12/17,0.155
2018/12/18,0.152
2018/12/19,0.161
2018/12/20,0.164
2018/12/21,0.172
2018/12/22,0.182
2018/12/23,0.192
2018/12/24,0.192
2018/12/25,0.201
2018/12/26,0.198
2018/12/27,0.199
2018/12/28,0.196
2018/12/29,0.188
2018/12/30,0.191
2018/12/31,0.188
2019/01/01,0.185
2019/01/02,0.182
2019/01/03,0.18
2019/01/04,0.178
2019/01/05,0.178
2019/01/06,0.171
2019/01/07,0.173
2019/01/08,0.177
2019/01/09,0.179
2019/01/10,0.177
2019/01/11,0.176
2019/01/12,0.174
2019/01/13,0.173
2019/01/14,0.171
2019/01/15,0.163
2019/01/16,0.159
2019/01/17,0.157
2019/01/18,0.158
2019/01/19,0.159
2019/01/20,0.157
2019/01/21,0.157
2019/01/22,0.157
2019/01/23,0.156
2019/01/24,0.159
2019/01/25,0.155
2019/01/26,0.157
2019/01/27,0.154
2019/01/28,0.153
2019/01/29,0.155
2019/01/30,0.153
2019/01/31,0.152
2019/02/01,0.154
2019/02/02,0.15
2019/02/03,0.151
2019/02/04,0.151
2019/02/05,0.15
2019/02/06,0.153
2019/02/07,0.15
2019/02/08,0.149
2019/02/09,0.151
2019/02/10,0.152
2019/02/11,0.152
2019/02/12,0.15
2019/02/13,0.154
2019/02/14,0.151
2019/02/15,0.151
2019/02/16,0.154
2019/02/17,0.153
2019/02/18,0.153
2019/02/19,0.156
2019/02/20,0.154
2019/02/21,0.157
2019/02/22,0.164
2019/02/23,0.161
2019/02/24,0.164
2019/02/25,0.165
2019/02/26,0.167
2019/02/27,0.167
2019/02/28,0.168
2019/03/01,0.162
2019/03/02,0.162
2019/03/03,0.161
2019/03/04,0.159
2019/03/05,0.159
2019/03/06,0.157
2019/03/07,0.159
2019/03/08,0.16
2019/03/09,0.163
2019/03/10,0.16
2019/03/11,0.164
2019/03/12,0.163
2019/03/13,0.164
2019/03/14,0.166
2019/03/15,0.164
2019/03/16,0.166
2019/03/17,0.165
2019/03/18,0.167
2019/03/19,0.168
2019/03/20,0.169
2019/03/21,0.166
2019/03/22,0.169
2019/03/23,0.166
2019/03/24,0.167
2019/03/25,0.164
2019/03/26,0.16
2019/03/27,0.161
2019/03/28,0.161
2019/03/29,0.16
2019/03/30,0.16
2019/03/31,0.163
2019/04/01,0.162
2019/04/02,0.172
2019/04/03,0.177
2019/04/04,0.183
2019/04/05,0.191
2019/04/06,0.196
2019/04/07,0.203
2019/04/08,0.211
2019/04/09,0.21
2019/04/10,0.213
2019/04/11,0.214
2019/04/12,0.213
2019/04/13,0.214
2019/04/14,0.209
2019/04/15,0.212
2019/04/16,0.212
2019/04/17,0.21
2019/04/18,0.211
2019/04/19,0.212
2019/04/20,0.212
2019/04/21,0.217
2019/04/22,0.211
2019/04/23,0.213
2019/04/24,0.222
2019/04/25,0.22
2019/04/26,0.221
2019/04/27,0.22
2019/04/28,0.223
2019/04/29,0.225
2019/04/30,0.222
2019/05/01,0.216
2019/05/02,0.22
2019/05/03,0.218
2019/05/04,0.22
2019/05/05,0.218
2019/05/06,0.222
2019/05/07,0.224
2019/05/08,0.226
2019/05/09,0.228
2019/05/10,0.231
2019/05/11,0.241
2019/05/12,0.253
2019/05/13,0.261
2019/05/14,0.274
2019/05/15,0.285
2019/05/16,0.296
2019/05/17,0.307
2019/05/18,0.311
2019/05/19,0.313
2019/05/20,0.313
2019/05/21,0.318
2019/05/22,0.32
2019/05/23,0.315
2019/05/24,0.319
2019/05/25,0.318
2019/05/26,0.321
2019/05/27,0.33
2019/05/28,0.332
2019/05/29,0.335
2019/05/30,0.341
2019/05/31,0.332
2019/06/01,0.34
2019/06/02,0.334
2019/06/03,0.325
2019/06/04,0.323
2019/06/05,0.311
2019/06/06,0.302
2019/06/07,0.305
2019/06/08,0.292
2019/06/09,0.289
2019/06/10,0.285
2019/06/11,0.277
2019/06/12,0.276
2019/06/13,0.281
2019/06/14,0.285
2019/06/15,0.288
2019/06/16,0.292
2019/06/17,0.3
2019/06/18,0.311
2019/06/19,0.323
2019/06/20,0.32
2019/06/21,0.324
2019/06/22,0.342
2019/06/23,0.357
2019/06/24,0.364
2019/06/25,0.365
2019/06/26,0.386
2019/06/27,0.399
2019/06/28,0.41
2019/06/29,0.41
2019/06/30,0.404
2019/07/01,0.398
2019/07/02,0.401
2019/07/03,0.383
2019/07/04,0.382
2019/07/05,0.376
2019/07/06,0.371
2019/07/07,0.367
2019/07/08,0.375
2019/07/09,0.37
2019/07/10,0.367
2019/07/11,0.361
2019/07/12,0.357
2019/07/13,0.35
2019/07/14,0.344
2019/07/15,0.329
2019/07/16,0.325
2019/07/17,0.309
2019/07/18,0.303
2019/07/19,0.294
2019/07/20,0.299
2019/07/21,0.295
2019/07/22,0.294
2019/07/23,0.294
2019/07/24,0.296
2019/07/25,0.299
2019/07/26,0.298
2019/07/27,0.285
2019/07/28,0.287
2019/07/29,0.282
2019/07/30,0.275
2019/07/31,0.284
2019/08/01,0.274
2019/08/02,0.28
2019/08/03,0.288
2019/08/04,0.289
2019/08/05,0.29
2019/08/06,0.298
2019/08/07,0.294
2019/08/08,0.306
2019/08/09,0.302
2019/08/10,0.302
2019/08/11,0.299
2019/08/12,0.299
2019/08/13,0.298
2019/08/14,0.297
2019/08/15,0.288
2019/08/16,0.28
2019/08/17,0.272
2019/08/18,0.268
2019/08/19,0.272
2019/08/20,0.265
2019/08/21,0.26
2019/08/22,0.261
2019/08/23,0.263
2019/08/24,0.264
2019/08/25,0.264
2019/08/26,0.257
2019/08/27,0.255
2019/08/28,0.257
2019/08/29,0.255
2019/08/30,0.25
2019/08/31,0.25
2019/09/01,0.242
2019/09/02,0.243
2019/09/03,0.244
2019/09/04,0.24
2019/09/05,0.242
2019/09/06,0.243
2019/09/07,0.243
2019/09/08,0.252
2019/09/09,0.247
2019/09/10,0.249
2019/09/11,0.251
2019/09/12,0.245
2019/09/13,0.242
2019/09/14,0.238
2019/09/15,0.233
2019/09/16,0.233
2019/09/17,0.225
2019/09/18,0.224
2019/09/19,0.221
2019/09/20,0.219
2019/09/21,0.219
2019/09/22,0.218
2019/09/23,0.213
2019/09/24,0.216
2019/09/25,0.207
2019/09/26,0.204
2019/09/27,0.193
2019/09/28,0.186
2019/09/29,0.177
2019/09/30,0.174
2019/10/01,0.166
2019/10/02,0.164
2019/10/03,0.163
2019/10/04,0.167
2019/10/05,0.163
2019/10/06,0.164
2019/10/07,0.165
2019/10/08,0.164
2019/10/09,0.162
2019/10/10,0.165
2019/10/11,0.163
2019/10/12,0.162
2019/10/13,0.162
2019/10/14,0.163
2019/10/15,0.163
2019/10/16,0.165
2019/10/17,0.16
2019/10/18,0.161
2019/10/19,0.16
2019/10/20,0.161
2019/10/21,0.161
2019/10/22,0.16
2019/10/23,0.158
2019/10/24,0.152
2019/10/25,0.152
2019/10/26,0.156
2019/10/27,0.156
2019/10/28,0.159
2019/10/29,0.16
2019/10/30,0.164
2019/10/31,0.17
2019/11/01,0.173
2019/11/02,0.173
2019/11/03,0.175
2019/11/04,0.173
2019/11/05,0.175
2019/11/06,0.173
2019/11/07,0.176
2019/11/08,0.174
2019/11/09,0.178
2019/11/10,0.18
2019/11/11,0.179
2019/11/12,0.174
2019/11/13,0.178
2019/11/14,0.18
2019/11/15,0.178
2019/11/16,0.175
2019/11/17,0.173
2019/11/18,0.17
2019/11/19,0.175
2019/11/20,0.169
2019/11/21,0.166
2019/11/22,0.164
2019/11/23,0.161
2019/11/24,0.153
2019/11/25,0.15
2019/11/26,0.146
2019/11/27,0.145
2019/11/28,0.144
2019/11/29,0.143
2019/11/30,0.142
2019/12/01,0.146
2019/12/02,0.148
2019/12/03,0.148
2019/12/04,0.148
2019/12/05,0.145
2019/12/06,0.146
2019/12/07,0.148
2019/12/08,0.146
2019/12/09,0.146
2019/12/10,0.146
2019/12/11,0.144
2019/12/12,0.144
2019/12/13,0.145
2019/12/14,0.143
2019/12/15,0.142
2019/12/16,0.143
2019/12/17,0.14
2019/12/18,0.139
2019/12/19,0.141
2019/12/20,0.14
2019/12/21,0.141
2019/12/22,0.142
2019/12/23,0.139
2019/12/24,0.141
2019/12/25,0.141
2019/12/26,0.143
2019/12/27,0.142
2019/12/28,0.142
2019/12/29,0.143
2019/12/30,0.145
2019/12/31,0.144
2020/01/01,0.147
2020/01/02,0.14
2020/01/03,0.141
2020/01/04,0.14
2020/01/05,0.138
2020/01/06,0.135
2020/01/07,0.139
2020/01/08,0.136
2020/01/09,0.143
2020/01/10,0.142
2020/01/11,0.144
2020/01/12,0.146
2020/01/13,0.148
2020/01/14,0.148
2020/01/15,0.151
2020/01/16,0.151
2020/01/17,0.151
2020/01/18,0.149
2020/01/19,0.153
2020/01/20,0.154
2020/01/21,0.151
2020/01/22,0.152
2020/01/23,0.149
2020/01/24,0.149
2020/01/25,0.15
2020/01/26,0.145
2020/01/27,0.144
2020/01/28,0.146
2020/01/29,0.147
2020/01/30,0.147
2020/01/31,0.149
2020/02/01,0.149
2020/02/02,0.153
2020/02/03,0.156
2020/02/04,0.153
2020/02/05,0.153
2020/02/06,0.153
2020/02/07,0.154
2020/02/08,0.156
2020/02/09,0.159
2020/02/10,0.157
2020/02/11,0.163
2020/02/12,0.163
2020/02/13,0.167
2020/02/14,0.165
2020/02/15,0.168
2020/02/16,0.165
2020/02/17,0.169
2020/02/18,0.165
2020/02/19,0.164
2020/02/20,0.161
2020/02/21,0.163
2020/02/22,0.16
2020/02/23,0.161
2020/02/24,0.159
2020/02/25,0.159
2020/02/26,0.157
2020/02/27,0.156
2020/02/28,0.154
2020/02/29,0.15
2020/03/01,0.149
2020/03/02,0.145
2020/03/03,0.144
2020/03/04,0.144
2020/03/05,0.143
2020/03/06,0.144
2020/03/07,0.146
2020/03/08,0.143
2020/03/09,0.142
2020/03/10,0.138
2020/03/11,0.132
2020/03/12,0.129
2020/03/13,0.119
2020/03/14,0.109
2020/03/15,0.102
2020/03/16,0.095
2020/03/17,0.092
2020/03/18,0.086
2020/03/19,0.081
2020/03/20,0.085
2020/03/21,0.088
2020/03/22,0.089
2020/03/23,0.092
2020/03/24,0.095
2020/03/25,0.098
2020/03/26,0.106
2020/03/27,0.108
2020/03/28,0.109
2020/03/29,0.112
2020/03/30,0.115
2020/03/31,0.117
2020/04/01,0.121
2020/04/02,0.117
2020/04/03,0.116
2020/04/04,0.121
2020/04/05,0.122
2020/04/06,0.121
2020/04/07,0.125
2020/04/08,0.126
2020/04/09,0.127
2020/04/10,0.128
2020/04/11,0.125
2020/04/12,0.122
2020/04/13,0.125
2020/04/14,0.12
2020/04/15,0.121
2020/04/16,0.118
2020/04/17,0.116
2020/04/18,0.119
2020/04/19,0.12
2020/04/20,0.12
2020/04/21,0.119
2020/04/22,0.116
2020/04/23,0.118
2020/04/24,0.119
2020/04/25,0.118
2020/04/26,0.117
2020/04/27,0.117
2020/04/28,0.119
2020/04/29,0.124
2020/04/30,0.128
2020/05/01,0.132
2020/05/02,0.134
2020/05/03,0.139
2020/05/04,0.141
2020/05/05,0.144
2020/05/06,0.146
2020/05/07,0.146
2020/05/08,0.147
2020/05/09,0.15
2020/05/10,0.151
2020/05/11,0.148
2020/05/12,0.137
2020/05/13,0.128
2020/05/14,0.119
2020/05/15,0.109
2020/05/16,0.098
2020/05/17,0.088
2020/05/18,0.085
2020/05/19,0.087
2020/05/20,0.091
2020/05/21,0.092
2020/05/22,0.091
2020/05/23,0.093
2020/05/24,0.092
2020/05/25,0.091
2020/05/26,0.09
2020/05/27,0.087
2020/05/28,0.085
2020/05/29,0.085
2020/05/30,0.085
2020/05/31,0.085
2020/06/01,0.086
2020/06/02,0.086
2020/06/03,0.086
2020/06/04,0.088
2020/06/05,0.09
2020/06/06,0.091
2020/06/07,0.09
2020/06/08,0.091
2020/06/09,0.092
2020/06/10,0.092
2020/06/11,0.094
2020/06/12,0.091
2020/06/13,0.089
2020/06/14,0.091
2020/06/15,0.089
2020/06/16,0.088
2020/06/17,0.087
2020/06/18,0.082
2020/06/19,0.083
2020/06/20,0.082
2020/06/21,0.08
2020/06/22,0.079
2020/06/23,0.079
2020/06/24,0.078
2020/06/25,0.079
2020/06/26,0.079
2020/06/27,0.077
2020/06/28,0.077
2020/06/29,0.077
2020/06/30,0.075
2020/07/01,0.077
2020/07/02,0.077
2020/07/03,0.076
2020/07/04,0.076
2020/07/05,0.077
2020/07/06,0.077
2020/07/07,0.077
2020/07/08,0.076
2020/07/09,0.077
2020/07/10,0.076
2020/07/11,0.077
2020/07/12,0.077
2020/07/13,0.076
2020/07/14,0.076
2020/07/15,0.074
2020/07/16,0.073
2020/07/17,0.072
2020/07/18,0.072
2020/07/19,0.071
2020/07/20,0.072
2020/07/21,0.071
2020/07/22,0.074
2020/07/23,0.075
2020/07/24,0.078
2020/07/25,0.076
2020/07/26,0.078
2020/07/27,0.079
2020/07/28,0.083
2020/07/29,0.084
2020/07/30,0.086
2020/07/31,0.09
2020/08/01,0.094
2020/08/02,0.096
2020/08/03,0.099
2020/08/04,0.097
2020/08/05,0.097
2020/08/06,0.1
2020/08/07,0.098
2020/08/08,0.097
2020/08/09,0.098
2020/08/10,0.097
2020/08/11,0.099
2020/08/12,0.1
2020/08/13,0.096
2020/08/14,0.097
2020/08/15,0.097
2020/08/16,0.096
2020/08/17,0.095
2020/08/18,0.096
2020/08/19,0.097
2020/08/20,0.099
2020/08/21,0.098
2020/08/22,0.098
2020/08/23,0.099
2020/08/24,0.099
2020/08/25,0.095
2020/08/26,0.093
2020/08/27,0.093
2020/08/28,0.093
2020/08/29,0.091
2020/08/30,0.09
2020/08/31,0.09
2020/09/01,0.093
2020/09/02,0.092
2020/09/03,0.092
2020/09/04,0.09
2020/09/05,0.091
2020/09/06,0.09
2020/09/07,0.089
2020/09/08,0.085
2020/09/09,0.083
2020/09/10,0.083
2020/09/11,0.082
2020/09/12,0.082
2020/09/13,0.081
2020/09/14,0.08
2020/09/15,0.082
2020/09/16,0.083
2020/09/17,0.082
2020/09/18,0.083
2020/09/19,0.082
2020/09/20,0.082
2020/09/21,0.08
2020/09/22,0.078
2020/09/23,0.079
2020/09/24,0.076
2020/09/25,0.076
2020/09/26,0.075
2020/09/27,0.074
2020/09/28,0.073
2020/09/29,0.075
2020/09/30,0.075
2020/10/01,0.075
2020/10/02,0.075
2020/10/03,0.075
2020/10/04,0.076
2020/10/05,0.077
2020/10/06,0.076
2020/10/07,0.076
2020/10/08,0.077
2020/10/09,0.077
2020/10/10,0.078
2020/10/11,0.078
2020/10/12,0.079
2020/10/13,0.081
2020/10/14,0.079
2020/10/15,0.08
2020/10/16,0.08
2020/10/17,0.079
2020/10/18,0.077
2020/10/19,0.077
2020/10/20,0.077
2020/10/21,0.079
2020/10/22,0.081
2020/10/23,0.084
2020/10/24,0.086
2020/10/25,0.089
2020/10/26,0.09
2020/10/27,0.094
2020/10/28,0.097
2020/10/29,0.1
2020/10/30,0.102
2020/10/31,0.108
2020/11/01,0.112
2020/11/02,0.113
2020/11/03,0.119
2020/11/04,0.122
2020/11/05,0.125
2020/11/06,0.13
2020/11/07,0.129
2020/11/08,0.131
2020/11/09,0.139
2020/11/10,0.133
2020/11/11,0.134
2020/11/12,0.134
2020/11/13,0.13
2020/11/14,0.13
2020/11/15,0.131
2020/11/16,0.128
2020/11/17,0.13
2020/11/18,0.132
2020/11/19,0.132
2020/11/20,0.135
2020/11/21,0.138
2020/11/22,0.138
2020/11/23,0.137
2020/11/24,0.139
2020/11/25,0.142
2020/11/26,0.141
2020/11/27,0.14
2020/11/28,0.138
2020/11/29,0.137
2020/11/30,0.136
2020/12/01,0.137
2020/12/02,0.136
2020/12/03,0.138
2020/12/04,0.138
2020/12/05,0.139
2020/12/06,0.14
2020/12/07,0.142
2020/12/08,0.138
2020/12/09,0.136
2020/12/10,0.133
2020/12/11,0.131
2020/12/12,0.131
2020/12/13,0.132
2020/12/14,0.131
2020/12/15,0.132
2020/12/16,0.134
2020/12/17,0.141
2020/12/18,0.152
2020/12/19,0.159
2020/12/20,0.162
2020/12/21,0.168
2020/12/22,0.174
2020/12/23,0.181
2020/12/24,0.176
2020/12/25,0.176
2020/12/26,0.177
2020/12/27,0.183
2020/12/28,0.187
2020/12/29,0.192
2020/12/30,0.193
2020/12/31,0.203
2021/01/01,0.203
2021/01/02,0.209
2021/01/03,0.217
2021/01/04,0.222
2021/01/05,0.225
2021/01/06,0.235
2021/01/07,0.244
2021/01/08,0.258
2021/01/09,0.265
2021/01/10,0.269
2021/01/11,0.268
2021/01/12,0.269
2021/01/13,0.265
2021/01/14,0.262
2021/01/15,0.26
2021/01/16,0.253
2021/01/17,0.248
2021/01/18,0.248
2021/01/19,0.25
2021/01/20,0.247
2021/01/21,0.243
2021/01/22,0.234
2021/01/23,0.235
2021/01/24,0.227
2021/01/25,0.226
2021/01/26,0.221
2021/01/27,0.217
2021/01/28,0.213
2021/01/29,0.219
2021/01/30,0.215
2021/01/31,0.223
2021/02/01,0.221
2021/02/02,0.229
2021/02/03,0.234
2021/02/04,0.245
2021/02/05,0.246
2021/02/06,0.252
2021/02/07,0.253
2021/02/08,0.261
2021/02/09,0.268
2021/02/10,0.277
2021/02/11,0.284
2021/02/12,0.297
2021/02/13,0.308
2021/02/14,0.315
2021/02/15,0.324
2021/02/16,0.323
2021/02/17,0.332
2021/02/18,0.332
2021/02/19,0.338
2021/02/20,0.342
2021/02/21,0.352
2021/02/22,0.354
2021/02/23,0.36
2021/02/24,0.362
2021/02/25,0.36
2021/02/26,0.349
2021/02/27,0.34
2021/02/28,0.327
2021/03/01,0.323
2021/03/02,0.319
2021/03/03,0.312
2021/03/04,0.31
2021/03/05,0.312
2021/03/06,0.314
2021/03/07,0.321
2021/03/08,0.322
2021/03/09,0.322
2021/03/10,0.329
2021/03/11,0.337
2021/03/12,0.344
2021/03/13,0.355
2021/03/14,0.365
2021/03/15,0.371
2021/03/16,0.376
2021/03/17,0.372
2021/03/18,0.381
2021/03/19,0.381
2021/03/20,0.378
2021/03/21,0.373
2021/03/22,0.369
2021/03/23,0.366
2021/03/24,0.364
2021/03/25,0.35
2021/03/26,0.343
2021/03/27,0.34
2021/03/28,0.337
2021/03/29,0.339
2021/03/30,0.342
2021/03/31,0.35
2021/04/01,0.351
2021/04/02,0.355
2021/04/03,0.354
2021/04/04,0.354
2021/04/05,0.356
2021/04/06,0.354
2021/04/07,0.35
2021/04/08,0.343
2021/04/09,0.351
2021/04/10,0.352
2021/04/11,0.351
2021/04/12,0.35
2021/04/13,0.352
2021/04/14,0.359
2021/04/15,0.378
2021/04/16,0.361
2021/04/17,0.365
2021/04/18,0.378
2021/04/19,0.386
2021/04/20,0.398
2021/04/21,0.392
2021/04/22,0.396
2021/04/23,0.403
2021/04/24,0.397
2021/04/25,0.377
2021/04/26,0.36
2021/04/27,0.35
2021/04/28,0.345
2021/04/29,0.328
2021/04/30,0.331
2021/05/01,0.334
2021/05/02,0.353
2021/05/03,0.367
2021/05/04,0.365
2021/05/05,0.367
2021/05/06,0.377
2021/05/07,0.38
2021/05/08,0.382
2021/05/09,0.377
2021/05/10,0.375
2021/05/11,0.376
2021/05/12,0.379
2021/05/13,0.36
2021/05/14,0.343
2021/05/15,0.324
2021/05/16,0.308
2021/05/17,0.289
2021/05/18,0.266
2021/05/19,0.249
2021/05/20,0.242
2021/05/21,0.238
2021/05/22,0.236
2021/05/23,0.225
2021/05/24,0.221
2021/05/25,0.221
2021/05/26,0.217
2021/05/27,0.212
2021/05/28,0.209
2021/05/29,0.204
2021/05/30,0.211
2021/05/31,0.212
2021/06/01,0.216
2021/06/02,0.219
2021/06/03,0.225
2021/06/04,0.227
2021/06/05,0.231
2021/06/06,0.231
2021/06/07,0.228
2021/06/08,0.226
2021/06/09,0.216
2021/06/10,0.218
2021/06/11,0.218
2021/06/12,0.222
2021/06/13,0.223
2021/06/14,0.228
2021/06/15,0.235
2021/06/16,0.248
2021/06/17,0.247
2021/06/18,0.248
2021/06/19,0.245
2021/06/20,0.243
2021/06/21,0.24
2021/06/22,0.231
2021/06/23,0.227
2021/06/24,0.225
2021/06/25,0.225
2021/06/26,0.22
2021/06/27,0.212
2021/06/28,0.223
2021/06/29,0.228
2021/06/30,0.228
2021/07/01,0.231
2021/07/02,0.228
2021/07/03,0.256
2021/07/04,0.274
2021/07/05,0.278
2021/07/06,0.293
2021/07/07,0.298
2021/07/08,0.308
2021/07/09,0.319
2021/07/10,0.311
2021/07/11,0.309
2021/07/12,0.304
2021/07/13,0.301
2021/07/14,0.307
2021/07/15,0.297
2021/07/16,0.298
2021/07/17,0.289
2021/07/18,0.292
2021/07/19,0.296
2021/07/20,0.284
2021/07/21,0.282
2021/07/22,0.291
2021/07/23,0.291
2021/07/24,0.3
2021/07/25,0.303
2021/07/26,0.304
2021/07/27,0.327
2021/07/28,0.332
2021/07/29,0.344
2021/07/30,0.353
2021/07/31,0.358
2021/08/01,0.362
2021/08/02,0.364
2021/08/03,0.359
2021/08/04,0.354
2021/08/05,0.351
2021/08/06,0.35
2021/08/07,0.355
2021/08/08,0.359
2021/08/09,0.363
2021/08/10,0.372
2021/08/11,0.38
2021/08/12,0.386
2021/08/13,0.388
2021/08/14,0.39
2021/08/15,0.395
2021/08/16,0.391
2021/08/17,0.388
2021/08/18,0.38
2021/08/19,0.379
2021/08/20,0.38
2021/08/21,0.382
2021/08/22,0.38
2021/08/23,0.396
2021/08/24,0.388
2021/08/25,0.396
2021/08/26,0.385
2021/08/27,0.379
2021/08/28,0.368
2021/08/29,0.364
2021/08/30,0.344
2021/08/31,0.346
2021/09/01,0.342
2021/09/02,0.348
2021/09/03,0.352
2021/09/04,0.355
2021/09/05,0.356
2021/09/06,0.365
2021/09/07,0.363
2021/09/08,0.358
2021/09/09,0.35
2021/09/10,0.341
2021/09/11,0.337
2021/09/12,0.329
2021/09/13,0.32
2021/09/14,0.317
2021/09/15,0.318
2021/09/16,0.319
2021/09/17,0.325
2021/09/18,0.325
2021/09/19,0.326
2021/09/20,0.326
2021/09/21,0.315
2021/09/22,0.312
2021/09/23,0.313
2021/09/24,0.303
2021/09/25,0.294
2021/09/26,0.29
2021/09/27,0.288
2021/09/28,0.293
2021/09/29,0.286
2021/09/30,0.287
2021/10/01,0.286
2021/10/02,0.3
2021/10/03,0.298
2021/10/04,0.304
2021/10/05,0.31
2021/10/06,0.315
2021/10/07,0.323
2021/10/08,0.33
2021/10/09,0.334
2021/10/10,0.344
2021/10/11,0.345
2021/10/12,0.348
2021/10/13,0.367
2021/10/14,0.357
2021/10/15,0.366
2021/10/16,0.365
2021/10/17,0.375
2021/10/18,0.377
2021/10/19,0.392
2021/10/20,0.386
2021/10/21,0.4
2021/10/22,0.404
2021/10/23,0.399
2021/10/24,0.398
2021/10/25,0.405
2021/10/26,0.393
2021/10/27,0.396
2021/10/28,0.387
2021/10/29,0.387
2021/10/30,0.391
2021/10/31,0.382
2021/11/01,0.376
2021/11/02,0.38
2021/11/03,0.375
2021/11/04,0.374
2021/11/05,0.37
2021/11/06,0.366
2021/11/07,0.368
2021/11/08,0.362
2021/11/09,0.371
2021/11/10,0.375
2021/11/11,0.379
2021/11/12,0.377
2021/11/13,0.384
2021/11/14,0.383
2021/11/15,0.386
2021/11/16,0.37
2021/11/17,0.362
2021/11/18,0.354
2021/11/19,0.345
2021/11/20,0.338
2021/11/21,0.332
2021/11/22,0.328
2021/11/23,0.323
2021/11/24,0.324
2021/11/25,0.319
2021/11/26,0.324
2021/11/27,0.319
2021/11/28,0.319
2021/11/29,0.318
2021/11/30,0.317
2021/12/01,0.318
2021/12/02,0.324
2021/12/03,0.323
2021/12/04,0.318
2021/12/05,0.314
2021/12/06,0.31
2021/12/07,0.306
2021/12/08,0.297
2021/12/09,0.289
2021/12/10,0.28
2021/12/11,0.279
2021/12/12,0.272
2021/12/13,0.266
