Date,mining_profitability3rsi
2010/07/17,0
2010/07/18,0
2010/07/19,0
2010/07/20,86.826
2010/07/21,88.187
2010/07/22,52.638
2010/07/23,49.118
2010/07/24,52.29
2010/07/25,48.296
2010/07/26,34.3
2010/07/27,15.105
2010/07/28,39.561
2010/07/29,55.357
2010/07/30,53.608
2010/07/31,65.683
2010/08/01,45.905
2010/08/02,31.599
2010/08/03,24.948
2010/08/04,55.124
2010/08/05,25.465
2010/08/06,13.461
2010/08/07,37.775
2010/08/08,45.944
2010/08/09,40.253
2010/08/10,55.446
2010/08/11,53.674
2010/08/12,47.399
2010/08/13,30.012
2010/08/14,74.623
2010/08/15,22.238
2010/08/16,28.662
2010/08/17,27.206
2010/08/18,43.754
2010/08/19,38.036
2010/08/20,63.532
2010/08/21,34.291
2010/08/22,51.939
2010/08/23,41.366
2010/08/24,41.161
2010/08/25,36.439
2010/08/26,33.493
2010/08/27,10.211
2010/08/28,22.865
2010/08/29,35.556
2010/08/30,33.868
2010/08/31,53.185
2010/09/01,22.337
2010/09/02,46.276
2010/09/03,49.332
2010/09/04,60.017
2010/09/05,33.085
2010/09/06,36.705
2010/09/07,62.505
2010/09/08,31.067
2010/09/09,14.128
2010/09/10,57.275
2010/09/11,39.608
2010/09/12,49.179
2010/09/13,41.297
2010/09/14,64.607
2010/09/15,34.827
2010/09/16,64.033
2010/09/17,38.081
2010/09/18,52.93
2010/09/19,27.285
2010/09/20,30.294
2010/09/21,26.053
2010/09/22,45.633
2010/09/23,66.721
2010/09/24,38.019
2010/09/25,34.138
2010/09/26,50.751
2010/09/27,55.204
2010/09/28,28.648
2010/09/29,11.244
2010/09/30,31.111
2010/10/01,29.869
2010/10/02,18.119
2010/10/03,58.225
2010/10/04,57.674
2010/10/05,35.498
2010/10/06,64.966
2010/10/07,44.587
2010/10/08,64.013
2010/10/09,78.883
2010/10/10,85.395
2010/10/11,55.136
2010/10/12,56.491
2010/10/13,73.866
2010/10/14,81.748
2010/10/15,41.153
2010/10/16,70.957
2010/10/17,43.478
2010/10/18,43.104
2010/10/19,56.504
2010/10/20,50.555
2010/10/21,12.909
2010/10/22,27.559
2010/10/23,38.95
2010/10/24,56.628
2010/10/25,37.881
2010/10/26,70.211
2010/10/27,73.024
2010/10/28,84.168
2010/10/29,75.904
2010/10/30,85.555
2010/10/31,25.153
2010/11/01,41.505
2010/11/02,40.414
2010/11/03,42.584
2010/11/04,62.633
2010/11/05,74.162
2010/11/06,91.085
2010/11/07,94.813
2010/11/08,52.548
2010/11/09,24.473
2010/11/10,23.618
2010/11/11,21.75
2010/11/12,22.378
2010/11/13,62.896
2010/11/14,51.196
2010/11/15,35.555
2010/11/16,38.85
2010/11/17,34.255
2010/11/18,25.324
2010/11/19,9.018
2010/11/20,36.388
2010/11/21,46.318
2010/11/22,51
2010/11/23,34.957
2010/11/24,57.913
2010/11/25,65.139
2010/11/26,38.501
2010/11/27,32.831
2010/11/28,49.077
2010/11/29,42.776
2010/11/30,13.538
2010/12/01,12.869
2010/12/02,20.704
2010/12/03,40.989
2010/12/04,39.295
2010/12/05,17.611
2010/12/06,23.261
2010/12/07,37.568
2010/12/08,61.645
2010/12/09,21.852
2010/12/10,9.04
2010/12/11,37.899
2010/12/12,31.535
2010/12/13,27.485
2010/12/14,62.201
2010/12/15,62.697
2010/12/16,40.092
2010/12/17,44.021
2010/12/18,56.051
2010/12/19,70.618
2010/12/20,36.357
2010/12/21,63.207
2010/12/22,27.345
2010/12/23,43.093
2010/12/24,42.493
2010/12/25,55.049
2010/12/26,41.283
2010/12/27,62.539
2010/12/28,51.069
2010/12/29,64.149
2010/12/30,79.355
2010/12/31,59.164
2011/01/01,71.498
2011/01/02,47.863
2011/01/03,20.645
2011/01/04,36.741
2011/01/05,53.591
2011/01/06,30.074
2011/01/07,69.843
2011/01/08,47.678
2011/01/09,61.656
2011/01/10,45.168
2011/01/11,63.946
2011/01/12,47.774
2011/01/13,58.42
2011/01/14,71.631
2011/01/15,45.197
2011/01/16,61.533
2011/01/17,47.148
2011/01/18,17.15
2011/01/19,41.437
2011/01/20,61.703
2011/01/21,57.211
2011/01/22,78.922
2011/01/23,72.129
2011/01/24,81.063
2011/01/25,38.766
2011/01/26,47.576
2011/01/27,25.488
2011/01/28,36.422
2011/01/29,54.823
2011/01/30,42.104
2011/01/31,78.641
2011/02/01,81.696
2011/02/02,92.014
2011/02/03,93.149
2011/02/04,96.582
2011/02/05,89.093
2011/02/06,93.757
2011/02/07,95.748
2011/02/08,30.908
2011/02/09,61.595
2011/02/10,54.228
2011/02/11,53.323
2011/02/12,60.709
2011/02/13,62.053
2011/02/14,55.432
2011/02/15,80.018
2011/02/16,56.145
2011/02/17,27.275
2011/02/18,9.759
2011/02/19,6.218
2011/02/20,35.365
2011/02/21,26.537
2011/02/22,34.039
2011/02/23,53.448
2011/02/24,38.757
2011/02/25,52.439
2011/02/26,66.881
2011/02/27,21.394
2011/02/28,14.838
2011/03/01,25.433
2011/03/02,48.541
2011/03/03,49.387
2011/03/04,46.229
2011/03/05,54.032
2011/03/06,28.2
2011/03/07,15.8
2011/03/08,41.302
2011/03/09,27.582
2011/03/10,15.255
2011/03/11,43.82
2011/03/12,48.736
2011/03/13,30.442
2011/03/14,46.974
2011/03/15,51.75
2011/03/16,42.854
2011/03/17,52.35
2011/03/18,20.054
2011/03/19,38.064
2011/03/20,51.095
2011/03/21,38.697
2011/03/22,23.452
2011/03/23,72.133
2011/03/24,47.023
2011/03/25,74.197
2011/03/26,46.305
2011/03/27,47.949
2011/03/28,62.352
2011/03/29,42.843
2011/03/30,45.601
2011/03/31,59.362
2011/04/01,33.046
2011/04/02,45.648
2011/04/03,50.434
2011/04/04,28.531
2011/04/05,27.604
2011/04/06,9.727
2011/04/07,33.291
2011/04/08,54.485
2011/04/09,33.532
2011/04/10,53.308
2011/04/11,47.261
2011/04/12,60.968
2011/04/13,79.718
2011/04/14,75.752
2011/04/15,79.976
2011/04/16,93.864
2011/04/17,94.575
2011/04/18,43.38
2011/04/19,68.632
2011/04/20,42.693
2011/04/21,43.978
2011/04/22,78.183
2011/04/23,84.606
2011/04/24,88.052
2011/04/25,91.718
2011/04/26,63.238
2011/04/27,74.675
2011/04/28,88.706
2011/04/29,95.698
2011/04/30,96.159
2011/05/01,88.183
2011/05/02,89.395
2011/05/03,91.055
2011/05/04,95.121
2011/05/05,95.489
2011/05/06,81.599
2011/05/07,77.23
2011/05/08,95.478
2011/05/09,56.803
2011/05/10,20.344
2011/05/11,66.986
2011/05/12,62.304
2011/05/13,86.205
2011/05/14,86.254
2011/05/15,47.523
2011/05/16,69.33
2011/05/17,60.595
2011/05/18,45.473
2011/05/19,13.468
2011/05/20,28.19
2011/05/21,25.847
2011/05/22,33.639
2011/05/23,54.748
2011/05/24,52.209
2011/05/25,64.573
2011/05/26,38.875
2011/05/27,11.924
2011/05/28,30.414
2011/05/29,43.849
2011/05/30,35.304
2011/05/31,42.281
2011/06/01,65.144
2011/06/02,58.241
2011/06/03,81.322
2011/06/04,92.647
2011/06/05,90.836
2011/06/06,59.379
2011/06/07,52.011
2011/06/08,84.613
2011/06/09,89.752
2011/06/10,55.175
2011/06/11,34.274
2011/06/12,21.526
2011/06/13,39.66
2011/06/14,49.578
2011/06/15,30.242
2011/06/16,15.687
2011/06/17,25.253
2011/06/18,29.387
2011/06/19,36.763
2011/06/20,32.968
2011/06/21,42.401
2011/06/22,31.377
2011/06/23,30.479
2011/06/24,9.362
2011/06/25,5.926
2011/06/26,23.576
2011/06/27,36.311
2011/06/28,31.608
2011/06/29,30.621
2011/06/30,40.927
2011/07/01,16.602
2011/07/02,24.042
2011/07/03,32.761
2011/07/04,33.567
2011/07/05,8.911
2011/07/06,46.317
2011/07/07,28.383
2011/07/08,60.787
2011/07/09,35.901
2011/07/10,41.216
2011/07/11,54.88
2011/07/12,39.475
2011/07/13,62.692
2011/07/14,31.981
2011/07/15,52.415
2011/07/16,40.379
2011/07/17,56.386
2011/07/18,47.975
2011/07/19,26.69
2011/07/20,54.376
2011/07/21,42.268
2011/07/22,45.829
2011/07/23,39.219
2011/07/24,59.842
2011/07/25,51.601
2011/07/26,67.946
2011/07/27,32.956
2011/07/28,25.516
2011/07/29,57.089
2011/07/30,45.923
2011/07/31,60.535
2011/08/01,23.217
2011/08/02,20.215
2011/08/03,11.605
2011/08/04,6.926
2011/08/05,42.13
2011/08/06,20.804
2011/08/07,19.446
2011/08/08,38.752
2011/08/09,57.661
2011/08/10,59.209
2011/08/11,62.271
2011/08/12,50.329
2011/08/13,48.438
2011/08/14,85.534
2011/08/15,54.636
2011/08/16,81.502
2011/08/17,51.418
2011/08/18,50.985
2011/08/19,52.767
2011/08/20,79.289
2011/08/21,69.878
2011/08/22,37.083
2011/08/23,28.182
2011/08/24,31.384
2011/08/25,41.476
2011/08/26,16.368
2011/08/27,9.925
2011/08/28,37.766
2011/08/29,62.786
2011/08/30,43.779
2011/08/31,37.401
2011/09/01,23.524
2011/09/02,58.079
2011/09/03,43.991
2011/09/04,41.466
2011/09/05,48.065
2011/09/06,20.65
2011/09/07,12.182
2011/09/08,34.72
2011/09/09,25.958
2011/09/10,9.845
2011/09/11,25.051
2011/09/12,60.677
2011/09/13,52.303
2011/09/14,45.172
2011/09/15,41.256
2011/09/16,16.817
2011/09/17,49.015
2011/09/18,43.903
2011/09/19,37.217
2011/09/20,75.132
2011/09/21,59.193
2011/09/22,48.629
2011/09/23,35.616
2011/09/24,56.929
2011/09/25,42.988
2011/09/26,39.969
2011/09/27,22.564
2011/09/28,57.372
2011/09/29,30.463
2011/09/30,45.652
2011/10/01,75.677
2011/10/02,37.881
2011/10/03,59.704
2011/10/04,36.137
2011/10/05,62.107
2011/10/06,39.92
2011/10/07,50.737
2011/10/08,32.164
2011/10/09,46.965
2011/10/10,41.742
2011/10/11,27.383
2011/10/12,56.573
2011/10/13,52.008
2011/10/14,74.356
2011/10/15,45.159
2011/10/16,39.471
2011/10/17,28.056
2011/10/18,17.043
2011/10/19,16.882
2011/10/20,12.733
2011/10/21,24.418
2011/10/22,55.162
2011/10/23,79.726
2011/10/24,70.964
2011/10/25,36.146
2011/10/26,38.3
2011/10/27,34.332
2011/10/28,74.336
2011/10/29,76.925
2011/10/30,87.491
2011/10/31,91.625
2011/11/01,93.835
2011/11/02,65.724
2011/11/03,32.405
2011/11/04,67.055
2011/11/05,39.877
2011/11/06,39.862
2011/11/07,47.327
2011/11/08,66.221
2011/11/09,46.913
2011/11/10,24.568
2011/11/11,37.532
2011/11/12,72.134
2011/11/13,48.211
2011/11/14,31.739
2011/11/15,23.72
2011/11/16,20.399
2011/11/17,37.318
2011/11/18,22.839
2011/11/19,13.865
2011/11/20,66.362
2011/11/21,35.629
2011/11/22,57.486
2011/11/23,50.025
2011/11/24,46.917
2011/11/25,71.234
2011/11/26,47.89
2011/11/27,47.019
2011/11/28,67.49
2011/11/29,75.071
2011/11/30,90.656
2011/12/01,79.382
2011/12/02,40.022
2011/12/03,66.734
2011/12/04,41.202
2011/12/05,56.091
2011/12/06,63.44
2011/12/07,38.35
2011/12/08,67.401
2011/12/09,45.505
2011/12/10,38.837
2011/12/11,70.04
2011/12/12,42.791
2011/12/13,55.083
2011/12/14,56.907
2011/12/15,28.125
2011/12/16,51.796
2011/12/17,68.76
2011/12/18,42.381
2011/12/19,63.343
2011/12/20,54.56
2011/12/21,72.203
2011/12/22,75.285
2011/12/23,47.733
2011/12/24,67.114
2011/12/25,79.672
2011/12/26,47.552
2011/12/27,30.333
2011/12/28,62.318
2011/12/29,43.314
2011/12/30,69.04
2011/12/31,55.06
2012/01/01,72.689
2012/01/02,75.938
2012/01/03,59.06
2012/01/04,52.271
2012/01/05,87.328
2012/01/06,90.085
2012/01/07,90.37
2012/01/08,62.208
2012/01/09,43.887
2012/01/10,22.13
2012/01/11,59.052
2012/01/12,44.383
2012/01/13,56.423
2012/01/14,48.887
2012/01/15,36.072
2012/01/16,78.906
2012/01/17,33.668
2012/01/18,25.234
2012/01/19,59.958
2012/01/20,56.011
2012/01/21,46.46
2012/01/22,30.242
2012/01/23,58.1
2012/01/24,42.151
2012/01/25,36.917
2012/01/26,33.23
2012/01/27,22.906
2012/01/28,27.022
2012/01/29,64.73
2012/01/30,40.432
2012/01/31,25.935
2012/02/01,56.555
2012/02/02,75.864
2012/02/03,44.247
2012/02/04,52.769
2012/02/05,34.231
2012/02/06,34.337
2012/02/07,29.562
2012/02/08,59.887
2012/02/09,60.683
2012/02/10,32.033
2012/02/11,67.71
2012/02/12,41.27
2012/02/13,23.973
2012/02/14,38.459
2012/02/15,22.44
2012/02/16,18.906
2012/02/17,48.809
2012/02/18,39.83
2012/02/19,24.245
2012/02/20,23.78
2012/02/21,53.194
2012/02/22,67.893
2012/02/23,75.363
2012/02/24,84.283
2012/02/25,56.535
2012/02/26,37.073
2012/02/27,64.053
2012/02/28,70.125
2012/02/29,52.585
2012/03/01,32.805
2012/03/02,17.139
2012/03/03,20.2
2012/03/04,59.567
2012/03/05,65.727
2012/03/06,32.918
2012/03/07,65.881
2012/03/08,43.235
2012/03/09,58.426
2012/03/10,32.82
2012/03/11,41.482
2012/03/12,64.67
2012/03/13,57.505
2012/03/14,45.019
2012/03/15,63.798
2012/03/16,84.911
2012/03/17,58.205
2012/03/18,37.576
2012/03/19,22.759
2012/03/20,51.007
2012/03/21,36.139
2012/03/22,41.138
2012/03/23,27.157
2012/03/24,70.893
2012/03/25,32.839
2012/03/26,45.453
2012/03/27,57.119
2012/03/28,49.482
2012/03/29,34.785
2012/03/30,55.038
2012/03/31,55.684
2012/04/01,29.485
2012/04/02,19.199
2012/04/03,65.625
2012/04/04,50.054
2012/04/05,44.261
2012/04/06,71.552
2012/04/07,40.158
2012/04/08,57.136
2012/04/09,38.857
2012/04/10,55.103
2012/04/11,39.412
2012/04/12,35.435
2012/04/13,59.415
2012/04/14,77.715
2012/04/15,36.011
2012/04/16,70.173
2012/04/17,45.538
2012/04/18,52.835
2012/04/19,64.809
2012/04/20,44.995
2012/04/21,61.479
2012/04/22,40.643
2012/04/23,31.225
2012/04/24,60.512
2012/04/25,41.805
2012/04/26,66.686
2012/04/27,50.723
2012/04/28,53.628
2012/04/29,68.819
2012/04/30,48.547
2012/05/01,33.071
2012/05/02,27.842
2012/05/03,61.966
2012/05/04,53.918
2012/05/05,71.469
2012/05/06,39.931
2012/05/07,52.922
2012/05/08,37.973
2012/05/09,26.454
2012/05/10,9.101
2012/05/11,61.803
2012/05/12,35.135
2012/05/13,51.868
2012/05/14,48.126
2012/05/15,41.369
2012/05/16,58.737
2012/05/17,43.522
2012/05/18,65.635
2012/05/19,57.968
2012/05/20,39.44
2012/05/21,27.561
2012/05/22,47.908
2012/05/23,71.535
2012/05/24,47.174
2012/05/25,68.576
2012/05/26,77.224
2012/05/27,58.93
2012/05/28,43.54
2012/05/29,34.426
2012/05/30,67.143
2012/05/31,41.802
2012/06/01,73.297
2012/06/02,51.303
2012/06/03,37.624
2012/06/04,54.474
2012/06/05,66.242
2012/06/06,45.215
2012/06/07,60.588
2012/06/08,61.573
2012/06/09,80.283
2012/06/10,49.236
2012/06/11,20.84
2012/06/12,69.538
2012/06/13,46.789
2012/06/14,64.535
2012/06/15,58.021
2012/06/16,67.241
2012/06/17,58.389
2012/06/18,75.715
2012/06/19,25.728
2012/06/20,62.309
2012/06/21,47.687
2012/06/22,53.008
2012/06/23,44.65
2012/06/24,24.239
2012/06/25,55.831
2012/06/26,49.028
2012/06/27,58.293
2012/06/28,43.354
2012/06/29,61.494
2012/06/30,42.258
2012/07/01,60.732
2012/07/02,54.082
2012/07/03,67.426
2012/07/04,28.974
2012/07/05,45.292
2012/07/06,61.843
2012/07/07,59.996
2012/07/08,33.062
2012/07/09,61.817
2012/07/10,65.435
2012/07/11,40.417
2012/07/12,79.224
2012/07/13,79.788
2012/07/14,53.565
2012/07/15,31.318
2012/07/16,70.645
2012/07/17,78.2
2012/07/18,53.255
2012/07/19,37.689
2012/07/20,65.017
2012/07/21,46.225
2012/07/22,60.353
2012/07/23,35.213
2012/07/24,56.864
2012/07/25,51.442
2012/07/26,52.844
2012/07/27,76.138
2012/07/28,29.182
2012/07/29,66.545
2012/07/30,39.616
2012/07/31,33.467
2012/08/01,55.226
2012/08/02,71.172
2012/08/03,59.383
2012/08/04,67.153
2012/08/05,46.806
2012/08/06,59.935
2012/08/07,79.431
2012/08/08,58.807
2012/08/09,53.136
2012/08/10,38.93
2012/08/11,64.746
2012/08/12,39.976
2012/08/13,54.177
2012/08/14,43.43
2012/08/15,72.42
2012/08/16,62.84
2012/08/17,37.046
2012/08/18,52.606
2012/08/19,29.028
2012/08/20,9.613
2012/08/21,32.479
2012/08/22,47.734
2012/08/23,43.905
2012/08/24,31.91
2012/08/25,40.949
2012/08/26,65.5
2012/08/27,30.318
2012/08/28,57.893
2012/08/29,57.676
2012/08/30,36.215
2012/08/31,31.896
2012/09/01,39.55
2012/09/02,61.09
2012/09/03,27.517
2012/09/04,67.928
2012/09/05,54.735
2012/09/06,41.6
2012/09/07,33.641
2012/09/08,23.556
2012/09/09,64.925
2012/09/10,42.23
2012/09/11,34.017
2012/09/12,69.516
2012/09/13,36.98
2012/09/14,59.383
2012/09/15,55.08
2012/09/16,66.922
2012/09/17,54.148
2012/09/18,44.298
2012/09/19,34.276
2012/09/20,68.471
2012/09/21,58.743
2012/09/22,24.869
2012/09/23,56.939
2012/09/24,45.421
2012/09/25,28.349
2012/09/26,59.068
2012/09/27,72.284
2012/09/28,40.385
2012/09/29,57.691
2012/09/30,44.391
2012/10/01,30.756
2012/10/02,63.979
2012/10/03,39.388
2012/10/04,51.4
2012/10/05,48.782
2012/10/06,67.807
2012/10/07,27.613
2012/10/08,59.258
2012/10/09,36.778
2012/10/10,48.106
2012/10/11,40.782
2012/10/12,54.514
2012/10/13,54.036
2012/10/14,29.409
2012/10/15,66.816
2012/10/16,45.432
2012/10/17,38.977
2012/10/18,61.528
2012/10/19,30.479
2012/10/20,63.203
2012/10/21,46.008
2012/10/22,49.962
2012/10/23,30.574
2012/10/24,63.313
2012/10/25,43.854
2012/10/26,47.017
2012/10/27,30.389
2012/10/28,46.824
2012/10/29,36.709
2012/10/30,27.142
2012/10/31,53.29
2012/11/01,44.745
2012/11/02,37.79
2012/11/03,44.803
2012/11/04,44.907
2012/11/05,70.297
2012/11/06,28.617
2012/11/07,68.266
2012/11/08,40.581
2012/11/09,56.037
2012/11/10,35.026
2012/11/11,59.238
2012/11/12,37.979
2012/11/13,62.04
2012/11/14,45.332
2012/11/15,46.725
2012/11/16,70.848
2012/11/17,51.634
2012/11/18,44.53
2012/11/19,77.282
2012/11/20,43.498
2012/11/21,56.198
2012/11/22,41.462
2012/11/23,75.162
2012/11/24,43.08
2012/11/25,50.639
2012/11/26,50.927
2012/11/27,42.076
2012/11/28,23.64
2012/11/29,6.513
2012/11/30,5.999
2012/12/01,33.714
2012/12/02,24.193
2012/12/03,34.527
2012/12/04,27.513
2012/12/05,57.886
2012/12/06,55.91
2012/12/07,47.911
2012/12/08,45.115
2012/12/09,37.069
2012/12/10,70.5
2012/12/11,62.38
2012/12/12,31.08
2012/12/13,60.208
2012/12/14,35.578
2012/12/15,66.771
2012/12/16,41.237
2012/12/17,65.184
2012/12/18,42.391
2012/12/19,53.113
2012/12/20,36.005
2012/12/21,59.314
2012/12/22,71.928
2012/12/23,28.435
2012/12/24,56.468
2012/12/25,45.706
2012/12/26,69.425
2012/12/27,53.405
2012/12/28,59.921
2012/12/29,45.653
2012/12/30,68.245
2012/12/31,39.37
2013/01/01,50.418
2013/01/02,49.214
2013/01/03,54.713
2013/01/04,51.374
2013/01/05,26.054
2013/01/06,62.149
2013/01/07,73.359
2013/01/08,24.168
2013/01/09,48.138
2013/01/10,59.388
2013/01/11,36.245
2013/01/12,59.93
2013/01/13,60.477
2013/01/14,66.944
2013/01/15,28.17
2013/01/16,61.699
2013/01/17,38.715
2013/01/18,64.213
2013/01/19,72.193
2013/01/20,46.043
2013/01/21,44.859
2013/01/22,72.506
2013/01/23,51.337
2013/01/24,76.161
2013/01/25,49.677
2013/01/26,69.429
2013/01/27,50.48
2013/01/28,51.803
2013/01/29,70.956
2013/01/30,62.727
2013/01/31,81.604
2013/02/01,39.063
2013/02/02,52.224
2013/02/03,75.193
2013/02/04,40.529
2013/02/05,43.583
2013/02/06,34.979
2013/02/07,60.245
2013/02/08,58.062
2013/02/09,63.487
2013/02/10,77.649
2013/02/11,52.439
2013/02/12,57.614
2013/02/13,85.588
2013/02/14,42.62
2013/02/15,70.536
2013/02/16,59.671
2013/02/17,51.959
2013/02/18,25.102
2013/02/19,51.982
2013/02/20,71.45
2013/02/21,42.468
2013/02/22,57.206
2013/02/23,45.369
2013/02/24,40.401
2013/02/25,70.228
2013/02/26,43.918
2013/02/27,57.036
2013/02/28,50.587
2013/03/01,49.385
2013/03/02,27.98
2013/03/03,50.116
2013/03/04,50.733
2013/03/05,29.004
2013/03/06,78.313
2013/03/07,84.787
2013/03/08,66.933
2013/03/09,78.489
2013/03/10,81.047
2013/03/11,44.448
2013/03/12,65.618
2013/03/13,51.425
2013/03/14,44.504
2013/03/15,22.177
2013/03/16,45.8
2013/03/17,59.022
2013/03/18,37.246
2013/03/19,55.565
2013/03/20,90.918
2013/03/21,82.114
2013/03/22,85.389
2013/03/23,65.426
2013/03/24,23.866
2013/03/25,20.262
2013/03/26,46.446
2013/03/27,57.608
2013/03/28,83.477
2013/03/29,54.322
2013/03/30,57.541
2013/03/31,66.725
2013/04/01,72.736
2013/04/02,85.18
2013/04/03,91.608
2013/04/04,86.721
2013/04/05,94.119
2013/04/06,54.357
2013/04/07,64.921
2013/04/08,76.725
2013/04/09,92.915
2013/04/10,69.416
2013/04/11,24.033
2013/04/12,21.122
2013/04/13,25.476
2013/04/14,19.798
2013/04/15,22.521
2013/04/16,14.518
2013/04/17,17.773
2013/04/18,16.076
2013/04/19,66.199
2013/04/20,76.978
2013/04/21,64.789
2013/04/22,43.613
2013/04/23,69.992
2013/04/24,76.774
2013/04/25,87.622
2013/04/26,47.471
2013/04/27,33.089
2013/04/28,61.692
2013/04/29,49.608
2013/04/30,33.039
2013/05/01,32.053
2013/05/02,17.532
2013/05/03,14.482
2013/05/04,43.791
2013/05/05,62.717
2013/05/06,37.491
2013/05/07,42.298
2013/05/08,34.653
2013/05/09,41.146
2013/05/10,62.39
2013/05/11,70.112
2013/05/12,28.834
2013/05/13,28.146
2013/05/14,14.781
2013/05/15,13.242
2013/05/16,50.226
2013/05/17,64.537
2013/05/18,61.805
2013/05/19,36.905
2013/05/20,24.011
2013/05/21,74.991
2013/05/22,51.696
2013/05/23,70.463
2013/05/24,58.775
2013/05/25,59.776
2013/05/26,38.459
2013/05/27,50.806
2013/05/28,34.269
2013/05/29,47.527
2013/05/30,66.959
2013/05/31,30.095
2013/06/01,69.879
2013/06/02,34.318
2013/06/03,47.189
2013/06/04,44.231
2013/06/05,17.722
2013/06/06,15.292
2013/06/07,13.909
2013/06/08,24.734
2013/06/09,10.697
2013/06/10,29.882
2013/06/11,52.419
2013/06/12,51.572
2013/06/13,26.506
2013/06/14,42.164
2013/06/15,29.177
2013/06/16,30.138
2013/06/17,8.486
2013/06/18,28.086
2013/06/19,55.99
2013/06/20,50.927
2013/06/21,56.529
2013/06/22,35.784
2013/06/23,23.518
2013/06/24,28.409
2013/06/25,37.524
2013/06/26,33.813
2013/06/27,55.901
2013/06/28,21.733
2013/06/29,17.006
2013/06/30,7.523
2013/07/01,20.147
2013/07/02,14.882
2013/07/03,49.039
2013/07/04,22.04
2013/07/05,34.721
2013/07/06,22.587
2013/07/07,18.915
2013/07/08,53.539
2013/07/09,38.341
2013/07/10,65.23
2013/07/11,30.844
2013/07/12,28.812
2013/07/13,65.038
2013/07/14,54.267
2013/07/15,50.088
2013/07/16,49.327
2013/07/17,75.561
2013/07/18,32.374
2013/07/19,45.402
2013/07/20,45.558
2013/07/21,60.447
2013/07/22,21.148
2013/07/23,17.641
2013/07/24,56.96
2013/07/25,38.981
2013/07/26,50.121
2013/07/27,61.595
2013/07/28,34.461
2013/07/29,63.947
2013/07/30,62.834
2013/07/31,50.823
2013/08/01,36.534
2013/08/02,64.917
2013/08/03,27.914
2013/08/04,39.852
2013/08/05,32.816
2013/08/06,49.112
2013/08/07,38.027
2013/08/08,57.546
2013/08/09,27.244
2013/08/10,54.903
2013/08/11,43.696
2013/08/12,38.369
2013/08/13,24.534
2013/08/14,12.425
2013/08/15,25.378
2013/08/16,21.485
2013/08/17,37.914
2013/08/18,35.53
2013/08/19,24.798
2013/08/20,63.476
2013/08/21,56.817
2013/08/22,80.895
2013/08/23,35.73
2013/08/24,28.898
2013/08/25,16.515
2013/08/26,38.67
2013/08/27,41.13
2013/08/28,67.997
2013/08/29,42.352
2013/08/30,58.432
2013/08/31,70.435
2013/09/01,43.409
2013/09/02,49.764
2013/09/03,58.131
2013/09/04,13.551
2013/09/05,30.654
2013/09/06,25.327
2013/09/07,17.158
2013/09/08,46.984
2013/09/09,61.391
2013/09/10,42.632
2013/09/11,56.508
2013/09/12,52.172
2013/09/13,46.05
2013/09/14,59.008
2013/09/15,13.126
2013/09/16,12.754
2013/09/17,56.098
2013/09/18,50.102
2013/09/19,35.947
2013/09/20,41.453
2013/09/21,31.233
2013/09/22,39.324
2013/09/23,32.715
2013/09/24,44.344
2013/09/25,16.996
2013/09/26,6.152
2013/09/27,40.338
2013/09/28,43.019
2013/09/29,31.408
2013/09/30,39.543
2013/10/01,46.058
2013/10/02,36.237
2013/10/03,16.76
2013/10/04,33.125
2013/10/05,72.616
2013/10/06,28.121
2013/10/07,26.301
2013/10/08,36.001
2013/10/09,34.847
2013/10/10,54.089
2013/10/11,39.539
2013/10/12,66.73
2013/10/13,40.925
2013/10/14,60.526
2013/10/15,65.191
2013/10/16,21.149
2013/10/17,15.583
2013/10/18,48.483
2013/10/19,51.768
2013/10/20,40.658
2013/10/21,61.633
2013/10/22,77.8
2013/10/23,80.011
2013/10/24,62.659
2013/10/25,39.092
2013/10/26,9.908
2013/10/27,34.188
2013/10/28,32.475
2013/10/29,41.733
2013/10/30,59.397
2013/10/31,49.812
2013/11/01,59.002
2013/11/02,33.706
2013/11/03,48.466
2013/11/04,66.113
2013/11/05,68.965
2013/11/06,34.606
2013/11/07,36.085
2013/11/08,76.678
2013/11/09,91.087
2013/11/10,53.282
2013/11/11,53.569
2013/11/12,71.921
2013/11/13,51.451
2013/11/14,81.887
2013/11/15,73.928
2013/11/16,76.257
2013/11/17,67.325
2013/11/18,75.507
2013/11/19,93.244
2013/11/20,41.826
2013/11/21,61.916
2013/11/22,79.078
2013/11/23,80.255
2013/11/24,67.601
2013/11/25,70.575
2013/11/26,73.099
2013/11/27,94.584
2013/11/28,87.447
2013/11/29,59.906
2013/11/30,77.541
2013/12/01,34.617
2013/12/02,26.635
2013/12/03,64.818
2013/12/04,46.08
2013/12/05,50.823
2013/12/06,53.188
2013/12/07,19.158
2013/12/08,33.89
2013/12/09,32.867
2013/12/10,52.29
2013/12/11,27.278
2013/12/12,23.286
2013/12/13,41.06
2013/12/14,50.986
2013/12/15,24.003
2013/12/16,44.137
2013/12/17,23.704
2013/12/18,14.936
2013/12/19,38.161
2013/12/20,29.599
2013/12/21,23.501
2013/12/22,22.252
2013/12/23,21.736
2013/12/24,27.327
2013/12/25,22.601
2013/12/26,74.751
2013/12/27,71.726
2013/12/28,31.654
2013/12/29,64.929
2013/12/30,53.055
2013/12/31,61.354
2014/01/01,72.66
2014/01/02,18.843
2014/01/03,52.925
2014/01/04,42.429
2014/01/05,67.916
2014/01/06,58.98
2014/01/07,45.197
2014/01/08,45.607
2014/01/09,60.181
2014/01/10,29.705
2014/01/11,59.409
2014/01/12,62.242
2014/01/13,19.445
2014/01/14,36.402
2014/01/15,48.582
2014/01/16,35.612
2014/01/17,26.831
2014/01/18,57.038
2014/01/19,43.205
2014/01/20,64.511
2014/01/21,37.611
2014/01/22,56.526
2014/01/23,40.191
2014/01/24,35.367
2014/01/25,25.718
2014/01/26,25.274
2014/01/27,54.941
2014/01/28,25.384
2014/01/29,42.418
2014/01/30,62.363
2014/01/31,45.848
2014/02/01,43.468
2014/02/02,52.436
2014/02/03,29.473
2014/02/04,51.963
2014/02/05,27.826
2014/02/06,37.12
2014/02/07,15.516
2014/02/08,33.445
2014/02/09,18.298
2014/02/10,49.826
2014/02/11,39.019
2014/02/12,47.616
2014/02/13,28.21
2014/02/14,31.262
2014/02/15,42.306
2014/02/16,54.394
2014/02/17,20.079
2014/02/18,44.784
2014/02/19,47.226
2014/02/20,30.793
2014/02/21,19.137
2014/02/22,59.535
2014/02/23,43.579
2014/02/24,49.172
2014/02/25,23.047
2014/02/26,59.254
2014/02/27,51.374
2014/02/28,36.881
2014/03/01,23.673
2014/03/02,32.123
2014/03/03,56.275
2014/03/04,70.444
2014/03/05,53.398
2014/03/06,70.302
2014/03/07,39.859
2014/03/08,38.331
2014/03/09,59.601
2014/03/10,31.815
2014/03/11,56.407
2014/03/12,63.471
2014/03/13,28.828
2014/03/14,28.353
2014/03/15,51.075
2014/03/16,59.776
2014/03/17,30.286
2014/03/18,38.346
2014/03/19,61.318
2014/03/20,46.276
2014/03/21,46.28
2014/03/22,19.911
2014/03/23,54.585
2014/03/24,38.504
2014/03/25,20.483
2014/03/26,39.233
2014/03/27,40.057
2014/03/28,19.561
2014/03/29,36.4
2014/03/30,20.049
2014/03/31,50.967
2014/04/01,37.279
2014/04/02,58.636
2014/04/03,34.392
2014/04/04,40.526
2014/04/05,25.364
2014/04/06,35.217
2014/04/07,30.771
2014/04/08,23.704
2014/04/09,51.409
2014/04/10,26.13
2014/04/11,51.852
2014/04/12,41.581
2014/04/13,39.762
2014/04/14,64.672
2014/04/15,68.161
2014/04/16,76.229
2014/04/17,78.848
2014/04/18,30.337
2014/04/19,24.059
2014/04/20,60.578
2014/04/21,34.77
2014/04/22,31.432
2014/04/23,45.693
2014/04/24,30.842
2014/04/25,71.31
2014/04/26,31.551
2014/04/27,51.787
2014/04/28,31.207
2014/04/29,56.665
2014/04/30,28.884
2014/05/01,57.333
2014/05/02,39.303
2014/05/03,38.725
2014/05/04,47.758
2014/05/05,36.157
2014/05/06,67.766
2014/05/07,37.125
2014/05/08,54.583
2014/05/09,52.543
2014/05/10,57.758
2014/05/11,30.866
2014/05/12,54.865
2014/05/13,35.378
2014/05/14,36.154
2014/05/15,53.657
2014/05/16,53.851
2014/05/17,32.922
2014/05/18,59.463
2014/05/19,42.345
2014/05/20,52.764
2014/05/21,76.172
2014/05/22,76.655
2014/05/23,85.482
2014/05/24,31.793
2014/05/25,56.915
2014/05/26,46.389
2014/05/27,36.403
2014/05/28,65.673
2014/05/29,39.618
2014/05/30,68.655
2014/05/31,55.755
2014/06/01,70.3
2014/06/02,77.454
2014/06/03,44.196
2014/06/04,47.329
2014/06/05,41.458
2014/06/06,18.486
2014/06/07,53.383
2014/06/08,28.972
2014/06/09,61.298
2014/06/10,45.704
2014/06/11,40.454
2014/06/12,52.978
2014/06/13,29.823
2014/06/14,31.474
2014/06/15,27.888
2014/06/16,42.618
2014/06/17,37.104
2014/06/18,10.445
2014/06/19,49.522
2014/06/20,44.264
2014/06/21,30.279
2014/06/22,20.239
2014/06/23,59.347
2014/06/24,45.332
2014/06/25,35.319
2014/06/26,32.221
2014/06/27,68.818
2014/06/28,47.163
2014/06/29,18.59
2014/06/30,32.195
2014/07/01,48.352
2014/07/02,47.097
2014/07/03,51.054
2014/07/04,72.003
2014/07/05,29.136
2014/07/06,42.311
2014/07/07,55.773
2014/07/08,41.134
2014/07/09,55.542
2014/07/10,35.039
2014/07/11,45.387
2014/07/12,58.074
2014/07/13,48.432
2014/07/14,18.685
2014/07/15,69.634
2014/07/16,31.987
2014/07/17,60.225
2014/07/18,51.757
2014/07/19,49.373
2014/07/20,30.701
2014/07/21,57.864
2014/07/22,41.093
2014/07/23,55.941
2014/07/24,37.492
2014/07/25,59.243
2014/07/26,28.085
2014/07/27,44.755
2014/07/28,52.29
2014/07/29,36.454
2014/07/30,52.195
2014/07/31,31.482
2014/08/01,54.434
2014/08/02,53.454
2014/08/03,31.77
2014/08/04,29.097
2014/08/05,60.64
2014/08/06,78.791
2014/08/07,42.354
2014/08/08,40.296
2014/08/09,57.6
2014/08/10,33.945
2014/08/11,48.062
2014/08/12,24.718
2014/08/13,17.778
2014/08/14,60.219
2014/08/15,33.848
2014/08/16,29.739
2014/08/17,53.571
2014/08/18,52.18
2014/08/19,22.74
2014/08/20,20.123
2014/08/21,30.009
2014/08/22,23.49
2014/08/23,49.352
2014/08/24,25.931
2014/08/25,50.275
2014/08/26,70.794
2014/08/27,48.557
2014/08/28,40.366
2014/08/29,43.394
2014/08/30,62.631
2014/08/31,34.144
2014/09/01,11.387
2014/09/02,43.525
2014/09/03,49.039
2014/09/04,33.11
2014/09/05,40.245
2014/09/06,68.281
2014/09/07,35.574
2014/09/08,34.904
2014/09/09,55.549
2014/09/10,61.879
2014/09/11,69.581
2014/09/12,28.477
2014/09/13,58.385
2014/09/14,31.785
2014/09/15,49.534
2014/09/16,46.046
2014/09/17,38.11
2014/09/18,26.593
2014/09/19,19.15
2014/09/20,43.122
2014/09/21,24.318
2014/09/22,51.626
2014/09/23,34.444
2014/09/24,58.182
2014/09/25,52.396
2014/09/26,19.202
2014/09/27,43.558
2014/09/28,31.221
2014/09/29,41.449
2014/09/30,55.496
2014/10/01,38.325
2014/10/02,32.308
2014/10/03,49.966
2014/10/04,35.775
2014/10/05,18.478
2014/10/06,25.259
2014/10/07,14.773
2014/10/08,62.209
2014/10/09,75.628
2014/10/10,50.454
2014/10/11,37.942
2014/10/12,59.195
2014/10/13,66.903
2014/10/14,51.821
2014/10/15,69.202
2014/10/16,51.501
2014/10/17,49.768
2014/10/18,66.555
2014/10/19,29.043
2014/10/20,52.985
2014/10/21,74.033
2014/10/22,39.321
2014/10/23,37.617
2014/10/24,28.642
2014/10/25,35.396
2014/10/26,14.421
2014/10/27,65.282
2014/10/28,38.42
2014/10/29,56.368
2014/10/30,46.255
2014/10/31,48.509
2014/11/01,29.165
2014/11/02,27.311
2014/11/03,62.832
2014/11/04,39.685
2014/11/05,22.03
2014/11/06,62.692
2014/11/07,45.23
2014/11/08,52.955
2014/11/09,58.065
2014/11/10,43.094
2014/11/11,38.913
2014/11/12,79.164
2014/11/13,83.451
2014/11/14,52.527
2014/11/15,35.485
2014/11/16,54.25
2014/11/17,45.278
2014/11/18,51.471
2014/11/19,33.283
2014/11/20,30.36
2014/11/21,17.221
2014/11/22,52.665
2014/11/23,34.743
2014/11/24,62.254
2014/11/25,39.69
2014/11/26,57.855
2014/11/27,64
2014/11/28,41.862
2014/11/29,69.381
2014/11/30,51.668
2014/12/01,24.507
2014/12/02,66.474
2014/12/03,43.452
2014/12/04,57.76
2014/12/05,56.712
2014/12/06,31.092
2014/12/07,46.921
2014/12/08,72.624
2014/12/09,39.231
2014/12/10,28.677
2014/12/11,58.769
2014/12/12,39.957
2014/12/13,50.888
2014/12/14,49.529
2014/12/15,38.547
2014/12/16,56.015
2014/12/17,27.869
2014/12/18,27.592
2014/12/19,61.975
2014/12/20,37.609
2014/12/21,41.114
2014/12/22,80.937
2014/12/23,40.046
2014/12/24,49.642
2014/12/25,39.12
2014/12/26,55.626
2014/12/27,38.206
2014/12/28,58.106
2014/12/29,40.508
2014/12/30,46.989
2014/12/31,31.666
2015/01/01,56.189
2015/01/02,47.903
2015/01/03,32.276
2015/01/04,26.466
2015/01/05,13.19
2015/01/06,42.394
2015/01/07,30.789
2015/01/08,67.443
2015/01/09,37.933
2015/01/10,54.569
2015/01/11,54.32
2015/01/12,26.096
2015/01/13,20.249
2015/01/14,10.973
2015/01/15,31.337
2015/01/16,22.336
2015/01/17,31.114
2015/01/18,46.914
2015/01/19,28.674
2015/01/20,37.636
2015/01/21,76.624
2015/01/22,41.938
2015/01/23,54.901
2015/01/24,68.359
2015/01/25,67.097
2015/01/26,85.032
2015/01/27,85.959
2015/01/28,78.065
2015/01/29,31.537
2015/01/30,20.01
2015/01/31,62.856
2015/02/01,32.054
2015/02/02,56.209
2015/02/03,39.725
2015/02/04,57.073
2015/02/05,54.571
2015/02/06,48.003
2015/02/07,33.516
2015/02/08,31.171
2015/02/09,62.04
2015/02/10,26.886
2015/02/11,52.797
2015/02/12,28.383
2015/02/13,64.542
2015/02/14,62.997
2015/02/15,61.372
2015/02/16,45.374
2015/02/17,39.073
2015/02/18,67.349
2015/02/19,40.95
2015/02/20,44.144
2015/02/21,58.533
2015/02/22,62.503
2015/02/23,24.764
2015/02/24,27.222
2015/02/25,67.399
2015/02/26,37.682
2015/02/27,55.575
2015/02/28,53.21
2015/03/01,44.264
2015/03/02,83.16
2015/03/03,61.189
2015/03/04,41.429
2015/03/05,62.924
2015/03/06,62.538
2015/03/07,51.832
2015/03/08,68.156
2015/03/09,44.569
2015/03/10,79.164
2015/03/11,41.868
2015/03/12,43.056
2015/03/13,67.484
2015/03/14,35.537
2015/03/15,56.239
2015/03/16,49.852
2015/03/17,37.253
2015/03/18,63.218
2015/03/19,27.138
2015/03/20,41.355
2015/03/21,56.333
2015/03/22,54.848
2015/03/23,39.864
2015/03/24,55.133
2015/03/25,25.861
2015/03/26,31.734
2015/03/27,53.081
2015/03/28,33.11
2015/03/29,51.995
2015/03/30,43.769
2015/03/31,48.822
2015/04/01,23.364
2015/04/02,76.54
2015/04/03,40.222
2015/04/04,54.838
2015/04/05,43.994
2015/04/06,28.631
2015/04/07,60.619
2015/04/08,38.625
2015/04/09,36.512
2015/04/10,63.633
2015/04/11,34.774
2015/04/12,30.539
2015/04/13,68.629
2015/04/14,34.968
2015/04/15,34.732
2015/04/16,52.902
2015/04/17,43.77
2015/04/18,62.307
2015/04/19,47.986
2015/04/20,63.466
2015/04/21,39.265
2015/04/22,67.031
2015/04/23,40.808
2015/04/24,54.449
2015/04/25,72.275
2015/04/26,34.895
2015/04/27,45.911
2015/04/28,55.906
2015/04/29,36.906
2015/04/30,61.143
2015/05/01,66.032
2015/05/02,52.165
2015/05/03,54.7
2015/05/04,35.899
2015/05/05,73.21
2015/05/06,64.92
2015/05/07,25.809
2015/05/08,58.672
2015/05/09,47.845
2015/05/10,54.064
2015/05/11,73.937
2015/05/12,36.957
2015/05/13,59.65
2015/05/14,46.071
2015/05/15,34.238
2015/05/16,37.923
2015/05/17,68.595
2015/05/18,42.131
2015/05/19,28.809
2015/05/20,59.811
2015/05/21,48.194
2015/05/22,41.948
2015/05/23,21.504
2015/05/24,73.805
2015/05/25,43.466
2015/05/26,55.873
2015/05/27,45.336
2015/05/28,45.117
2015/05/29,54.961
2015/05/30,58.862
2015/05/31,49.51
2015/06/01,20.787
2015/06/02,63.084
2015/06/03,38.824
2015/06/04,51.649
2015/06/05,38.727
2015/06/06,72.5
2015/06/07,35.309
2015/06/08,58.163
2015/06/09,45.693
2015/06/10,60.597
2015/06/11,31.492
2015/06/12,58.965
2015/06/13,60.441
2015/06/14,38.933
2015/06/15,46.496
2015/06/16,37.204
2015/06/17,79.213
2015/06/18,48.164
2015/06/19,41.196
2015/06/20,41.61
2015/06/21,43.687
2015/06/22,73.63
2015/06/23,41.787
2015/06/24,52.596
2015/06/25,46.272
2015/06/26,44.765
2015/06/27,32.324
2015/06/28,64.226
2015/06/29,73.66
2015/06/30,78.204
2015/07/01,33.289
2015/07/02,74.767
2015/07/03,46.829
2015/07/04,49.781
2015/07/05,36.683
2015/07/06,75.995
2015/07/07,38.796
2015/07/08,60.788
2015/07/09,39.97
2015/07/10,64.553
2015/07/11,50.358
2015/07/12,53.952
2015/07/13,66.358
2015/07/14,41.552
2015/07/15,56.581
2015/07/16,32.298
2015/07/17,51.983
2015/07/18,38.787
2015/07/19,48.796
2015/07/20,58.846
2015/07/21,28.115
2015/07/22,64.572
2015/07/23,39.074
2015/07/24,64.073
2015/07/25,44.74
2015/07/26,50.278
2015/07/27,50.916
2015/07/28,35.066
2015/07/29,69.897
2015/07/30,38.663
2015/07/31,60.506
2015/08/01,39.732
2015/08/02,38.948
2015/08/03,64.124
2015/08/04,32.09
2015/08/05,62.449
2015/08/06,47.725
2015/08/07,37.555
2015/08/08,59.494
2015/08/09,38.162
2015/08/10,50.655
2015/08/11,33.802
2015/08/12,32.011
2015/08/13,60.819
2015/08/14,45.738
2015/08/15,51.637
2015/08/16,37.399
2015/08/17,65.507
2015/08/18,34.786
2015/08/19,29.119
2015/08/20,20.287
2015/08/21,61.074
2015/08/22,33.524
2015/08/23,27.302
2015/08/24,45.382
2015/08/25,24.77
2015/08/26,64.057
2015/08/27,39.566
2015/08/28,59.629
2015/08/29,47.874
2015/08/30,47.535
2015/08/31,49.149
2015/09/01,65.501
2015/09/02,52.3
2015/09/03,34.539
2015/09/04,44.783
2015/09/05,27.544
2015/09/06,42.204
2015/09/07,79.199
2015/09/08,41.12
2015/09/09,63.292
2015/09/10,52.958
2015/09/11,33.596
2015/09/12,30.09
2015/09/13,67.143
2015/09/14,35.113
2015/09/15,56.413
2015/09/16,33.717
2015/09/17,58.171
2015/09/18,46.588
2015/09/19,32.787
2015/09/20,56.644
2015/09/21,44.994
2015/09/22,58.88
2015/09/23,53.174
2015/09/24,34.216
2015/09/25,65.498
2015/09/26,35.088
2015/09/27,56.867
2015/09/28,62.065
2015/09/29,66.456
2015/09/30,29.65
2015/10/01,48.52
2015/10/02,61.963
2015/10/03,44.561
2015/10/04,43.612
2015/10/05,51.593
2015/10/06,39.041
2015/10/07,49.253
2015/10/08,73.133
2015/10/09,25.514
2015/10/10,77.877
2015/10/11,39.239
2015/10/12,50.825
2015/10/13,51.848
2015/10/14,60.718
2015/10/15,69.357
2015/10/16,36.526
2015/10/17,62.067
2015/10/18,68.296
2015/10/19,61.932
2015/10/20,30.082
2015/10/21,66.591
2015/10/22,43.275
2015/10/23,62.121
2015/10/24,57.323
2015/10/25,68.139
2015/10/26,77.268
2015/10/27,38.165
2015/10/28,58.097
2015/10/29,76.98
2015/10/30,80.528
2015/10/31,34.303
2015/11/01,55.772
2015/11/02,64.673
2015/11/03,79.418
2015/11/04,91.283
2015/11/05,54.672
2015/11/06,45.121
2015/11/07,49.957
2015/11/08,39.577
2015/11/09,65.734
2015/11/10,35.334
2015/11/11,25.208
2015/11/12,24.719
2015/11/13,23.485
2015/11/14,14.655
2015/11/15,59.728
2015/11/16,38.178
2015/11/17,25.302
2015/11/18,69.026
2015/11/19,38.132
2015/11/20,56.933
2015/11/21,49.795
2015/11/22,39.34
2015/11/23,43.479
2015/11/24,30.874
2015/11/25,21.876
2015/11/26,69.579
2015/11/27,35.713
2015/11/28,62.157
2015/11/29,48.688
2015/11/30,69.187
2015/12/01,41.414
2015/12/02,53.318
2015/12/03,41.559
2015/12/04,57.299
2015/12/05,70.477
2015/12/06,46.085
2015/12/07,34.936
2015/12/08,65.843
2015/12/09,45.44
2015/12/10,70.899
2015/12/11,35.882
2015/12/12,55.307
2015/12/13,44.586
2015/12/14,70.145
2015/12/15,49.403
2015/12/16,44.307
2015/12/17,55.817
2015/12/18,61.533
2015/12/19,29.948
2015/12/20,28.784
2015/12/21,17.935
2015/12/22,50.267
2015/12/23,37.487
2015/12/24,31.342
2015/12/25,74.856
2015/12/26,39.489
2015/12/27,47.695
2015/12/28,28.187
2015/12/29,53.642
2015/12/30,50.98
2015/12/31,33.402
2016/01/01,34.32
2016/01/02,57.17
2016/01/03,35.171
2016/01/04,62.722
2016/01/05,38.745
2016/01/06,41.153
2016/01/07,58.14
2016/01/08,70.841
2016/01/09,38.451
2016/01/10,61.78
2016/01/11,43.364
2016/01/12,46.97
2016/01/13,20.531
2016/01/14,37.827
2016/01/15,25.793
2016/01/16,25.567
2016/01/17,53.038
2016/01/18,30.493
2016/01/19,19.793
2016/01/20,58.544
2016/01/21,65.089
2016/01/22,71.528
2016/01/23,43.237
2016/01/24,43.552
2016/01/25,21.94
2016/01/26,40.953
2016/01/27,37.006
2016/01/28,23.354
2016/01/29,45.307
2016/01/30,61.688
2016/01/31,38.474
2016/02/01,18.07
2016/02/02,64.207
2016/02/03,46.909
2016/02/04,30.681
2016/02/05,65.327
2016/02/06,58.642
2016/02/07,24.847
2016/02/08,20.506
2016/02/09,52.149
2016/02/10,36.784
2016/02/11,58.011
2016/02/12,40.931
2016/02/13,50.037
2016/02/14,57.882
2016/02/15,49.352
2016/02/16,36.481
2016/02/17,76.503
2016/02/18,57.321
2016/02/19,33.46
2016/02/20,45.184
2016/02/21,34.863
2016/02/22,49.731
2016/02/23,44.174
2016/02/24,24.83
2016/02/25,71.616
2016/02/26,36.118
2016/02/27,61.407
2016/02/28,39.135
2016/02/29,50.253
2016/03/01,63.469
2016/03/02,57.861
2016/03/03,35.92
2016/03/04,50.116
2016/03/05,34.193
2016/03/06,52.206
2016/03/07,29.603
2016/03/08,72.063
2016/03/09,49.132
2016/03/10,43.915
2016/03/11,48.492
2016/03/12,41.157
2016/03/13,45.589
2016/03/14,72.993
2016/03/15,54.851
2016/03/16,30.927
2016/03/17,47.905
2016/03/18,32.451
2016/03/19,39.014
2016/03/20,53.558
2016/03/21,47.742
2016/03/22,60.475
2016/03/23,59.008
2016/03/24,26.589
2016/03/25,45.46
2016/03/26,65.108
2016/03/27,25.332
2016/03/28,80.478
2016/03/29,38.334
2016/03/30,38.686
2016/03/31,36.106
2016/04/01,71.73
2016/04/02,36.845
2016/04/03,55.974
2016/04/04,55.478
2016/04/05,45.79
2016/04/06,58.809
2016/04/07,36.122
2016/04/08,53.907
2016/04/09,63.137
2016/04/10,45.225
2016/04/11,37.152
2016/04/12,45.063
2016/04/13,70.461
2016/04/14,45.583
2016/04/15,16.698
2016/04/16,44.922
2016/04/17,61.726
2016/04/18,34.91
2016/04/19,58.579
2016/04/20,72.529
2016/04/21,37.893
2016/04/22,55.281
2016/04/23,45.672
2016/04/24,45.694
2016/04/25,63.655
2016/04/26,86.145
2016/04/27,35.917
2016/04/28,51.048
2016/04/29,61.634
2016/04/30,40.472
2016/05/01,49.416
2016/05/02,51.332
2016/05/03,35.159
2016/05/04,59.392
2016/05/05,42.007
2016/05/06,56.229
2016/05/07,50.124
2016/05/08,68.678
2016/05/09,39.991
2016/05/10,39.192
2016/05/11,12.802
2016/05/12,48.646
2016/05/13,50.152
2016/05/14,43.189
2016/05/15,26.741
2016/05/16,61.979
2016/05/17,35.899
2016/05/18,67.289
2016/05/19,33.857
2016/05/20,52.468
2016/05/21,53.637
2016/05/22,62.101
2016/05/23,33.625
2016/05/24,32.829
2016/05/25,51.212
2016/05/26,40.54
2016/05/27,77.024
2016/05/28,47.986
2016/05/29,71.411
2016/05/30,82.595
2016/05/31,40.475
2016/06/01,70.569
2016/06/02,43.692
2016/06/03,57.727
2016/06/04,42.476
2016/06/05,74.024
2016/06/06,51.322
2016/06/07,43.601
2016/06/08,51.271
2016/06/09,62.966
2016/06/10,43.519
2016/06/11,59.298
2016/06/12,66.125
2016/06/13,86.274
2016/06/14,43.375
2016/06/15,70.09
2016/06/16,60.071
2016/06/17,66.809
2016/06/18,78.024
2016/06/19,51.402
2016/06/20,42.036
2016/06/21,24.447
2016/06/22,15.5
2016/06/23,15.869
2016/06/24,44.768
2016/06/25,68.841
2016/06/26,34.929
2016/06/27,40.032
2016/06/28,49.666
2016/06/29,50.315
2016/06/30,43.206
2016/07/01,33.481
2016/07/02,77.938
2016/07/03,58.103
2016/07/04,44.963
2016/07/05,65.888
2016/07/06,30.201
2016/07/07,27.168
2016/07/08,53.931
2016/07/09,21.673
2016/07/10,7.646
2016/07/11,7.431
2016/07/12,11.236
2016/07/13,9.718
2016/07/14,41.243
2016/07/15,36.92
2016/07/16,35.428
2016/07/17,26.197
2016/07/18,41.635
2016/07/19,25.653
2016/07/20,64.741
2016/07/21,43.068
2016/07/22,39.244
2016/07/23,61.579
2016/07/24,36.799
2016/07/25,50.393
2016/07/26,52.622
2016/07/27,58.347
2016/07/28,71.436
2016/07/29,54.591
2016/07/30,16.436
2016/07/31,67.757
2016/08/01,46.509
2016/08/02,29.764
2016/08/03,45.778
2016/08/04,36.651
2016/08/05,53.801
2016/08/06,34.926
2016/08/07,51.796
2016/08/08,66.283
2016/08/09,26.66
2016/08/10,62.595
2016/08/11,68.765
2016/08/12,43.826
2016/08/13,46.55
2016/08/14,47.688
2016/08/15,21.187
2016/08/16,39.337
2016/08/17,33.326
2016/08/18,67.248
2016/08/19,48.931
2016/08/20,34.545
2016/08/21,51.119
2016/08/22,40.464
2016/08/23,31.597
2016/08/24,65.324
2016/08/25,27.838
2016/08/26,57.487
2016/08/27,67.008
2016/08/28,43.214
2016/08/29,31.745
2016/08/30,66.58
2016/08/31,37.99
2016/09/01,51.015
2016/09/02,50.415
2016/09/03,34.125
2016/09/04,77.207
2016/09/05,38.442
2016/09/06,53.584
2016/09/07,58.251
2016/09/08,51.187
2016/09/09,57.485
2016/09/10,66.305
2016/09/11,60.502
2016/09/12,23.402
2016/09/13,59.927
2016/09/14,38.209
2016/09/15,48.13
2016/09/16,29.759
2016/09/17,62.786
2016/09/18,46.688
2016/09/19,42.352
2016/09/20,62.742
2016/09/21,69.626
2016/09/22,24.572
2016/09/23,52.743
2016/09/24,72.608
2016/09/25,36.999
2016/09/26,34.142
2016/09/27,57.827
2016/09/28,37.495
2016/09/29,47.581
2016/09/30,57.797
2016/10/01,45.629
2016/10/02,31.045
2016/10/03,71.153
2016/10/04,47.437
2016/10/05,53.6
2016/10/06,45.13
2016/10/07,34.922
2016/10/08,60.289
2016/10/09,34.113
2016/10/10,20.92
2016/10/11,61.944
2016/10/12,62.928
2016/10/13,44.985
2016/10/14,47.696
2016/10/15,65.456
2016/10/16,38.158
2016/10/17,46.075
2016/10/18,71.182
2016/10/19,26.4
2016/10/20,65.42
2016/10/21,66.966
2016/10/22,32.587
2016/10/23,56.225
2016/10/24,50.665
2016/10/25,52.649
2016/10/26,69.989
2016/10/27,80.549
2016/10/28,43.284
2016/10/29,54.064
2016/10/30,68.454
2016/10/31,31.037
2016/11/01,56.835
2016/11/02,63.976
2016/11/03,60.262
2016/11/04,27.509
2016/11/05,64.096
2016/11/06,49.756
2016/11/07,42.357
2016/11/08,61.961
2016/11/09,52.557
2016/11/10,53.502
2016/11/11,32.345
2016/11/12,52.935
2016/11/13,23.984
2016/11/14,64.231
2016/11/15,46.965
2016/11/16,55.19
2016/11/17,44.437
2016/11/18,40.825
2016/11/19,31.193
2016/11/20,19.794
2016/11/21,64.516
2016/11/22,45.325
2016/11/23,49.181
2016/11/24,76.672
2016/11/25,37.559
2016/11/26,43.607
2016/11/27,29.774
2016/11/28,65.533
2016/11/29,42.289
2016/11/30,42.497
2016/12/01,40.22
2016/12/02,73.853
2016/12/03,76.508
2016/12/04,27.749
2016/12/05,53.045
2016/12/06,62.046
2016/12/07,64.413
2016/12/08,30.061
2016/12/09,40.71
2016/12/10,57.638
2016/12/11,80.202
2016/12/12,34.644
2016/12/13,56.76
2016/12/14,37.003
2016/12/15,40.019
2016/12/16,48.788
2016/12/17,70.01
2016/12/18,31.418
2016/12/19,55.832
2016/12/20,46.375
2016/12/21,64.551
2016/12/22,58.597
2016/12/23,69.172
2016/12/24,58.285
2016/12/25,71.817
2016/12/26,31.62
2016/12/27,70.525
2016/12/28,61.872
2016/12/29,55.935
2016/12/30,60.27
2016/12/31,29.217
2017/01/01,62.506
2017/01/02,80.379
2017/01/03,49.602
2017/01/04,68.647
2017/01/05,37.346
2017/01/06,52.255
2017/01/07,27.281
2017/01/08,57.375
2017/01/09,33.049
2017/01/10,59.394
2017/01/11,36.396
2017/01/12,41.074
2017/01/13,30.418
2017/01/14,56.36
2017/01/15,43.986
2017/01/16,46.627
2017/01/17,57.655
2017/01/18,46.116
2017/01/19,73.241
2017/01/20,64.905
2017/01/21,41.323
2017/01/22,50.526
2017/01/23,18.192
2017/01/24,54.326
2017/01/25,43.424
2017/01/26,40.47
2017/01/27,51.606
2017/01/28,37.121
2017/01/29,64.3
2017/01/30,35.817
2017/01/31,54.752
2017/02/01,73.723
2017/02/02,37.851
2017/02/03,68.73
2017/02/04,43.324
2017/02/05,53.655
2017/02/06,36.144
2017/02/07,66.043
2017/02/08,44.688
2017/02/09,54.817
2017/02/10,36.502
2017/02/11,41.834
2017/02/12,49.129
2017/02/13,61.205
2017/02/14,39.275
2017/02/15,39.837
2017/02/16,67.283
2017/02/17,71.318
2017/02/18,45.247
2017/02/19,25.24
2017/02/20,67.98
2017/02/21,51.322
2017/02/22,60.973
2017/02/23,80.011
2017/02/24,65.041
2017/02/25,52.709
2017/02/26,46.848
2017/02/27,23.329
2017/02/28,68.835
2017/03/01,52.674
2017/03/02,69.866
2017/03/03,77.45
2017/03/04,32.02
2017/03/05,59.147
2017/03/06,51.092
2017/03/07,58.823
2017/03/08,29.323
2017/03/09,46.076
2017/03/10,55.284
2017/03/11,40.918
2017/03/12,33.34
2017/03/13,39.276
2017/03/14,75.567
2017/03/15,48.229
2017/03/16,63.728
2017/03/17,27.781
2017/03/18,19.3
2017/03/19,44.645
2017/03/20,29.527
2017/03/21,53.894
2017/03/22,59.668
2017/03/23,37.626
2017/03/24,40.947
2017/03/25,14.781
2017/03/26,57.395
2017/03/27,37.203
2017/03/28,61.33
2017/03/29,50.751
2017/03/30,58.02
2017/03/31,37.798
2017/04/01,52.307
2017/04/02,63.565
2017/04/03,69.632
2017/04/04,32.52
2017/04/05,68.465
2017/04/06,51.35
2017/04/07,65.415
2017/04/08,33.866
2017/04/09,58.86
2017/04/10,54.754
2017/04/11,60.629
2017/04/12,41.365
2017/04/13,31.257
2017/04/14,66.206
2017/04/15,44.373
2017/04/16,38.515
2017/04/17,33.765
2017/04/18,69.423
2017/04/19,47.803
2017/04/20,53.671
2017/04/21,75.665
2017/04/22,38.174
2017/04/23,50.488
2017/04/24,27.476
2017/04/25,72.563
2017/04/26,52.692
2017/04/27,53.947
2017/04/28,54.375
2017/04/29,71.705
2017/04/30,36.02
2017/05/01,53.204
2017/05/02,71.147
2017/05/03,46.952
2017/05/04,77.56
2017/05/05,42.134
2017/05/06,61.769
2017/05/07,54.677
2017/05/08,66.438
2017/05/09,50.724
2017/05/10,58.176
2017/05/11,39.468
2017/05/12,72.964
2017/05/13,47.917
2017/05/14,52.14
2017/05/15,41.895
2017/05/16,26.41
2017/05/17,77.11
2017/05/18,49.194
2017/05/19,71.06
2017/05/20,51.452
2017/05/21,52.199
2017/05/22,70.762
2017/05/23,74.801
2017/05/24,76.606
2017/05/25,87.363
2017/05/26,47.281
2017/05/27,43.567
2017/05/28,21.938
2017/05/29,51.158
2017/05/30,67.138
2017/05/31,41.155
2017/06/01,66.888
2017/06/02,44.878
2017/06/03,71.803
2017/06/04,41.959
2017/06/05,43.182
2017/06/06,45.88
2017/06/07,77.756
2017/06/08,44.42
2017/06/09,48.712
2017/06/10,42.23
2017/06/11,60.377
2017/06/12,36.874
2017/06/13,58.319
2017/06/14,38.826
2017/06/15,26.444
2017/06/16,21.485
2017/06/17,34.54
2017/06/18,32.311
2017/06/19,49.916
2017/06/20,25.822
2017/06/21,74.557
2017/06/22,66.661
2017/06/23,41.194
2017/06/24,38.662
2017/06/25,13.982
2017/06/26,62.201
2017/06/27,39.065
2017/06/28,59.342
2017/06/29,36.646
2017/06/30,62.522
2017/07/01,41.127
2017/07/02,42.415
2017/07/03,39.997
2017/07/04,51.405
2017/07/05,37.919
2017/07/06,47.64
2017/07/07,70.562
2017/07/08,53.749
2017/07/09,22.132
2017/07/10,64.704
2017/07/11,35.879
2017/07/12,48.997
2017/07/13,36.602
2017/07/14,29.393
2017/07/15,40.633
2017/07/16,25.025
2017/07/17,24.389
2017/07/18,61.268
2017/07/19,45.126
2017/07/20,62.096
2017/07/21,77.71
2017/07/22,80.552
2017/07/23,58.503
2017/07/24,61.273
2017/07/25,29.173
2017/07/26,37.846
2017/07/27,42.434
2017/07/28,34.492
2017/07/29,48.811
2017/07/30,36.484
2017/07/31,67.022
2017/08/01,37.414
2017/08/02,59.815
2017/08/03,32.529
2017/08/04,77.259
2017/08/05,60.373
2017/08/06,52.284
2017/08/07,76.675
2017/08/08,81.079
2017/08/09,48.56
2017/08/10,63.084
2017/08/11,76.378
2017/08/12,84.476
2017/08/13,88.912
2017/08/14,89.464
2017/08/15,96.721
2017/08/16,63.346
2017/08/17,83.544
2017/08/18,39.66
2017/08/19,39.33
2017/08/20,28.377
2017/08/21,56.442
2017/08/22,45.144
2017/08/23,85.024
2017/08/24,37.723
2017/08/25,61.025
2017/08/26,64.58
2017/08/27,60.841
2017/08/28,33.291
2017/08/29,64.163
2017/08/30,50.233
2017/08/31,52.192
2017/09/01,52.898
2017/09/02,31.034
2017/09/03,37.778
2017/09/04,33.528
2017/09/05,54.287
2017/09/06,20.522
2017/09/07,53.155
2017/09/08,43.88
2017/09/09,28.066
2017/09/10,18.638
2017/09/11,63.057
2017/09/12,50.228
2017/09/13,34.64
2017/09/14,22.737
2017/09/15,26.887
2017/09/16,46.827
2017/09/17,41.25
2017/09/18,19.219
2017/09/19,60.184
2017/09/20,35.944
2017/09/21,54.935
2017/09/22,29.309
2017/09/23,55.914
2017/09/24,38.787
2017/09/25,50.281
2017/09/26,61.63
2017/09/27,57.745
2017/09/28,74.121
2017/09/29,49.36
2017/09/30,29.221
2017/10/01,63.692
2017/10/02,70.074
2017/10/03,50.707
2017/10/04,26.94
2017/10/05,57.804
2017/10/06,64.547
2017/10/07,51.085
2017/10/08,55.142
2017/10/09,46.751
2017/10/10,63.392
2017/10/11,68.768
2017/10/12,80.874
2017/10/13,94.481
2017/10/14,59.321
2017/10/15,70.812
2017/10/16,38.123
2017/10/17,43.522
2017/10/18,33.872
2017/10/19,69.638
2017/10/20,39.54
2017/10/21,56.724
2017/10/22,61.184
2017/10/23,50.242
2017/10/24,35.551
2017/10/25,53.047
2017/10/26,33.858
2017/10/27,10.862
2017/10/28,41.232
2017/10/29,74.731
2017/10/30,47.936
2017/10/31,40.997
2017/11/01,66.602
2017/11/02,53.04
2017/11/03,46.442
2017/11/04,72.943
2017/11/05,49.485
2017/11/06,42.112
2017/11/07,68.434
2017/11/08,43.751
2017/11/09,61.364
2017/11/10,35.747
2017/11/11,36.524
2017/11/12,79.284
2017/11/13,80.117
2017/11/14,42.886
2017/11/15,62.821
2017/11/16,49.985
2017/11/17,48.443
2017/11/18,33.257
2017/11/19,46.974
2017/11/20,70.805
2017/11/21,43.333
2017/11/22,30.977
2017/11/23,63.048
2017/11/24,41.62
2017/11/25,57.041
2017/11/26,64.535
2017/11/27,79.504
2017/11/28,61.472
2017/11/29,78.955
2017/11/30,54.251
2017/12/01,68.285
2017/12/02,43.219
2017/12/03,71.858
2017/12/04,58.167
2017/12/05,64.621
2017/12/06,70.74
2017/12/07,82.363
2017/12/08,95.033
2017/12/09,72.938
2017/12/10,38.439
2017/12/11,64.527
2017/12/12,61.202
2017/12/13,78.191
2017/12/14,50.097
2017/12/15,53.164
2017/12/16,71.731
2017/12/17,76.101
2017/12/18,46.949
2017/12/19,22.487
2017/12/20,46.448
2017/12/21,63.254
2017/12/22,67.261
2017/12/23,30.879
2017/12/24,22.873
2017/12/25,15.412
2017/12/26,52.206
2017/12/27,53.542
2017/12/28,33.322
2017/12/29,52.169
2017/12/30,27.802
2017/12/31,23.408
2018/01/01,19.61
2018/01/02,49.253
2018/01/03,69.361
2018/01/04,55.298
2018/01/05,57.728
2018/01/06,84.208
2018/01/07,55.881
2018/01/08,46.398
2018/01/09,37.723
2018/01/10,23.096
2018/01/11,41.967
2018/01/12,21.193
2018/01/13,12.836
2018/01/14,25.149
2018/01/15,33.577
2018/01/16,20.521
2018/01/17,9.939
2018/01/18,40.023
2018/01/19,37.396
2018/01/20,27.611
2018/01/21,26.993
2018/01/22,12.381
2018/01/23,11.265
2018/01/24,45.465
2018/01/25,19.356
2018/01/26,30.007
2018/01/27,24.462
2018/01/28,55.113
2018/01/29,31.765
2018/01/30,29.64
2018/01/31,14.807
2018/02/01,60.576
2018/02/02,35.581
2018/02/03,32.729
2018/02/04,44.404
2018/02/05,25.038
2018/02/06,18.609
2018/02/07,31.498
2018/02/08,25.634
2018/02/09,56.366
2018/02/10,65.716
2018/02/11,34.676
2018/02/12,59.15
2018/02/13,44.957
2018/02/14,64.706
2018/02/15,46.66
2018/02/16,70.852
2018/02/17,53.918
2018/02/18,71.8
2018/02/19,64.387
2018/02/20,65.719
2018/02/21,45.723
2018/02/22,20.81
2018/02/23,45.147
2018/02/24,52.663
2018/02/25,39.55
2018/02/26,26.291
2018/02/27,63.282
2018/02/28,42.188
2018/03/01,72.298
2018/03/02,48.721
2018/03/03,68.341
2018/03/04,39.923
2018/03/05,40.435
2018/03/06,45.136
2018/03/07,24.068
2018/03/08,23.983
2018/03/09,9.679
2018/03/10,35.798
2018/03/11,57.868
2018/03/12,39.924
2018/03/13,33.261
2018/03/14,27.585
2018/03/15,22.845
2018/03/16,45.806
2018/03/17,21.97
2018/03/18,23.504
2018/03/19,35.456
2018/03/20,23.306
2018/03/21,76.48
2018/03/22,49.567
2018/03/23,47.217
2018/03/24,60.645
2018/03/25,30.696
2018/03/26,49.845
2018/03/27,39.002
2018/03/28,20.805
2018/03/29,52.292
2018/03/30,29.553
2018/03/31,21.936
2018/04/01,54.89
2018/04/02,40.462
2018/04/03,56.16
2018/04/04,40.266
2018/04/05,39.757
2018/04/06,22.917
2018/04/07,64.199
2018/04/08,48.501
2018/04/09,32.688
2018/04/10,62.282
2018/04/11,45.985
2018/04/12,55.951
2018/04/13,77.974
2018/04/14,35.18
2018/04/15,65.24
2018/04/16,43.334
2018/04/17,56.244
2018/04/18,48.181
2018/04/19,59.645
2018/04/20,30.831
2018/04/21,67.84
2018/04/22,53.62
2018/04/23,50.871
2018/04/24,68.764
2018/04/25,39.069
2018/04/26,59.677
2018/04/27,63.352
2018/04/28,39.64
2018/04/29,51.413
2018/04/30,56.478
2018/05/01,35.696
2018/05/02,25.812
2018/05/03,60.929
2018/05/04,45.977
2018/05/05,78.198
2018/05/06,36.103
2018/05/07,57.146
2018/05/08,43.358
2018/05/09,52.523
2018/05/10,39.284
2018/05/11,30.757
2018/05/12,52.374
2018/05/13,28.919
2018/05/14,50.177
2018/05/15,44.646
2018/05/16,61.233
2018/05/17,22.828
2018/05/18,61.902
2018/05/19,49.266
2018/05/20,38.96
2018/05/21,62.743
2018/05/22,37.214
2018/05/23,55.665
2018/05/24,33.21
2018/05/25,49.088
2018/05/26,40.903
2018/05/27,36.377
2018/05/28,34.302
2018/05/29,26.317
2018/05/30,72.478
2018/05/31,45.766
2018/06/01,45.404
2018/06/02,32.946
2018/06/03,63.503
2018/06/04,70.222
2018/06/05,30.864
2018/06/06,25.723
2018/06/07,45.624
2018/06/08,34.886
2018/06/09,42.26
2018/06/10,25.571
2018/06/11,33.456
2018/06/12,29.392
2018/06/13,18.401
2018/06/14,33.344
2018/06/15,59.85
2018/06/16,35.257
2018/06/17,21.864
2018/06/18,60.452
2018/06/19,52.973
2018/06/20,71.933
2018/06/21,44.818
2018/06/22,25.908
2018/06/23,48.274
2018/06/24,26.546
2018/06/25,36.857
2018/06/26,45.637
2018/06/27,20.432
2018/06/28,68.708
2018/06/29,48.607
2018/06/30,45.963
2018/07/01,54.808
2018/07/02,40.361
2018/07/03,36.215
2018/07/04,66.786
2018/07/05,67.07
2018/07/06,71.331
2018/07/07,33.826
2018/07/08,62.277
2018/07/09,31.838
2018/07/10,50.62
2018/07/11,31.099
2018/07/12,50.865
2018/07/13,39.12
2018/07/14,49.34
2018/07/15,48.054
2018/07/16,28.082
2018/07/17,86.764
2018/07/18,76.763
2018/07/19,60.476
2018/07/20,40.231
2018/07/21,34.729
2018/07/22,81.605
2018/07/23,46.166
2018/07/24,54.887
2018/07/25,71.372
2018/07/26,47.006
2018/07/27,60.17
2018/07/28,37.834
2018/07/29,40.274
2018/07/30,31.02
2018/07/31,29.322
2018/08/01,19.115
2018/08/02,24.124
2018/08/03,33.663
2018/08/04,23.729
2018/08/05,9.097
2018/08/06,6.617
2018/08/07,64.624
2018/08/08,35.185
2018/08/09,30.773
2018/08/10,56.172
2018/08/11,28.182
2018/08/12,27.563
2018/08/13,48.914
2018/08/14,30.002
2018/08/15,60.788
2018/08/16,47.879
2018/08/17,49.28
2018/08/18,51.607
2018/08/19,32.078
2018/08/20,64.009
2018/08/21,44.345
2018/08/22,67.911
2018/08/23,39.775
2018/08/24,51.854
2018/08/25,33.121
2018/08/26,67.06
2018/08/27,63.499
2018/08/28,33.649
2018/08/29,49.343
2018/08/30,58.935
2018/08/31,72.316
2018/09/01,42.116
2018/09/02,50.056
2018/09/03,59.477
2018/09/04,41.152
2018/09/05,71.918
2018/09/06,33.196
2018/09/07,29.727
2018/09/08,21.308
2018/09/09,48.294
2018/09/10,21.04
2018/09/11,45.699
2018/09/12,67.382
2018/09/13,40.762
2018/09/14,41.027
2018/09/15,62.55
2018/09/16,44.483
2018/09/17,53.482
2018/09/18,36.861
2018/09/19,59.87
2018/09/20,48.895
2018/09/21,64.511
2018/09/22,49.533
2018/09/23,55.26
2018/09/24,34.492
2018/09/25,59.239
2018/09/26,20.625
2018/09/27,62.59
2018/09/28,58.023
2018/09/29,45.355
2018/09/30,63.914
2018/10/01,42.696
2018/10/02,28.77
2018/10/03,52.017
2018/10/04,66.335
2018/10/05,29.388
2018/10/06,48.941
2018/10/07,44.152
2018/10/08,61.397
2018/10/09,63.301
2018/10/10,41.496
2018/10/11,51.751
2018/10/12,16.479
2018/10/13,51.271
2018/10/14,37.737
2018/10/15,74.436
2018/10/16,42.037
2018/10/17,54.233
2018/10/18,46.518
2018/10/19,65.614
2018/10/20,49.401
2018/10/21,48.129
2018/10/22,63.245
2018/10/23,40.176
2018/10/24,33.201
2018/10/25,75.062
2018/10/26,43.339
2018/10/27,34.057
2018/10/28,63.442
2018/10/29,42.299
2018/10/30,60.677
2018/10/31,44.424
2018/11/01,29.785
2018/11/02,53.377
2018/11/03,64.004
2018/11/04,30.272
2018/11/05,63.424
2018/11/06,40.722
2018/11/07,54.806
2018/11/08,49.079
2018/11/09,59.269
2018/11/10,67.991
2018/11/11,44.063
2018/11/12,46.825
2018/11/13,25.552
2018/11/14,49.681
2018/11/15,25.918
2018/11/16,47.079
2018/11/17,56.502
2018/11/18,26.423
2018/11/19,51.617
2018/11/20,36.868
2018/11/21,17.6
2018/11/22,49.095
2018/11/23,44.077
2018/11/24,39.965
2018/11/25,18.476
2018/11/26,37.627
2018/11/27,34.4
2018/11/28,31.745
2018/11/29,70.475
2018/11/30,43.314
2018/12/01,63.46
2018/12/02,43.682
2018/12/03,47.878
2018/12/04,82.9
2018/12/05,44.074
2018/12/06,53.474
2018/12/07,30.978
2018/12/08,46.525
2018/12/09,59.48
2018/12/10,39.27
2018/12/11,38.488
2018/12/12,40.717
2018/12/13,65.821
2018/12/14,41.455
2018/12/15,31.915
2018/12/16,19.175
2018/12/17,75.555
2018/12/18,37.755
2018/12/19,70.045
2018/12/20,58.189
2018/12/21,66.903
2018/12/22,70.606
2018/12/23,52.008
2018/12/24,39.682
2018/12/25,51.322
2018/12/26,44.946
2018/12/27,51.353
2018/12/28,34.684
2018/12/29,16.88
2018/12/30,73.7
2018/12/31,36.188
2019/01/01,42.071
2019/01/02,39.295
2019/01/03,55.422
2019/01/04,36.817
2019/01/05,44.425
2019/01/06,47.51
2019/01/07,63.05
2019/01/08,82.163
2019/01/09,57.402
2019/01/10,28.902
2019/01/11,24.83
2019/01/12,18.928
2019/01/13,53.451
2019/01/14,41.101
2019/01/15,22.331
2019/01/16,52.954
2019/01/17,42.504
2019/01/18,64.905
2019/01/19,46.252
2019/01/20,43.9
2019/01/21,49.673
2019/01/22,21.322
2019/01/23,54.128
2019/01/24,75.137
2019/01/25,32.685
2019/01/26,60.147
2019/01/27,38.485
2019/01/28,49.088
2019/01/29,52.951
2019/01/30,32.399
2019/01/31,66.612
2019/02/01,50.75
2019/02/02,33.87
2019/02/03,50.896
2019/02/04,52.52
2019/02/05,51.015
2019/02/06,60.862
2019/02/07,50.376
2019/02/08,27.364
2019/02/09,60.79
2019/02/10,63.752
2019/02/11,48.365
2019/02/12,24.952
2019/02/13,79.506
2019/02/14,33.387
2019/02/15,46.263
2019/02/16,68.271
2019/02/17,42.957
2019/02/18,52.259
2019/02/19,60.933
2019/02/20,53.869
2019/02/21,37.866
2019/02/22,80.004
2019/02/23,39.821
2019/02/24,53.808
2019/02/25,47.42
2019/02/26,60.318
2019/02/27,44.856
2019/02/28,36.143
2019/03/01,44.056
2019/03/02,26.774
2019/03/03,61.883
2019/03/04,39.292
2019/03/05,64.314
2019/03/06,41.668
2019/03/07,56.284
2019/03/08,61.515
2019/03/09,54.614
2019/03/10,29.007
2019/03/11,67.299
2019/03/12,45.654
2019/03/13,43.603
2019/03/14,73.215
2019/03/15,36.771
2019/03/16,59.886
2019/03/17,36.122
2019/03/18,64.698
2019/03/19,49.351
2019/03/20,47.517
2019/03/21,43.071
2019/03/22,52.172
2019/03/23,37.049
2019/03/24,27.165
2019/03/25,58.476
2019/03/26,28.432
2019/03/27,62.256
2019/03/28,56.675
2019/03/29,49.538
2019/03/30,37.8
2019/03/31,69.503
2019/04/01,44.276
2019/04/02,82.205
2019/04/03,69.221
2019/04/04,74.08
2019/04/05,76.495
2019/04/06,39.008
2019/04/07,68.908
2019/04/08,68.56
2019/04/09,38.237
2019/04/10,67.555
2019/04/11,53.943
2019/04/12,38.3
2019/04/13,31.978
2019/04/14,24.221
2019/04/15,76.261
2019/04/16,43.343
2019/04/17,49.411
2019/04/18,63.631
2019/04/19,46.333
2019/04/20,33.54
2019/04/21,64.475
2019/04/22,38.05
2019/04/23,57.028
2019/04/24,80.015
2019/04/25,41.547
2019/04/26,47.803
2019/04/27,32.505
2019/04/28,64.071
2019/04/29,45.023
2019/04/30,37.495
2019/05/01,60.675
2019/05/02,61.469
2019/05/03,40.144
2019/05/04,34.031
2019/05/05,61.79
2019/05/06,70.247
2019/05/07,38.677
2019/05/08,68.921
2019/05/09,66.331
2019/05/10,43.588
2019/05/11,74.277
2019/05/12,84.781
2019/05/13,71.056
2019/05/14,68.052
2019/05/15,83.998
2019/05/16,76.94
2019/05/17,47.303
2019/05/18,40.78
2019/05/19,68.554
2019/05/20,40.318
2019/05/21,68.412
2019/05/22,72.869
2019/05/23,30.955
2019/05/24,59.164
2019/05/25,36.35
2019/05/26,63.641
2019/05/27,70.399
2019/05/28,61.075
2019/05/29,67.124
2019/05/30,37.491
2019/05/31,17.403
2019/06/01,57.491
2019/06/02,41.358
2019/06/03,42.397
2019/06/04,62.865
2019/06/05,31.505
2019/06/06,29.73
2019/06/07,47.577
2019/06/08,26.014
2019/06/09,49.767
2019/06/10,51.875
2019/06/11,52.815
2019/06/12,34.5
2019/06/13,73.19
2019/06/14,77.945
2019/06/15,33.214
2019/06/16,59.272
2019/06/17,73.272
2019/06/18,77.908
2019/06/19,69.212
2019/06/20,28.441
2019/06/21,61.414
2019/06/22,75.541
2019/06/23,79.697
2019/06/24,59.802
2019/06/25,42.271
2019/06/26,82.418
2019/06/27,43.531
2019/06/28,55.504
2019/06/29,45.299
2019/06/30,36.705
2019/07/01,29.885
2019/07/02,51.468
2019/07/03,45.108
2019/07/04,45.834
2019/07/05,62.23
2019/07/06,32.495
2019/07/07,25.289
2019/07/08,71.762
2019/07/09,37.001
2019/07/10,43.36
2019/07/11,31.477
2019/07/12,56.803
2019/07/13,31.13
2019/07/14,26.213
2019/07/15,36.624
2019/07/16,46.291
2019/07/17,15.125
2019/07/18,48.726
2019/07/19,54.491
2019/07/20,74.067
2019/07/21,36.715
2019/07/22,49.537
2019/07/23,58.204
2019/07/24,31.398
2019/07/25,56.21
2019/07/26,51.295
2019/07/27,31.061
2019/07/28,54.182
2019/07/29,37.661
2019/07/30,44.275
2019/07/31,71.89
2019/08/01,33.089
2019/08/02,66.28
2019/08/03,56.511
2019/08/04,49.453
2019/08/05,36.246
2019/08/06,63.208
2019/08/07,46.003
2019/08/08,62.598
2019/08/09,51.457
2019/08/10,52.273
2019/08/11,30.386
2019/08/12,22.629
2019/08/13,66.4
2019/08/14,41.7
2019/08/15,30.588
2019/08/16,29.374
2019/08/17,26.581
2019/08/18,28.843
2019/08/19,76.812
2019/08/20,45.776
2019/08/21,33.532
2019/08/22,52.459
2019/08/23,55.213
2019/08/24,40.078
2019/08/25,34.508
2019/08/26,20.414
2019/08/27,51.689
2019/08/28,64.81
2019/08/29,40.562
2019/08/30,27.309
2019/08/31,53.284
2019/09/01,17.898
2019/09/02,56.135
2019/09/03,64.84
2019/09/04,42.494
2019/09/05,63.013
2019/09/06,49.415
2019/09/07,56.133
2019/09/08,63.274
2019/09/09,23.738
2019/09/10,64.013
2019/09/11,48.388
2019/09/12,33.501
2019/09/13,40.875
2019/09/14,39.893
2019/09/15,39.614
2019/09/16,25.585
2019/09/17,26.334
2019/09/18,73.356
2019/09/19,28.168
2019/09/20,47.259
2019/09/21,60.722
2019/09/22,48.743
2019/09/23,19.845
2019/09/24,64.161
2019/09/25,35.939
2019/09/26,35.217
2019/09/27,22.284
2019/09/28,51.906
2019/09/29,37.9
2019/09/30,38.553
2019/10/01,59.378
2019/10/02,46.183
2019/10/03,50.713
2019/10/04,49.74
2019/10/05,33.05
2019/10/06,41.002
2019/10/07,47.134
2019/10/08,58.657
2019/10/09,25.157
2019/10/10,79.09
2019/10/11,36.656
2019/10/12,39.511
2019/10/13,48.133
2019/10/14,61.763
2019/10/15,66.921
2019/10/16,44.443
2019/10/17,32.169
2019/10/18,39.667
2019/10/19,22.634
2019/10/20,67.118
2019/10/21,56.122
2019/10/22,52.204
2019/10/23,26.334
2019/10/24,9.213
2019/10/25,59.973
2019/10/26,68.472
2019/10/27,59.755
2019/10/28,75.847
2019/10/29,51.157
2019/10/30,59.18
2019/10/31,35.834
2019/11/01,63.229
2019/11/02,48.66
2019/11/03,57.589
2019/11/04,51.854
2019/11/05,68.371
2019/11/06,33.928
2019/11/07,51.285
2019/11/08,49.082
2019/11/09,79.348
2019/11/10,65.695
2019/11/11,30.156
2019/11/12,21.67
2019/11/13,67.012
2019/11/14,55.887
2019/11/15,34.106
2019/11/16,46.247
2019/11/17,60.164
2019/11/18,26.914
2019/11/19,61.785
2019/11/20,39.919
2019/11/21,44.568
2019/11/22,35.14
2019/11/23,35.613
2019/11/24,17.083
2019/11/25,29.664
2019/11/26,61.904
2019/11/27,62.081
2019/11/28,66.7
2019/11/29,36.851
2019/11/30,31.991
2019/12/01,68.487
2019/12/02,41.067
2019/12/03,63.595
2019/12/04,49.171
2019/12/05,27.604
2019/12/06,57.605
2019/12/07,63.135
2019/12/08,36.97
2019/12/09,51.601
2019/12/10,60.419
2019/12/11,35.207
2019/12/12,28.425
2019/12/13,67.221
2019/12/14,42.577
2019/12/15,34.372
2019/12/16,67.617
2019/12/17,34.167
2019/12/18,44.206
2019/12/19,63.154
2019/12/20,54.3
2019/12/21,57.692
2019/12/22,40.059
2019/12/23,31.066
2019/12/24,57.591
2019/12/25,42.657
2019/12/26,79.292
2019/12/27,40.229
2019/12/28,52.301
2019/12/29,50.613
2019/12/30,64.368
2019/12/31,33.214
2020/01/01,63.713
2020/01/02,25.021
2020/01/03,55.714
2020/01/04,54.835
2020/01/05,41.575
2020/01/06,34.605
2020/01/07,75.709
2020/01/08,41.583
2020/01/09,60.921
2020/01/10,46.326
2020/01/11,59.258
2020/01/12,43.377
2020/01/13,43.091
2020/01/14,72.664
2020/01/15,47.52
2020/01/16,61.956
2020/01/17,37.747
2020/01/18,39.593
2020/01/19,68.31
2020/01/20,45.01
2020/01/21,37.321
2020/01/22,62.699
2020/01/23,39.942
2020/01/24,35.425
2020/01/25,55.388
2020/01/26,33.024
2020/01/27,39.218
2020/01/28,73.214
2020/01/29,75.365
2020/01/30,42.854
2020/01/31,53.705
2020/02/01,44.029
2020/02/02,65.909
2020/02/03,55.137
2020/02/04,25.913
2020/02/05,68.926
2020/02/06,38.6
2020/02/07,61.907
2020/02/08,55.36
2020/02/09,74.505
2020/02/10,31.806
2020/02/11,63.612
2020/02/12,50.745
2020/02/13,56.186
2020/02/14,35.985
2020/02/15,60.529
2020/02/16,46.124
2020/02/17,53.73
2020/02/18,37.067
2020/02/19,47.003
2020/02/20,36.865
2020/02/21,56.48
2020/02/22,43.876
2020/02/23,58.847
2020/02/24,43.485
2020/02/25,32.58
2020/02/26,21.55
2020/02/27,21.444
2020/02/28,33.468
2020/02/29,8.781
2020/03/01,66.041
2020/03/02,36.324
2020/03/03,51.376
2020/03/04,58.851
2020/03/05,41.312
2020/03/06,60.782
2020/03/07,50.381
2020/03/08,34.246
2020/03/09,21.243
2020/03/10,13.249
2020/03/11,12.007
2020/03/12,45.112
2020/03/13,13.369
2020/03/14,17.093
2020/03/15,28.378
2020/03/16,21.244
2020/03/17,48.541
2020/03/18,24.796
2020/03/19,58.845
2020/03/20,73.265
2020/03/21,60.305
2020/03/22,48.812
2020/03/23,55.676
2020/03/24,73.547
2020/03/25,34.023
2020/03/26,81.044
2020/03/27,52.157
2020/03/28,42.215
2020/03/29,57.027
2020/03/30,48.114
2020/03/31,59.365
2020/04/01,46.287
2020/04/02,60.12
2020/04/03,42.668
2020/04/04,72.717
2020/04/05,58.532
2020/04/06,29.733
2020/04/07,68.687
2020/04/08,44.43
2020/04/09,53.631
2020/04/10,45.615
2020/04/11,37.495
2020/04/12,34.74
2020/04/13,60.546
2020/04/14,37.055
2020/04/15,54.967
2020/04/16,37.772
2020/04/17,35.664
2020/04/18,76.069
2020/04/19,48.926
2020/04/20,54.651
2020/04/21,30.652
2020/04/22,20.311
2020/04/23,65.399
2020/04/24,52.056
2020/04/25,60.537
2020/04/26,44.514
2020/04/27,59.563
2020/04/28,63.286
2020/04/29,64.645
2020/04/30,89.645
2020/05/01,72.774
2020/05/02,52.548
2020/05/03,69.397
2020/05/04,46.724
2020/05/05,60.144
2020/05/06,42.242
2020/05/07,71.32
2020/05/08,66.796
2020/05/09,75.932
2020/05/10,45.834
2020/05/11,15.243
2020/05/12,6.338
2020/05/13,6.105
2020/05/14,39.812
2020/05/15,34.462
2020/05/16,27.975
2020/05/17,31.736
2020/05/18,61.182
2020/05/19,60.411
2020/05/20,73.719
2020/05/21,71.155
2020/05/22,23.734
2020/05/23,51.568
2020/05/24,28.271
2020/05/25,44.505
2020/05/26,48.28
2020/05/27,44.958
2020/05/28,36.768
2020/05/29,33.034
2020/05/30,78.218
2020/05/31,38.657
2020/06/01,57.519
2020/06/02,45.307
2020/06/03,61.092
2020/06/04,62.412
2020/06/05,82.456
2020/06/06,61.524
2020/06/07,22.983
2020/06/08,61.713
2020/06/09,48.332
2020/06/10,45.984
2020/06/11,70.91
2020/06/12,36.076
2020/06/13,31.922
2020/06/14,59.335
2020/06/15,34.476
2020/06/16,53.244
2020/06/17,44.61
2020/06/18,24.69
2020/06/19,58.931
2020/06/20,41.245
2020/06/21,47.848
2020/06/22,39.29
2020/06/23,66.834
2020/06/24,38.501
2020/06/25,43.62
2020/06/26,65.946
2020/06/27,31.206
2020/06/28,49.135
2020/06/29,49.881
2020/06/30,39.981
2020/07/01,71.872
2020/07/02,46.015
2020/07/03,52.069
2020/07/04,34.894
2020/07/05,54.771
2020/07/06,47.327
2020/07/07,42.04
2020/07/08,62.89
2020/07/09,70.373
2020/07/10,43.12
2020/07/11,42.465
2020/07/12,60.802
2020/07/13,17.537
2020/07/14,55.607
2020/07/15,30.832
2020/07/16,52.209
2020/07/17,43.923
2020/07/18,65.584
2020/07/19,44.409
2020/07/20,49.289
2020/07/21,51.458
2020/07/22,83.344
2020/07/23,57.345
2020/07/24,70.952
2020/07/25,29.255
2020/07/26,57.064
2020/07/27,57.293
2020/07/28,79.569
2020/07/29,69.275
2020/07/30,71.033
2020/07/31,85.959
2020/08/01,46.21
2020/08/02,48.995
2020/08/03,66.388
2020/08/04,30.974
2020/08/05,45.189
2020/08/06,76.991
2020/08/07,45.589
2020/08/08,39.005
2020/08/09,51.448
2020/08/10,51.045
2020/08/11,65.989
2020/08/12,44.962
2020/08/13,25.956
2020/08/14,64.352
2020/08/15,38.379
2020/08/16,36.933
2020/08/17,35.164
2020/08/18,80.427
2020/08/19,56.601
2020/08/20,46.431
2020/08/21,50.911
2020/08/22,31.636
2020/08/23,45.892
2020/08/24,30.767
2020/08/25,18.706
2020/08/26,55.625
2020/08/27,58.508
2020/08/28,71.55
2020/08/29,26.214
2020/08/30,43.536
2020/08/31,59.824
2020/09/01,73.989
2020/09/02,40.038
2020/09/03,45.762
2020/09/04,35.958
2020/09/05,42.261
2020/09/06,22.234
2020/09/07,58.48
2020/09/08,28.117
2020/09/09,33.616
2020/09/10,70.104
2020/09/11,38.738
2020/09/12,55.601
2020/09/13,37.367
2020/09/14,58.869
2020/09/15,50.561
2020/09/16,51.055
2020/09/17,68.269
2020/09/18,40.355
2020/09/19,43.437
2020/09/20,25.724
2020/09/21,22.103
2020/09/22,21.875
2020/09/23,72.593
2020/09/24,33.294
2020/09/25,61.561
2020/09/26,41.634
2020/09/27,40.203
2020/09/28,28.856
2020/09/29,65.774
2020/09/30,70.439
2020/10/01,38.481
2020/10/02,60.398
2020/10/03,43.898
2020/10/04,51.729
2020/10/05,40.793
2020/10/06,36.89
2020/10/07,77.721
2020/10/08,47.783
2020/10/09,56.043
2020/10/10,53.356
2020/10/11,37.988
2020/10/12,65.941
2020/10/13,73.187
2020/10/14,29.898
2020/10/15,60.114
2020/10/16,47.038
2020/10/17,33.029
2020/10/18,19.21
2020/10/19,64.443
2020/10/20,60.541
2020/10/21,72.311
2020/10/22,83.245
2020/10/23,83.365
2020/10/24,50.979
2020/10/25,25.806
2020/10/26,54.441
2020/10/27,79.1
2020/10/28,81.046
2020/10/29,83.049
2020/10/30,84.051
2020/10/31,93.027
2020/11/01,37.985
2020/11/02,26.091
2020/11/03,78.86
2020/11/04,54.05
2020/11/05,59.094
2020/11/06,68.812
2020/11/07,40.716
2020/11/08,36.249
2020/11/09,68.174
2020/11/10,38.305
2020/11/11,52.515
2020/11/12,57.134
2020/11/13,36.551
2020/11/14,44.469
2020/11/15,56.588
2020/11/16,54.556
2020/11/17,59.098
2020/11/18,79.787
2020/11/19,51.659
2020/11/20,70.674
2020/11/21,56.306
2020/11/22,35.303
2020/11/23,26.903
2020/11/24,70.147
2020/11/25,81.039
2020/11/26,38.625
2020/11/27,35.735
2020/11/28,28.314
2020/11/29,33.529
2020/11/30,19.814
2020/12/01,78.25
2020/12/02,58.638
2020/12/03,64.112
2020/12/04,39.279
2020/12/05,31.143
2020/12/06,49.267
2020/12/07,39.36
2020/12/08,45.839
2020/12/09,41.257
2020/12/10,33.692
2020/12/11,16.864
2020/12/12,46.489
2020/12/13,74.354
2020/12/14,46.001
2020/12/15,62.445
2020/12/16,74.245
2020/12/17,92.503
2020/12/18,94.889
2020/12/19,57.916
2020/12/20,40.235
2020/12/21,57.045
2020/12/22,62.947
2020/12/23,75.898
2020/12/24,29.743
2020/12/25,63.105
2020/12/26,56.626
2020/12/27,68.126
2020/12/28,70.844
2020/12/29,74.802
2020/12/30,64.28
2020/12/31,81.901
2021/01/01,33.848
2021/01/02,68.565
2021/01/03,78.544
2021/01/04,62.719
2021/01/05,54.339
2021/01/06,79.991
2021/01/07,82.533
2021/01/08,86.938
2021/01/09,61.597
2021/01/10,62.66
2021/01/11,19.027
2021/01/12,27.874
2021/01/13,43.254
2021/01/14,59.572
2021/01/15,76.868
2021/01/16,29.385
2021/01/17,43.057
2021/01/18,35.989
2021/01/19,59.004
2021/01/20,35.809
2021/01/21,43.126
2021/01/22,24.621
2021/01/23,57.804
2021/01/24,25.228
2021/01/25,54.814
2021/01/26,47.569
2021/01/27,39.981
2021/01/28,39.529
2021/01/29,76.836
2021/01/30,44.334
2021/01/31,59.918
2021/02/01,39.727
2021/02/02,72.031
2021/02/03,49.516
2021/02/04,67.457
2021/02/05,54.044
2021/02/06,53.158
2021/02/07,37.89
2021/02/08,61.957
2021/02/09,81.986
2021/02/10,65.17
2021/02/11,76.427
2021/02/12,82.902
2021/02/13,66.271
2021/02/14,31.934
2021/02/15,60.378
2021/02/16,45.204
2021/02/17,70.603
2021/02/18,49.474
2021/02/19,72.89
2021/02/20,56.059
2021/02/21,54.245
2021/02/22,42.8
2021/02/23,51.649
2021/02/24,65.665
2021/02/25,26.05
2021/02/26,21.886
2021/02/27,17.389
2021/02/28,9.85
2021/03/01,56.288
2021/03/02,62.845
2021/03/03,61.256
2021/03/04,34.51
2021/03/05,63.174
2021/03/06,42.208
2021/03/07,56.014
2021/03/08,57.089
2021/03/09,65.519
2021/03/10,88.59
2021/03/11,63.258
2021/03/12,77.389
2021/03/13,77.709
2021/03/14,84.558
2021/03/15,43.461
2021/03/16,34.941
2021/03/17,25.145
2021/03/18,79.575
2021/03/19,47.004
2021/03/20,42.804
2021/03/21,35.726
2021/03/22,26.196
2021/03/23,32.696
2021/03/24,22.417
2021/03/25,23.932
2021/03/26,18.03
2021/03/27,65.697
2021/03/28,47.875
2021/03/29,65.157
2021/03/30,76.493
2021/03/31,87.901
2021/04/01,34.933
2021/04/02,48.51
2021/04/03,38.495
2021/04/04,38.339
2021/04/05,66.817
2021/04/06,47.985
2021/04/07,59.763
2021/04/08,17.389
2021/04/09,71.102
2021/04/10,45.812
2021/04/11,44.254
2021/04/12,50.591
2021/04/13,61.393
2021/04/14,78.484
2021/04/15,82.983
2021/04/16,23.171
2021/04/17,52.973
2021/04/18,68.034
2021/04/19,56.98
2021/04/20,68.55
2021/04/21,38.739
2021/04/22,63.263
2021/04/23,33.994
2021/04/24,32.473
2021/04/25,23.61
2021/04/26,27.527
2021/04/27,65.769
2021/04/28,46.672
2021/04/29,45.434
2021/04/30,62.464
2021/05/01,59.213
2021/05/02,83.178
2021/05/03,57.749
2021/05/04,41.704
2021/05/05,34.18
2021/05/06,68.009
2021/05/07,50.799
2021/05/08,46.563
2021/05/09,56.004
2021/05/10,44.385
2021/05/11,40.57
2021/05/12,41.792
2021/05/13,5.693
2021/05/14,4.818
2021/05/15,3.827
2021/05/16,34.035
2021/05/17,22.821
2021/05/18,13.511
2021/05/19,53.571
2021/05/20,37.432
2021/05/21,39.114
2021/05/22,38.16
2021/05/23,16.581
2021/05/24,50.942
2021/05/25,38.555
2021/05/26,59.296
2021/05/27,34.808
2021/05/28,46.734
2021/05/29,37.039
2021/05/30,69.087
2021/05/31,69.843
2021/06/01,56.821
2021/06/02,77.289
2021/06/03,51.425
2021/06/04,41.141
2021/06/05,35.522
2021/06/06,57.73
2021/06/07,31.401
2021/06/08,35.271
2021/06/09,12.32
2021/06/10,70.949
2021/06/11,51.241
2021/06/12,61.342
2021/06/13,59.629
2021/06/14,63.836
2021/06/15,76.2
2021/06/16,79.789
2021/06/17,50.446
2021/06/18,26.631
2021/06/19,19.309
2021/06/20,38.013
2021/06/21,36.277
2021/06/22,13.837
2021/06/23,64.601
2021/06/24,61.796
2021/06/25,48.451
2021/06/26,19.078
2021/06/27,15.293
2021/06/28,79.835
2021/06/29,48.757
2021/06/30,53.394
2021/07/01,59.534
2021/07/02,35.959
2021/07/03,79.196
2021/07/04,52.514
2021/07/05,62.288
2021/07/06,60.808
2021/07/07,39.665
2021/07/08,57.183
2021/07/09,42.397
2021/07/10,58.61
2021/07/11,36.256
2021/07/12,53.742
2021/07/13,56.33
2021/07/14,65.376
2021/07/15,24.181
2021/07/16,52.568
2021/07/17,37.476
2021/07/18,56.852
2021/07/19,70.061
2021/07/20,29.254
2021/07/21,57.075
2021/07/22,59.8
2021/07/23,48.947
2021/07/24,64.179
2021/07/25,59.981
2021/07/26,69.153
2021/07/27,86.083
2021/07/28,50.366
2021/07/29,70.349
2021/07/30,49.508
2021/07/31,51.178
2021/08/01,39.689
2021/08/02,48.681
2021/08/03,45.288
2021/08/04,18.003
2021/08/05,65.342
2021/08/06,52.674
2021/08/07,72.461
2021/08/08,53.911
2021/08/09,56.077
2021/08/10,77.277
2021/08/11,41.847
2021/08/12,64.811
2021/08/13,40.658
2021/08/14,60.355
2021/08/15,57.867
2021/08/16,29.013
2021/08/17,54.671
2021/08/18,27.792
2021/08/19,61.036
2021/08/20,50.736
2021/08/21,64.566
2021/08/22,51.171
2021/08/23,74.701
2021/08/24,32.168
2021/08/25,47.72
2021/08/26,34.321
2021/08/27,37.15
2021/08/28,41.212
2021/08/29,56.439
2021/08/30,34.591
2021/08/31,52.728
2021/09/01,52.352
2021/09/02,70.139
2021/09/03,57.724
2021/09/04,58.124
2021/09/05,68.557
2021/09/06,83.294
2021/09/07,26.835
2021/09/08,17.732
2021/09/09,20.482
2021/09/10,16.55
2021/09/11,56.331
2021/09/12,37.527
2021/09/13,50.305
2021/09/14,39.983
2021/09/15,54.848
2021/09/16,45.436
2021/09/17,79.772
2021/09/18,50.925
2021/09/19,42.333
2021/09/20,34.223
2021/09/21,7.778
2021/09/22,52.403
2021/09/23,62.79
2021/09/24,37.647
2021/09/25,31.3
2021/09/26,54.244
2021/09/27,61.758
2021/09/28,37.389
2021/09/29,27.323
2021/09/30,72.745
2021/10/01,41.014
2021/10/02,68.224
2021/10/03,43.735
2021/10/04,61.061
2021/10/05,50.008
2021/10/06,38.477
2021/10/07,71.235
2021/10/08,46.255
2021/10/09,64.096
2021/10/10,52.634
2021/10/11,49.633
2021/10/12,42.378
2021/10/13,74.834
2021/10/14,37.532
2021/10/15,57.381
2021/10/16,56.67
2021/10/17,72.406
2021/10/18,43.323
2021/10/19,67.734
2021/10/20,42.648
2021/10/21,57.676
2021/10/22,53.888
2021/10/23,29.174
2021/10/24,60.222
2021/10/25,58.868
2021/10/26,33.003
2021/10/27,54.903
2021/10/28,36.617
2021/10/29,60.143
2021/10/30,42.702
2021/10/31,37.784
2021/11/01,50.576
2021/11/02,58.403
2021/11/03,38.801
2021/11/04,30.121
2021/11/05,57.504
2021/11/06,33.467
2021/11/07,56.192
2021/11/08,33.599
2021/11/09,78.134
2021/11/10,50.437
2021/11/11,47.235
2021/11/12,39.722
2021/11/13,57.463
2021/11/14,39.075
2021/11/15,34.312
2021/11/16,26.112
2021/11/17,21.19
2021/11/18,18.641
2021/11/19,9.451
2021/11/20,58.606
2021/11/21,40.211
2021/11/22,45.874
2021/11/23,29.009
2021/11/24,63.302
2021/11/25,32.937
2021/11/26,61.166
2021/11/27,39.743
2021/11/28,51.945
2021/11/29,54.506
2021/11/30,34.441
2021/12/01,68.096
2021/12/02,58.97
2021/12/03,52.71
2021/12/04,18.105
2021/12/05,43.293
2021/12/06,42.435
2021/12/07,29.594
2021/12/08,35.149
2021/12/09,48.736
2021/12/10,27.255
2021/12/11,19.626
2021/12/12,15.447
2021/12/13,23.439
