Date,price30rocUSD
2010/07/17,0
2010/07/18,0
2010/07/19,0
2010/07/20,0
2010/07/21,0
2010/07/22,0
2010/07/23,0
2010/07/24,0
2010/07/25,0
2010/07/26,0
2010/07/27,0
2010/07/28,0
2010/07/29,0
2010/07/30,0
2010/07/31,0
2010/08/01,0
2010/08/02,0
2010/08/03,0
2010/08/04,0
2010/08/05,0
2010/08/06,0
2010/08/07,0
2010/08/08,0
2010/08/09,0
2010/08/10,0
2010/08/11,0
2010/08/12,0
2010/08/13,0
2010/08/14,0
2010/08/15,0
2010/08/16,29.964
2010/08/17,-6.713
2010/08/18,-19.633
2010/08/19,-14.021
2010/08/20,-13.854
2010/08/21,1.688
2010/08/22,15.806
2010/08/23,12.708
2010/08/24,22.614
2010/08/25,23.774
2010/08/26,11.034
2010/08/27,8.495
2010/08/28,-0.386
2010/08/29,-2.868
2010/08/30,-2.469
2010/08/31,1.646
2010/09/01,1.959
2010/09/02,3.667
2010/09/03,2.137
2010/09/04,3.804
2010/09/05,-0.201
2010/09/06,3.756
2010/09/07,2.252
2010/09/08,-6.755
2010/09/09,-11.442
2010/09/10,-3.307
2010/09/11,-9.014
2010/09/12,-5.649
2010/09/13,-6.287
2010/09/14,-6.274
2010/09/15,-4.499
2010/09/16,-8.635
2010/09/17,-13.117
2010/09/18,-10.847
2010/09/19,-6.498
2010/09/20,-5.838
2010/09/21,-4.008
2010/09/22,-4.896
2010/09/23,-4.234
2010/09/24,-5.267
2010/09/25,-3.548
2010/09/26,-3.845
2010/09/27,-3.749
2010/09/28,-3.761
2010/09/29,-4.368
2010/09/30,-0.379
2010/10/01,-0.833
2010/10/02,-0.9
2010/10/03,0.542
2010/10/04,-0.922
2010/10/05,-1.008
2010/10/06,0.008
2010/10/07,6.199
2010/10/08,25.073
2010/10/09,44.669
2010/10/10,54.316
2010/10/11,48.136
2010/10/12,52.832
2010/10/13,58.653
2010/10/14,66.546
2010/10/15,66.802
2010/10/16,62.359
2010/10/17,70.156
2010/10/18,71.167
2010/10/19,59.372
2010/10/20,60.225
2010/10/21,62.386
2010/10/22,69.084
2010/10/23,71.61
2010/10/24,79.427
2010/10/25,78.773
2010/10/26,128.394
2010/10/27,172.574
2010/10/28,188.713
2010/10/29,198.523
2010/10/30,212.601
2010/10/31,212.046
2010/11/01,214.731
2010/11/02,214.913
2010/11/03,215.863
2010/11/04,249.267
2010/11/05,278.167
2010/11/06,400.768
2010/11/07,426.515
2010/11/08,233.088
2010/11/09,150.132
2010/11/10,141.935
2010/11/11,139.809
2010/11/12,152.335
2010/11/13,172.639
2010/11/14,170.751
2010/11/15,172.259
2010/11/16,140.833
2010/11/17,120.497
2010/11/18,148.68
2010/11/19,175.528
2010/11/20,175.715
2010/11/21,162.724
2010/11/22,162.431
2010/11/23,153.554
2010/11/24,154.825
2010/11/25,98.553
2010/11/26,66.339
2010/11/27,58.669
2010/11/28,49.5
2010/11/29,31.669
2010/11/30,13.351
2010/12/01,12.629
2010/12/02,25.194
2010/12/03,29.504
2010/12/04,7.251
2010/12/05,-12.785
2010/12/06,-34.202
2010/12/07,-47.308
2010/12/08,-18.696
2010/12/09,-10.127
2010/12/10,-10.222
2010/12/11,-4.79
2010/12/12,-13.901
2010/12/13,-21.847
2010/12/14,-14.314
2010/12/15,-11.573
2010/12/16,-0.678
2010/12/17,7.971
2010/12/18,-0.041
2010/12/19,-10.979
2010/12/20,-9.931
2010/12/21,-9.594
2010/12/22,-11.831
2010/12/23,-11.929
2010/12/24,-12.005
2010/12/25,-11.573
2010/12/26,-8.607
2010/12/27,-9.059
2010/12/28,-1.627
2010/12/29,12.203
2010/12/30,34.901
2010/12/31,37.3
2011/01/01,22.567
2011/01/02,18.663
2011/01/03,27.174
2011/01/04,45.112
2011/01/05,37.287
2011/01/06,39.878
2011/01/07,28.968
2011/01/08,48.38
2011/01/09,59.879
2011/01/10,50.591
2011/01/11,52.612
2011/01/12,46.659
2011/01/13,33.788
2011/01/14,48.292
2011/01/15,61.075
2011/01/16,60.775
2011/01/17,50.355
2011/01/18,35.728
2011/01/19,23.443
2011/01/20,40.598
2011/01/21,63.929
2011/01/22,71.546
2011/01/23,78.052
2011/01/24,73.361
2011/01/25,61.177
2011/01/26,60.51
2011/01/27,52.702
2011/01/28,52.067
2011/01/29,49.577
2011/01/30,54.15
2011/01/31,68.889
2011/02/01,110.715
2011/02/02,143.761
2011/02/03,137.293
2011/02/04,159.95
2011/02/05,194.64
2011/02/06,194.685
2011/02/07,183.132
2011/02/08,179.915
2011/02/09,207.159
2011/02/10,215.428
2011/02/11,217.683
2011/02/12,228.456
2011/02/13,192.795
2011/02/14,168.448
2011/02/15,167.747
2011/02/16,184.535
2011/02/17,214.722
2011/02/18,208.301
2011/02/19,154.14
2011/02/20,122.148
2011/02/21,94.99
2011/02/22,94.004
2011/02/23,109.903
2011/02/24,133.333
2011/02/25,127.123
2011/02/26,125.003
2011/02/27,112.83
2011/02/28,97.974
2011/03/01,92.487
2011/03/02,86.044
2011/03/03,47.809
2011/03/04,26.999
2011/03/05,28.935
2011/03/06,18.204
2011/03/07,-0.226
2011/03/08,-3.554
2011/03/09,-4.128
2011/03/10,-0.587
2011/03/11,-11.278
2011/03/12,-12.732
2011/03/13,-12.561
2011/03/14,-14.475
2011/03/15,-16.001
2011/03/16,-18.199
2011/03/17,-20.645
2011/03/18,-20.459
2011/03/19,-26.091
2011/03/20,-21.966
2011/03/21,-14.898
2011/03/22,-12.841
2011/03/23,-0.366
2011/03/24,-1.241
2011/03/25,-3.278
2011/03/26,-10.197
2011/03/27,-12.339
2011/03/28,-13.382
2011/03/29,-13.885
2011/03/30,-9.593
2011/03/31,-11.571
2011/04/01,-16.703
2011/04/02,-15.92
2011/04/03,-13.805
2011/04/04,-19.958
2011/04/05,-22.639
2011/04/06,-15.232
2011/04/07,-14.428
2011/04/08,-12.363
2011/04/09,-17.659
2011/04/10,-15.994
2011/04/11,-16.19
2011/04/12,-8.58
2011/04/13,-0.274
2011/04/14,9.865
2011/04/15,15.29
2011/04/16,21.766
2011/04/17,29.64
2011/04/18,49.31
2011/04/19,56.689
2011/04/20,52.793
2011/04/21,50.008
2011/04/22,57.799
2011/04/23,81.955
2011/04/24,95.984
2011/04/25,83.442
2011/04/26,104.548
2011/04/27,127.365
2011/04/28,157.113
2011/04/29,221.767
2011/04/30,308.37
2011/05/01,321.651
2011/05/02,304.55
2011/05/03,323.449
2011/05/04,372.278
2011/05/05,381.021
2011/05/06,356.073
2011/05/07,372.167
2011/05/08,399.232
2011/05/09,418.22
2011/05/10,546.984
2011/05/11,649.884
2011/05/12,619.472
2011/05/13,714.48
2011/05/14,689.984
2011/05/15,603.007
2011/05/16,638.632
2011/05/17,605.457
2011/05/18,511.556
2011/05/19,472.602
2011/05/20,433.575
2011/05/21,406.767
2011/05/22,389.884
2011/05/23,347.72
2011/05/24,324.655
2011/05/25,398.107
2011/05/26,405.431
2011/05/27,367.275
2011/05/28,311.813
2011/05/29,228.032
2011/05/30,168.289
2011/05/31,168.494
2011/06/01,190.706
2011/06/02,205.598
2011/06/03,261.719
2011/06/04,390.044
2011/06/05,425.66
2011/06/06,397.108
2011/06/07,461.935
2011/06/08,598.862
2011/06/09,511.528
2011/06/10,367.865
2011/06/11,227.405
2011/06/12,129.344
2011/06/13,150.61
2011/06/14,179.358
2011/06/15,158.06
2011/06/16,139.501
2011/06/17,132.256
2011/06/18,143.419
2011/06/19,177.198
2011/06/20,185.244
2011/06/21,165.002
2011/06/22,145.666
2011/06/23,133.358
2011/06/24,113.976
2011/06/25,99.435
2011/06/26,97.437
2011/06/27,97.032
2011/06/28,101.794
2011/06/29,95.961
2011/06/30,87.828
2011/07/01,71.871
2011/07/02,52.329
2011/07/03,23.905
2011/07/04,-11.213
2011/07/05,-24.901
2011/07/06,-21.399
2011/07/07,-30.129
2011/07/08,-45.727
2011/07/09,-51.225
2011/07/10,-44.627
2011/07/11,-24.59
2011/07/12,-15.25
2011/07/13,-27.116
2011/07/14,-28.429
2011/07/15,-28.27
2011/07/16,-24.578
2011/07/17,-17.753
2011/07/18,-19.003
2011/07/19,-20.487
2011/07/20,-18.902
2011/07/21,-19.618
2011/07/22,-19.69
2011/07/23,-19.471
2011/07/24,-18.616
2011/07/25,-17.565
2011/07/26,-17.809
2011/07/27,-16.2
2011/07/28,-18.75
2011/07/29,-20.152
2011/07/30,-17.954
2011/07/31,-14.568
2011/08/01,-14.058
2011/08/02,-18.463
2011/08/03,-27.271
2011/08/04,-25.193
2011/08/05,-25.973
2011/08/06,-44.73
2011/08/07,-50.378
2011/08/08,-45.285
2011/08/09,-39.232
2011/08/10,-31.465
2011/08/11,-30.717
2011/08/12,-32.365
2011/08/13,-29.92
2011/08/14,-24.754
2011/08/15,-20.295
2011/08/16,-17.709
2011/08/17,-17.909
2011/08/18,-20.178
2011/08/19,-18.472
2011/08/20,-15.443
2011/08/21,-16.631
2011/08/22,-18.896
2011/08/23,-21.038
2011/08/24,-22.254
2011/08/25,-26.527
2011/08/26,-35.89
2011/08/27,-38.755
2011/08/28,-34.56
2011/08/29,-33.267
2011/08/30,-33.943
2011/08/31,-35.755
2011/09/01,-34.743
2011/09/02,-20.75
2011/09/03,-14.763
2011/09/04,-18.865
2011/09/05,-3.485
2011/09/06,0.269
2011/09/07,-10.514
2011/09/08,-22.834
2011/09/09,-42.055
2011/09/10,-49.905
2011/09/11,-43.782
2011/09/12,-38.688
2011/09/13,-43.372
2011/09/14,-47.866
2011/09/15,-52.713
2011/09/16,-55.828
2011/09/17,-56.025
2011/09/18,-55.692
2011/09/19,-53.863
2011/09/20,-49.157
2011/09/21,-47.09
2011/09/22,-49.329
2011/09/23,-49.638
2011/09/24,-46.296
2011/09/25,-39.73
2011/09/26,-39.178
2011/09/27,-44.594
2011/09/28,-46.294
2011/09/29,-46.177
2011/09/30,-41.748
2011/10/01,-37.845
2011/10/02,-40.435
2011/10/03,-41.15
2011/10/04,-40.004
2011/10/05,-37.479
2011/10/06,-33.643
2011/10/07,-35.799
2011/10/08,-39.464
2011/10/09,-29.84
2011/10/10,-16.274
2011/10/11,-24.878
2011/10/12,-32.769
2011/10/13,-30.75
2011/10/14,-29.677
2011/10/15,-25.144
2011/10/16,-23.4
2011/10/17,-36.214
2011/10/18,-50.2
2011/10/19,-56.021
2011/10/20,-60.273
2011/10/21,-58.125
2011/10/22,-48.074
2011/10/23,-43.08
2011/10/24,-48.503
2011/10/25,-50.752
2011/10/26,-45.814
2011/10/27,-40.594
2011/10/28,-35.694
2011/10/29,-29.375
2011/10/30,-30.775
2011/10/31,-36.045
2011/11/01,-36.317
2011/11/02,-36.281
2011/11/03,-35.853
2011/11/04,-36.129
2011/11/05,-36.706
2011/11/06,-34.259
2011/11/07,-28.211
2011/11/08,-25.494
2011/11/09,-26.573
2011/11/10,-27.187
2011/11/11,-26.73
2011/11/12,-25.698
2011/11/13,-25.067
2011/11/14,-33.383
2011/11/15,-38.525
2011/11/16,-20.054
2011/11/17,-2.863
2011/11/18,-7.955
2011/11/19,-8.338
2011/11/20,-10.569
2011/11/21,-21.871
2011/11/22,-26.09
2011/11/23,-17.819
2011/11/24,-10.113
2011/11/25,-10.541
2011/11/26,-15.085
2011/11/27,-20.546
2011/11/28,-25.495
2011/11/29,-22.637
2011/11/30,-12.349
2011/12/01,-5.471
2011/12/02,-3.613
2011/12/03,-7.673
2011/12/04,-10.471
2011/12/05,-6.106
2011/12/06,-0.331
2011/12/07,0.872
2011/12/08,-1.191
2011/12/09,-1.18
2011/12/10,3.454
2011/12/11,6.604
2011/12/12,4.735
2011/12/13,6.557
2011/12/14,22.293
2011/12/15,39.358
2011/12/16,30.786
2011/12/17,32.83
2011/12/18,47.704
2011/12/19,59.283
2011/12/20,69.777
2011/12/21,73.884
2011/12/22,68.196
2011/12/23,68.138
2011/12/24,65.73
2011/12/25,65.142
2011/12/26,66.995
2011/12/27,63.477
2011/12/28,64.129
2011/12/29,57.844
2011/12/30,47.162
2011/12/31,48.127
2012/01/01,61.476
2012/01/02,77.204
2012/01/03,79.621
2012/01/04,83.162
2012/01/05,111.872
2012/01/06,126.732
2012/01/07,126.216
2012/01/08,133.617
2012/01/09,122.747
2012/01/10,101.057
2012/01/11,109.036
2012/01/12,113.292
2012/01/13,106.798
2012/01/14,107.755
2012/01/15,115.008
2012/01/16,113.803
2012/01/17,92.442
2012/01/18,70.862
2012/01/19,64.384
2012/01/20,64.428
2012/01/21,63.261
2012/01/22,59.423
2012/01/23,60.598
2012/01/24,54.878
2012/01/25,46.058
2012/01/26,37.665
2012/01/27,28.786
2012/01/28,30.512
2012/01/29,30.813
2012/01/30,21.185
2012/01/31,10.101
2012/02/01,10.801
2012/02/02,20.446
2012/02/03,15.351
2012/02/04,-5.496
2012/02/05,-15.26
2012/02/06,-17.727
2012/02/07,-19.62
2012/02/08,-15.805
2012/02/09,-9.921
2012/02/10,-12.034
2012/02/11,-16.006
2012/02/12,-15.51
2012/02/13,-18.188
2012/02/14,-29.296
2012/02/15,-35.776
2012/02/16,-30.069
2012/02/17,-24.572
2012/02/18,-29.93
2012/02/19,-32.963
2012/02/20,-31.199
2012/02/21,-30.758
2012/02/22,-31.333
2012/02/23,-25.113
2012/02/24,-16.577
2012/02/25,-12.012
2012/02/26,-8.813
2012/02/27,-9.531
2012/02/28,-10.799
2012/02/29,-10.51
2012/03/01,-10.875
2012/03/02,-17.085
2012/03/03,-23.188
2012/03/04,-21.768
2012/03/05,-17.147
2012/03/06,-13.695
2012/03/07,-10.662
2012/03/08,-11.683
2012/03/09,-13.272
2012/03/10,-15.186
2012/03/11,-17.027
2012/03/12,-14.845
2012/03/13,-8.835
2012/03/14,-1.047
2012/03/15,10.25
2012/03/16,21.662
2012/03/17,23.087
2012/03/18,21.309
2012/03/19,15.629
2012/03/20,10.47
2012/03/21,10.655
2012/03/22,9.799
2012/03/23,8.331
2012/03/24,-1.14
2012/03/25,-8.142
2012/03/26,-6.455
2012/03/27,-2.669
2012/03/28,-2.693
2012/03/29,-2.532
2012/03/30,-0.607
2012/03/31,-0.251
2012/04/01,0.758
2012/04/02,4.442
2012/04/03,5.211
2012/04/04,0.565
2012/04/05,-1.356
2012/04/06,-0.592
2012/04/07,-2.337
2012/04/08,-3.185
2012/04/09,-0.334
2012/04/10,-0.356
2012/04/11,-0.354
2012/04/12,-3.078
2012/04/13,-7.793
2012/04/14,-7.649
2012/04/15,-7.138
2012/04/16,-6.238
2012/04/17,-5.34
2012/04/18,1.452
2012/04/19,7.836
2012/04/20,8.659
2012/04/21,12.203
2012/04/22,11.055
2012/04/23,8.566
2012/04/24,9.02
2012/04/25,11.59
2012/04/26,8.406
2012/04/27,6.191
2012/04/28,5.329
2012/04/29,2.217
2012/04/30,1.088
2012/05/01,2.576
2012/05/02,3.255
2012/05/03,2.841
2012/05/04,3.211
2012/05/05,3.053
2012/05/06,2.619
2012/05/07,4.908
2012/05/08,6.937
2012/05/09,4.468
2012/05/10,2.073
2012/05/11,0.461
2012/05/12,0.496
2012/05/13,0.495
2012/05/14,0.578
2012/05/15,1.3
2012/05/16,2.282
2012/05/17,2.552
2012/05/18,1.23
2012/05/19,-0.305
2012/05/20,-2.664
2012/05/21,-4.298
2012/05/22,-2.533
2012/05/23,0.73
2012/05/24,1.993
2012/05/25,0.32
2012/05/26,-0.104
2012/05/27,0.342
2012/05/28,1.849
2012/05/29,4.115
2012/05/30,4.279
2012/05/31,3.679
2012/06/01,3.982
2012/06/02,3.094
2012/06/03,2.72
2012/06/04,3.37
2012/06/05,5.713
2012/06/06,7.814
2012/06/07,9.092
2012/06/08,11.195
2012/06/09,12.949
2012/06/10,12.426
2012/06/11,11.588
2012/06/12,14.325
2012/06/13,17.094
2012/06/14,18.147
2012/06/15,22.98
2012/06/16,26.612
2012/06/17,23.437
2012/06/18,22.359
2012/06/19,25.475
2012/06/20,29.108
2012/06/21,30.903
2012/06/22,29.201
2012/06/23,26.492
2012/06/24,24.492
2012/06/25,23.838
2012/06/26,24.48
2012/06/27,27.663
2012/06/28,28.793
2012/06/29,28.886
2012/06/30,29.325
2012/07/01,27.152
2012/07/02,26.951
2012/07/03,26.373
2012/07/04,23.594
2012/07/05,23.11
2012/07/06,22.184
2012/07/07,21.729
2012/07/08,20.827
2012/07/09,23.409
2012/07/10,28.954
2012/07/11,29.944
2012/07/12,32.221
2012/07/13,31.681
2012/07/14,27.429
2012/07/15,21.752
2012/07/16,25.442
2012/07/17,37.165
2012/07/18,43.164
2012/07/19,40.371
2012/07/20,32.055
2012/07/21,30.372
2012/07/22,30.542
2012/07/23,30.066
2012/07/24,33.393
2012/07/25,37.094
2012/07/26,38.832
2012/07/27,35.82
2012/07/28,34.222
2012/07/29,32.759
2012/07/30,33.495
2012/07/31,38.365
2012/08/01,41.468
2012/08/02,52.04
2012/08/03,66.625
2012/08/04,66.644
2012/08/05,64.092
2012/08/06,61.38
2012/08/07,62.303
2012/08/08,60.395
2012/08/09,55.82
2012/08/10,57.398
2012/08/11,54.068
2012/08/12,50.685
2012/08/13,56.261
2012/08/14,59.779
2012/08/15,57.211
2012/08/16,54.623
2012/08/17,39.72
2012/08/18,30.253
2012/08/19,12.59
2012/08/20,3.995
2012/08/21,15.676
2012/08/22,16.851
2012/08/23,16.276
2012/08/24,19.315
2012/08/25,19.344
2012/08/26,19.157
2012/08/27,21.092
2012/08/28,24.443
2012/08/29,22.678
2012/08/30,17.013
2012/08/31,10.776
2012/09/01,0.155
2012/09/02,-6.439
2012/09/03,-5.571
2012/09/04,-4.298
2012/09/05,-1.568
2012/09/06,0.777
2012/09/07,0.188
2012/09/08,-0.112
2012/09/09,-2.285
2012/09/10,-3.56
2012/09/11,-2.819
2012/09/12,-4.081
2012/09/13,-6.604
2012/09/14,-9.045
2012/09/15,-12.149
2012/09/16,-5.609
2012/09/17,1.455
2012/09/18,23.51
2012/09/19,37.036
2012/09/20,24.516
2012/09/21,25.586
2012/09/22,23.668
2012/09/23,18.025
2012/09/24,14.804
2012/09/25,14.554
2012/09/26,13.584
2012/09/27,12.689
2012/09/28,12.881
2012/09/29,15.067
2012/09/30,18.274
2012/10/01,23.04
2012/10/02,25.073
2012/10/03,24.06
2012/10/04,23.04
2012/10/05,19.246
2012/10/06,14.039
2012/10/07,9.498
2012/10/08,6.967
2012/10/09,7.082
2012/10/10,8.224
2012/10/11,7.464
2012/10/12,6.267
2012/10/13,5.451
2012/10/14,1.992
2012/10/15,-0.365
2012/10/16,0.288
2012/10/17,-0.528
2012/10/18,-1.789
2012/10/19,-4.55
2012/10/20,-5.597
2012/10/21,-5.64
2012/10/22,-4.773
2012/10/23,-4.244
2012/10/24,-3.921
2012/10/25,-7.348
2012/10/26,-14.067
2012/10/27,-17.21
2012/10/28,-15.006
2012/10/29,-14.158
2012/10/30,-13.268
2012/10/31,-10.78
2012/11/01,-13.931
2012/11/02,-18.233
2012/11/03,-17.962
2012/11/04,-15.882
2012/11/05,-14.813
2012/11/06,-11.014
2012/11/07,-7.848
2012/11/08,-7.57
2012/11/09,-9.452
2012/11/10,-10.161
2012/11/11,-9.782
2012/11/12,-8.436
2012/11/13,-6.952
2012/11/14,-6.254
2012/11/15,-6.344
2012/11/16,-2.893
2012/11/17,-0.893
2012/11/18,-0.991
2012/11/19,-0.066
2012/11/20,0.234
2012/11/21,0.552
2012/11/22,3.324
2012/11/23,6.072
2012/11/24,10.152
2012/11/25,18.404
2012/11/26,21.026
2012/11/27,16.628
2012/11/28,15.248
2012/11/29,15.459
2012/11/30,13.685
2012/12/01,15.528
2012/12/02,19.171
2012/12/03,19.278
2012/12/04,21.491
2012/12/05,24.28
2012/12/06,22.984
2012/12/07,22.824
2012/12/08,23.236
2012/12/09,23.284
2012/12/10,23.572
2012/12/11,24.35
2012/12/12,25.269
2012/12/13,24.773
2012/12/14,24.403
2012/12/15,22.109
2012/12/16,16.728
2012/12/17,12.798
2012/12/18,13.262
2012/12/19,14.632
2012/12/20,15.92
2012/12/21,15.381
2012/12/22,11.169
2012/12/23,8.374
2012/12/24,7.885
2012/12/25,7.537
2012/12/26,8.453
2012/12/27,9.98
2012/12/28,9.424
2012/12/29,8.477
2012/12/30,7.003
2012/12/31,7.061
2013/01/01,6.948
2013/01/02,4.849
2013/01/03,1.397
2013/01/04,-1.281
2013/01/05,-0.955
2013/01/06,-2.071
2013/01/07,-2.217
2013/01/08,0.015
2013/01/09,1.427
2013/01/10,1.645
2013/01/11,2.215
2013/01/12,2.051
2013/01/13,1.965
2013/01/14,3.222
2013/01/15,4.266
2013/01/16,6.956
2013/01/17,11.91
2013/01/18,13.778
2013/01/19,12.675
2013/01/20,13.253
2013/01/21,17.769
2013/01/22,24.267
2013/01/23,27.26
2013/01/24,26.542
2013/01/25,25.469
2013/01/26,27.699
2013/01/27,28.691
2013/01/28,31.696
2013/01/29,38.032
2013/01/30,41.068
2013/01/31,47.072
2013/02/01,53.155
2013/02/02,51.567
2013/02/03,51.451
2013/02/04,52.708
2013/02/05,53.281
2013/02/06,55.564
2013/02/07,58.272
2013/02/08,61.689
2013/02/09,65.773
2013/02/10,66.298
2013/02/11,69.558
2013/02/12,73.16
2013/02/13,73.454
2013/02/14,80.174
2013/02/15,85.678
2013/02/16,78.678
2013/02/17,73.471
2013/02/18,73.383
2013/02/19,80.596
2013/02/20,82.901
2013/02/21,75.934
2013/02/22,71.861
2013/02/23,71.274
2013/02/24,71.012
2013/02/25,67.771
2013/02/26,68.601
2013/02/27,68.512
2013/02/28,69.187
2013/03/01,75.161
2013/03/02,67.958
2013/03/03,60.54
2013/03/04,66.557
2013/03/05,82.954
2013/03/06,93.831
2013/03/07,98.819
2013/03/08,101.665
2013/03/09,103.415
2013/03/10,101.964
2013/03/11,97.934
2013/03/12,89.622
2013/03/13,80.494
2013/03/14,79.632
2013/03/15,79.766
2013/03/16,75.483
2013/03/17,66.634
2013/03/18,74.278
2013/03/19,93.567
2013/03/20,117.727
2013/03/21,131.061
2013/03/22,127.154
2013/03/23,117.275
2013/03/24,121.396
2013/03/25,138.353
2013/03/26,149.221
2013/03/27,175.133
2013/03/28,194.264
2013/03/29,190.1
2013/03/30,178.822
2013/03/31,167.931
2013/04/01,185.993
2013/04/02,231.964
2013/04/03,259.795
2013/04/04,237.355
2013/04/05,229.992
2013/04/06,235.372
2013/04/07,244.103
2013/04/08,278.959
2013/04/09,339.904
2013/04/10,295.611
2013/04/11,160.724
2013/04/12,116.065
2013/04/13,127.317
2013/04/14,110.682
2013/04/15,97.261
2013/04/16,70.821
2013/04/17,68.039
2013/04/18,84.267
2013/04/19,84.756
2013/04/20,78.906
2013/04/21,73.86
2013/04/22,78.468
2013/04/23,86.477
2013/04/24,94.953
2013/04/25,94.886
2013/04/26,67.781
2013/04/27,47.305
2013/04/28,43.255
2013/04/29,49.29
2013/04/30,51
2013/05/01,31.618
2013/05/02,3.063
2013/05/03,-14.423
2013/05/04,-14.99
2013/05/05,-11.814
2013/05/06,-15.74
2013/05/07,-22.315
2013/05/08,-32.995
2013/05/09,-44.513
2013/05/10,-38.073
2013/05/11,-2.172
2013/05/12,20.869
2013/05/13,14.025
2013/05/14,18.276
2013/05/15,20.053
2013/05/16,42.586
2013/05/17,42.141
2013/05/18,19.155
2013/05/19,5.815
2013/05/20,-1.119
2013/05/21,0.862
2013/05/22,2.775
2013/05/23,-1.725
2013/05/24,-7.563
2013/05/25,-8.598
2013/05/26,-3.155
2013/05/27,1.614
2013/05/28,1.354
2013/05/29,-3.163
2013/05/30,-5.369
2013/05/31,1.413
2013/06/01,14.282
2013/06/02,20.879
2013/06/03,14.559
2013/06/04,5.483
2013/06/05,6.275
2013/06/06,8.166
2013/06/07,4.945
2013/06/08,1.997
2013/06/09,-4.165
2013/06/10,-7.505
2013/06/11,-4.638
2013/06/12,-3.734
2013/06/13,-1.556
2013/06/14,-1.645
2013/06/15,-6.308
2013/06/16,-9.174
2013/06/17,-10.61
2013/06/18,-8.186
2013/06/19,-7.152
2013/06/20,-8.201
2013/06/21,-9.096
2013/06/22,-12.658
2013/06/23,-18.399
2013/06/24,-22.899
2013/06/25,-24.468
2013/06/26,-23.65
2013/06/27,-23.166
2013/06/28,-27.041
2013/06/29,-29.834
2013/06/30,-28.946
2013/07/01,-32.544
2013/07/02,-32.973
2013/07/03,-32.335
2013/07/04,-34.444
2013/07/05,-39.201
2013/07/06,-44.718
2013/07/07,-39.355
2013/07/08,-33.491
2013/07/09,-31.568
2013/07/10,-26.976
2013/07/11,-23.514
2013/07/12,-21.334
2013/07/13,-17.626
2013/07/14,-14.291
2013/07/15,-10.928
2013/07/16,-10.393
2013/07/17,-11.969
2013/07/18,-16.573
2013/07/19,-20.233
2013/07/20,-20.759
2013/07/21,-20.914
2013/07/22,-18.878
2013/07/23,-16.168
2013/07/24,-12.239
2013/07/25,-9.637
2013/07/26,-8.986
2013/07/27,-8.378
2013/07/28,-4.216
2013/07/29,2.193
2013/07/30,3.586
2013/07/31,12.14
2013/08/01,15.229
2013/08/02,17.282
2013/08/03,21.553
2013/08/04,29.493
2013/08/05,44.636
2013/08/06,38.912
2013/08/07,32.415
2013/08/08,32.331
2013/08/09,23.938
2013/08/10,14.579
2013/08/11,9.458
2013/08/12,6.691
2013/08/13,7.693
2013/08/14,7.836
2013/08/15,7.814
2013/08/16,8.75
2013/08/17,11.924
2013/08/18,15.609
2013/08/19,16.86
2013/08/20,20.518
2013/08/21,24.982
2013/08/22,25.87
2013/08/23,22.783
2013/08/24,20.397
2013/08/25,20.705
2013/08/26,22.811
2013/08/27,26.623
2013/08/28,26.347
2013/08/29,24.433
2013/08/30,23.278
2013/08/31,27.318
2013/09/01,30.531
2013/09/02,31.683
2013/09/03,32.058
2013/09/04,26.489
2013/09/05,21.109
2013/09/06,18.133
2013/09/07,19.901
2013/09/08,23.821
2013/09/09,26.196
2013/09/10,28.937
2013/09/11,29.518
2013/09/12,30.264
2013/09/13,28.847
2013/09/14,27.844
2013/09/15,28.122
2013/09/16,27.898
2013/09/17,28.194
2013/09/18,27.594
2013/09/19,21.193
2013/09/20,15.125
2013/09/21,12.878
2013/09/22,14.531
2013/09/23,14.638
2013/09/24,12.678
2013/09/25,12.369
2013/09/26,9.633
2013/09/27,6.154
2013/09/28,6.405
2013/09/29,4.206
2013/09/30,0.806
2013/10/01,-1.025
2013/10/02,-10.201
2013/10/03,-13.101
2013/10/04,-3.077
2013/10/05,1.675
2013/10/06,3.753
2013/10/07,4.679
2013/10/08,4.289
2013/10/09,4.284
2013/10/10,2.953
2013/10/11,1.724
2013/10/12,0.387
2013/10/13,2.218
2013/10/14,4.978
2013/10/15,8.93
2013/10/16,10.028
2013/10/17,11.632
2013/10/18,14.945
2013/10/19,25.594
2013/10/20,30.016
2013/10/21,36.085
2013/10/22,48.367
2013/10/23,57.831
2013/10/24,53.001
2013/10/25,38.75
2013/10/26,41.025
2013/10/27,45.806
2013/10/28,52.631
2013/10/29,56.606
2013/10/30,58.935
2013/10/31,58.648
2013/11/01,75.452
2013/11/02,83.956
2013/11/03,73.082
2013/11/04,79.201
2013/11/05,93.858
2013/11/06,106.207
2013/11/07,125.323
2013/11/08,142.582
2013/11/09,171.235
2013/11/10,135.717
2013/11/11,152.931
2013/11/12,165.435
2013/11/13,183.618
2013/11/14,197.608
2013/11/15,202.285
2013/11/16,201.609
2013/11/17,215.365
2013/11/18,257.733
2013/11/19,282.565
2013/11/20,200.144
2013/11/21,232.497
2013/11/22,252.677
2013/11/23,297.963
2013/11/24,314.557
2013/11/25,318.047
2013/11/26,346.478
2013/11/27,373.989
2013/11/28,383.882
2013/11/29,401.952
2013/11/30,437.619
2013/12/01,362.713
2013/12/02,359.869
2013/12/03,386.105
2013/12/04,384.915
2013/12/05,328.268
2013/12/06,269.039
2013/12/07,163.011
2013/12/08,146.062
2013/12/09,155.635
2013/12/10,214.095
2013/12/11,182.697
2013/12/12,153.579
2013/12/13,135.787
2013/12/14,113.166
2013/12/15,102.672
2013/12/16,85.114
2013/12/17,48.483
2013/12/18,0.731
2013/12/19,2.343
2013/12/20,34.136
2013/12/21,2.46
2013/12/22,-5.969
2013/12/23,-11.989
2013/12/24,-4.529
2013/12/25,-7.288
2013/12/26,-8.309
2013/12/27,-15.51
2013/12/28,-21.017
2013/12/29,-25.661
2013/12/30,-27.708
2013/12/31,-17.362
2014/01/01,-15.988
2014/01/02,-20.807
2014/01/03,-23.452
2014/01/04,-15.775
2014/01/05,-4.211
2014/01/06,33.439
2014/01/07,24.71
2014/01/08,-0.934
2014/01/09,-7.306
2014/01/10,-4.672
2014/01/11,5.372
2014/01/12,2.729
2014/01/13,-2.032
2014/01/14,1.177
2014/01/15,10.768
2014/01/16,26.91
2014/01/17,48.364
2014/01/18,35.864
2014/01/19,26.941
2014/01/20,44.241
2014/01/21,35.951
2014/01/22,31.129
2014/01/23,24.924
2014/01/24,20.549
2014/01/25,13.553
2014/01/26,14.356
2014/01/27,16.383
2014/01/28,9.38
2014/01/29,8.522
2014/01/30,7.406
2014/01/31,6.924
2014/02/01,7.54
2014/02/02,5.3
2014/02/03,-2.127
2014/02/04,-6.835
2014/02/05,-13.665
2014/02/06,-12.513
2014/02/07,-14.196
2014/02/08,-18.024
2014/02/09,-20.088
2014/02/10,-26.659
2014/02/11,-26.004
2014/02/12,-24.28
2014/02/13,-31.905
2014/02/14,-36.172
2014/02/15,-31.167
2014/02/16,-22.938
2014/02/17,-24.688
2014/02/18,-25.414
2014/02/19,-29.755
2014/02/20,-30.755
2014/02/21,-33.711
2014/02/22,-30.981
2014/02/23,-23.465
2014/02/24,-31.238
2014/02/25,-41.962
2014/02/26,-33.299
2014/02/27,-27.291
2014/02/28,-31.239
2014/03/01,-31.079
2014/03/02,-31.951
2014/03/03,-27.876
2014/03/04,-18.917
2014/03/05,-18.965
2014/03/06,-19.12
2014/03/07,-22.656
2014/03/08,-22.573
2014/03/09,-13.796
2014/03/10,-9.525
2014/03/11,-7.439
2014/03/12,-3.441
2014/03/13,-3.423
2014/03/14,-0.184
2014/03/15,9.83
2014/03/16,15.365
2014/03/17,6.314
2014/03/18,-3.232
2014/03/19,-2.619
2014/03/20,-5.129
2014/03/21,-6.455
2014/03/22,-5.734
2014/03/23,-0.126
2014/03/24,-2.536
2014/03/25,-6.575
2014/03/26,1.619
2014/03/27,8.683
2014/03/28,-12.275
2014/03/29,-13.965
2014/03/30,-17.304
2014/03/31,-18.404
2014/04/01,-15.112
2014/04/02,-22.897
2014/04/03,-35.811
2014/04/04,-32.871
2014/04/05,-31.684
2014/04/06,-28.475
2014/04/07,-26.731
2014/04/08,-28.06
2014/04/09,-29.064
2014/04/10,-34.864
2014/04/11,-36.682
2014/04/12,-33.42
2014/04/13,-34.293
2014/04/14,-29.387
2014/04/15,-22.795
2014/04/16,-17.227
2014/04/17,-17.612
2014/04/18,-20.934
2014/04/19,-17.625
2014/04/20,-13.905
2014/04/21,-11.428
2014/04/22,-12.876
2014/04/23,-13.679
2014/04/24,-15.654
2014/04/25,-19.808
2014/04/26,-15.961
2014/04/27,-10.291
2014/04/28,-12.704
2014/04/29,-5.554
2014/04/30,-2.788
2014/05/01,-4.778
2014/05/02,-3.806
2014/05/03,1.041
2014/05/04,-2.219
2014/05/05,-4.445
2014/05/06,-6.963
2014/05/07,-4.15
2014/05/08,-2.362
2014/05/09,-0.724
2014/05/10,10.268
2014/05/11,9.723
2014/05/12,3.014
2014/05/13,5.161
2014/05/14,-0.978
2014/05/15,-8.588
2014/05/16,-14.031
2014/05/17,-11.708
2014/05/18,-8.242
2014/05/19,-9.357
2014/05/20,-7.18
2014/05/21,-1.335
2014/05/22,3.549
2014/05/23,8.757
2014/05/24,6.555
2014/05/25,20.473
2014/05/26,27.115
2014/05/27,27.156
2014/05/28,31.223
2014/05/29,27.847
2014/05/30,33.525
2014/05/31,36.606
2014/06/01,43.675
2014/06/02,44.685
2014/06/03,52.904
2014/06/04,48.595
2014/06/05,52.401
2014/06/06,50.311
2014/06/07,47.653
2014/06/08,47.089
2014/06/09,44.182
2014/06/10,47.051
2014/06/11,46.647
2014/06/12,42.067
2014/06/13,34.971
2014/06/14,28.992
2014/06/15,27.101
2014/06/16,33.559
2014/06/17,34.064
2014/06/18,36.549
2014/06/19,29.628
2014/06/20,20.038
2014/06/21,15.777
2014/06/22,13.182
2014/06/23,13.503
2014/06/24,4.599
2014/06/25,-1.958
2014/06/26,-0.619
2014/06/27,2.078
2014/06/28,5.294
2014/06/29,0.247
2014/06/30,0.08
2014/07/01,0.743
2014/07/02,1.554
2014/07/03,-3.127
2014/07/04,-0.771
2014/07/05,-3.304
2014/07/06,-3.264
2014/07/07,-3.709
2014/07/08,-4.865
2014/07/09,-4.129
2014/07/10,-5.257
2014/07/11,-3.172
2014/07/12,1.728
2014/07/13,5.658
2014/07/14,8.134
2014/07/15,9.863
2014/07/16,3.566
2014/07/17,3.495
2014/07/18,2.378
2014/07/19,3.857
2014/07/20,5.288
2014/07/21,4.993
2014/07/22,3.565
2014/07/23,4.935
2014/07/24,3.801
2014/07/25,5.465
2014/07/26,4.343
2014/07/27,2.082
2014/07/28,-1.92
2014/07/29,-1.73
2014/07/30,-7.268
2014/07/31,-11.451
2014/08/01,-8.468
2014/08/02,-8.269
2014/08/03,-8.366
2014/08/04,-6.956
2014/08/05,-7.966
2014/08/06,-7.282
2014/08/07,-6.001
2014/08/08,-4.964
2014/08/09,-4.87
2014/08/10,-5.468
2014/08/11,-7.608
2014/08/12,-9.752
2014/08/13,-11.377
2014/08/14,-16.435
2014/08/15,-18.02
2014/08/16,-18.776
2014/08/17,-18.922
2014/08/18,-23.948
2014/08/19,-23.342
2014/08/20,-20.646
2014/08/21,-15.933
2014/08/22,-17.054
2014/08/23,-17.146
2014/08/24,-15.93
2014/08/25,-15.426
2014/08/26,-14.819
2014/08/27,-12.035
2014/08/28,-12.763
2014/08/29,-11.888
2014/08/30,-12.569
2014/08/31,-17.296
2014/09/01,-18.8
2014/09/02,-18.197
2014/09/03,-18.867
2014/09/04,-17.356
2014/09/05,-16.597
2014/09/06,-17.533
2014/09/07,-18.429
2014/09/08,-19.855
2014/09/09,-20.685
2014/09/10,-17.393
2014/09/11,-16.309
2014/09/12,-14.288
2014/09/13,-8.391
2014/09/14,-5.811
2014/09/15,-5.366
2014/09/16,-7.294
2014/09/17,-4.199
2014/09/18,-8.062
2014/09/19,-17.348
2014/09/20,-21.365
2014/09/21,-21.821
2014/09/22,-20.534
2014/09/23,-19.219
2014/09/24,-14.785
2014/09/25,-19.009
2014/09/26,-21.442
2014/09/27,-21.254
2014/09/28,-22.842
2014/09/29,-24.917
2014/09/30,-22.444
2014/10/01,-19.879
2014/10/02,-20.847
2014/10/03,-22.738
2014/10/04,-28.136
2014/10/05,-34.83
2014/10/06,-33.028
2014/10/07,-31.849
2014/10/08,-27.864
2014/10/09,-21.851
2014/10/10,-24.9
2014/10/11,-24.432
2014/10/12,-23.242
2014/10/13,-20.35
2014/10/14,-15.645
2014/10/15,-17.082
2014/10/16,-17.396
2014/10/17,-16.856
2014/10/18,-12.272
2014/10/19,-4.319
2014/10/20,-6.763
2014/10/21,-4.269
2014/10/22,-4.365
2014/10/23,-9.862
2014/10/24,-16.989
2014/10/25,-15.104
2014/10/26,-13.157
2014/10/27,-12.118
2014/10/28,-9.722
2014/10/29,-8.615
2014/10/30,-10.881
2014/10/31,-11.137
2014/11/01,-12.866
2014/11/02,-11.697
2014/11/03,-5.221
2014/11/04,3.179
2014/11/05,4.508
2014/11/06,4.255
2014/11/07,1.726
2014/11/08,-5.858
2014/11/09,-3.423
2014/11/10,1.781
2014/11/11,1.143
2014/11/12,4.291
2014/11/13,6.579
2014/11/14,0.893
2014/11/15,0.144
2014/11/16,1.298
2014/11/17,3.228
2014/11/18,-1.893
2014/11/19,-0.954
2014/11/20,-4.729
2014/11/21,-8.153
2014/11/22,-2.929
2014/11/23,0.784
2014/11/24,7.401
2014/11/25,9.1
2014/11/26,5.38
2014/11/27,5.057
2014/11/28,7.114
2014/11/29,12.087
2014/11/30,10.695
2014/12/01,15.359
2014/12/02,17.567
2014/12/03,15.521
2014/12/04,14.832
2014/12/05,10.666
2014/12/06,9.54
2014/12/07,8.72
2014/12/08,7.509
2014/12/09,0.813
2014/12/10,-4.511
2014/12/11,-4.041
2014/12/12,-11.167
2014/12/13,-18.91
2014/12/14,-12.36
2014/12/15,-10.251
2014/12/16,-12.801
2014/12/17,-18.627
2014/12/18,-17.948
2014/12/19,-17.511
2014/12/20,-11.241
2014/12/21,-7.864
2014/12/22,-7.979
2014/12/23,-7.186
2014/12/24,-12.199
2014/12/25,-16.756
2014/12/26,-13.083
2014/12/27,-14.03
2014/12/28,-14.615
2014/12/29,-16.868
2014/12/30,-17.442
2014/12/31,-17.628
2015/01/01,-17.227
2015/01/02,-16.993
2015/01/03,-18.863
2015/01/04,-26.309
2015/01/05,-27.434
2015/01/06,-26.377
2015/01/07,-22.163
2015/01/08,-18.48
2015/01/09,-18.751
2015/01/10,-20.366
2015/01/11,-22.144
2015/01/12,-22.58
2015/01/13,-31.234
2015/01/14,-43.089
2015/01/15,-38.557
2015/01/16,-34.471
2015/01/17,-35.84
2015/01/18,-34.069
2015/01/19,-34.766
2015/01/20,-34.976
2015/01/21,-34.579
2015/01/22,-30.183
2015/01/23,-30.206
2015/01/24,-25.667
2015/01/25,-23.094
2015/01/26,-11.738
2015/01/27,-17.181
2015/01/28,-19.704
2015/01/29,-25.5
2015/01/30,-25.663
2015/01/31,-27.791
2015/02/01,-30.496
2015/02/02,-25.296
2015/02/03,-13.824
2015/02/04,-17.189
2015/02/05,-19.433
2015/02/06,-23.415
2015/02/07,-21.45
2015/02/08,-20.752
2015/02/09,-21.15
2015/02/10,-20.125
2015/02/11,-18.009
2015/02/12,-8.396
2015/02/13,17.266
2015/02/14,19.531
2015/02/15,18.171
2015/02/16,16.913
2015/02/17,15.919
2015/02/18,13.079
2015/02/19,12.909
2015/02/20,13.211
2015/02/21,5.081
2015/02/22,4.984
2015/02/23,-0.433
2015/02/24,-4.202
2015/02/25,-15.753
2015/02/26,-9.673
2015/02/27,-0.965
2015/02/28,8.739
2015/03/01,8.176
2015/03/02,15.172
2015/03/03,26.035
2015/03/04,22.99
2015/03/05,14.216
2015/03/06,21.099
2015/03/07,22.852
2015/03/08,25.139
2015/03/09,24.838
2015/03/10,30.648
2015/03/11,33.051
2015/03/12,34.89
2015/03/13,31.927
2015/03/14,29.191
2015/03/15,22.532
2015/03/16,18.143
2015/03/17,15.422
2015/03/18,16.665
2015/03/19,7.714
2015/03/20,8.846
2015/03/21,9.055
2015/03/22,7.74
2015/03/23,9.462
2015/03/24,6.212
2015/03/25,3.624
2015/03/26,4.578
2015/03/27,4.384
2015/03/28,6.483
2015/03/29,-2.085
2015/03/30,-2.999
2015/03/31,-2.458
2015/04/01,-7.367
2015/04/02,-9.854
2015/04/03,-9.093
2015/04/04,-6.583
2015/04/05,-6.54
2015/04/06,-5.713
2015/04/07,-8.054
2015/04/08,-11.88
2015/04/09,-17.097
2015/04/10,-19.083
2015/04/11,-19.845
2015/04/12,-18.906
2015/04/13,-18.034
2015/04/14,-22.498
2015/04/15,-24.075
2015/04/16,-21.567
2015/04/17,-18.059
2015/04/18,-13.48
2015/04/19,-14.066
2015/04/20,-13.71
2015/04/21,-13.681
2015/04/22,-11.944
2015/04/23,-8.521
2015/04/24,-5.343
2015/04/25,-8.252
2015/04/26,-11.559
2015/04/27,-12.04
2015/04/28,-7.976
2015/04/29,-8.169
2015/04/30,-5.6
2015/05/01,-3.32
2015/05/02,-5.578
2015/05/03,-5.548
2015/05/04,-4.98
2015/05/05,-7.622
2015/05/06,-8.946
2015/05/07,-8.243
2015/05/08,-3.392
2015/05/09,-0.391
2015/05/10,1.47
2015/05/11,2.363
2015/05/12,2.331
2015/05/13,4.28
2015/05/14,7.426
2015/05/15,7.436
2015/05/16,4.588
2015/05/17,5.625
2015/05/18,6.131
2015/05/19,3.988
2015/05/20,4.221
2015/05/21,4.02
2015/05/22,0.731
2015/05/23,2.41
2015/05/24,3.563
2015/05/25,4.466
2015/05/26,8.489
2015/05/27,7.431
2015/05/28,5.163
2015/05/29,5.235
2015/05/30,1.166
2015/05/31,-1.181
2015/06/01,-3.022
2015/06/02,-6.38
2015/06/03,-5.823
2015/06/04,-4.288
2015/06/05,-4.25
2015/06/06,-3.034
2015/06/07,-6.321
2015/06/08,-6.843
2015/06/09,-4.928
2015/06/10,-5.058
2015/06/11,-4.842
2015/06/12,-4.805
2015/06/13,-2.341
2015/06/14,-1.545
2015/06/15,-0.55
2015/06/16,2.111
2015/06/17,6.253
2015/06/18,6.578
2015/06/19,6.086
2015/06/20,3.376
2015/06/21,2.689
2015/06/22,2.345
2015/06/23,2.151
2015/06/24,1.924
2015/06/25,2.165
2015/06/26,2.227
2015/06/27,3.864
2015/06/28,5.425
2015/06/29,7.957
2015/06/30,13.062
2015/07/01,14.409
2015/07/02,14.873
2015/07/03,13.257
2015/07/04,14.317
2015/07/05,17.744
2015/07/06,20.78
2015/07/07,19.028
2015/07/08,18.814
2015/07/09,17.652
2015/07/10,22.689
2015/07/11,26.8
2015/07/12,31.967
2015/07/13,27.263
2015/07/14,24.279
2015/07/15,23.186
2015/07/16,16.726
2015/07/17,10.488
2015/07/18,11.744
2015/07/19,11.066
2015/07/20,13.628
2015/07/21,14.446
2015/07/22,12.586
2015/07/23,13.081
2015/07/24,16.247
2015/07/25,18.99
2015/07/26,19.799
2015/07/27,18.235
2015/07/28,17.757
2015/07/29,14.986
2015/07/30,9.56
2015/07/31,9.464
2015/08/01,9.089
2015/08/02,9.456
2015/08/03,9.642
2015/08/04,7.212
2015/08/05,3.917
2015/08/06,4.28
2015/08/07,3.548
2015/08/08,0.948
2015/08/09,-6.379
2015/08/10,-9.221
2015/08/11,-12.757
2015/08/12,-8.883
2015/08/13,-9.029
2015/08/14,-8.758
2015/08/15,-6.214
2015/08/16,-6.569
2015/08/17,-7.068
2015/08/18,-7.657
2015/08/19,-16.069
2015/08/20,-16.393
2015/08/21,-15.583
2015/08/22,-17.041
2015/08/23,-18.902
2015/08/24,-23.798
2015/08/25,-26.52
2015/08/26,-22.679
2015/08/27,-23.28
2015/08/28,-21.705
2015/08/29,-20.029
2015/08/30,-19.324
2015/08/31,-18.573
2015/09/01,-18.593
2015/09/02,-19.312
2015/09/03,-19.737
2015/09/04,-18.944
2015/09/05,-16.902
2015/09/06,-13.799
2015/09/07,-11.746
2015/09/08,-7.569
2015/09/09,-9.093
2015/09/10,-10.141
2015/09/11,-10.368
2015/09/12,-9.823
2015/09/13,-12.166
2015/09/14,-13.034
2015/09/15,-11.128
2015/09/16,-11.304
2015/09/17,-9.103
2015/09/18,0.559
2015/09/19,-0.558
2015/09/20,-1.076
2015/09/21,-0.797
2015/09/22,-0.26
2015/09/23,4.781
2015/09/24,8.689
2015/09/25,4.46
2015/09/26,3.736
2015/09/27,2.514
2015/09/28,3.045
2015/09/29,3.604
2015/09/30,3.529
2015/10/01,3.813
2015/10/02,4.259
2015/10/03,4.73
2015/10/04,4.25
2015/10/05,2.927
2015/10/06,1.426
2015/10/07,1.967
2015/10/08,0.126
2015/10/09,1.317
2015/10/10,2.532
2015/10/11,2.457
2015/10/12,3.58
2015/10/13,6.357
2015/10/14,9.151
2015/10/15,10.574
2015/10/16,13.626
2015/10/17,16.667
2015/10/18,14.454
2015/10/19,13.898
2015/10/20,15.707
2015/10/21,17.585
2015/10/22,18.898
2015/10/23,20.054
2015/10/24,20.45
2015/10/25,23.039
2015/10/26,21.515
2015/10/27,25.104
2015/10/28,27.044
2015/10/29,30.103
2015/10/30,37.108
2015/10/31,35.898
2015/11/01,33.077
2015/11/02,40.841
2015/11/03,60.869
2015/11/04,88.204
2015/11/05,65.161
2015/11/06,51.754
2015/11/07,57.416
2015/11/08,56.878
2015/11/09,53.297
2015/11/10,48.799
2015/11/11,28.029
2015/11/12,32.453
2015/11/13,32.791
2015/11/14,31.027
2015/11/15,26.259
2015/11/16,19.691
2015/11/17,25.41
2015/11/18,26.494
2015/11/19,23.808
2015/11/20,19.312
2015/11/21,19.457
2015/11/22,17.177
2015/11/23,15.42
2015/11/24,10.743
2015/11/25,13.346
2015/11/26,17.287
2015/11/27,18.166
2015/11/28,14.627
2015/11/29,10.998
2015/11/30,16.876
2015/12/01,16.067
2015/12/02,5.932
2015/12/03,-5.784
2015/12/04,-19.878
2015/12/05,-6.668
2015/12/06,5.777
2015/12/07,2.688
2015/12/08,3.435
2015/12/09,11.374
2015/12/10,13.615
2015/12/11,36.827
2015/12/12,31.836
2015/12/13,30.591
2015/12/14,32.4
2015/12/15,39.206
2015/12/16,41.719
2015/12/17,36.055
2015/12/18,37.68
2015/12/19,39.825
2015/12/20,41.812
2015/12/21,34.683
2015/12/22,35.457
2015/12/23,36.545
2015/12/24,41.64
2015/12/25,40.993
2015/12/26,25.093
2015/12/27,17.217
2015/12/28,19.521
2015/12/29,17.925
2015/12/30,14.01
2015/12/31,15.858
2016/01/01,21.539
2016/01/02,19.704
2016/01/03,19.249
2016/01/04,15.217
2016/01/05,9.791
2016/01/06,9.112
2016/01/07,13.309
2016/01/08,8.926
2016/01/09,8.265
2016/01/10,2.858
2016/01/11,3.508
2016/01/12,2.244
2016/01/13,-2.938
2016/01/14,-5.779
2016/01/15,-11.51
2016/01/16,-18.41
2016/01/17,-16.315
2016/01/18,-17.205
2016/01/19,-15.468
2016/01/20,-10.179
2016/01/21,-5.665
2016/01/22,-10.727
2016/01/23,-14.386
2016/01/24,-12.804
2016/01/25,-7.509
2016/01/26,-5.783
2016/01/27,-7.04
2016/01/28,-9.704
2016/01/29,-12.355
2016/01/30,-11.086
2016/01/31,-12.616
2016/02/01,-13.85
2016/02/02,-12.809
2016/02/03,-13.808
2016/02/04,-12.468
2016/02/05,-9.764
2016/02/06,-15.775
2016/02/07,-16.991
2016/02/08,-16.216
2016/02/09,-15.712
2016/02/10,-15.091
2016/02/11,-14.486
2016/02/12,-10.632
2016/02/13,-9.417
2016/02/14,-0.983
2016/02/15,8.967
2016/02/16,5.297
2016/02/17,8.298
2016/02/18,9.719
2016/02/19,7.065
2016/02/20,3.841
2016/02/21,11.434
2016/02/22,12.419
2016/02/23,7.872
2016/02/24,6.293
2016/02/25,7.674
2016/02/26,7.61
2016/02/27,12.613
2016/02/28,14.133
2016/02/29,15.468
2016/03/01,15.078
2016/03/02,15.63
2016/03/03,12.567
2016/03/04,12.726
2016/03/05,6.777
2016/03/06,4.27
2016/03/07,8.615
2016/03/08,9.297
2016/03/09,9.283
2016/03/10,10.47
2016/03/11,10.506
2016/03/12,8.491
2016/03/13,7.784
2016/03/14,6.208
2016/03/15,3.944
2016/03/16,2.675
2016/03/17,3.319
2016/03/18,-0.411
2016/03/19,-3.14
2016/03/20,-2.479
2016/03/21,-4.727
2016/03/22,-5.308
2016/03/23,-4.593
2016/03/24,-2.735
2016/03/25,-1.384
2016/03/26,-1.666
2016/03/27,-1.137
2016/03/28,-2.036
2016/03/29,-2.606
2016/03/30,-5.475
2016/03/31,-4.531
2016/04/01,-3.805
2016/04/02,-0.756
2016/04/03,-0.376
2016/04/04,3.608
2016/04/05,4.093
2016/04/06,2.808
2016/04/07,1.778
2016/04/08,2.033
2016/04/09,0.757
2016/04/10,-0.164
2016/04/11,1.627
2016/04/12,2.666
2016/04/13,2.316
2016/04/14,1.792
2016/04/15,2.654
2016/04/16,2.751
2016/04/17,3.571
2016/04/18,4.855
2016/04/19,4.496
2016/04/20,6.543
2016/04/21,6.725
2016/04/22,6.831
2016/04/23,7.222
2016/04/24,8.967
2016/04/25,9.88
2016/04/26,10.412
2016/04/27,8.326
2016/04/28,6.304
2016/04/29,8.818
2016/04/30,8.879
2016/05/01,8.382
2016/05/02,6.72
2016/05/03,6.788
2016/05/04,6.791
2016/05/05,6.101
2016/05/06,7.162
2016/05/07,9.043
2016/05/08,8.87
2016/05/09,9.874
2016/05/10,8.56
2016/05/11,7.74
2016/05/12,6.432
2016/05/13,7.231
2016/05/14,7.513
2016/05/15,6.918
2016/05/16,6.067
2016/05/17,5.991
2016/05/18,6.233
2016/05/19,4.846
2016/05/20,1.138
2016/05/21,-0.259
2016/05/22,-0.944
2016/05/23,-0.938
2016/05/24,-1.66
2016/05/25,-2.029
2016/05/26,-2.648
2016/05/27,2.921
2016/05/28,11.843
2016/05/29,16.273
2016/05/30,17.995
2016/05/31,18.994
2016/06/01,19.264
2016/06/02,19.77
2016/06/03,23.489
2016/06/04,27.874
2016/06/05,27.114
2016/06/06,26.758
2016/06/07,26.662
2016/06/08,25.414
2016/06/09,26.285
2016/06/10,26.617
2016/06/11,28.496
2016/06/12,40.553
2016/06/13,50.955
2016/06/14,50.414
2016/06/15,49.771
2016/06/16,62.085
2016/06/17,64.076
2016/06/18,66.446
2016/06/19,70.611
2016/06/20,69.133
2016/06/21,54.542
2016/06/22,47.155
2016/06/23,32.317
2016/06/24,45.609
2016/06/25,48.452
2016/06/26,35.695
2016/06/27,28.369
2016/06/28,23.967
2016/06/29,18.879
2016/06/30,21.611
2016/07/01,26.691
2016/07/02,27.915
2016/07/03,22.006
2016/07/04,17.064
2016/07/05,16.71
2016/07/06,15.533
2016/07/07,10.58
2016/07/08,12.206
2016/07/09,13.115
2016/07/10,12.613
2016/07/11,11.523
2016/07/12,2.377
2016/07/13,-3.976
2016/07/14,-4.398
2016/07/15,-3.483
2016/07/16,-10.107
2016/07/17,-10.386
2016/07/18,-9.761
2016/07/19,-11.197
2016/07/20,-10.736
2016/07/21,-2.852
2016/07/22,1.474
2016/07/23,10.993
2016/07/24,0.588
2016/07/25,-1.968
2016/07/26,1.766
2016/07/27,2.367
2016/07/28,1.122
2016/07/29,3.382
2016/07/30,0.634
2016/07/31,-5.66
2016/08/01,-9.269
2016/08/02,-11.613
2016/08/03,-17.415
2016/08/04,-14.475
2016/08/05,-14.564
2016/08/06,-10.216
2016/08/07,-8.571
2016/08/08,-9.323
2016/08/09,-9.176
2016/08/10,-8.778
2016/08/11,-9.4
2016/08/12,-11.005
2016/08/13,-10.515
2016/08/14,-12.539
2016/08/15,-13.879
2016/08/16,-14.303
2016/08/17,-14.904
2016/08/18,-14.213
2016/08/19,-13.908
2016/08/20,-12.798
2016/08/21,-11.914
2016/08/22,-10.868
2016/08/23,-10.991
2016/08/24,-11.489
2016/08/25,-11.701
2016/08/26,-11.439
2016/08/27,-12.315
2016/08/28,-12.675
2016/08/29,-12.264
2016/08/30,-9.329
2016/08/31,-7.411
2016/09/01,-3.726
2016/09/02,3.801
2016/09/03,1.213
2016/09/04,5.442
2016/09/05,5.246
2016/09/06,2.952
2016/09/07,3.563
2016/09/08,6.001
2016/09/09,5.599
2016/09/10,5.355
2016/09/11,5.676
2016/09/12,3.491
2016/09/13,5.701
2016/09/14,7.284
2016/09/15,6.593
2016/09/16,5.89
2016/09/17,5.85
2016/09/18,5.809
2016/09/19,5.577
2016/09/20,4.777
2016/09/21,2.624
2016/09/22,2.342
2016/09/23,3.223
2016/09/24,4.813
2016/09/25,4.206
2016/09/26,5.305
2016/09/27,5.893
2016/09/28,5.203
2016/09/29,4.839
2016/09/30,5.297
2016/10/01,6.716
2016/10/02,6.557
2016/10/03,5.338
2016/10/04,0.849
2016/10/05,0.801
2016/10/06,0.705
2016/10/07,0.613
2016/10/08,-0.652
2016/10/09,-0.967
2016/10/10,-1.219
2016/10/11,1.824
2016/10/12,4.955
2016/10/13,4.373
2016/10/14,4.271
2016/10/15,4.839
2016/10/16,5.169
2016/10/17,5.148
2016/10/18,4.78
2016/10/19,3.726
2016/10/20,3.329
2016/10/21,5.573
2016/10/22,7.305
2016/10/23,9.042
2016/10/24,7.821
2016/10/25,8.635
2016/10/26,9.993
2016/10/27,12.608
2016/10/28,13.319
2016/10/29,16.652
2016/10/30,16.514
2016/10/31,14.271
2016/11/01,17.906
2016/11/02,18.684
2016/11/03,18.834
2016/11/04,14.466
2016/11/05,14.992
2016/11/06,15.463
2016/11/07,14.036
2016/11/08,14.464
2016/11/09,17.526
2016/11/10,13.08
2016/11/11,12.102
2016/11/12,11.447
2016/11/13,9.366
2016/11/14,9.772
2016/11/15,10.964
2016/11/16,12.985
2016/11/17,16.566
2016/11/18,17.366
2016/11/19,18.87
2016/11/20,17.282
2016/11/21,14.481
2016/11/22,13.494
2016/11/23,14.125
2016/11/24,12.809
2016/11/25,10.512
2016/11/26,7.696
2016/11/27,6.898
2016/11/28,3.874
2016/11/29,3.914
2016/11/30,5.57
2016/12/01,3.815
2016/12/02,5.909
2016/12/03,5.577
2016/12/04,9.333
2016/12/05,7.436
2016/12/06,6.636
2016/12/07,8.054
2016/12/08,8.628
2016/12/09,6.101
2016/12/10,8.086
2016/12/11,7.399
2016/12/12,9.291
2016/12/13,11.709
2016/12/14,10.694
2016/12/15,9.405
2016/12/16,7.952
2016/12/17,5.934
2016/12/18,6.079
2016/12/19,5.587
2016/12/20,6.698
2016/12/21,10.43
2016/12/22,14.897
2016/12/23,20.508
2016/12/24,21.567
2016/12/25,18.618
2016/12/26,22.056
2016/12/27,24.35
2016/12/28,29.705
2016/12/29,31.848
2016/12/30,28.898
2016/12/31,27.447
2017/01/01,26.487
2017/01/02,32.086
2017/01/03,33.13
2017/01/04,42.357
2017/01/05,38.246
2017/01/06,22.012
2017/01/07,12.879
2017/01/08,18.255
2017/01/09,15.381
2017/01/10,17.175
2017/01/11,8.909
2017/01/12,0.469
2017/01/13,3.667
2017/01/14,6.292
2017/01/15,4.763
2017/01/16,4.987
2017/01/17,10.855
2017/01/18,11.853
2017/01/19,12.701
2017/01/20,10.026
2017/01/21,7.329
2017/01/22,2.925
2017/01/23,2.263
2017/01/24,3.941
2017/01/25,-0.3
2017/01/26,-0.772
2017/01/27,-3.751
2017/01/28,-5.05
2017/01/29,-3.723
2017/01/30,-3.891
2017/01/31,-3.441
2017/02/01,-4.032
2017/02/02,-2.762
2017/02/03,-6.125
2017/02/04,-2.976
2017/02/05,9.532
2017/02/06,17.524
2017/02/07,14.191
2017/02/08,17.786
2017/02/09,13.4
2017/02/10,15.401
2017/02/11,28.404
2017/02/12,24.182
2017/02/13,20.479
2017/02/14,22.847
2017/02/15,21.835
2017/02/16,17.161
2017/02/17,18.129
2017/02/18,18.642
2017/02/19,17.606
2017/02/20,15.017
2017/02/21,18.867
2017/02/22,21.373
2017/02/23,25.76
2017/02/24,31.748
2017/02/25,28.688
2017/02/26,26.773
2017/02/27,28.858
2017/02/28,29.977
2017/03/01,31.37
2017/03/02,31.934
2017/03/03,31.04
2017/03/04,28.482
2017/03/05,25.028
2017/03/06,25.602
2017/03/07,23.142
2017/03/08,17.632
2017/03/09,13.229
2017/03/10,14.566
2017/03/11,14.537
2017/03/12,22.736
2017/03/13,22.485
2017/03/14,23.894
2017/03/15,25.426
2017/03/16,21.506
2017/03/17,12.427
2017/03/18,1.565
2017/03/19,-2.824
2017/03/20,-1.655
2017/03/21,3.749
2017/03/22,0.958
2017/03/23,-4.68
2017/03/24,-10.459
2017/03/25,-17.972
2017/03/26,-17.329
2017/03/27,-13.76
2017/03/28,-9.875
2017/03/29,-12.348
2017/03/30,-12.858
2017/03/31,-12.152
2017/04/01,-12.455
2017/04/02,-14.18
2017/04/03,-10.916
2017/04/04,-9.426
2017/04/05,-11.371
2017/04/06,-7.027
2017/04/07,-0.62
2017/04/08,1.083
2017/04/09,-0.661
2017/04/10,3.483
2017/04/11,1.573
2017/04/12,-0.846
2017/04/13,-3.861
2017/04/14,-5.02
2017/04/15,-2.474
2017/04/16,4.986
2017/04/17,14.579
2017/04/18,20.147
2017/04/19,17.129
2017/04/20,13.246
2017/04/21,18.277
2017/04/22,19.987
2017/04/23,25.493
2017/04/24,34.507
2017/04/25,30.25
2017/04/26,28.877
2017/04/27,26.166
2017/04/28,28.075
2017/04/29,28.726
2017/04/30,26.511
2017/05/01,28.357
2017/05/02,31.895
2017/05/03,29.158
2017/05/04,32.821
2017/05/05,35.961
2017/05/06,31.471
2017/05/07,29.632
2017/05/08,34.731
2017/05/09,42.413
2017/05/10,42.4
2017/05/11,48.37
2017/05/12,44.735
2017/05/13,42.717
2017/05/14,49.891
2017/05/15,44.969
2017/05/16,43.913
2017/05/17,50.316
2017/05/18,50.849
2017/05/19,58.078
2017/05/20,61.233
2017/05/21,62.767
2017/05/22,71.675
2017/05/23,76.323
2017/05/24,89.203
2017/05/25,102.477
2017/05/26,83.824
2017/05/27,56.301
2017/05/28,62.739
2017/05/29,65.419
2017/05/30,68.874
2017/05/31,60.847
2017/06/01,65.847
2017/06/02,65.07
2017/06/03,64.722
2017/06/04,63.709
2017/06/05,69.535
2017/06/06,83.12
2017/06/07,74.795
2017/06/08,61.199
2017/06/09,63.357
2017/06/10,58.061
2017/06/11,64.105
2017/06/12,64.663
2017/06/13,52.667
2017/06/14,54.102
2017/06/15,39.088
2017/06/16,37.225
2017/06/17,39.293
2017/06/18,33.442
2017/06/19,28.837
2017/06/20,29.933
2017/06/21,25.938
2017/06/22,21.239
2017/06/23,13.896
2017/06/24,3.342
2017/06/25,7.996
2017/06/26,19.954
2017/06/27,11.633
2017/06/28,14.316
2017/06/29,12.703
2017/06/30,12.392
2017/07/01,2.662
2017/07/02,0.723
2017/07/03,0.723
2017/07/04,3.033
2017/07/05,-1.079
2017/07/06,-8.277
2017/07/07,-9.139
2017/07/08,-8.313
2017/07/09,-9.646
2017/07/10,-13.725
2017/07/11,-19.106
2017/07/12,-16.375
2017/07/13,-12.792
2017/07/14,-14.246
2017/07/15,-12.546
2017/07/16,-20.967
2017/07/17,-19.745
2017/07/18,-11.608
2017/07/19,-9.859
2017/07/20,-7.013
2017/07/21,-0.187
2017/07/22,3.348
2017/07/23,1.847
2017/07/24,3.414
2017/07/25,2.252
2017/07/26,1.267
2017/07/27,6.685
2017/07/28,8.636
2017/07/29,7.08
2017/07/30,7.163
2017/07/31,13.232
2017/08/01,14.582
2017/08/02,7.94
2017/08/03,6.175
2017/08/04,10.329
2017/08/05,21.774
2017/08/06,27.381
2017/08/07,31.562
2017/08/08,34.744
2017/08/09,36.569
2017/08/10,45.199
2017/08/11,50.138
2017/08/12,59.857
2017/08/13,77.522
2017/08/14,101.289
2017/08/15,115.826
2017/08/16,103.406
2017/08/17,91.913
2017/08/18,83.636
2017/08/19,65.526
2017/08/20,51.808
2017/08/21,46.161
2017/08/22,42.811
2017/08/23,51.415
2017/08/24,60.101
2017/08/25,74.433
2017/08/26,68.177
2017/08/27,58.604
2017/08/28,58.406
2017/08/29,66.106
2017/08/30,65.488
2017/08/31,67.924
2017/09/01,76.934
2017/09/02,70.837
2017/09/03,62.527
2017/09/04,39.635
2017/09/05,32.515
2017/09/06,38.019
2017/09/07,34.786
2017/09/08,34.507
2017/09/09,27.312
2017/09/10,20.2
2017/09/11,12.131
2017/09/12,5.715
2017/09/13,-5.472
2017/09/14,-12.898
2017/09/15,-17.899
2017/09/16,-14.246
2017/09/17,-13.453
2017/09/18,-3.136
2017/09/19,-3.013
2017/09/20,-2.098
2017/09/21,-3.305
2017/09/22,-12.296
2017/09/23,-11.107
2017/09/24,-14.978
2017/09/25,-11.355
2017/09/26,-9.684
2017/09/27,-6.282
2017/09/28,-6.102
2017/09/29,-9.378
2017/09/30,-8.28
2017/10/01,-10.093
2017/10/02,-5.815
2017/10/03,-5.982
2017/10/04,-3.151
2017/10/05,-0.528
2017/10/06,-4.201
2017/10/07,-5.393
2017/10/08,-0.025
2017/10/09,7.58
2017/10/10,14.243
2017/10/11,13.14
2017/10/12,18.834
2017/10/13,41.854
2017/10/14,55.59
2017/10/15,64.218
2017/10/16,52.141
2017/10/17,53.524
2017/10/18,36.244
2017/10/19,42.197
2017/10/20,46.222
2017/10/21,59.463
2017/10/22,62.38
2017/10/23,57.337
2017/10/24,52.5
2017/10/25,44.722
2017/10/26,48.254
2017/10/27,43.993
2017/10/28,37.016
2017/10/29,41.536
2017/10/30,42.712
2017/10/31,44.429
2017/11/01,47.189
2017/11/02,60.969
2017/11/03,69.831
2017/11/04,70.206
2017/11/05,70.909
2017/11/06,66.217
2017/11/07,57.774
2017/11/08,58.596
2017/11/09,50.234
2017/11/10,44.938
2017/11/11,29.028
2017/11/12,8.967
2017/11/13,11.767
2017/11/14,17.199
2017/11/15,24.547
2017/11/16,32.461
2017/11/17,45.256
2017/11/18,36.228
2017/11/19,35.312
2017/11/20,33.493
2017/11/21,38.159
2017/11/22,39.623
2017/11/23,44.554
2017/11/24,47.276
2017/11/25,45.336
2017/11/26,55.232
2017/11/27,66.942
2017/11/28,67.741
2017/11/29,71.17
2017/11/30,60.101
2017/12/01,57.31
2017/12/02,57.639
2017/12/03,56.35
2017/12/04,57.136
2017/12/05,56.798
2017/12/06,74.473
2017/12/07,114.851
2017/12/08,121.117
2017/12/09,111.535
2017/12/10,109.442
2017/12/11,152.864
2017/12/12,176.61
2017/12/13,163.949
2017/12/14,150.3
2017/12/15,147.988
2017/12/16,145.695
2017/12/17,147.447
2017/12/18,144.681
2017/12/19,133.905
2017/12/20,108.318
2017/12/21,99.457
2017/12/22,70.974
2017/12/23,84.337
2017/12/24,67.708
2017/12/25,63.344
2017/12/26,68.377
2017/12/27,63.548
2017/12/28,45.355
2017/12/29,39.296
2017/12/30,32.826
2017/12/31,30.927
2018/01/01,23.2
2018/01/02,23.004
2018/01/03,31.654
2018/01/04,27.034
2018/01/05,25.481
2018/01/06,9.826
2018/01/07,2.495
2018/01/08,0.916
2018/01/09,3.318
2018/01/10,-13.482
2018/01/11,-18.034
2018/01/12,-17.295
2018/01/13,-13.067
2018/01/14,-21.218
2018/01/15,-24.011
2018/01/16,-36.834
2018/01/17,-42.998
2018/01/18,-36.891
2018/01/19,-31.595
2018/01/20,-23.096
2018/01/21,-14.584
2018/01/22,-25.65
2018/01/23,-21.157
2018/01/24,-19.753
2018/01/25,-25.219
2018/01/26,-29.447
2018/01/27,-21.25
2018/01/28,-19.786
2018/01/29,-14.352
2018/01/30,-19.553
2018/01/31,-24.91
2018/02/01,-29.94
2018/02/02,-41.783
2018/02/03,-38.916
2018/02/04,-44.423
2018/02/05,-54.098
2018/02/06,-59.048
2018/02/07,-48.738
2018/02/08,-45.107
2018/02/09,-42.072
2018/02/10,-37.312
2018/02/11,-40.552
2018/02/12,-39.69
2018/02/13,-37.366
2018/02/14,-35.006
2018/02/15,-19.722
2018/02/16,-6.412
2018/02/17,-7.339
2018/02/18,-6.816
2018/02/19,-13.088
2018/02/20,-3.614
2018/02/21,-3.26
2018/02/22,-4.4
2018/02/23,-9.448
2018/02/24,-12.38
2018/02/25,-12.956
2018/02/26,-11.994
2018/02/27,-9.69
2018/02/28,-6.731
2018/03/01,-1.07
2018/03/02,8.35
2018/03/03,16.5
2018/03/04,28.846
2018/03/05,26.906
2018/03/06,25.207
2018/03/07,35.357
2018/03/08,41.908
2018/03/09,12.53
2018/03/10,12.067
2018/03/11,9.219
2018/03/12,8.819
2018/03/13,11.374
2018/03/14,1.466
2018/03/15,-6.153
2018/03/16,-8.035
2018/03/17,-17.675
2018/03/18,-23.479
2018/03/19,-21.958
2018/03/20,-19.78
2018/03/21,-17.43
2018/03/22,-23.736
2018/03/23,-21.213
2018/03/24,-13.986
2018/03/25,-14.801
2018/03/26,-17.428
2018/03/27,-17.27
2018/03/28,-20.116
2018/03/29,-28.626
2018/03/30,-34.873
2018/03/31,-34.141
2018/04/01,-37.958
2018/04/02,-38.375
2018/04/03,-34.831
2018/04/04,-38.403
2018/04/05,-38.65
2018/04/06,-36.006
2018/04/07,-28.88
2018/04/08,-21.369
2018/04/09,-25.235
2018/04/10,-24.93
2018/04/11,-26.913
2018/04/12,-19.794
2018/04/13,-8.883
2018/04/14,-1.216
2018/04/15,-1.037
2018/04/16,0.063
2018/04/17,4.913
2018/04/18,-3.298
2018/04/19,-4.615
2018/04/20,-5.974
2018/04/21,0.121
2018/04/22,4.261
2018/04/23,0.496
2018/04/24,8.942
2018/04/25,12.079
2018/04/26,11.421
2018/04/27,16.226
2018/04/28,22.544
2018/04/29,35.569
2018/04/30,32.445
2018/05/01,31.914
2018/05/02,30.336
2018/05/03,27.792
2018/05/04,36.07
2018/05/05,45.198
2018/05/06,44.721
2018/05/07,35.45
2018/05/08,32.231
2018/05/09,33.14
2018/05/10,36.479
2018/05/11,26.229
2018/05/12,14.729
2018/05/13,6.967
2018/05/14,7.105
2018/05/15,4.992
2018/05/16,2.309
2018/05/17,2.755
2018/05/18,0.37
2018/05/19,0.287
2018/05/20,-1.014
2018/05/21,-3.895
2018/05/22,-7.315
2018/05/23,-12.427
2018/05/24,-19.024
2018/05/25,-18.683
2018/05/26,-15.482
2018/05/27,-20.394
2018/05/28,-21.361
2018/05/29,-21.932
2018/05/30,-19.879
2018/05/31,-16.521
2018/06/01,-17.824
2018/06/02,-18.879
2018/06/03,-20.314
2018/06/04,-22.854
2018/06/05,-22.205
2018/06/06,-18.662
2018/06/07,-16.957
2018/06/08,-16.936
2018/06/09,-17.6
2018/06/10,-18.048
2018/06/11,-19.799
2018/06/12,-20.907
2018/06/13,-24.853
2018/06/14,-24.702
2018/06/15,-20.799
2018/06/16,-21.878
2018/06/17,-19.481
2018/06/18,-20.838
2018/06/19,-19.591
2018/06/20,-20.976
2018/06/21,-18.239
2018/06/22,-18.344
2018/06/23,-18.599
2018/06/24,-19.491
2018/06/25,-17.189
2018/06/26,-15.155
2018/06/27,-15.749
2018/06/28,-16.285
2018/06/29,-20.378
2018/06/30,-15.094
2018/07/01,-14.839
2018/07/02,-14.911
2018/07/03,-14.167
2018/07/04,-13.203
2018/07/05,-12.126
2018/07/06,-13.783
2018/07/07,-14.234
2018/07/08,-11.656
2018/07/09,-11.938
2018/07/10,-8.872
2018/07/11,-5.437
2018/07/12,-7.718
2018/07/13,-3.137
2018/07/14,-4.016
2018/07/15,-3.427
2018/07/16,0.847
2018/07/17,5.435
2018/07/18,13.284
2018/07/19,9.829
2018/07/20,10.925
2018/07/21,8.86
2018/07/22,16.815
2018/07/23,24.969
2018/07/24,33.504
2018/07/25,32.597
2018/07/26,31.55
2018/07/27,30.895
2018/07/28,33.656
2018/07/29,38.252
2018/07/30,27.576
2018/07/31,24.123
2018/08/01,16.985
2018/08/02,14.877
2018/08/03,12.305
2018/08/04,9.971
2018/08/05,6.691
2018/08/06,5.981
2018/08/07,3.569
2018/08/08,-4.24
2018/08/09,-1.803
2018/08/10,0.218
2018/08/11,-0.91
2018/08/12,0.953
2018/08/13,1.639
2018/08/14,-4.387
2018/08/15,-2.442
2018/08/16,-7.803
2018/08/17,-12.661
2018/08/18,-12.703
2018/08/19,-13.703
2018/08/20,-12.125
2018/08/21,-14.008
2018/08/22,-14.185
2018/08/23,-20.126
2018/08/24,-20.457
2018/08/25,-17.906
2018/08/26,-16.581
2018/08/27,-17.69
2018/08/28,-14.727
2018/08/29,-13.204
2018/08/30,-12.381
2018/08/31,-7.723
2018/09/01,-6.375
2018/09/02,-2.077
2018/09/03,0.123
2018/09/04,4.613
2018/09/05,1.984
2018/09/06,-7.962
2018/09/07,0.15
2018/09/08,-0.279
2018/09/09,-1.653
2018/09/10,1.803
2018/09/11,-0.061
2018/09/12,-1.078
2018/09/13,6.376
2018/09/14,2.033
2018/09/15,2.708
2018/09/16,0.261
2018/09/17,-0.787
2018/09/18,-1.631
2018/09/19,-1.702
2018/09/20,0.181
2018/09/21,1.14
2018/09/22,4.173
2018/09/23,2.228
2018/09/24,-1.28
2018/09/25,-3.998
2018/09/26,-3.913
2018/09/27,-6.708
2018/09/28,-5.429
2018/09/29,-5.465
2018/09/30,-5.497
2018/10/01,-7.076
2018/10/02,-9.245
2018/10/03,-10.803
2018/10/04,-10.22
2018/10/05,-7.855
2018/10/06,2.413
2018/10/07,1.804
2018/10/08,3.914
2018/10/09,5.251
2018/10/10,4.336
2018/10/11,-0.441
2018/10/12,-0.144
2018/10/13,-2.51
2018/10/14,-2.638
2018/10/15,1.388
2018/10/16,2.318
2018/10/17,3.135
2018/10/18,4.556
2018/10/19,2.552
2018/10/20,1.617
2018/10/21,-1.383
2018/10/22,-2.63
2018/10/23,-2.994
2018/10/24,-1.731
2018/10/25,1.217
2018/10/26,0.359
2018/10/27,-0.559
2018/10/28,-2.99
2018/10/29,-2.459
2018/10/30,-4.221
2018/10/31,-4.238
2018/11/01,-3.308
2018/11/02,-1.145
2018/11/03,-3.006
2018/11/04,-2.585
2018/11/05,-2.232
2018/11/06,-1.909
2018/11/07,-1.252
2018/11/08,-2.042
2018/11/09,-2.302
2018/11/10,2.223
2018/11/11,2.124
2018/11/12,2.189
2018/11/13,1.107
2018/11/14,-6.901
2018/11/15,-15.606
2018/11/16,-15.093
2018/11/17,-15.521
2018/11/18,-13.514
2018/11/19,-19.015
2018/11/20,-29.55
2018/11/21,-30.73
2018/11/22,-30.255
2018/11/23,-33.77
2018/11/24,-33.718
2018/11/25,-40.702
2018/11/26,-39.418
2018/11/27,-41.767
2018/11/28,-35.724
2018/11/29,-32.539
2018/11/30,-34.764
2018/12/01,-34.919
2018/12/02,-34.602
2018/12/03,-37.284
2018/12/04,-37.936
2018/12/05,-39.544
2018/12/06,-41.813
2018/12/07,-47.844
2018/12/08,-46.97
2018/12/09,-44.607
2018/12/10,-44.673
2018/12/11,-46.053
2018/12/12,-45.793
2018/12/13,-46.407
2018/12/14,-46.383
2018/12/15,-41.913
2018/12/16,-41.233
2018/12/17,-38.661
2018/12/18,-36.541
2018/12/19,-27.859
2018/12/20,-13.989
2018/12/21,-10.918
2018/12/22,-13.705
2018/12/23,-6.622
2018/12/24,-3.128
2018/12/25,-0.547
2018/12/26,-2.543
2018/12/27,-0.261
2018/12/28,-9.023
2018/12/29,-8.341
2018/12/30,-7.132
2018/12/31,-8.112
2019/01/01,-10.693
2019/01/02,-3.481
2019/01/03,-2.681
2019/01/04,-2.027
2019/01/05,2.815
2019/01/06,14.928
2019/01/07,17.49
2019/01/08,13.18
2019/01/09,13.553
2019/01/10,10.574
2019/01/11,5.124
2019/01/12,6.271
2019/01/13,9.05
2019/01/14,10.683
2019/01/15,11.003
2019/01/16,6.118
2019/01/17,1.359
2019/01/18,-4.62
2019/01/19,-7.407
2019/01/20,-9.814
2019/01/21,-9.198
2019/01/22,-11.519
2019/01/23,-13.95
2019/01/24,-6.611
2019/01/25,-6.578
2019/01/26,-4.38
2019/01/27,-4.49
2019/01/28,-11.266
2019/01/29,-10.506
2019/01/30,-8.931
2019/01/31,-7.6
2019/02/01,-10.61
2019/02/02,-10.71
2019/02/03,-9.6
2019/02/04,-10.848
2019/02/05,-12.196
2019/02/06,-16.087
2019/02/07,-15.847
2019/02/08,-13.762
2019/02/09,-4.557
2019/02/10,-0.447
2019/02/11,-0.29
2019/02/12,0.305
2019/02/13,0.363
2019/02/14,-1.635
2019/02/15,-0.693
2019/02/16,-0.176
2019/02/17,-0.461
2019/02/18,2.915
2019/02/19,8.153
2019/02/20,10.799
2019/02/21,10.327
2019/02/22,10.186
2019/02/23,12.038
2019/02/24,12.284
2019/02/25,6.155
2019/02/26,6.856
2019/02/27,9.94
2019/02/28,11.687
2019/03/01,10.749
2019/03/02,10.594
2019/03/03,10.532
2019/03/04,8.286
2019/03/05,9.616
2019/03/06,12.033
2019/03/07,12.708
2019/03/08,14.584
2019/03/09,15.426
2019/03/10,12.497
2019/03/11,6.532
2019/03/12,6.18
2019/03/13,6.424
2019/03/14,7.27
2019/03/15,7.953
2019/03/16,11.248
2019/03/17,10.737
2019/03/18,10.391
2019/03/19,10.576
2019/03/20,5.922
2019/03/21,2.33
2019/03/22,1.441
2019/03/23,1.461
2019/03/24,0.777
2019/03/25,-0.817
2019/03/26,-2.173
2019/03/27,5.007
2019/03/28,5.461
2019/03/29,6.831
2019/03/30,7.048
2019/03/31,6.928
2019/04/01,8.175
2019/04/02,21.663
2019/04/03,34.242
2019/04/04,31.362
2019/04/05,29.25
2019/04/06,29.97
2019/04/07,31.852
2019/04/08,33.441
2019/04/09,32.805
2019/04/10,35.325
2019/04/11,32.398
2019/04/12,30.276
2019/04/13,31.283
2019/04/14,30.111
2019/04/15,27.942
2019/04/16,28.016
2019/04/17,30.733
2019/04/18,31.525
2019/04/19,30.802
2019/04/20,31.892
2019/04/21,32.047
2019/04/22,32.76
2019/04/23,38.63
2019/04/24,38.078
2019/04/25,38.082
2019/04/26,30.804
2019/04/27,30.251
2019/04/28,28.933
2019/04/29,27.7
2019/04/30,28.324
2019/05/01,29.381
2019/05/02,16.929
2019/05/03,13.442
2019/05/04,15.622
2019/05/05,15.909
2019/05/06,13.169
2019/05/07,15.276
2019/05/08,12.959
2019/05/09,17.025
2019/05/10,20.055
2019/05/11,32.817
2019/05/12,41.936
2019/05/13,45.501
2019/05/14,57.251
2019/05/15,57.021
2019/05/16,56.552
2019/05/17,39.605
2019/05/18,39.194
2019/05/19,50.435
2019/05/20,48.769
2019/05/21,50.31
2019/05/22,48.464
2019/05/23,39.256
2019/05/24,45.358
2019/05/25,47.733
2019/05/26,54.329
2019/05/27,66.939
2019/05/28,65.779
2019/05/29,65.049
2019/05/30,64.029
2019/05/31,56.056
2019/06/01,57.227
2019/06/02,51.852
2019/06/03,48.464
2019/06/04,36.184
2019/06/05,36.151
2019/06/06,30.99
2019/06/07,34.445
2019/06/08,30.447
2019/06/09,23.397
2019/06/10,14.741
2019/06/11,10.149
2019/06/12,8.362
2019/06/13,2.069
2019/06/14,3.597
2019/06/15,9.018
2019/06/16,24.605
2019/06/17,25.884
2019/06/18,15.789
2019/06/19,15.828
2019/06/20,17.648
2019/06/21,24.252
2019/06/22,39.367
2019/06/23,35.165
2019/06/24,35.425
2019/06/25,39.711
2019/06/26,44.496
2019/06/27,35.613
2019/06/28,35.309
2019/06/29,37.424
2019/06/30,38.458
2019/07/01,25.378
2019/07/02,19.172
2019/07/03,32.796
2019/07/04,49.358
2019/07/05,43.24
2019/07/06,46.761
2019/07/07,42.386
2019/07/08,48.186
2019/07/09,60.298
2019/07/10,61.907
2019/07/11,46.987
2019/07/12,44.458
2019/07/13,40.112
2019/07/14,30.365
2019/07/15,19.741
2019/07/16,14.133
2019/07/17,3.85
2019/07/18,9.735
2019/07/19,14.412
2019/07/20,14.272
2019/07/21,7.997
2019/07/22,-2.563
2019/07/23,-6.471
2019/07/24,-10.598
2019/07/25,-11.417
2019/07/26,-22.781
2019/07/27,-17.686
2019/07/28,-18.822
2019/07/29,-19.474
2019/07/30,-17.478
2019/07/31,-8.015
2019/08/01,-2.319
2019/08/02,-7.54
2019/08/03,-8.184
2019/08/04,-2.935
2019/08/05,2.602
2019/08/06,4.201
2019/08/07,-0.316
2019/08/08,-5.489
2019/08/09,-6.39
2019/08/10,0.112
2019/08/11,-1.559
2019/08/12,-0.176
2019/08/13,2.688
2019/08/14,0.59
2019/08/15,-3.177
2019/08/16,6.935
2019/08/17,2.539
2019/08/18,-1.662
2019/08/19,-0.546
2019/08/20,1.684
2019/08/21,-2.278
2019/08/22,-0.237
2019/08/23,5.683
2019/08/24,1.282
2019/08/25,3.285
2019/08/26,6.318
2019/08/27,7.276
2019/08/28,5.536
2019/08/29,-0.146
2019/08/30,-2.993
2019/08/31,-4.709
2019/09/01,-8.072
2019/09/02,-7.93
2019/09/03,-2.742
2019/09/04,-9.531
2019/09/05,-10.169
2019/09/06,-9.136
2019/09/07,-11.725
2019/09/08,-11.568
2019/09/09,-11.055
2019/09/10,-10.173
2019/09/11,-11.596
2019/09/12,-8.277
2019/09/13,-1.589
2019/09/14,3.155
2019/09/15,0.868
2019/09/16,-0.209
2019/09/17,-0.559
2019/09/18,-3.796
2019/09/19,-6.976
2019/09/20,-0.268
2019/09/21,-0.003
2019/09/22,-2.538
2019/09/23,-2.435
2019/09/24,-6.279
2019/09/25,-18.21
2019/09/26,-18.947
2019/09/27,-20.146
2019/09/28,-14.29
2019/09/29,-15.317
2019/09/30,-15.898
2019/10/01,-13.194
2019/10/02,-16.799
2019/10/03,-21.509
2019/10/04,-22.646
2019/10/05,-23.127
2019/10/06,-24.762
2019/10/07,-22.612
2019/10/08,-21.532
2019/10/09,-19.195
2019/10/10,-16.47
2019/10/11,-16.641
2019/10/12,-18.528
2019/10/13,-19.015
2019/10/14,-19.632
2019/10/15,-19.935
2019/10/16,-21.44
2019/10/17,-21.301
2019/10/18,-21.851
2019/10/19,-20.268
2019/10/20,-21.212
2019/10/21,-18.126
2019/10/22,-17.956
2019/10/23,-21.81
2019/10/24,-21.259
2019/10/25,-6.988
2019/10/26,12.846
2019/10/27,16.802
2019/10/28,15.853
2019/10/29,16.01
2019/10/30,14.079
2019/10/31,9.935
2019/11/01,11.016
2019/11/02,12.562
2019/11/03,13.105
2019/11/04,14.216
2019/11/05,16.727
2019/11/06,16.034
2019/11/07,12.905
2019/11/08,8.116
2019/11/09,3.243
2019/11/10,6.169
2019/11/11,5.869
2019/11/12,4.922
2019/11/13,5.743
2019/11/14,5.492
2019/11/15,6.422
2019/11/16,5.795
2019/11/17,7.571
2019/11/18,6.033
2019/11/19,2.169
2019/11/20,-0.712
2019/11/21,-3.468
2019/11/22,-4.913
2019/11/23,-2.696
2019/11/24,-8.438
2019/11/25,-25.139
2019/11/26,-23.828
2019/11/27,-23.21
2019/11/28,-19.521
2019/11/29,-17.613
2019/11/30,-16.556
2019/12/01,-19.786
2019/12/02,-21.275
2019/12/03,-20.829
2019/12/04,-21.221
2019/12/05,-21.439
2019/12/06,-20.572
2019/12/07,-18.52
2019/12/08,-16.27
2019/12/09,-15.189
2019/12/10,-17.735
2019/12/11,-17.705
2019/12/12,-17.756
2019/12/13,-17.497
2019/12/14,-17.456
2019/12/15,-17.123
2019/12/16,-16.883
2019/12/17,-20.153
2019/12/18,-19.634
2019/12/19,-12.511
2019/12/20,-11.801
2019/12/21,-9.03
2019/12/22,-1.243
2019/12/23,3.78
2019/12/24,2.129
2019/12/25,4.372
2019/12/26,1.567
2019/12/27,-0.081
2019/12/28,-2.562
2019/12/29,-1.656
2019/12/30,-3.716
2019/12/31,-0.922
2020/01/01,-1.06
2020/01/02,-2.62
2020/01/03,-0.878
2020/01/04,0.528
2020/01/05,0.905
2020/01/06,0.419
2020/01/07,5.356
2020/01/08,10.434
2020/01/09,8.211
2020/01/10,9.179
2020/01/11,12.511
2020/01/12,12.235
2020/01/13,13.136
2020/01/14,20.723
2020/01/15,23.909
2020/01/16,26.84
2020/01/17,30.438
2020/01/18,24.092
2020/01/19,22.849
2020/01/20,20.283
2020/01/21,19.189
2020/01/22,15.46
2020/01/23,15.024
2020/01/24,15.481
2020/01/25,14.727
2020/01/26,16.558
2020/01/27,18.783
2020/01/28,21.154
2020/01/29,26.536
2020/01/30,28.817
2020/01/31,29.412
2020/02/01,31.791
2020/02/02,29.624
2020/02/03,26.602
2020/02/04,23.045
2020/02/05,24.156
2020/02/06,22.049
2020/02/07,18.426
2020/02/08,23.668
2020/02/09,27.091
2020/02/10,22.312
2020/02/11,22.366
2020/02/12,26.746
2020/02/13,19.566
2020/02/14,17.009
2020/02/15,16.781
2020/02/16,11.807
2020/02/17,9.166
2020/02/18,11.067
2020/02/19,16.387
2020/02/20,10.837
2020/02/21,11.439
2020/02/22,14.137
2020/02/23,17.115
2020/02/24,16.834
2020/02/25,12.457
2020/02/26,3.664
2020/02/27,-2.719
2020/02/28,-6.871
2020/02/29,-7.496
2020/03/01,-8.477
2020/03/02,-6.804
2020/03/03,-6.461
2020/03/04,-6.292
2020/03/05,-2.255
2020/03/06,-3.41
2020/03/07,-6.762
2020/03/08,-12.341
2020/03/09,-19.715
2020/03/10,-21.078
2020/03/11,-20.907
2020/03/12,-32.827
2020/03/13,-48.908
2020/03/14,-47.501
2020/03/15,-48.241
2020/03/16,-50.701
2020/03/17,-47.773
2020/03/18,-46.709
2020/03/19,-42.401
2020/03/20,-37.689
2020/03/21,-35.837
2020/03/22,-36.679
2020/03/23,-36.925
2020/03/24,-32.695
2020/03/25,-31.748
2020/03/26,-29.983
2020/03/27,-26.254
2020/03/28,-29.252
2020/03/29,-29.662
2020/03/30,-27.893
2020/03/31,-24.742
2020/04/01,-27.87
2020/04/02,-23.531
2020/04/03,-22.185
2020/04/04,-24.943
2020/04/05,-25.283
2020/04/06,-21.748
2020/04/07,-14.886
2020/04/08,-7.69
2020/04/09,-8.432
2020/04/10,-11.144
2020/04/11,2.246
2020/04/12,31.602
2020/04/13,24.879
2020/04/14,29.295
2020/04/15,35.732
2020/04/16,33.098
2020/04/17,36.521
2020/04/18,25.793
2020/04/19,13.826
2020/04/20,14.274
2020/04/21,11.871
2020/04/22,14.594
2020/04/23,9.689
2020/04/24,12.932
2020/04/25,13.122
2020/04/26,13.442
2020/04/27,23.713
2020/04/28,26.162
2020/04/29,30.839
2020/04/30,37.693
2020/05/01,39.007
2020/05/02,31.716
2020/05/03,31.519
2020/05/04,29.623
2020/05/05,30.963
2020/05/06,28.626
2020/05/07,29.203
2020/05/08,36.233
2020/05/09,33.453
2020/05/10,24.591
2020/05/11,27.149
2020/05/12,26.321
2020/05/13,34.011
2020/05/14,38.545
2020/05/15,40.126
2020/05/16,36.48
2020/05/17,36.03
2020/05/18,36.456
2020/05/19,35.243
2020/05/20,37.313
2020/05/21,35.549
2020/05/22,30.789
2020/05/23,26.746
2020/05/24,21.549
2020/05/25,17.092
2020/05/26,16.986
2020/05/27,17.233
2020/05/28,20.637
2020/05/29,15.427
2020/05/30,7.062
2020/05/31,8.894
2020/06/01,8.204
2020/06/02,10.265
2020/06/03,8.896
2020/06/04,9.054
2020/06/05,7.15
2020/06/06,2.235
2020/06/07,-2.751
2020/06/08,0.094
2020/06/09,11.759
2020/06/10,12.512
2020/06/11,10.075
2020/06/12,4.285
2020/06/13,-0.833
2020/06/14,-0.989
2020/06/15,-1.551
2020/06/16,-1.274
2020/06/17,-2.736
2020/06/18,-2.587
2020/06/19,-3.318
2020/06/20,0.302
2020/06/21,2.55
2020/06/22,2.967
2020/06/23,5.583
2020/06/24,7.233
2020/06/25,4.388
2020/06/26,2.068
2020/06/27,-1.9
2020/06/28,-3.979
2020/06/29,-3.792
2020/06/30,-3.931
2020/07/01,-3.725
2020/07/02,-6.984
2020/07/03,-4.56
2020/07/04,-5.903
2020/07/05,-6.662
2020/07/06,-4.269
2020/07/07,-3.574
2020/07/08,-3.692
2020/07/09,-3.674
2020/07/10,-5.695
2020/07/11,-3.928
2020/07/12,-1.43
2020/07/13,-1.355
2020/07/14,-1.832
2020/07/15,-0.036
2020/07/16,-3.488
2020/07/17,-3.099
2020/07/18,-2.428
2020/07/19,-1.692
2020/07/20,-1.182
2020/07/21,-0.304
2020/07/22,-0.983
2020/07/23,-0.911
2020/07/24,1.02
2020/07/25,3.952
2020/07/26,6.69
2020/07/27,14
2020/07/28,20.927
2020/07/29,21.292
2020/07/30,20.226
2020/07/31,21.412
2020/08/01,25.996
2020/08/02,24.292
2020/08/03,23.215
2020/08/04,23.508
2020/08/05,23.99
2020/08/06,26.42
2020/08/07,25.018
2020/08/08,24.784
2020/08/09,26.411
2020/08/10,28.184
2020/08/11,25.266
2020/08/12,23.07
2020/08/13,24.863
2020/08/14,26.974
2020/08/15,29.559
2020/08/16,29.286
2020/08/17,31.005
2020/08/18,32.318
2020/08/19,28.018
2020/08/20,26.319
2020/08/21,25.077
2020/08/22,20.935
2020/08/23,21.572
2020/08/24,21.952
2020/08/25,17.127
2020/08/26,9.463
2020/08/27,3.338
2020/08/28,3.125
2020/08/29,4.293
2020/08/30,3.703
2020/08/31,0.816
2020/09/01,4.671
2020/09/02,2.925
2020/09/03,-1.716
2020/09/04,-9.319
2020/09/05,-12.569
2020/09/06,-12.92
2020/09/07,-13.001
2020/09/08,-13.01
2020/09/09,-14.336
2020/09/10,-11.131
2020/09/11,-10.086
2020/09/12,-10.158
2020/09/13,-11.498
2020/09/14,-11.512
2020/09/15,-9.081
2020/09/16,-9.571
2020/09/17,-10.445
2020/09/18,-7.388
2020/09/19,-6.629
2020/09/20,-7.023
2020/09/21,-7.538
2020/09/22,-9.916
2020/09/23,-11.031
2020/09/24,-9.323
2020/09/25,-6.4
2020/09/26,-5.562
2020/09/27,-6.285
2020/09/28,-5.438
2020/09/29,-7.555
2020/09/30,-8.027
2020/10/01,-9.316
2020/10/02,-9.084
2020/10/03,-4.548
2020/10/04,2.092
2020/10/05,4.191
2020/10/06,5.043
2020/10/07,4.536
2020/10/08,5.718
2020/10/09,7.816
2020/10/10,9.583
2020/10/11,10.237
2020/10/12,10.301
2020/10/13,10.109
2020/10/14,8.534
2020/10/15,5.932
2020/10/16,4.316
2020/10/17,4.122
2020/10/18,4.592
2020/10/19,5.116
2020/10/20,8.409
2020/10/21,16.412
2020/10/22,23.428
2020/10/23,23.848
2020/10/24,24.685
2020/10/25,22.276
2020/10/26,21.898
2020/10/27,24.563
2020/10/28,23.573
2020/10/29,24.061
2020/10/30,24.959
2020/10/31,27.607
2020/11/01,30.717
2020/11/02,28.842
2020/11/03,28.275
2020/11/04,29.764
2020/11/05,37.191
2020/11/06,46.622
2020/11/07,43.004
2020/11/08,38.295
2020/11/09,35.702
2020/11/10,34.836
2020/11/11,36.129
2020/11/12,38.961
2020/11/13,42.776
2020/11/14,40.532
2020/11/15,40.721
2020/11/16,44.193
2020/11/17,49.314
2020/11/18,54.368
2020/11/19,50.586
2020/11/20,47.219
2020/11/21,44.681
2020/11/22,42.462
2020/11/23,41.585
2020/11/24,44.335
2020/11/25,45.84
2020/11/26,30.301
2020/11/27,26.323
2020/11/28,30.009
2020/11/29,33.939
2020/11/30,37.593
2020/12/01,39.977
2020/12/02,39.34
2020/12/03,41.655
2020/12/04,37.672
2020/12/05,29.197
2020/12/06,22.936
2020/12/07,25.094
2020/12/08,24.764
2020/12/09,18.792
2020/12/10,19.516
2020/12/11,15.162
2020/12/12,16.039
2020/12/13,17.364
2020/12/14,19.46
2020/12/15,20.956
2020/12/16,22.568
2020/12/17,32.373
2020/12/18,27.938
2020/12/19,30.839
2020/12/20,28.763
2020/12/21,24.33
2020/12/22,25.261
2020/12/23,27.762
2020/12/24,23.659
2020/12/25,25.958
2020/12/26,45.059
2020/12/27,59.232
2020/12/28,55.795
2020/12/29,48.26
2020/12/30,48.811
2020/12/31,49.807
2021/01/01,54.402
2021/01/02,59.244
2021/01/03,74.861
2021/01/04,67.68
2021/01/05,68.375
2021/01/06,81.464
2021/01/07,100.625
2021/01/08,117.75
2021/01/09,120.555
2021/01/10,121.36
2021/01/11,85.77
2021/01/12,82.348
2021/01/13,80.794
2021/01/14,98.915
2021/01/15,86.95
2021/01/16,63.123
2021/01/17,55.96
2021/01/18,54.433
2021/01/19,56.261
2021/01/20,51.245
2021/01/21,42.822
2021/01/22,35.17
2021/01/23,38.782
2021/01/24,34.263
2021/01/25,32.091
2021/01/26,18.439
2021/01/27,15.548
2021/01/28,19.035
2021/01/29,24.542
2021/01/30,17.944
2021/01/31,14.325
2021/02/01,9.765
2021/02/02,3.683
2021/02/03,14.726
2021/02/04,16.388
2021/02/05,7.9
2021/02/06,4.665
2021/02/07,-2.725
2021/02/08,1.306
2021/02/09,17.502
2021/02/10,33.37
2021/02/11,32.645
2021/02/12,37.334
2021/02/13,22.789
2021/02/14,29.535
2021/02/15,29.814
2021/02/16,36.915
2021/02/17,41.202
2021/02/18,40.776
2021/02/19,50.841
2021/02/20,70.681
2021/02/21,79.038
2021/02/22,69.198
2021/02/23,51.924
2021/02/24,49.269
2021/02/25,55.975
2021/02/26,49.643
2021/02/27,48.401
2021/02/28,27.946
2021/03/01,39.71
2021/03/02,45.377
2021/03/03,49.569
2021/03/04,42.46
2021/03/05,30.532
2021/03/06,29.472
2021/03/07,33.469
2021/03/08,27.574
2021/03/09,39.438
2021/03/10,35.279
2021/03/11,20.525
2021/03/12,24.196
2021/03/13,27.101
2021/03/14,27.074
2021/03/15,20.823
2021/03/16,13.938
2021/03/17,17.311
2021/03/18,19.721
2021/03/19,14.503
2021/03/20,13.248
2021/03/21,8.001
2021/03/22,0.939
2021/03/23,-4.075
2021/03/24,0.756
2021/03/25,6.424
2021/03/26,6.865
2021/03/27,10.369
2021/03/28,19.696
2021/03/29,20.761
2021/03/30,30.18
2021/03/31,23.365
2021/04/01,21.051
2021/04/02,17.576
2021/04/03,19.256
2021/04/04,20.952
2021/04/05,19.538
2021/04/06,16.467
2021/04/07,12.207
2021/04/08,5.943
2021/04/09,5.155
2021/04/10,6.403
2021/04/11,5.198
2021/04/12,2.274
2021/04/13,2.769
2021/04/14,11.079
2021/04/15,13.66
2021/04/16,9.964
2021/04/17,4.835
2021/04/18,-3.768
2021/04/19,-4.065
2021/04/20,-3.115
2021/04/21,-2.374
2021/04/22,-1.621
2021/04/23,-9.524
2021/04/24,-3.933
2021/04/25,-6.673
2021/04/26,-3.943
2021/04/27,-2.243
2021/04/28,-3.734
2021/04/29,-7.64
2021/04/30,-5.861
2021/05/01,-1.837
2021/05/02,-4.06
2021/05/03,-1.732
2021/05/04,-4.154
2021/05/05,-3.811
2021/05/06,-2.542
2021/05/07,-0.279
2021/05/08,2.363
2021/05/09,-0.392
2021/05/10,-3.513
2021/05/11,-6.593
2021/05/12,-6.9
2021/05/13,-19.792
2021/05/14,-20.892
2021/05/15,-22.297
2021/05/16,-22.668
2021/05/17,-27.678
2021/05/18,-21.202
2021/05/19,-30.577
2021/05/20,-28.264
2021/05/21,-29.422
2021/05/22,-30.283
2021/05/23,-29.673
2021/05/24,-26.091
2021/05/25,-23.307
2021/05/26,-25.942
2021/05/27,-28.894
2021/05/28,-33.15
2021/05/29,-34.561
2021/05/30,-35.795
2021/05/31,-37.435
2021/06/01,-35.633
2021/06/02,-35.601
2021/06/03,-30.318
2021/06/04,-33.567
2021/06/05,-35.747
2021/06/06,-36.722
2021/06/07,-38.682
2021/06/08,-43.298
2021/06/09,-39.698
2021/06/10,-33.772
2021/06/11,-33.901
2021/06/12,-28.328
2021/06/13,-27.536
2021/06/14,-18.854
2021/06/15,-15.782
2021/06/16,-11.083
2021/06/17,-12.638
2021/06/18,-5.468
2021/06/19,-10.218
2021/06/20,-10.365
2021/06/21,-11.568
2021/06/22,-8.766
2021/06/23,-8.825
2021/06/24,-11.387
2021/06/25,-14.968
2021/06/26,-18.871
2021/06/27,-9.711
2021/06/28,-2.249
2021/06/29,0.181
2021/06/30,-3.386
2021/07/01,-7.836
2021/07/02,-10.753
2021/07/03,-11.006
2021/07/04,-4.975
2021/07/05,-6.85
2021/07/06,-5.006
2021/07/07,-3.709
2021/07/08,0.059
2021/07/09,-4.793
2021/07/10,-8.88
2021/07/11,-8.637
2021/07/12,-5.671
2021/07/13,-9.653
2021/07/14,-18.082
2021/07/15,-20.133
2021/07/16,-19.462
2021/07/17,-18.264
2021/07/18,-14.166
2021/07/19,-12.779
2021/07/20,-14.948
2021/07/21,-6.042
2021/07/22,0.364
2021/07/23,-3.765
2021/07/24,0.297
2021/07/25,2.912
2021/07/26,21.59
2021/07/27,13.891
2021/07/28,15.603
2021/07/29,12.119
2021/07/30,13.398
2021/07/31,23.394
2021/08/01,24.725
2021/08/02,15.432
2021/08/03,9.075
2021/08/04,13.521
2021/08/05,15.408
2021/08/06,19.603
2021/08/07,32.31
2021/08/08,33.658
2021/08/09,33.113
2021/08/10,34.9
2021/08/11,36.715
2021/08/12,36.742
2021/08/13,41.997
2021/08/14,46.671
2021/08/15,46.182
2021/08/16,48.668
2021/08/17,44.705
2021/08/18,44.689
2021/08/19,51.491
2021/08/20,53.184
2021/08/21,52.568
2021/08/22,50.479
2021/08/23,47.321
2021/08/24,42.379
2021/08/25,26.019
2021/08/26,25.722
2021/08/27,19.722
2021/08/28,22.648
2021/08/29,22.78
2021/08/30,15.502
2021/08/31,13.928
2021/09/01,20.409
2021/09/02,29.042
2021/09/03,28.867
2021/09/04,26.985
2021/09/05,21.769
2021/09/06,18.927
2021/09/07,12.796
2021/09/08,3.183
2021/09/09,1.792
2021/09/10,-0.318
2021/09/11,0.978
2021/09/12,-1.103
2021/09/13,-4.859
2021/09/14,-0.832
2021/09/15,1.367
2021/09/16,4.204
2021/09/17,5.421
2021/09/18,6.661
2021/09/19,-0.04
2021/09/20,-8.879
2021/09/21,-13.084
2021/09/22,-14.718
2021/09/23,-9.888
2021/09/24,-10.581
2021/09/25,-10.092
2021/09/26,-10.308
2021/09/27,-10.933
2021/09/28,-13.727
2021/09/29,-12.906
2021/09/30,-8.535
2021/10/01,-3.524
2021/10/02,-3.661
2021/10/03,-3.751
2021/10/04,-3.897
2021/10/05,-0.678
2021/10/06,1.872
2021/10/07,8.755
2021/10/08,17.559
2021/10/09,17.963
2021/10/10,20.052
2021/10/11,24.866
2021/10/12,24.154
2021/10/13,24.98
2021/10/14,25.277
2021/10/15,25.613
2021/10/16,28.007
2021/10/17,27.932
2021/10/18,28.19
2021/10/19,31.301
2021/10/20,45.177
2021/10/21,51.584
2021/10/22,46.351
2021/10/23,38.585
2021/10/24,40.765
2021/10/25,47.079
2021/10/26,45.73
2021/10/27,36.812
2021/10/28,43.473
2021/10/29,46.959
2021/10/30,42.453
2021/10/31,32.855
2021/11/01,28.145
2021/11/02,30.13
2021/11/03,30.617
2021/11/04,23.692
2021/11/05,16.617
2021/11/06,12.073
2021/11/07,14.117
2021/11/08,20.064
2021/11/09,22.506
2021/11/10,17.94
2021/11/11,14.573
2021/11/12,14.575
2021/11/13,11.044
2021/11/14,7.923
2021/11/15,6.235
2021/11/16,0.057
2021/11/17,-3.157
2021/11/18,-5.781
2021/11/19,-11.833
2021/11/20,-8.936
2021/11/21,-5.021
2021/11/22,-6.077
2021/11/23,-6.335
2021/11/24,-9.364
2021/11/25,-6.71
2021/11/26,-6.107
2021/11/27,-9.196
2021/11/28,-11.296
2021/11/29,-6.591
2021/11/30,-6.159
2021/12/01,-6.387
2021/12/02,-9.265
2021/12/03,-11.079
2021/12/04,-20.63
2021/12/05,-20.179
2021/12/06,-19.908
2021/12/07,-17.908
2021/12/08,-23.476
2021/12/09,-27.327
2021/12/10,-27.784
2021/12/11,-25.355
2021/12/12,-22.796
2021/12/13,-24.664
2021/12/14,-26.936
