Date,price14wmaUSD
2010/07/17,0
2010/07/18,0
2010/07/19,0
2010/07/20,0
2010/07/21,0
2010/07/22,0
2010/07/23,0
2010/07/24,0
2010/07/25,0
2010/07/26,0
2010/07/27,0
2010/07/28,0
2010/07/29,0
2010/07/30,0.062
2010/07/31,0.062
2010/08/01,0.062
2010/08/02,0.061
2010/08/03,0.061
2010/08/04,0.061
2010/08/05,0.061
2010/08/06,0.061
2010/08/07,0.061
2010/08/08,0.061
2010/08/09,0.062
2010/08/10,0.063
2010/08/11,0.063
2010/08/12,0.064
2010/08/13,0.064
2010/08/14,0.064
2010/08/15,0.065
2010/08/16,0.065
2010/08/17,0.065
2010/08/18,0.066
2010/08/19,0.066
2010/08/20,0.067
2010/08/21,0.067
2010/08/22,0.066
2010/08/23,0.066
2010/08/24,0.066
2010/08/25,0.066
2010/08/26,0.066
2010/08/27,0.066
2010/08/28,0.065
2010/08/29,0.065
2010/08/30,0.065
2010/08/31,0.065
2010/09/01,0.064
2010/09/02,0.064
2010/09/03,0.063
2010/09/04,0.063
2010/09/05,0.063
2010/09/06,0.063
2010/09/07,0.062
2010/09/08,0.062
2010/09/09,0.062
2010/09/10,0.062
2010/09/11,0.062
2010/09/12,0.062
2010/09/13,0.062
2010/09/14,0.062
2010/09/15,0.062
2010/09/16,0.062
2010/09/17,0.062
2010/09/18,0.061
2010/09/19,0.061
2010/09/20,0.061
2010/09/21,0.062
2010/09/22,0.062
2010/09/23,0.062
2010/09/24,0.062
2010/09/25,0.062
2010/09/26,0.062
2010/09/27,0.062
2010/09/28,0.062
2010/09/29,0.062
2010/09/30,0.062
2010/10/01,0.062
2010/10/02,0.062
2010/10/03,0.062
2010/10/04,0.062
2010/10/05,0.062
2010/10/06,0.062
2010/10/07,0.062
2010/10/08,0.064
2010/10/09,0.068
2010/10/10,0.071
2010/10/11,0.075
2010/10/12,0.078
2010/10/13,0.082
2010/10/14,0.086
2010/10/15,0.089
2010/10/16,0.092
2010/10/17,0.094
2010/10/18,0.096
2010/10/19,0.098
2010/10/20,0.099
2010/10/21,0.1
2010/10/22,0.101
2010/10/23,0.102
2010/10/24,0.103
2010/10/25,0.105
2010/10/26,0.11
2010/10/27,0.118
2010/10/28,0.127
2010/10/29,0.136
2010/10/30,0.146
2010/10/31,0.154
2010/11/01,0.162
2010/11/02,0.169
2010/11/03,0.175
2010/11/04,0.183
2010/11/05,0.192
2010/11/06,0.213
2010/11/07,0.242
2010/11/08,0.253
2010/11/09,0.255
2010/11/10,0.254
2010/11/11,0.253
2010/11/12,0.255
2010/11/13,0.26
2010/11/14,0.264
2010/11/15,0.267
2010/11/16,0.265
2010/11/17,0.26
2010/11/18,0.257
2010/11/19,0.258
2010/11/20,0.26
2010/11/21,0.261
2010/11/22,0.264
2010/11/23,0.267
2010/11/24,0.27
2010/11/25,0.273
2010/11/26,0.274
2010/11/27,0.276
2010/11/28,0.277
2010/11/29,0.275
2010/11/30,0.268
2010/12/01,0.261
2010/12/02,0.258
2010/12/03,0.256
2010/12/04,0.251
2010/12/05,0.244
2010/12/06,0.238
2010/12/07,0.233
2010/12/08,0.232
2010/12/09,0.228
2010/12/10,0.223
2010/12/11,0.221
2010/12/12,0.219
2010/12/13,0.218
2010/12/14,0.221
2010/12/15,0.223
2010/12/16,0.226
2010/12/17,0.228
2010/12/18,0.231
2010/12/19,0.234
2010/12/20,0.237
2010/12/21,0.24
2010/12/22,0.242
2010/12/23,0.244
2010/12/24,0.245
2010/12/25,0.247
2010/12/26,0.249
2010/12/27,0.25
2010/12/28,0.254
2010/12/29,0.258
2010/12/30,0.264
2010/12/31,0.27
2011/01/01,0.274
2011/01/02,0.279
2011/01/03,0.282
2011/01/04,0.285
2011/01/05,0.288
2011/01/06,0.291
2011/01/07,0.294
2011/01/08,0.298
2011/01/09,0.303
2011/01/10,0.307
2011/01/11,0.31
2011/01/12,0.313
2011/01/13,0.314
2011/01/14,0.321
2011/01/15,0.332
2011/01/16,0.341
2011/01/17,0.347
2011/01/18,0.347
2011/01/19,0.344
2011/01/20,0.346
2011/01/21,0.355
2011/01/22,0.366
2011/01/23,0.378
2011/01/24,0.387
2011/01/25,0.393
2011/01/26,0.398
2011/01/27,0.402
2011/01/28,0.408
2011/01/29,0.414
2011/01/30,0.423
2011/01/31,0.436
2011/02/01,0.464
2011/02/02,0.501
2011/02/03,0.534
2011/02/04,0.571
2011/02/05,0.619
2011/02/06,0.668
2011/02/07,0.71
2011/02/08,0.749
2011/02/09,0.795
2011/02/10,0.841
2011/02/11,0.88
2011/02/12,0.916
2011/02/13,0.946
2011/02/14,0.972
2011/02/15,0.993
2011/02/16,1.008
2011/02/17,1.02
2011/02/18,1.018
2011/02/19,1.005
2011/02/20,0.992
2011/02/21,0.971
2011/02/22,0.954
2011/02/23,0.943
2011/02/24,0.942
2011/02/25,0.937
2011/02/26,0.933
2011/02/27,0.928
2011/02/28,0.918
2011/03/01,0.911
2011/03/02,0.912
2011/03/03,0.913
2011/03/04,0.912
2011/03/05,0.913
2011/03/06,0.912
2011/03/07,0.908
2011/03/08,0.904
2011/03/09,0.897
2011/03/10,0.895
2011/03/11,0.893
2011/03/12,0.893
2011/03/13,0.892
2011/03/14,0.892
2011/03/15,0.89
2011/03/16,0.886
2011/03/17,0.878
2011/03/18,0.872
2011/03/19,0.857
2011/03/20,0.842
2011/03/21,0.828
2011/03/22,0.82
2011/03/23,0.818
2011/03/24,0.819
2011/03/25,0.824
2011/03/26,0.828
2011/03/27,0.826
2011/03/28,0.824
2011/03/29,0.82
2011/03/30,0.816
2011/03/31,0.813
2011/04/01,0.808
2011/04/02,0.805
2011/04/03,0.801
2011/04/04,0.791
2011/04/05,0.777
2011/04/06,0.769
2011/04/07,0.763
2011/04/08,0.759
2011/04/09,0.754
2011/04/10,0.751
2011/04/11,0.749
2011/04/12,0.757
2011/04/13,0.775
2011/04/14,0.802
2011/04/15,0.83
2011/04/16,0.86
2011/04/17,0.896
2011/04/18,0.938
2011/04/19,0.98
2011/04/20,1.015
2011/04/21,1.048
2011/04/22,1.094
2011/04/23,1.167
2011/04/24,1.255
2011/04/25,1.318
2011/04/26,1.384
2011/04/27,1.463
2011/04/28,1.561
2011/04/29,1.714
2011/04/30,1.942
2011/05/01,2.157
2011/05/02,2.334
2011/05/03,2.514
2011/05/04,2.691
2011/05/05,2.837
2011/05/06,2.965
2011/05/07,3.094
2011/05/08,3.231
2011/05/09,3.36
2011/05/10,3.598
2011/05/11,3.918
2011/05/12,4.234
2011/05/13,4.696
2011/05/14,5.165
2011/05/15,5.504
2011/05/16,5.877
2011/05/17,6.222
2011/05/18,6.449
2011/05/19,6.603
2011/05/20,6.652
2011/05/21,6.641
2011/05/22,6.669
2011/05/23,6.738
2011/05/24,6.827
2011/05/25,6.98
2011/05/26,7.188
2011/05/27,7.382
2011/05/28,7.539
2011/05/29,7.679
2011/05/30,7.843
2011/05/31,8.015
2011/06/01,8.229
2011/06/02,8.547
2011/06/03,9.147
2011/06/04,10.228
2011/06/05,11.386
2011/06/06,12.407
2011/06/07,13.789
2011/06/08,15.801
2011/06/09,17.982
2011/06/10,19.566
2011/06/11,20.029
2011/06/12,20.035
2011/06/13,20.301
2011/06/14,20.513
2011/06/15,20.602
2011/06/16,20.442
2011/06/17,19.949
2011/06/18,19.434
2011/06/19,19.017
2011/06/20,18.582
2011/06/21,18.153
2011/06/22,17.764
2011/06/23,17.467
2011/06/24,17.289
2011/06/25,17.2
2011/06/26,17.131
2011/06/27,17.008
2011/06/28,16.943
2011/06/29,16.911
2011/06/30,16.845
2011/07/01,16.697
2011/07/02,16.509
2011/07/03,16.336
2011/07/04,16.076
2011/07/05,15.671
2011/07/06,15.362
2011/07/07,15.201
2011/07/08,15.036
2011/07/09,14.868
2011/07/10,14.764
2011/07/11,14.671
2011/07/12,14.538
2011/07/13,14.415
2011/07/14,14.319
2011/07/15,14.237
2011/07/16,14.153
2011/07/17,14.041
2011/07/18,13.932
2011/07/19,13.881
2011/07/20,13.845
2011/07/21,13.793
2011/07/22,13.749
2011/07/23,13.719
2011/07/24,13.715
2011/07/25,13.742
2011/07/26,13.766
2011/07/27,13.786
2011/07/28,13.777
2011/07/29,13.745
2011/07/30,13.72
2011/07/31,13.687
2011/08/01,13.625
2011/08/02,13.478
2011/08/03,13.084
2011/08/04,12.636
2011/08/05,12.254
2011/08/06,11.623
2011/08/07,10.922
2011/08/08,10.367
2011/08/09,10.011
2011/08/10,9.847
2011/08/11,9.693
2011/08/12,9.536
2011/08/13,9.461
2011/08/14,9.511
2011/08/15,9.656
2011/08/16,9.835
2011/08/17,10.012
2011/08/18,10.182
2011/08/19,10.388
2011/08/20,10.627
2011/08/21,10.81
2011/08/22,10.916
2011/08/23,10.968
2011/08/24,10.997
2011/08/25,10.931
2011/08/26,10.682
2011/08/27,10.368
2011/08/28,10.126
2011/08/29,9.925
2011/08/30,9.725
2011/08/31,9.493
2011/09/01,9.246
2011/09/02,9.057
2011/09/03,8.907
2011/09/04,8.757
2011/09/05,8.574
2011/09/06,8.34
2011/09/07,8.112
2011/09/08,7.899
2011/09/09,7.574
2011/09/10,7.162
2011/09/11,6.839
2011/09/12,6.641
2011/09/13,6.461
2011/09/14,6.281
2011/09/15,6.063
2011/09/16,5.819
2011/09/17,5.606
2011/09/18,5.453
2011/09/19,5.378
2011/09/20,5.388
2011/09/21,5.424
2011/09/22,5.425
2011/09/23,5.433
2011/09/24,5.446
2011/09/25,5.436
2011/09/26,5.388
2011/09/27,5.322
2011/09/28,5.259
2011/09/29,5.195
2011/09/30,5.159
2011/10/01,5.141
2011/10/02,5.112
2011/10/03,5.081
2011/10/04,5.048
2011/10/05,5.013
2011/10/06,4.972
2011/10/07,4.899
2011/10/08,4.789
2011/10/09,4.677
2011/10/10,4.584
2011/10/11,4.487
2011/10/12,4.404
2011/10/13,4.338
2011/10/14,4.267
2011/10/15,4.19
2011/10/16,4.096
2011/10/17,3.929
2011/10/18,3.704
2011/10/19,3.485
2011/10/20,3.284
2011/10/21,3.128
2011/10/22,3.047
2011/10/23,3.012
2011/10/24,2.947
2011/10/25,2.869
2011/10/26,2.819
2011/10/27,2.801
2011/10/28,2.822
2011/10/29,2.886
2011/10/30,2.962
2011/10/31,3.019
2011/11/01,3.065
2011/11/02,3.105
2011/11/03,3.137
2011/11/04,3.152
2011/11/05,3.147
2011/11/06,3.131
2011/11/07,3.118
2011/11/08,3.109
2011/11/09,3.095
2011/11/10,3.066
2011/11/11,3.043
2011/11/12,3.033
2011/11/13,3.022
2011/11/14,2.96
2011/11/15,2.861
2011/11/16,2.793
2011/11/17,2.727
2011/11/18,2.635
2011/11/19,2.546
2011/11/20,2.479
2011/11/21,2.424
2011/11/22,2.385
2011/11/23,2.356
2011/11/24,2.34
2011/11/25,2.341
2011/11/26,2.346
2011/11/27,2.358
2011/11/28,2.38
2011/11/29,2.421
2011/11/30,2.487
2011/12/01,2.57
2011/12/02,2.656
2011/12/03,2.716
2011/12/04,2.748
2011/12/05,2.78
2011/12/06,2.82
2011/12/07,2.861
2011/12/08,2.892
2011/12/09,2.916
2011/12/10,2.94
2011/12/11,2.978
2011/12/12,3.015
2011/12/13,3.048
2011/12/14,3.072
2011/12/15,3.091
2011/12/16,3.112
2011/12/17,3.132
2011/12/18,3.148
2011/12/19,3.183
2011/12/20,3.264
2011/12/21,3.361
2011/12/22,3.445
2011/12/23,3.526
2011/12/24,3.601
2011/12/25,3.686
2011/12/26,3.767
2011/12/27,3.83
2011/12/28,3.895
2011/12/29,3.959
2011/12/30,4.016
2011/12/31,4.1
2012/01/01,4.239
2012/01/02,4.395
2012/01/03,4.508
2012/01/04,4.632
2012/01/05,4.881
2012/01/06,5.182
2012/01/07,5.447
2012/01/08,5.711
2012/01/09,5.915
2012/01/10,6.046
2012/01/11,6.199
2012/01/12,6.352
2012/01/13,6.445
2012/01/14,6.514
2012/01/15,6.602
2012/01/16,6.667
2012/01/17,6.623
2012/01/18,6.515
2012/01/19,6.456
2012/01/20,6.436
2012/01/21,6.409
2012/01/22,6.373
2012/01/23,6.356
2012/01/24,6.341
2012/01/25,6.285
2012/01/26,6.176
2012/01/27,6.045
2012/01/28,5.946
2012/01/29,5.863
2012/01/30,5.784
2012/01/31,5.725
2012/02/01,5.715
2012/02/02,5.741
2012/02/03,5.761
2012/02/04,5.769
2012/02/05,5.764
2012/02/06,5.733
2012/02/07,5.713
2012/02/08,5.708
2012/02/09,5.716
2012/02/10,5.743
2012/02/11,5.75
2012/02/12,5.729
2012/02/13,5.683
2012/02/14,5.568
2012/02/15,5.396
2012/02/16,5.224
2012/02/17,5.073
2012/02/18,4.936
2012/02/19,4.814
2012/02/20,4.714
2012/02/21,4.621
2012/02/22,4.542
2012/02/23,4.528
2012/02/24,4.561
2012/02/25,4.586
2012/02/26,4.612
2012/02/27,4.657
2012/02/28,4.703
2012/02/29,4.741
2012/03/01,4.78
2012/03/02,4.801
2012/03/03,4.8
2012/03/04,4.801
2012/03/05,4.823
2012/03/06,4.851
2012/03/07,4.869
2012/03/08,4.878
2012/03/09,4.88
2012/03/10,4.876
2012/03/11,4.876
2012/03/12,4.88
2012/03/13,4.908
2012/03/14,4.968
2012/03/15,5.027
2012/03/16,5.08
2012/03/17,5.12
2012/03/18,5.149
2012/03/19,5.136
2012/03/20,5.094
2012/03/21,5.063
2012/03/22,5.024
2012/03/23,4.981
2012/03/24,4.935
2012/03/25,4.883
2012/03/26,4.829
2012/03/27,4.796
2012/03/28,4.778
2012/03/29,4.762
2012/03/30,4.758
2012/03/31,4.765
2012/04/01,4.772
2012/04/02,4.786
2012/04/03,4.813
2012/04/04,4.834
2012/04/05,4.852
2012/04/06,4.87
2012/04/07,4.871
2012/04/08,4.86
2012/04/09,4.86
2012/04/10,4.861
2012/04/11,4.864
2012/04/12,4.872
2012/04/13,4.877
2012/04/14,4.887
2012/04/15,4.897
2012/04/16,4.905
2012/04/17,4.914
2012/04/18,4.934
2012/04/19,4.963
2012/04/20,5.006
2012/04/21,5.057
2012/04/22,5.091
2012/04/23,5.1
2012/04/24,5.099
2012/04/25,5.108
2012/04/26,5.115
2012/04/27,5.119
2012/04/28,5.112
2012/04/29,5.092
2012/04/30,5.07
2012/05/01,5.054
2012/05/02,5.047
2012/05/03,5.048
2012/05/04,5.048
2012/05/05,5.047
2012/05/06,5.047
2012/05/07,5.047
2012/05/08,5.05
2012/05/09,5.05
2012/05/10,5.038
2012/05/11,5.02
2012/05/12,5.011
2012/05/13,5.001
2012/05/14,4.996
2012/05/15,4.998
2012/05/16,5.004
2012/05/17,5.013
2012/05/18,5.025
2012/05/19,5.036
2012/05/20,5.047
2012/05/21,5.056
2012/05/22,5.065
2012/05/23,5.077
2012/05/24,5.088
2012/05/25,5.099
2012/05/26,5.105
2012/05/27,5.11
2012/05/28,5.115
2012/05/29,5.121
2012/05/30,5.125
2012/05/31,5.13
2012/06/01,5.146
2012/06/02,5.163
2012/06/03,5.174
2012/06/04,5.186
2012/06/05,5.212
2012/06/06,5.248
2012/06/07,5.292
2012/06/08,5.342
2012/06/09,5.386
2012/06/10,5.415
2012/06/11,5.441
2012/06/12,5.479
2012/06/13,5.538
2012/06/14,5.604
2012/06/15,5.702
2012/06/16,5.819
2012/06/17,5.906
2012/06/18,5.976
2012/06/19,6.057
2012/06/20,6.151
2012/06/21,6.246
2012/06/22,6.323
2012/06/23,6.373
2012/06/24,6.402
2012/06/25,6.413
2012/06/26,6.424
2012/06/27,6.451
2012/06/28,6.482
2012/06/29,6.506
2012/06/30,6.531
2012/07/01,6.554
2012/07/02,6.575
2012/07/03,6.583
2012/07/04,6.572
2012/07/05,6.576
2012/07/06,6.591
2012/07/07,6.615
2012/07/08,6.643
2012/07/09,6.684
2012/07/10,6.747
2012/07/11,6.812
2012/07/12,6.909
2012/07/13,7.027
2012/07/14,7.12
2012/07/15,7.206
2012/07/16,7.352
2012/07/17,7.558
2012/07/18,7.786
2012/07/19,7.994
2012/07/20,8.141
2012/07/21,8.269
2012/07/22,8.369
2012/07/23,8.426
2012/07/24,8.479
2012/07/25,8.539
2012/07/26,8.608
2012/07/27,8.67
2012/07/28,8.721
2012/07/29,8.745
2012/07/30,8.773
2012/07/31,8.834
2012/08/01,8.92
2012/08/02,9.082
2012/08/03,9.333
2012/08/04,9.59
2012/08/05,9.817
2012/08/06,10.014
2012/08/07,10.207
2012/08/08,10.386
2012/08/09,10.542
2012/08/10,10.706
2012/08/11,10.875
2012/08/12,11.027
2012/08/13,11.188
2012/08/14,11.359
2012/08/15,11.583
2012/08/16,11.864
2012/08/17,11.998
2012/08/18,12.008
2012/08/19,11.755
2012/08/20,11.415
2012/08/21,11.217
2012/08/22,11.011
2012/08/23,10.824
2012/08/24,10.707
2012/08/25,10.627
2012/08/26,10.561
2012/08/27,10.527
2012/08/28,10.527
2012/08/29,10.534
2012/08/30,10.54
2012/08/31,10.529
2012/09/01,10.482
2012/09/02,10.457
2012/09/03,10.464
2012/09/04,10.471
2012/09/05,10.505
2012/09/06,10.583
2012/09/07,10.652
2012/09/08,10.709
2012/09/09,10.757
2012/09/10,10.809
2012/09/11,10.878
2012/09/12,10.958
2012/09/13,11.029
2012/09/14,11.129
2012/09/15,11.243
2012/09/16,11.349
2012/09/17,11.448
2012/09/18,11.561
2012/09/19,11.699
2012/09/20,11.826
2012/09/21,11.933
2012/09/22,12.011
2012/09/23,12.072
2012/09/24,12.109
2012/09/25,12.14
2012/09/26,12.174
2012/09/27,12.213
2012/09/28,12.242
2012/09/29,12.273
2012/09/30,12.295
2012/10/01,12.31
2012/10/02,12.356
2012/10/03,12.427
2012/10/04,12.493
2012/10/05,12.54
2012/10/06,12.57
2012/10/07,12.53
2012/10/08,12.449
2012/10/09,12.368
2012/10/10,12.315
2012/10/11,12.274
2012/10/12,12.233
2012/10/13,12.177
2012/10/14,12.109
2012/10/15,12.033
2012/10/16,11.982
2012/10/17,11.936
2012/10/18,11.906
2012/10/19,11.882
2012/10/20,11.853
2012/10/21,11.825
2012/10/22,11.8
2012/10/23,11.779
2012/10/24,11.754
2012/10/25,11.68
2012/10/26,11.514
2012/10/27,11.324
2012/10/28,11.185
2012/10/29,11.081
2012/10/30,10.999
2012/10/31,10.968
2012/11/01,10.923
2012/11/02,10.839
2012/11/03,10.773
2012/11/04,10.74
2012/11/05,10.724
2012/11/06,10.721
2012/11/07,10.739
2012/11/08,10.766
2012/11/09,10.79
2012/11/10,10.808
2012/11/11,10.823
2012/11/12,10.84
2012/11/13,10.862
2012/11/14,10.881
2012/11/15,10.916
2012/11/16,11.001
2012/11/17,11.115
2012/11/18,11.212
2012/11/19,11.3
2012/11/20,11.377
2012/11/21,11.448
2012/11/22,11.558
2012/11/23,11.693
2012/11/24,11.82
2012/11/25,11.938
2012/11/26,12.03
2012/11/27,12.09
2012/11/28,12.145
2012/11/29,12.204
2012/11/30,12.271
2012/12/01,12.329
2012/12/02,12.376
2012/12/03,12.423
2012/12/04,12.52
2012/12/05,12.652
2012/12/06,12.757
2012/12/07,12.863
2012/12/08,12.968
2012/12/09,13.055
2012/12/10,13.133
2012/12/11,13.218
2012/12/12,13.311
2012/12/13,13.392
2012/12/14,13.455
2012/12/15,13.493
2012/12/16,13.501
2012/12/17,13.486
2012/12/18,13.464
2012/12/19,13.462
2012/12/20,13.478
2012/12/21,13.485
2012/12/22,13.478
2012/12/23,13.464
2012/12/24,13.449
2012/12/25,13.436
2012/12/26,13.426
2012/12/27,13.424
2012/12/28,13.423
2012/12/29,13.427
2012/12/30,13.429
2012/12/31,13.433
2013/01/01,13.43
2013/01/02,13.398
2013/01/03,13.369
2013/01/04,13.346
2013/01/05,13.319
2013/01/06,13.288
2013/01/07,13.264
2013/01/08,13.276
2013/01/09,13.313
2013/01/10,13.368
2013/01/11,13.452
2013/01/12,13.53
2013/01/13,13.594
2013/01/14,13.663
2013/01/15,13.724
2013/01/16,13.81
2013/01/17,13.975
2013/01/18,14.184
2013/01/19,14.372
2013/01/20,14.545
2013/01/21,14.762
2013/01/22,15.062
2013/01/23,15.383
2013/01/24,15.66
2013/01/25,15.891
2013/01/26,16.141
2013/01/27,16.376
2013/01/28,16.637
2013/01/29,16.972
2013/01/30,17.321
2013/01/31,17.724
2013/02/01,18.148
2013/02/02,18.499
2013/02/03,18.804
2013/02/04,19.078
2013/02/05,19.31
2013/02/06,19.557
2013/02/07,19.871
2013/02/08,20.247
2013/02/09,20.681
2013/02/10,21.123
2013/02/11,21.568
2013/02/12,22.009
2013/02/13,22.417
2013/02/14,22.896
2013/02/15,23.483
2013/02/16,24.035
2013/02/17,24.525
2013/02/18,24.951
2013/02/19,25.472
2013/02/20,26.086
2013/02/21,26.665
2013/02/22,27.164
2013/02/23,27.562
2013/02/24,27.868
2013/02/25,28.125
2013/02/26,28.38
2013/02/27,28.681
2013/02/28,29.131
2013/03/01,29.771
2013/03/02,30.33
2013/03/03,30.738
2013/03/04,31.21
2013/03/05,32.053
2013/03/06,33.126
2013/03/07,34.236
2013/03/08,35.418
2013/03/09,36.735
2013/03/10,38.084
2013/03/11,39.378
2013/03/12,40.382
2013/03/13,41.067
2013/03/14,41.698
2013/03/15,42.254
2013/03/16,42.786
2013/03/17,43.183
2013/03/18,43.781
2013/03/19,44.939
2013/03/20,46.807
2013/03/21,49.326
2013/03/22,51.851
2013/03/23,53.86
2013/03/24,55.828
2013/03/25,58.185
2013/03/26,60.655
2013/03/27,63.866
2013/03/28,67.599
2013/03/29,71.039
2013/03/30,74.185
2013/03/31,77.132
2013/04/01,80.404
2013/04/02,84.952
2013/04/03,90.598
2013/04/04,96.125
2013/04/05,101.765
2013/04/06,107.532
2013/04/07,113.691
2013/04/08,121.977
2013/04/09,133.608
2013/04/10,141.809
2013/04/11,140.598
2013/04/12,136.1
2013/04/13,132.346
2013/04/14,127.609
2013/04/15,122.213
2013/04/16,115.281
2013/04/17,109.019
2013/04/18,105.42
2013/04/19,103.698
2013/04/20,103.222
2013/04/21,102.909
2013/04/22,102.759
2013/04/23,104.052
2013/04/24,107.924
2013/04/25,112.872
2013/04/26,116.677
2013/04/27,119.214
2013/04/28,121.182
2013/04/29,123.711
2013/04/30,126.348
2013/05/01,127.112
2013/05/02,125.614
2013/05/03,122.846
2013/05/04,120.428
2013/05/05,119.224
2013/05/06,117.967
2013/05/07,116.364
2013/05/08,114.756
2013/05/09,113.231
2013/05/10,112.288
2013/05/11,111.819
2013/05/12,111.38
2013/05/13,111.126
2013/05/14,110.565
2013/05/15,109.709
2013/05/16,109.367
2013/05/17,109.529
2013/05/18,109.927
2013/05/19,110.263
2013/05/20,110.644
2013/05/21,111.3
2013/05/22,112.097
2013/05/23,113.094
2013/05/24,114.781
2013/05/25,116.751
2013/05/26,118.712
2013/05/27,120.458
2013/05/28,121.7
2013/05/29,122.874
2013/05/30,123.948
2013/05/31,124.719
2013/06/01,125.404
2013/06/02,125.584
2013/06/03,125.151
2013/06/04,124.563
2013/06/05,123.988
2013/06/06,123.287
2013/06/07,121.995
2013/06/08,120.205
2013/06/09,117.957
2013/06/10,115.677
2013/06/11,113.961
2013/06/12,112.627
2013/06/13,111.32
2013/06/14,109.662
2013/06/15,107.88
2013/06/16,106.367
2013/06/17,105.145
2013/06/18,104.485
2013/06/19,104.169
2013/06/20,104.093
2013/06/21,104.178
2013/06/22,104.028
2013/06/23,103.679
2013/06/24,102.943
2013/06/25,102.097
2013/06/26,101.439
2013/06/27,100.691
2013/06/28,99.46
2013/06/29,97.935
2013/06/30,96.588
2013/07/01,94.778
2013/07/02,92.793
2013/07/03,90.765
2013/07/04,88.568
2013/07/05,85.905
2013/07/06,82.622
2013/07/07,80.198
2013/07/08,78.584
2013/07/09,77.067
2013/07/10,76.251
2013/07/11,76.38
2013/07/12,77.12
2013/07/13,78.341
2013/07/14,79.582
2013/07/15,80.99
2013/07/16,82.448
2013/07/17,83.688
2013/07/18,84.552
2013/07/19,84.987
2013/07/20,85.322
2013/07/21,85.491
2013/07/22,85.553
2013/07/23,85.667
2013/07/24,85.818
2013/07/25,86.062
2013/07/26,86.422
2013/07/27,86.65
2013/07/28,86.853
2013/07/29,87.44
2013/07/30,88.25
2013/07/31,89.423
2013/08/01,90.511
2013/08/02,91.458
2013/08/03,92.278
2013/08/04,92.879
2013/08/05,93.5
2013/08/06,94.203
2013/08/07,94.862
2013/08/08,95.222
2013/08/09,95.271
2013/08/10,95.167
2013/08/11,94.97
2013/08/12,94.856
2013/08/13,94.842
2013/08/14,94.99
2013/08/15,95.224
2013/08/16,95.393
2013/08/17,95.586
2013/08/18,95.782
2013/08/19,96.099
2013/08/20,96.805
2013/08/21,98.006
2013/08/22,99.424
2013/08/23,100.577
2013/08/24,101.575
2013/08/25,102.702
2013/08/26,103.828
2013/08/27,105.238
2013/08/28,106.94
2013/08/29,108.529
2013/08/30,110.281
2013/08/31,112.32
2013/09/01,114.464
2013/09/02,116.468
2013/09/03,118.113
2013/09/04,118.983
2013/09/05,119.25
2013/09/06,119.116
2013/09/07,118.892
2013/09/08,118.793
2013/09/09,118.773
2013/09/10,118.948
2013/09/11,119.283
2013/09/12,119.814
2013/09/13,120.323
2013/09/14,120.761
2013/09/15,121.148
2013/09/16,121.558
2013/09/17,122.045
2013/09/18,122.643
2013/09/19,122.865
2013/09/20,122.836
2013/09/21,122.763
2013/09/22,122.689
2013/09/23,122.534
2013/09/24,122.351
2013/09/25,122.265
2013/09/26,122.243
2013/09/27,122.195
2013/09/28,122.272
2013/09/29,122.373
2013/09/30,122.442
2013/10/01,122.56
2013/10/02,121.274
2013/10/03,119.535
2013/10/04,119.066
2013/10/05,118.939
2013/10/06,118.837
2013/10/07,118.894
2013/10/08,119.121
2013/10/09,119.515
2013/10/10,119.983
2013/10/11,120.487
2013/10/12,121.019
2013/10/13,121.899
2013/10/14,123.185
2013/10/15,125.019
2013/10/16,126.943
2013/10/17,128.975
2013/10/18,131.388
2013/10/19,134.902
2013/10/20,138.547
2013/10/21,142.827
2013/10/22,148.751
2013/10/23,155.598
2013/10/24,161.016
2013/10/25,163.692
2013/10/26,166.399
2013/10/27,169.369
2013/10/28,173.13
2013/10/29,177.017
2013/10/30,180.674
2013/10/31,183.786
2013/11/01,186.641
2013/11/02,189.211
2013/11/03,191.74
2013/11/04,195.337
2013/11/05,200.814
2013/11/06,208.056
2013/11/07,218.188
2013/11/08,230.69
2013/11/09,246.883
2013/11/10,255.787
2013/11/11,266.56
2013/11/12,279.149
2013/11/13,294.691
2013/11/14,312.844
2013/11/15,330.476
2013/11/16,346.949
2013/11/17,365.994
2013/11/18,395.617
2013/11/19,428.886
2013/11/20,444.33
2013/11/21,471.412
2013/11/22,505.469
2013/11/23,544.405
2013/11/24,574.685
2013/11/25,603.794
2013/11/26,638.813
2013/11/27,682.072
2013/11/28,726.122
2013/11/29,771.374
2013/11/30,820.615
2013/12/01,845.589
2013/12/02,866.471
2013/12/03,892.754
2013/12/04,922.342
2013/12/05,940.667
2013/12/06,945.295
2013/12/07,921.553
2013/12/08,899.693
2013/12/09,893.909
2013/12/10,894.921
2013/12/11,890.905
2013/12/12,882.38
2013/12/13,876.828
2013/12/14,870.291
2013/12/15,862.932
2013/12/16,848.333
2013/12/17,821.577
2013/12/18,781.993
2013/12/19,755.197
2013/12/20,738.312
2013/12/21,717.269
2013/12/22,699.976
2013/12/23,685.659
2013/12/24,676.059
2013/12/25,668.758
2013/12/26,671.534
2013/12/27,678.497
2013/12/28,684.584
2013/12/29,690.667
2013/12/30,701.876
2013/12/31,712.668
2014/01/01,724.6
2014/01/02,735.621
2014/01/03,746.929
2014/01/04,762.472
2014/01/05,781.649
2014/01/06,809.718
2014/01/07,828.564
2014/01/08,836.222
2014/01/09,842.386
2014/01/10,846.931
2014/01/11,857.689
2014/01/12,866.164
2014/01/13,865.548
2014/01/14,865.123
2014/01/15,865.66
2014/01/16,864.878
2014/01/17,859.202
2014/01/18,855.141
2014/01/19,851.778
2014/01/20,854.587
2014/01/21,855.048
2014/01/22,854.59
2014/01/23,852.152
2014/01/24,845.862
2014/01/25,842.774
2014/01/26,844.581
2014/01/27,846.419
2014/01/28,839.938
2014/01/29,837.543
2014/01/30,833.733
2014/01/31,831.905
2014/02/01,831.929
2014/02/02,831.554
2014/02/03,828.741
2014/02/04,826.687
2014/02/05,826.746
2014/02/06,823.021
2014/02/07,809.995
2014/02/08,793.569
2014/02/09,775.683
2014/02/10,757.351
2014/02/11,741.153
2014/02/12,722.611
2014/02/13,698.007
2014/02/14,672.009
2014/02/15,654.035
2014/02/16,644.594
2014/02/17,636.579
2014/02/18,630.067
2014/02/19,624.583
2014/02/20,617.773
2014/02/21,608.556
2014/02/22,602.653
2014/02/23,603.239
2014/02/24,597.952
2014/02/25,584.109
2014/02/26,581.565
2014/02/27,580.587
2014/02/28,577.861
2014/03/01,573.934
2014/03/02,570.406
2014/03/03,573.401
2014/03/04,586.345
2014/03/05,596.739
2014/03/06,606.669
2014/03/07,613.436
2014/03/08,616.468
2014/03/09,620.147
2014/03/10,624.116
2014/03/11,626.931
2014/03/12,630.019
2014/03/13,632.738
2014/03/14,634.119
2014/03/15,634.684
2014/03/16,634.593
2014/03/17,632.948
2014/03/18,629.574
2014/03/19,626.847
2014/03/20,622.21
2014/03/21,616.358
2014/03/22,608.559
2014/03/23,601.433
2014/03/24,594.81
2014/03/25,590.718
2014/03/26,587.314
2014/03/27,579.605
2014/03/28,567.402
2014/03/29,555.995
2014/03/30,541.859
2014/03/31,527.613
2014/04/01,517.539
2014/04/02,507.441
2014/04/03,494.565
2014/04/04,484.483
2014/04/05,476.702
2014/04/06,470.984
2014/04/07,465.562
2014/04/08,460.834
2014/04/09,456.737
2014/04/10,448.647
2014/04/11,441.264
2014/04/12,437.759
2014/04/13,433.7
2014/04/14,434.154
2014/04/15,440.283
2014/04/16,450.263
2014/04/17,458.17
2014/04/18,462.717
2014/04/19,467.63
2014/04/20,473.545
2014/04/21,478.754
2014/04/22,482.566
2014/04/23,485.306
2014/04/24,487.784
2014/04/25,486.487
2014/04/26,483.501
2014/04/27,479.476
2014/04/28,473.112
2014/04/29,467.838
2014/04/30,463.107
2014/05/01,460.309
2014/05/02,457.344
2014/05/03,453.516
2014/05/04,449.519
2014/05/05,445.783
2014/05/06,442.102
2014/05/07,440.081
2014/05/08,439.291
2014/05/09,439.361
2014/05/10,440.389
2014/05/11,440.548
2014/05/12,440.197
2014/05/13,439.72
2014/05/14,439.86
2014/05/15,440.592
2014/05/16,441.262
2014/05/17,442.17
2014/05/18,442.883
2014/05/19,443.456
2014/05/20,446.603
2014/05/21,452.993
2014/05/22,461.086
2014/05/23,471.193
2014/05/24,479.18
2014/05/25,491.914
2014/05/26,506.243
2014/05/27,518.3
2014/05/28,528.874
2014/05/29,537.516
2014/05/30,548.524
2014/05/31,561.633
2014/06/01,576.415
2014/06/02,588.15
2014/06/03,601.875
2014/06/04,610.651
2014/06/05,619.305
2014/06/06,626.988
2014/06/07,633.032
2014/06/08,638.106
2014/06/09,641.669
2014/06/10,644.928
2014/06/11,646.349
2014/06/12,644.273
2014/06/13,638.296
2014/06/14,629.503
2014/06/15,619.837
2014/06/16,615.025
2014/06/17,610.717
2014/06/18,608.476
2014/06/19,605.952
2014/06/20,602.264
2014/06/21,598.98
2014/06/22,597.536
2014/06/23,595.35
2014/06/24,593.217
2014/06/25,589.468
2014/06/26,586.543
2014/06/27,585.979
2014/06/28,587.257
2014/06/29,588.04
2014/06/30,591.93
2014/07/01,599.486
2014/07/02,606.073
2014/07/03,612.018
2014/07/04,616.635
2014/07/05,619.908
2014/07/06,623.201
2014/07/07,625.352
2014/07/08,626.414
2014/07/09,627.179
2014/07/10,626.794
2014/07/11,626.706
2014/07/12,627.578
2014/07/13,627.795
2014/07/14,626.631
2014/07/15,625.352
2014/07/16,623.84
2014/07/17,622.672
2014/07/18,622.32
2014/07/19,622.675
2014/07/20,622.503
2014/07/21,621.994
2014/07/22,621.736
2014/07/23,621.261
2014/07/24,619.398
2014/07/25,616.558
2014/07/26,613.206
2014/07/27,610.403
2014/07/28,606.498
2014/07/29,602.81
2014/07/30,598.219
2014/07/31,594.023
2014/08/01,592.387
2014/08/02,590.961
2014/08/03,588.931
2014/08/04,587.622
2014/08/05,586.15
2014/08/06,584.857
2014/08/07,584.3
2014/08/08,584.871
2014/08/09,584.99
2014/08/10,585.396
2014/08/11,585.327
2014/08/12,583.176
2014/08/13,578.885
2014/08/14,570.546
2014/08/15,561.017
2014/08/16,551.734
2014/08/17,543.637
2014/08/18,532.555
2014/08/19,522.595
2014/08/20,515.527
2014/08/21,513.354
2014/08/22,510.662
2014/08/23,507.459
2014/08/24,505.139
2014/08/25,503.41
2014/08/26,503.098
2014/08/27,504.324
2014/08/28,505.211
2014/08/29,505.766
2014/08/30,505.785
2014/08/31,503.953
2014/09/01,501.014
2014/09/02,497.746
2014/09/03,494.239
2014/09/04,491.669
2014/09/05,489.919
2014/09/06,488.027
2014/09/07,486.382
2014/09/08,483.396
2014/09/09,480.24
2014/09/10,479.603
2014/09/11,478.367
2014/09/12,477.021
2014/09/13,476.419
2014/09/14,476.238
2014/09/15,475.94
2014/09/16,474.712
2014/09/17,472.078
2014/09/18,467.243
2014/09/19,458.471
2014/09/20,450.993
2014/09/21,443.008
2014/09/22,435.679
2014/09/23,429.974
2014/09/24,427.637
2014/09/25,423.503
2014/09/26,419.091
2014/09/27,414.915
2014/09/28,410.041
2014/09/29,404.184
2014/09/30,399.482
2014/10/01,396.29
2014/10/02,392.93
2014/10/03,388.764
2014/10/04,382.108
2014/10/05,372.053
2014/10/06,363.698
2014/10/07,356.866
2014/10/08,352.224
2014/10/09,351.826
2014/10/10,351.572
2014/10/11,351.335
2014/10/12,351.919
2014/10/13,354.925
2014/10/14,361.039
2014/10/15,365.828
2014/10/16,369.522
2014/10/17,372.226
2014/10/18,375.514
2014/10/19,378.926
2014/10/20,380.832
2014/10/21,382.395
2014/10/22,383.269
2014/10/23,381.657
2014/10/24,378.477
2014/10/25,374.475
2014/10/26,370.865
2014/10/27,367.562
2014/10/28,364.522
2014/10/29,360.882
2014/10/30,356.77
2014/10/31,353.582
2014/11/01,349.125
2014/11/02,344.563
2014/11/03,341.075
2014/11/04,337.842
2014/11/05,336.649
2014/11/06,336.599
2014/11/07,337.141
2014/11/08,337.551
2014/11/09,338.91
2014/11/10,342.404
2014/11/11,345.894
2014/11/12,353.02
2014/11/13,364.149
2014/11/14,370.25
2014/11/15,374.42
2014/11/16,377.714
2014/11/17,382.136
2014/11/18,383.755
2014/11/19,384.528
2014/11/20,383.196
2014/11/21,379.74
2014/11/22,376.88
2014/11/23,374.156
2014/11/24,373.539
2014/11/25,373.945
2014/11/26,372.663
2014/11/27,371.465
2014/11/28,370.642
2014/11/29,371.321
2014/11/30,371.962
2014/12/01,372.906
2014/12/02,374.239
2014/12/03,375.22
2014/12/04,375.597
2014/12/05,375.73
2014/12/06,375.926
2014/12/07,375.959
2014/12/08,375.024
2014/12/09,371.984
2014/12/10,368.775
2014/12/11,366.126
2014/12/12,363.517
2014/12/13,360.642
2014/12/14,358.156
2014/12/15,355.816
2014/12/16,352.185
2014/12/17,347.391
2014/12/18,341.727
2014/12/19,336.607
2014/12/20,333.713
2014/12/21,331.195
2014/12/22,329.716
2014/12/23,329.247
2014/12/24,328.494
2014/12/25,326.579
2014/12/26,325.523
2014/12/27,324.145
2014/12/28,322.602
2014/12/29,321.287
2014/12/30,319.897
2014/12/31,318.833
2015/01/01,318.254
2015/01/02,317.477
2015/01/03,315.246
2015/01/04,309.381
2015/01/05,303.617
2015/01/06,298.924
2015/01/07,296.247
2015/01/08,294.018
2015/01/09,291.59
2015/01/10,289.059
2015/01/11,285.952
2015/01/12,282.701
2015/01/13,275.939
2015/01/14,264.286
2015/01/15,254.845
2015/01/16,247.224
2015/01/17,239.093
2015/01/18,232.652
2015/01/19,227.654
2015/01/20,223.072
2015/01/21,219.647
2015/01/22,219.268
2015/01/23,219.075
2015/01/24,220.382
2015/01/25,223.614
2015/01/26,231.456
2015/01/27,236.504
2015/01/28,240.217
2015/01/29,240.686
2015/01/30,240.912
2015/01/31,240.332
2015/02/01,238.236
2015/02/02,237.128
2015/02/03,237.216
2015/02/04,235.518
2015/02/05,233.337
2015/02/06,230.915
2015/02/07,229.377
2015/02/08,227.818
2015/02/09,225.956
2015/02/10,224.3
2015/02/11,223.376
2015/02/12,222.592
2015/02/13,223.58
2015/02/14,226.503
2015/02/15,229.797
2015/02/16,230.694
2015/02/17,232.075
2015/02/18,233.547
2015/02/19,234.658
2015/02/20,236.31
2015/02/21,237.892
2015/02/22,238.912
2015/02/23,239.099
2015/02/24,239.401
2015/02/25,239.372
2015/02/26,239.049
2015/02/27,240.485
2015/02/28,242.057
2015/03/01,243.403
2015/03/02,246.205
2015/03/03,250.458
2015/03/04,254.837
2015/03/05,257.717
2015/03/06,260.598
2015/03/07,263.253
2015/03/08,265.89
2015/03/09,269.101
2015/03/10,273.457
2015/03/11,277.302
2015/03/12,280.647
2015/03/13,282.998
2015/03/14,283.943
2015/03/15,284.667
2015/03/16,286.005
2015/03/17,286.807
2015/03/18,285.454
2015/03/19,281.952
2015/03/20,279.056
2015/03/21,276.097
2015/03/22,273.593
2015/03/23,271.94
2015/03/24,268.956
2015/03/25,264.797
2015/03/26,261.679
2015/03/27,258.783
2015/03/28,256.82
2015/03/29,254.343
2015/03/30,252.235
2015/03/31,250.585
2015/04/01,249.063
2015/04/02,248.509
2015/04/03,248.752
2015/04/04,248.945
2015/04/05,249.51
2015/04/06,250.495
2015/04/07,250.957
2015/04/08,250.836
2015/04/09,250.029
2015/04/10,248.511
2015/04/11,246.819
2015/04/12,245.287
2015/04/13,243.345
2015/04/14,239.894
2015/04/15,236.787
2015/04/16,234.657
2015/04/17,232.423
2015/04/18,230.236
2015/04/19,228.549
2015/04/20,227.124
2015/04/21,226.312
2015/04/22,226.999
2015/04/23,227.687
2015/04/24,228.095
2015/04/25,228.139
2015/04/26,226.972
2015/04/27,226.264
2015/04/28,226.27
2015/04/29,226.162
2015/04/30,226.873
2015/05/01,228.004
2015/05/02,228.94
2015/05/03,230.445
2015/05/04,231.883
2015/05/05,232.56
2015/05/06,233.02
2015/05/07,233.164
2015/05/08,234.373
2015/05/09,235.849
2015/05/10,237.021
2015/05/11,237.99
2015/05/12,238.768
2015/05/13,239.49
2015/05/14,239.269
2015/05/15,239.118
2015/05/16,238.907
2015/05/17,238.656
2015/05/18,238.337
2015/05/19,237.638
2015/05/20,237.001
2015/05/21,236.619
2015/05/22,236.469
2015/05/23,236.746
2015/05/24,237.029
2015/05/25,237.161
2015/05/26,237.155
2015/05/27,237.196
2015/05/28,237.254
2015/05/29,237.259
2015/05/30,236.918
2015/05/31,236.339
2015/06/01,235.138
2015/06/02,233.609
2015/06/03,232.418
2015/06/04,231.206
2015/06/05,229.978
2015/06/06,228.934
2015/06/07,227.993
2015/06/08,227.352
2015/06/09,227.288
2015/06/10,227.271
2015/06/11,227.404
2015/06/12,227.71
2015/06/13,228.112
2015/06/14,228.91
2015/06/15,229.971
2015/06/16,231.779
2015/06/17,234.626
2015/06/18,236.895
2015/06/19,238.834
2015/06/20,239.961
2015/06/21,240.971
2015/06/22,242.103
2015/06/23,242.966
2015/06/24,243.441
2015/06/25,243.689
2015/06/26,243.846
2015/06/27,244.375
2015/06/28,245.202
2015/06/29,246.297
2015/06/30,248.525
2015/07/01,250.211
2015/07/02,251.478
2015/07/03,252.46
2015/07/04,253.579
2015/07/05,255.46
2015/07/06,258.131
2015/07/07,259.979
2015/07/08,261.733
2015/07/09,263.435
2015/07/10,266.38
2015/07/11,270.307
2015/07/12,275.524
2015/07/13,278.82
2015/07/14,281.261
2015/07/15,283.437
2015/07/16,284.26
2015/07/17,284.17
2015/07/18,283.917
2015/07/19,283.126
2015/07/20,282.407
2015/07/21,281.973
2015/07/22,281.168
2015/07/23,280.356
2015/07/24,280.232
2015/07/25,280.873
2015/07/26,281.836
2015/07/27,282.999
2015/07/28,284.554
2015/07/29,285.635
2015/07/30,286.303
2015/07/31,286.509
2015/08/01,286.151
2015/08/02,285.671
2015/08/03,285.443
2015/08/04,285.285
2015/08/05,284.947
2015/08/06,284.087
2015/08/07,283.071
2015/08/08,281.36
2015/08/09,278.573
2015/08/10,276.206
2015/08/11,274.22
2015/08/12,272.801
2015/08/13,271.121
2015/08/14,269.77
2015/08/15,268.594
2015/08/16,266.805
2015/08/17,265.07
2015/08/18,263.03
2015/08/19,258.334
2015/08/20,254.274
2015/08/21,250.73
2015/08/22,247.13
2015/08/23,243.863
2015/08/24,239.667
2015/08/25,235.066
2015/08/26,232.502
2015/08/27,230.392
2015/08/28,228.923
2015/08/29,228.133
2015/08/30,227.61
2015/08/31,227.252
2015/09/01,227.09
2015/09/02,227.148
2015/09/03,227.189
2015/09/04,227.471
2015/09/05,228.18
2015/09/06,229.906
2015/09/07,231.641
2015/09/08,233.562
2015/09/09,234.808
2015/09/10,235.653
2015/09/11,236.559
2015/09/12,237.108
2015/09/13,236.848
2015/09/14,236.24
2015/09/15,235.61
2015/09/16,234.767
2015/09/17,234.183
2015/09/18,233.884
2015/09/19,233.352
2015/09/20,232.738
2015/09/21,231.817
2015/09/22,231.105
2015/09/23,230.762
2015/09/24,230.759
2015/09/25,231.224
2015/09/26,231.567
2015/09/27,231.863
2015/09/28,232.647
2015/09/29,233.474
2015/09/30,234.083
2015/10/01,234.619
2015/10/02,235.206
2015/10/03,235.837
2015/10/04,236.457
2015/10/05,236.993
2015/10/06,238.016
2015/10/07,239.184
2015/10/08,240.003
2015/10/09,240.703
2015/10/10,241.45
2015/10/11,242.261
2015/10/12,243.065
2015/10/13,243.88
2015/10/14,245.122
2015/10/15,246.654
2015/10/16,248.736
2015/10/17,251.842
2015/10/18,254.335
2015/10/19,256.168
2015/10/20,258.221
2015/10/21,260.164
2015/10/22,262.396
2015/10/23,264.986
2015/10/24,267.678
2015/10/25,271.339
2015/10/26,273.904
2015/10/27,277.122
2015/10/28,281.149
2015/10/29,285.807
2015/10/30,291.968
2015/10/31,297.134
2015/11/01,301.053
2015/11/02,307.083
2015/11/03,318.883
2015/11/04,338.254
2015/11/05,349.537
2015/11/06,355.669
2015/11/07,362.414
2015/11/08,367.98
2015/11/09,371.695
2015/11/10,373.325
2015/11/11,367.586
2015/11/12,363.299
2015/11/13,359.638
2015/11/14,355.861
2015/11/15,351.261
2015/11/16,345.754
2015/11/17,342.025
2015/11/18,338.657
2015/11/19,336.013
2015/11/20,332.583
2015/11/21,330.308
2015/11/22,328.501
2015/11/23,327.08
2015/11/24,325.854
2015/11/25,325.292
2015/11/26,327.35
2015/11/27,331.065
2015/11/28,334.418
2015/11/29,338.318
2015/11/30,344.015
2015/12/01,347.986
2015/12/02,350.108
2015/12/03,352.856
2015/12/04,355.048
2015/12/05,358.834
2015/12/06,364.664
2015/12/07,369.864
2015/12/08,374.573
2015/12/09,381.536
2015/12/10,387.324
2015/12/11,394.615
2015/12/12,401.177
2015/12/13,407.503
2015/12/14,413.874
2015/12/15,421.66
2015/12/16,428.562
2015/12/17,434.316
2015/12/18,439.752
2015/12/19,444.669
2015/12/20,447.557
2015/12/21,447.717
2015/12/22,447.674
2015/12/23,447.455
2015/12/24,448.782
2015/12/25,449.795
2015/12/26,447.116
2015/12/27,442.983
2015/12/28,439.939
2015/12/29,437.192
2015/12/30,435.266
2015/12/31,433.125
2016/01/01,432.18
2016/01/02,431.623
2016/01/03,430.817
2016/01/04,430.583
2016/01/05,430.458
2016/01/06,430.077
2016/01/07,432.217
2016/01/08,435.336
2016/01/09,437.793
2016/01/10,439.311
2016/01/11,440.94
2016/01/12,442.132
2016/01/13,440.858
2016/01/14,439.834
2016/01/15,435.247
2016/01/16,426.575
2016/01/17,420.241
2016/01/18,414.143
2016/01/19,408.573
2016/01/20,404.729
2016/01/21,404.068
2016/01/22,400.981
2016/01/23,397.84
2016/01/24,396.286
2016/01/25,395.181
2016/01/26,394.145
2016/01/27,393.758
2016/01/28,392.308
2016/01/29,390.255
2016/01/30,388.77
2016/01/31,387.148
2016/02/01,384.992
2016/02/02,383.069
2016/02/03,380.954
2016/02/04,379.858
2016/02/05,380.371
2016/02/06,379.528
2016/02/07,378.832
2016/02/08,378.233
2016/02/09,377.502
2016/02/10,377.628
2016/02/11,378.067
2016/02/12,378.795
2016/02/13,380.372
2016/02/14,383.197
2016/02/15,386.424
2016/02/16,389.377
2016/02/17,393.37
2016/02/18,397.752
2016/02/19,401.725
2016/02/20,406.637
2016/02/21,412.176
2016/02/22,416.934
2016/02/23,419.846
2016/02/24,421.411
2016/02/25,422.862
2016/02/26,424.039
2016/02/27,425.888
2016/02/28,426.915
2016/02/29,428.684
2016/03/01,429.868
2016/03/02,430.354
2016/03/03,429.313
2016/03/04,428.031
2016/03/05,424.684
2016/03/06,421.643
2016/03/07,419.643
2016/03/08,418.287
2016/03/09,416.975
2016/03/10,416
2016/03/11,415.885
2016/03/12,414.984
2016/03/13,414.185
2016/03/14,413.711
2016/03/15,413.686
2016/03/16,413.797
2016/03/17,414.434
2016/03/18,414.413
2016/03/19,413.713
2016/03/20,413.346
2016/03/21,412.853
2016/03/22,413.099
2016/03/23,413.547
2016/03/24,413.791
2016/03/25,413.954
2016/03/26,414.276
2016/03/27,414.996
2016/03/28,416.188
2016/03/29,416.555
2016/03/30,416.222
2016/03/31,416.198
2016/04/01,416.228
2016/04/02,416.636
2016/04/03,416.922
2016/04/04,417.212
2016/04/05,417.74
2016/04/06,418.256
2016/04/07,418.56
2016/04/08,418.864
2016/04/09,418.671
2016/04/10,418.732
2016/04/11,418.956
2016/04/12,419.705
2016/04/13,420.378
2016/04/14,420.898
2016/04/15,421.771
2016/04/16,422.972
2016/04/17,423.807
2016/04/18,424.481
2016/04/19,425.258
2016/04/20,427.007
2016/04/21,429.498
2016/04/22,432.07
2016/04/23,434.452
2016/04/24,437.458
2016/04/25,440.78
2016/04/26,444.511
2016/04/27,447.282
2016/04/28,447.794
2016/04/29,448.769
2016/04/30,449.87
2016/05/01,450.51
2016/05/02,450.443
2016/05/03,450.212
2016/05/04,449.898
2016/05/05,449.44
2016/05/06,449.591
2016/05/07,450.554
2016/05/08,451.35
2016/05/09,452.165
2016/05/10,452.527
2016/05/11,452.679
2016/05/12,452.682
2016/05/13,453.05
2016/05/14,453.475
2016/05/15,453.996
2016/05/16,454.437
2016/05/17,454.474
2016/05/18,454.508
2016/05/19,453.882
2016/05/20,452.168
2016/05/21,450.619
2016/05/22,449.116
2016/05/23,447.821
2016/05/24,447.139
2016/05/25,446.951
2016/05/26,447.171
2016/05/27,450.228
2016/05/28,456.422
2016/05/29,465.611
2016/05/30,475.604
2016/05/31,485.164
2016/06/01,493.515
2016/06/02,501.44
2016/06/03,510.873
2016/06/04,521.811
2016/06/05,531.881
2016/06/06,541.577
2016/06/07,549.825
2016/06/08,556.116
2016/06/09,561.17
2016/06/10,564.884
2016/06/11,568.504
2016/06/12,579.191
2016/06/13,595.229
2016/06/14,609.665
2016/06/15,622.245
2016/06/16,640.367
2016/06/17,657.892
2016/06/18,674.026
2016/06/19,689.158
2016/06/20,701.833
2016/06/21,704.152
2016/06/22,701.228
2016/06/23,689.451
2016/06/24,686.006
2016/06/25,684.048
2016/06/26,677.414
2016/06/27,670.392
2016/06/28,665.129
2016/06/29,658.393
2016/06/30,654.435
2016/07/01,654.359
2016/07/02,656.231
2016/07/03,657.333
2016/07/04,658.552
2016/07/05,660.676
2016/07/06,663.042
2016/07/07,661.239
2016/07/08,659.437
2016/07/09,658.369
2016/07/10,656.919
2016/07/11,655.558
2016/07/12,655.091
2016/07/13,655.358
2016/07/14,654.861
2016/07/15,654.748
2016/07/16,655.023
2016/07/17,656.419
2016/07/18,658.896
2016/07/19,660.485
2016/07/20,661.878
2016/07/21,662.646
2016/07/22,662.812
2016/07/23,662.056
2016/07/24,661.613
2016/07/25,661.041
2016/07/26,659.818
2016/07/27,658.75
2016/07/28,657.991
2016/07/29,657.292
2016/07/30,656.633
2016/07/31,653.47
2016/08/01,648.521
2016/08/02,640.732
2016/08/03,627.904
2016/08/04,618.926
2016/08/05,610.828
2016/08/06,603.877
2016/08/07,599.53
2016/08/08,595.773
2016/08/09,592.265
2016/08/10,589.849
2016/08/11,588.382
2016/08/12,586.818
2016/08/13,585.871
2016/08/14,584.18
2016/08/15,582.09
2016/08/16,580.889
2016/08/17,580.245
2016/08/18,579.303
2016/08/19,578.447
2016/08/20,577.991
2016/08/21,577.946
2016/08/22,578.205
2016/08/23,578.731
2016/08/24,578.818
2016/08/25,578.313
2016/08/26,578.314
2016/08/27,577.852
2016/08/28,577.24
2016/08/29,577.031
2016/08/30,577.012
2016/08/31,576.645
2016/09/01,576.091
2016/09/02,575.56
2016/09/03,575.922
2016/09/04,579.522
2016/09/05,583.09
2016/09/06,586.594
2016/09/07,590.313
2016/09/08,595.256
2016/09/09,599.939
2016/09/10,604.373
2016/09/11,607.855
2016/09/12,609.134
2016/09/13,610.358
2016/09/14,611.451
2016/09/15,612.101
2016/09/16,612.222
2016/09/17,611.887
2016/09/18,611.359
2016/09/19,611.056
2016/09/20,610.548
2016/09/21,608.585
2016/09/22,606.727
2016/09/23,605.308
2016/09/24,604.63
2016/09/25,604.046
2016/09/26,603.903
2016/09/27,603.949
2016/09/28,603.882
2016/09/29,603.848
2016/09/30,603.896
2016/10/01,604.864
2016/10/02,605.687
2016/10/03,606.478
2016/10/04,607.077
2016/10/05,607.822
2016/10/06,608.527
2016/10/07,609.465
2016/10/08,610.729
2016/10/09,611.774
2016/10/10,612.648
2016/10/11,615.454
2016/10/12,618.774
2016/10/13,621.578
2016/10/14,624.187
2016/10/15,626.853
2016/10/16,629.333
2016/10/17,631.393
2016/10/18,632.963
2016/10/19,633.684
2016/10/20,633.702
2016/10/21,633.853
2016/10/22,635.209
2016/10/23,637.953
2016/10/24,639.929
2016/10/25,642.123
2016/10/26,645.489
2016/10/27,650.884
2016/10/28,656.247
2016/10/29,663.809
2016/10/30,670.668
2016/10/31,676.114
2016/11/01,683.826
2016/11/02,691.374
2016/11/03,697.948
2016/11/04,700.241
2016/11/05,702.409
2016/11/06,704.793
2016/11/07,706.014
2016/11/08,706.979
2016/11/09,709.929
2016/11/10,710.973
2016/11/11,711.739
2016/11/12,711.443
2016/11/13,709.461
2016/11/14,708.3
2016/11/15,708.215
2016/11/16,709.788
2016/11/17,714.18
2016/11/18,718.389
2016/11/19,722.866
2016/11/20,725.938
2016/11/21,727.922
2016/11/22,730.608
2016/11/23,733.026
2016/11/24,734.745
2016/11/25,735.765
2016/11/26,736.563
2016/11/27,736.823
2016/11/28,736.74
2016/11/29,736.324
2016/11/30,736.412
2016/12/01,737.658
2016/12/02,741.531
2016/12/03,744.742
2016/12/04,747.729
2016/12/05,749.28
2016/12/06,750.739
2016/12/07,752.714
2016/12/08,755.328
2016/12/09,757.92
2016/12/10,760.659
2016/12/11,762.419
2016/12/12,764.79
2016/12/13,767.202
2016/12/14,769.057
2016/12/15,770.541
2016/12/16,772.058
2016/12/17,774.479
2016/12/18,776.827
2016/12/19,779.183
2016/12/20,781.277
2016/12/21,785.859
2016/12/22,795.477
2016/12/23,809.92
2016/12/24,823.57
2016/12/25,832.563
2016/12/26,843.897
2016/12/27,855.955
2016/12/28,871.979
2016/12/29,888.393
2016/12/30,901.052
2016/12/31,912.317
2017/01/01,924.428
2017/01/02,939.964
2017/01/03,954.382
2017/01/04,974.312
2017/01/05,987.735
2017/01/06,983.76
2017/01/07,971.122
2017/01/08,964.579
2017/01/09,955.276
2017/01/10,947.146
2017/01/11,931.699
2017/01/12,908.995
2017/01/13,891.234
2017/01/14,877.579
2017/01/15,863.877
2017/01/16,852.945
2017/01/17,850.072
2017/01/18,849.88
2017/01/19,852.48
2017/01/20,856.831
2017/01/21,864.524
2017/01/22,872.55
2017/01/23,880.088
2017/01/24,885.778
2017/01/25,889.798
2017/01/26,894.645
2017/01/27,899.744
2017/01/28,904.097
2017/01/29,907.405
2017/01/30,909.786
2017/01/31,914.228
2017/02/01,922.255
2017/02/02,932.125
2017/02/03,943.7
2017/02/04,954.799
2017/02/05,965.331
2017/02/06,975.033
2017/02/07,986.555
2017/02/08,998.343
2017/02/09,1005
2017/02/10,1004
2017/02/11,1006
2017/02/12,1008
2017/02/13,1007
2017/02/14,1007
2017/02/15,1007
2017/02/16,1009
2017/02/17,1013
2017/02/18,1019
2017/02/19,1023
2017/02/20,1028
2017/02/21,1037
2017/02/22,1049
2017/02/23,1063
2017/02/24,1082
2017/02/25,1097
2017/02/26,1109
2017/02/27,1123
2017/02/28,1136
2017/03/01,1150
2017/03/02,1165
2017/03/03,1184
2017/03/04,1200
2017/03/05,1213
2017/03/06,1225
2017/03/07,1233
2017/03/08,1231
2017/03/09,1226
2017/03/10,1225
2017/03/11,1218
2017/03/12,1215
2017/03/13,1216
2017/03/14,1218
2017/03/15,1221
2017/03/16,1220
2017/03/17,1207
2017/03/18,1183
2017/03/19,1158
2017/03/20,1138
2017/03/21,1128
2017/03/22,1116
2017/03/23,1102
2017/03/24,1083
2017/03/25,1058
2017/03/26,1041
2017/03/27,1029
2017/03/28,1025
2017/03/29,1022
2017/03/30,1021
2017/03/31,1024
2017/04/01,1032
2017/04/02,1040
2017/04/03,1053
2017/04/04,1066
2017/04/05,1077
2017/04/06,1093
2017/04/07,1110
2017/04/08,1125
2017/04/09,1139
2017/04/10,1153
2017/04/11,1165
2017/04/12,1176
2017/04/13,1182
2017/04/14,1186
2017/04/15,1189
2017/04/16,1191
2017/04/17,1192
2017/04/18,1197
2017/04/19,1200
2017/04/20,1205
2017/04/21,1212
2017/04/22,1218
2017/04/23,1224
2017/04/24,1230
2017/04/25,1236
2017/04/26,1246
2017/04/27,1258
2017/04/28,1270
2017/04/29,1281
2017/04/30,1292
2017/05/01,1308
2017/05/02,1329
2017/05/03,1351
2017/05/04,1378
2017/05/05,1404
2017/05/06,1427
2017/05/07,1449
2017/05/08,1477
2017/05/09,1514
2017/05/10,1550
2017/05/11,1592
2017/05/12,1625
2017/05/13,1645
2017/05/14,1672
2017/05/15,1688
2017/05/16,1699
2017/05/17,1718
2017/05/18,1740
2017/05/19,1770
2017/05/20,1805
2017/05/21,1844
2017/05/22,1892
2017/05/23,1942
2017/05/24,2011
2017/05/25,2098
2017/05/26,2152
2017/05/27,2159
2017/05/28,2175
2017/05/29,2194
2017/05/30,2215
2017/05/31,2228
2017/06/01,2256
2017/06/02,2283
2017/06/03,2317
2017/06/04,2348
2017/06/05,2385
2017/06/06,2448
2017/06/07,2503
2017/06/08,2545
2017/06/09,2596
2017/06/10,2647
2017/06/11,2696
2017/06/12,2727
2017/06/13,2740
2017/06/14,2740
2017/06/15,2701
2017/06/16,2671
2017/06/17,2655
2017/06/18,2639
2017/06/19,2622
2017/06/20,2619
2017/06/21,2623
2017/06/22,2624
2017/06/23,2631
2017/06/24,2631
2017/06/25,2621
2017/06/26,2601
2017/06/27,2576
2017/06/28,2570
2017/06/29,2567
2017/06/30,2559
2017/07/01,2541
2017/07/02,2522
2017/07/03,2516
2017/07/04,2520
2017/07/05,2522
2017/07/06,2528
2017/07/07,2528
2017/07/08,2526
2017/07/09,2530
2017/07/10,2522
2017/07/11,2499
2017/07/12,2476
2017/07/13,2459
2017/07/14,2432
2017/07/15,2380
2017/07/16,2314
2017/07/17,2267
2017/07/18,2254
2017/07/19,2248
2017/07/20,2267
2017/07/21,2318
2017/07/22,2376
2017/07/23,2430
2017/07/24,2481
2017/07/25,2513
2017/07/26,2525
2017/07/27,2546
2017/07/28,2587
2017/07/29,2621
2017/07/30,2645
2017/07/31,2672
2017/08/01,2695
2017/08/02,2703
2017/08/03,2712
2017/08/04,2729
2017/08/05,2787
2017/08/06,2853
2017/08/07,2924
2017/08/08,3005
2017/08/09,3069
2017/08/10,3132
2017/08/11,3201
2017/08/12,3299
2017/08/13,3422
2017/08/14,3550
2017/08/15,3666
2017/08/16,3767
2017/08/17,3878
2017/08/18,3958
2017/08/19,4005
2017/08/20,4044
2017/08/21,4068
2017/08/22,4070
2017/08/23,4097
2017/08/24,4122
2017/08/25,4161
2017/08/26,4186
2017/08/27,4210
2017/08/28,4226
2017/08/29,4262
2017/08/30,4310
2017/08/31,4367
2017/09/01,4438
2017/09/02,4488
2017/09/03,4520
2017/09/04,4521
2017/09/05,4504
2017/09/06,4519
2017/09/07,4538
2017/09/08,4539
2017/09/09,4514
2017/09/10,4475
2017/09/11,4439
2017/09/12,4409
2017/09/13,4338
2017/09/14,4232
2017/09/15,4107
2017/09/16,4036
2017/09/17,3965
2017/09/18,3942
2017/09/19,3925
2017/09/20,3909
2017/09/21,3879
2017/09/22,3834
2017/09/23,3810
2017/09/24,3788
2017/09/25,3787
2017/09/26,3803
2017/09/27,3837
2017/09/28,3892
2017/09/29,3935
2017/09/30,3989
2017/10/01,4043
2017/10/02,4103
2017/10/03,4146
2017/10/04,4177
2017/10/05,4207
2017/10/06,4245
2017/10/07,4276
2017/10/08,4320
2017/10/09,4376
2017/10/10,4447
2017/10/11,4505
2017/10/12,4594
2017/10/13,4745
2017/10/14,4892
2017/10/15,5019
2017/10/16,5140
2017/10/17,5243
2017/10/18,5302
2017/10/19,5385
2017/10/20,5472
2017/10/21,5584
2017/10/22,5659
2017/10/23,5715
2017/10/24,5730
2017/10/25,5722
2017/10/26,5744
2017/10/27,5759
2017/10/28,5763
2017/10/29,5782
2017/10/30,5832
2017/10/31,5893
2017/11/01,5984
2017/11/02,6125
2017/11/03,6290
2017/11/04,6445
2017/11/05,6616
2017/11/06,6744
2017/11/07,6839
2017/11/08,6957
2017/11/09,7039
2017/11/10,7068
2017/11/11,7033
2017/11/12,6932
2017/11/13,6859
2017/11/14,6819
2017/11/15,6838
2017/11/16,6904
2017/11/17,7016
2017/11/18,7103
2017/11/19,7203
2017/11/20,7338
2017/11/21,7473
2017/11/22,7601
2017/11/23,7719
2017/11/24,7825
2017/11/25,7960
2017/11/26,8153
2017/11/27,8394
2017/11/28,8638
2017/11/29,8933
2017/11/30,9131
2017/12/01,9337
2017/12/02,9619
2017/12/03,9916
2017/12/04,10191
2017/12/05,10476
2017/12/06,10852
2017/12/07,11537
2017/12/08,12292
2017/12/09,12838
2017/12/10,13215
2017/12/11,13806
2017/12/12,14378
2017/12/13,14861
2017/12/14,15254
2017/12/15,15721
2017/12/16,16224
2017/12/17,16799
2017/12/18,17224
2017/12/19,17507
2017/12/20,17538
2017/12/21,17450
2017/12/22,17048
2017/12/23,16809
2017/12/24,16387
2017/12/25,15990
2017/12/26,15806
2017/12/27,15703
2017/12/28,15427
2017/12/29,15206
2017/12/30,14837
2017/12/31,14532
2018/01/01,14301
2018/01/02,14174
2018/01/03,14237
2018/01/04,14297
2018/01/05,14505
2018/01/06,14815
2018/01/07,15102
2018/01/08,15193
2018/01/09,15210
2018/01/10,15134
2018/01/11,15009
2018/01/12,14886
2018/01/13,14840
2018/01/14,14710
2018/01/15,14592
2018/01/16,14246
2018/01/17,13714
2018/01/18,13332
2018/01/19,12982
2018/01/20,12804
2018/01/21,12592
2018/01/22,12322
2018/01/23,12038
2018/01/24,11833
2018/01/25,11698
2018/01/26,11546
2018/01/27,11449
2018/01/28,11436
2018/01/29,11398
2018/01/30,11306
2018/01/31,11144
2018/02/01,10935
2018/02/02,10609
2018/02/03,10355
2018/02/04,10099
2018/02/05,9723
2018/02/06,9267
2018/02/07,8993
2018/02/08,8792
2018/02/09,8627
2018/02/10,8540
2018/02/11,8417
2018/02/12,8384
2018/02/13,8377
2018/02/14,8443
2018/02/15,8623
2018/02/16,8832
2018/02/17,9116
2018/02/18,9393
2018/02/19,9668
2018/02/20,9999
2018/02/21,10193
2018/02/22,10288
2018/02/23,10327
2018/02/24,10339
2018/02/25,10296
2018/02/26,10277
2018/02/27,10332
2018/02/28,10372
2018/03/01,10406
2018/03/02,10476
2018/03/03,10586
2018/03/04,10677
2018/03/05,10799
2018/03/06,10850
2018/03/07,10823
2018/03/08,10706
2018/03/09,10488
2018/03/10,10325
2018/03/11,10143
2018/03/12,10019
2018/03/13,9861
2018/03/14,9666
2018/03/15,9400
2018/03/16,9185
2018/03/17,8965
2018/03/18,8722
2018/03/19,8602
2018/03/20,8550
2018/03/21,8569
2018/03/22,8575
2018/03/23,8556
2018/03/24,8584
2018/03/25,8573
2018/03/26,8524
2018/03/27,8453
2018/03/28,8387
2018/03/29,8277
2018/03/30,8088
2018/03/31,7927
2018/04/01,7750
2018/04/02,7605
2018/04/03,7519
2018/04/04,7413
2018/04/05,7281
2018/04/06,7155
2018/04/07,7079
2018/04/08,7035
2018/04/09,6993
2018/04/10,6948
2018/04/11,6929
2018/04/12,6978
2018/04/13,7116
2018/04/14,7246
2018/04/15,7396
2018/04/16,7513
2018/04/17,7616
2018/04/18,7714
2018/04/19,7823
2018/04/20,7948
2018/04/21,8104
2018/04/22,8253
2018/04/23,8386
2018/04/24,8554
2018/04/25,8685
2018/04/26,8749
2018/04/27,8842
2018/04/28,8927
2018/04/29,9016
2018/04/30,9086
2018/05/01,9104
2018/05/02,9130
2018/05/03,9181
2018/05/04,9259
2018/05/05,9348
2018/05/06,9403
2018/05/07,9411
2018/05/08,9405
2018/05/09,9389
2018/05/10,9383
2018/05/11,9299
2018/05/12,9182
2018/05/13,9089
2018/05/14,9008
2018/05/15,8941
2018/05/16,8829
2018/05/17,8726
2018/05/18,8609
2018/05/19,8527
2018/05/20,8475
2018/05/21,8448
2018/05/22,8401
2018/05/23,8305
2018/05/24,8186
2018/05/25,8078
2018/05/26,7983
2018/05/27,7874
2018/05/28,7767
2018/05/29,7678
2018/05/30,7620
2018/05/31,7579
2018/06/01,7543
2018/06/02,7528
2018/06/03,7531
2018/06/04,7526
2018/06/05,7519
2018/06/06,7533
2018/06/07,7560
2018/06/08,7579
2018/06/09,7596
2018/06/10,7545
2018/06/11,7445
2018/06/12,7350
2018/06/13,7219
2018/06/14,7104
2018/06/15,7006
2018/06/16,6906
2018/06/17,6823
2018/06/18,6753
2018/06/19,6718
2018/06/20,6686
2018/06/21,6670
2018/06/22,6614
2018/06/23,6538
2018/06/24,6463
2018/06/25,6422
2018/06/26,6388
2018/06/27,6345
2018/06/28,6304
2018/06/29,6242
2018/06/30,6246
2018/07/01,6251
2018/07/02,6270
2018/07/03,6307
2018/07/04,6343
2018/07/05,6381
2018/07/06,6417
2018/07/07,6456
2018/07/08,6510
2018/07/09,6555
2018/07/10,6565
2018/07/11,6557
2018/07/12,6527
2018/07/13,6496
2018/07/14,6461
2018/07/15,6440
2018/07/16,6445
2018/07/17,6496
2018/07/18,6615
2018/07/19,6724
2018/07/20,6830
2018/07/21,6917
2018/07/22,7011
2018/07/23,7128
2018/07/24,7288
2018/07/25,7457
2018/07/26,7602
2018/07/27,7705
2018/07/28,7812
2018/07/29,7904
2018/07/30,7969
2018/07/31,7991
2018/08/01,7957
2018/08/02,7923
2018/08/03,7862
2018/08/04,7782
2018/08/05,7669
2018/08/06,7560
2018/08/07,7456
2018/08/08,7290
2018/08/09,7134
2018/08/10,6997
2018/08/11,6846
2018/08/12,6730
2018/08/13,6638
2018/08/14,6523
2018/08/15,6468
2018/08/16,6421
2018/08/17,6402
2018/08/18,6390
2018/08/19,6380
2018/08/20,6382
2018/08/21,6382
2018/08/22,6412
2018/08/23,6421
2018/08/24,6445
2018/08/25,6491
2018/08/26,6526
2018/08/27,6563
2018/08/28,6631
2018/08/29,6700
2018/08/30,6746
2018/08/31,6793
2018/09/01,6851
2018/09/02,6921
2018/09/03,6986
2018/09/04,7051
2018/09/05,7082
2018/09/06,7015
2018/09/07,6950
2018/09/08,6875
2018/09/09,6794
2018/09/10,6717
2018/09/11,6644
2018/09/12,6574
2018/09/13,6534
2018/09/14,6506
2018/09/15,6484
2018/09/16,6464
2018/09/17,6440
2018/09/18,6411
2018/09/19,6398
2018/09/20,6401
2018/09/21,6438
2018/09/22,6478
2018/09/23,6516
2018/09/24,6540
2018/09/25,6532
2018/09/26,6529
2018/09/27,6532
2018/09/28,6554
2018/09/29,6560
2018/09/30,6571
2018/10/01,6581
2018/10/02,6585
2018/10/03,6573
2018/10/04,6574
2018/10/05,6573
2018/10/06,6574
2018/10/07,6575
2018/10/08,6583
2018/10/09,6593
2018/10/10,6593
2018/10/11,6552
2018/10/12,6513
2018/10/13,6479
2018/10/14,6454
2018/10/15,6468
2018/10/16,6487
2018/10/17,6500
2018/10/18,6510
2018/10/19,6510
2018/10/20,6511
2018/10/21,6520
2018/10/22,6524
2018/10/23,6525
2018/10/24,6530
2018/10/25,6532
2018/10/26,6531
2018/10/27,6527
2018/10/28,6520
2018/10/29,6502
2018/10/30,6475
2018/10/31,6452
2018/11/01,6435
2018/11/02,6427
2018/11/03,6416
2018/11/04,6411
2018/11/05,6412
2018/11/06,6415
2018/11/07,6430
2018/11/08,6440
2018/11/09,6439
2018/11/10,6439
2018/11/11,6437
2018/11/12,6438
2018/11/13,6436
2018/11/14,6400
2018/11/15,6293
2018/11/16,6193
2018/11/17,6096
2018/11/18,6014
2018/11/19,5894
2018/11/20,5698
2018/11/21,5505
2018/11/22,5333
2018/11/23,5151
2018/11/24,4987
2018/11/25,4782
2018/11/26,4612
2018/11/27,4445
2018/11/28,4349
2018/11/29,4292
2018/11/30,4230
2018/12/01,4183
2018/12/02,4156
2018/12/03,4118
2018/12/04,4090
2018/12/05,4056
2018/12/06,4010
2018/12/07,3925
2018/12/08,3854
2018/12/09,3806
2018/12/10,3759
2018/12/11,3704
2018/12/12,3655
2018/12/13,3605
2018/12/14,3545
2018/12/15,3488
2018/12/16,3444
2018/12/17,3425
2018/12/18,3433
2018/12/19,3476
2018/12/20,3542
2018/12/21,3614
2018/12/22,3664
2018/12/23,3725
2018/12/24,3800
2018/12/25,3823
2018/12/26,3843
2018/12/27,3851
2018/12/28,3853
2018/12/29,3873
2018/12/30,3877
2018/12/31,3871
2019/01/01,3853
2019/01/02,3850
2019/01/03,3847
2019/01/04,3839
2019/01/05,3838
2019/01/06,3846
2019/01/07,3872
2019/01/08,3896
2019/01/09,3920
2019/01/10,3913
2019/01/11,3883
2019/01/12,3853
2019/01/13,3819
2019/01/14,3788
2019/01/15,3766
2019/01/16,3740
2019/01/17,3716
2019/01/18,3697
2019/01/19,3686
2019/01/20,3670
2019/01/21,3646
2019/01/22,3629
2019/01/23,3618
2019/01/24,3610
2019/01/25,3605
2019/01/26,3603
2019/01/27,3598
2019/01/28,3580
2019/01/29,3558
2019/01/30,3542
2019/01/31,3527
2019/02/01,3513
2019/02/02,3501
2019/02/03,3490
2019/02/04,3480
2019/02/05,3472
2019/02/06,3458
2019/02/07,3446
2019/02/08,3446
2019/02/09,3471
2019/02/10,3494
2019/02/11,3516
2019/02/12,3532
2019/02/13,3548
2019/02/14,3560
2019/02/15,3571
2019/02/16,3582
2019/02/17,3593
2019/02/18,3625
2019/02/19,3672
2019/02/20,3716
2019/02/21,3754
2019/02/22,3790
2019/02/23,3827
2019/02/24,3863
2019/02/25,3869
2019/02/26,3873
2019/02/27,3874
2019/02/28,3876
2019/03/01,3876
2019/03/02,3872
2019/03/03,3865
2019/03/04,3846
2019/03/05,3834
2019/03/06,3832
2019/03/07,3835
2019/03/08,3839
2019/03/09,3847
2019/03/10,3856
2019/03/11,3863
2019/03/12,3866
2019/03/13,3869
2019/03/14,3872
2019/03/15,3878
2019/03/16,3897
2019/03/17,3913
2019/03/18,3927
2019/03/19,3940
2019/03/20,3954
2019/03/21,3967
2019/03/22,3974
2019/03/23,3981
2019/03/24,3986
2019/03/25,3988
2019/03/26,3983
2019/03/27,3989
2019/03/28,3996
2019/03/29,4008
2019/03/30,4021
2019/03/31,4033
2019/04/01,4049
2019/04/02,4131
2019/04/03,4258
2019/04/04,4369
2019/04/05,4471
2019/04/06,4573
2019/04/07,4676
2019/04/08,4781
2019/04/09,4870
2019/04/10,4955
2019/04/11,5010
2019/04/12,5044
2019/04/13,5074
2019/04/14,5094
2019/04/15,5111
2019/04/16,5116
2019/04/17,5132
2019/04/18,5152
2019/04/19,5168
2019/04/20,5189
2019/04/21,5203
2019/04/22,5220
2019/04/23,5265
2019/04/24,5302
2019/04/25,5328
2019/04/26,5328
2019/04/27,5326
2019/04/28,5323
2019/04/29,5316
2019/04/30,5312
2019/05/01,5317
2019/05/02,5332
2019/05/03,5382
2019/05/04,5433
2019/05/05,5484
2019/05/06,5522
2019/05/07,5583
2019/05/08,5638
2019/05/09,5714
2019/05/10,5814
2019/05/11,5970
2019/05/12,6157
2019/05/13,6359
2019/05/14,6618
2019/05/15,6860
2019/05/16,7068
2019/05/17,7158
2019/05/18,7239
2019/05/19,7382
2019/05/20,7503
2019/05/21,7609
2019/05/22,7688
2019/05/23,7724
2019/05/24,7781
2019/05/25,7829
2019/05/26,7875
2019/05/27,8002
2019/05/28,8109
2019/05/29,8199
2019/05/30,8282
2019/05/31,8322
2019/06/01,8376
2019/06/02,8435
2019/06/03,8470
2019/06/04,8409
2019/06/05,8337
2019/06/06,8264
2019/06/07,8213
2019/06/08,8164
2019/06/09,8096
2019/06/10,8033
2019/06/11,7990
2019/06/12,7972
2019/06/13,7978
2019/06/14,8013
2019/06/15,8098
2019/06/16,8231
2019/06/17,8379
2019/06/18,8512
2019/06/19,8631
2019/06/20,8763
2019/06/21,8940
2019/06/22,9224
2019/06/23,9488
2019/06/24,9735
2019/06/25,10014
2019/06/26,10439
2019/06/27,10708
2019/06/28,10926
2019/06/29,11133
2019/06/30,11271
2019/07/01,11270
2019/07/02,11204
2019/07/03,11261
2019/07/04,11354
2019/07/05,11342
2019/07/06,11349
2019/07/07,11339
2019/07/08,11386
2019/07/09,11522
2019/07/10,11666
2019/07/11,11671
2019/07/12,11676
2019/07/13,11662
2019/07/14,11577
2019/07/15,11442
2019/07/16,11299
2019/07/17,11052
2019/07/18,10885
2019/07/19,10789
2019/07/20,10727
2019/07/21,10659
2019/07/22,10582
2019/07/23,10467
2019/07/24,10326
2019/07/25,10254
2019/07/26,10165
2019/07/27,10087
2019/07/28,9993
2019/07/29,9921
2019/07/30,9855
2019/07/31,9837
2019/08/01,9848
2019/08/02,9912
2019/08/03,10016
2019/08/04,10123
2019/08/05,10343
2019/08/06,10564
2019/08/07,10762
2019/08/08,10953
2019/08/09,11130
2019/08/10,11256
2019/08/11,11338
2019/08/12,11401
2019/08/13,11415
2019/08/14,11325
2019/08/15,11167
2019/08/16,11038
2019/08/17,10919
2019/08/18,10803
2019/08/19,10735
2019/08/20,10696
2019/08/21,10595
2019/08/22,10486
2019/08/23,10422
2019/08/24,10359
2019/08/25,10302
2019/08/26,10290
2019/08/27,10268
2019/08/28,10240
2019/08/29,10143
2019/08/30,10053
2019/08/31,9977
2019/09/01,9912
2019/09/02,9892
2019/09/03,9957
2019/09/04,10030
2019/09/05,10102
2019/09/06,10179
2019/09/07,10221
2019/09/08,10267
2019/09/09,10290
2019/09/10,10302
2019/09/11,10293
2019/09/12,10304
2019/09/13,10321
2019/09/14,10334
2019/09/15,10337
2019/09/16,10327
2019/09/17,10308
2019/09/18,10287
2019/09/19,10243
2019/09/20,10229
2019/09/21,10201
2019/09/22,10170
2019/09/23,10130
2019/09/24,10036
2019/09/25,9815
2019/09/26,9582
2019/09/27,9340
2019/09/28,9136
2019/09/29,8942
2019/09/30,8768
2019/10/01,8653
2019/10/02,8542
2019/10/03,8448
2019/10/04,8361
2019/10/05,8286
2019/10/06,8215
2019/10/07,8170
2019/10/08,8162
2019/10/09,8182
2019/10/10,8232
2019/10/11,8260
2019/10/12,8275
2019/10/13,8293
2019/10/14,8301
2019/10/15,8301
2019/10/16,8277
2019/10/17,8251
2019/10/18,8216
2019/10/19,8183
2019/10/20,8159
2019/10/21,8162
2019/10/22,8159
2019/10/23,8096
2019/10/24,7999
2019/10/25,7968
2019/10/26,8135
2019/10/27,8304
2019/10/28,8471
2019/10/29,8617
2019/10/30,8730
2019/10/31,8829
2019/11/01,8914
2019/11/02,9003
2019/11/03,9074
2019/11/04,9138
2019/11/05,9202
2019/11/06,9256
2019/11/07,9282
2019/11/08,9257
2019/11/09,9197
2019/11/10,9153
2019/11/11,9102
2019/11/12,9049
2019/11/13,9005
2019/11/14,8956
2019/11/15,8894
2019/11/16,8827
2019/11/17,8776
2019/11/18,8715
2019/11/19,8627
2019/11/20,8547
2019/11/21,8444
2019/11/22,8280
2019/11/23,8116
2019/11/24,7962
2019/11/25,7793
2019/11/26,7667
2019/11/27,7569
2019/11/28,7525
2019/11/29,7497
2019/11/30,7489
2019/12/01,7447
2019/12/02,7411
2019/12/03,7387
2019/12/04,7370
2019/12/05,7366
2019/12/06,7379
2019/12/07,7408
2019/12/08,7433
2019/12/09,7446
2019/12/10,7435
2019/12/11,7412
2019/12/12,7383
2019/12/13,7362
2019/12/14,7337
2019/12/15,7307
2019/12/16,7273
2019/12/17,7211
2019/12/18,7145
2019/12/19,7135
2019/12/20,7132
2019/12/21,7129
2019/12/22,7140
2019/12/23,7186
2019/12/24,7210
2019/12/25,7223
2019/12/26,7236
2019/12/27,7246
2019/12/28,7268
2019/12/29,7304
2019/12/30,7326
2019/12/31,7332
2020/01/01,7327
2020/01/02,7302
2020/01/03,7295
2020/01/04,7305
2020/01/05,7330
2020/01/06,7363
2020/01/07,7444
2020/01/08,7563
2020/01/09,7628
2020/01/10,7685
2020/01/11,7761
2020/01/12,7833
2020/01/13,7900
2020/01/14,8019
2020/01/15,8150
2020/01/16,8254
2020/01/17,8366
2020/01/18,8469
2020/01/19,8550
2020/01/20,8594
2020/01/21,8627
2020/01/22,8657
2020/01/23,8652
2020/01/24,8635
2020/01/25,8605
2020/01/26,8588
2020/01/27,8606
2020/01/28,8658
2020/01/29,8746
2020/01/30,8835
2020/01/31,8913
2020/02/01,8990
2020/02/02,9064
2020/02/03,9126
2020/02/04,9166
2020/02/05,9225
2020/02/06,9315
2020/02/07,9406
2020/02/08,9487
2020/02/09,9588
2020/02/10,9654
2020/02/11,9714
2020/02/12,9813
2020/02/13,9897
2020/02/14,9971
2020/02/15,10020
2020/02/16,10030
2020/02/17,10009
2020/02/18,10001
2020/02/19,10020
2020/02/20,9969
2020/02/21,9929
2020/02/22,9887
2020/02/23,9871
2020/02/24,9845
2020/02/25,9789
2020/02/26,9677
2020/02/27,9542
2020/02/28,9408
2020/02/29,9286
2020/03/01,9163
2020/03/02,9078
2020/03/03,9006
2020/03/04,8941
2020/03/05,8923
2020/03/06,8920
2020/03/07,8917
2020/03/08,8858
2020/03/09,8717
2020/03/10,8603
2020/03/11,8491
2020/03/12,8236
2020/03/13,7812
2020/03/14,7437
2020/03/15,7081
2020/03/16,6716
2020/03/17,6409
2020/03/18,6137
2020/03/19,5964
2020/03/20,5906
2020/03/21,5858
2020/03/22,5833
2020/03/23,5827
2020/03/24,5909
2020/03/25,6007
2020/03/26,6118
2020/03/27,6231
2020/03/28,6270
2020/03/29,6288
2020/03/30,6317
2020/03/31,6358
2020/04/01,6369
2020/04/02,6424
2020/04/03,6481
2020/04/04,6528
2020/04/05,6572
2020/04/06,6647
2020/04/07,6743
2020/04/08,6829
2020/04/09,6910
2020/04/10,6944
2020/04/11,6958
2020/04/12,6978
2020/04/13,6965
2020/04/14,6964
2020/04/15,6948
2020/04/16,6940
2020/04/17,6956
2020/04/18,6976
2020/04/19,6997
2020/04/20,6999
2020/04/21,6977
2020/04/22,6976
2020/04/23,7016
2020/04/24,7089
2020/04/25,7160
2020/04/26,7230
2020/04/27,7310
2020/04/28,7383
2020/04/29,7512
2020/04/30,7718
2020/05/01,7891
2020/05/02,8059
2020/05/03,8225
2020/05/04,8349
2020/05/05,8473
2020/05/06,8604
2020/05/07,8761
2020/05/08,8959
2020/05/09,9109
2020/05/10,9101
2020/05/11,9084
2020/05/12,9066
2020/05/13,9074
2020/05/14,9138
2020/05/15,9196
2020/05/16,9231
2020/05/17,9291
2020/05/18,9357
2020/05/19,9409
2020/05/20,9453
2020/05/21,9441
2020/05/22,9409
2020/05/23,9394
2020/05/24,9374
2020/05/25,9309
2020/05/26,9248
2020/05/27,9208
2020/05/28,9206
2020/05/29,9225
2020/05/30,9251
2020/05/31,9282
2020/06/01,9317
2020/06/02,9395
2020/06/03,9427
2020/06/04,9479
2020/06/05,9535
2020/06/06,9570
2020/06/07,9600
2020/06/08,9637
2020/06/09,9663
2020/06/10,9692
2020/06/11,9695
2020/06/12,9664
2020/06/13,9635
2020/06/14,9605
2020/06/15,9554
2020/06/16,9538
2020/06/17,9520
2020/06/18,9500
2020/06/19,9472
2020/06/20,9444
2020/06/21,9425
2020/06/22,9425
2020/06/23,9448
2020/06/24,9447
2020/06/25,9422
2020/06/26,9396
2020/06/27,9361
2020/06/28,9321
2020/06/29,9293
2020/06/30,9271
2020/07/01,9257
2020/07/02,9242
2020/07/03,9220
2020/07/04,9201
2020/07/05,9180
2020/07/06,9180
2020/07/07,9189
2020/07/08,9212
2020/07/09,9234
2020/07/10,9238
2020/07/11,9248
2020/07/12,9258
2020/07/13,9270
2020/07/14,9271
2020/07/15,9273
2020/07/16,9262
2020/07/17,9252
2020/07/18,9245
2020/07/19,9238
2020/07/20,9232
2020/07/21,9243
2020/07/22,9261
2020/07/23,9301
2020/07/24,9339
2020/07/25,9383
2020/07/26,9451
2020/07/27,9592
2020/07/28,9798
2020/07/29,10002
2020/07/30,10180
2020/07/31,10362
2020/08/01,10578
2020/08/02,10737
2020/08/03,10864
2020/08/04,10972
2020/08/05,11088
2020/08/06,11225
2020/08/07,11336
2020/08/08,11421
2020/08/09,11486
2020/08/10,11562
2020/08/11,11591
2020/08/12,11590
2020/08/13,11597
2020/08/14,11627
2020/08/15,11667
2020/08/16,11702
2020/08/17,11758
2020/08/18,11822
2020/08/19,11829
2020/08/20,11832
2020/08/21,11828
2020/08/22,11798
2020/08/23,11779
2020/08/24,11774
2020/08/25,11742
2020/08/26,11697
2020/08/27,11644
2020/08/28,11605
2020/08/29,11579
2020/08/30,11569
2020/08/31,11572
2020/09/01,11602
2020/09/02,11598
2020/09/03,11525
2020/09/04,11370
2020/09/05,11213
2020/09/06,11058
2020/09/07,10912
2020/09/08,10779
2020/09/09,10664
2020/09/10,10581
2020/09/11,10503
2020/09/12,10445
2020/09/13,10402
2020/09/14,10384
2020/09/15,10413
2020/09/16,10469
2020/09/17,10531
2020/09/18,10598
2020/09/19,10673
2020/09/20,10728
2020/09/21,10745
2020/09/22,10728
2020/09/23,10704
2020/09/24,10678
2020/09/25,10681
2020/09/26,10687
2020/09/27,10691
2020/09/28,10712
2020/09/29,10710
2020/09/30,10710
2020/10/01,10714
2020/10/02,10688
2020/10/03,10669
2020/10/04,10661
2020/10/05,10670
2020/10/06,10680
2020/10/07,10674
2020/10/08,10683
2020/10/09,10721
2020/10/10,10803
2020/10/11,10883
2020/10/12,10969
2020/10/13,11050
2020/10/14,11117
2020/10/15,11180
2020/10/16,11230
2020/10/17,11270
2020/10/18,11313
2020/10/19,11368
2020/10/20,11450
2020/10/21,11602
2020/10/22,11800
2020/10/23,11978
2020/10/24,12150
2020/10/25,12310
2020/10/26,12456
2020/10/27,12625
2020/10/28,12788
2020/10/29,12913
2020/10/30,13036
2020/10/31,13180
2020/11/01,13305
2020/11/02,13385
2020/11/03,13448
2020/11/04,13532
2020/11/05,13710
2020/11/06,13987
2020/11/07,14209
2020/11/08,14388
2020/11/09,14571
2020/11/10,14725
2020/11/11,14894
2020/11/12,15088
2020/11/13,15307
2020/11/14,15466
2020/11/15,15597
2020/11/16,15755
2020/11/17,15981
2020/11/18,16282
2020/11/19,16540
2020/11/20,16832
2020/11/21,17150
2020/11/22,17398
2020/11/23,17618
2020/11/24,17862
2020/11/25,18102
2020/11/26,18087
2020/11/27,18004
2020/11/28,17956
2020/11/29,17987
2020/11/30,18120
2020/12/01,18278
2020/12/02,18372
2020/12/03,18500
2020/12/04,18595
2020/12/05,18664
2020/12/06,18750
2020/12/07,18837
2020/12/08,18884
2020/12/09,18838
2020/12/10,18805
2020/12/11,18715
2020/12/12,18685
2020/12/13,18731
2020/12/14,18772
2020/12/15,18836
2020/12/16,18993
2020/12/17,19478
2020/12/18,19969
2020/12/19,20486
2020/12/20,20995
2020/12/21,21417
2020/12/22,21778
2020/12/23,22163
2020/12/24,22463
2020/12/25,22810
2020/12/26,23265
2020/12/27,23896
2020/12/28,24441
2020/12/29,24871
2020/12/30,25425
2020/12/31,26001
2021/01/01,26569
2021/01/02,27269
2021/01/03,28265
2021/01/04,28955
2021/01/05,29614
2021/01/06,30534
2021/01/07,31769
2021/01/08,33099
2021/01/09,34360
2021/01/10,35387
2021/01/11,35572
2021/01/12,35760
2021/01/13,35842
2021/01/14,36375
2021/01/15,36683
2021/01/16,36827
2021/01/17,36755
2021/01/18,36711
2021/01/19,36737
2021/01/20,36493
2021/01/21,35952
2021/01/22,35310
2021/01/23,34809
2021/01/24,34371
2021/01/25,34154
2021/01/26,33771
2021/01/27,33298
2021/01/28,32936
2021/01/29,33075
2021/01/30,33107
2021/01/31,33086
2021/02/01,33118
2021/02/02,33305
2021/02/03,33761
2021/02/04,34334
2021/02/05,34875
2021/02/06,35653
2021/02/07,36213
2021/02/08,37008
2021/02/09,38498
2021/02/10,39728
2021/02/11,40881
2021/02/12,42077
2021/02/13,43110
2021/02/14,44190
2021/02/15,45032
2021/02/16,45870
2021/02/17,46848
2021/02/18,47822
2021/02/19,48814
2021/02/20,50088
2021/02/21,51304
2021/02/22,52041
2021/02/23,51879
2021/02/24,51803
2021/02/25,51717
2021/02/26,51148
2021/02/27,50652
2021/02/28,49850
2021/03/01,49453
2021/03/02,49197
2021/03/03,49180
2021/03/04,49036
2021/03/05,48688
2021/03/06,48509
2021/03/07,48616
2021/03/08,48866
2021/03/09,49580
2021/03/10,50430
2021/03/11,51349
2021/03/12,52285
2021/03/13,53381
2021/03/14,54594
2021/03/15,55209
2021/03/16,55497
2021/03/17,55827
2021/03/18,56415
2021/03/19,56890
2021/03/20,57331
2021/03/21,57478
2021/03/22,57491
2021/03/23,57166
2021/03/24,56894
2021/03/25,56221
2021/03/26,55732
2021/03/27,55539
2021/03/28,55469
2021/03/29,55587
2021/03/30,55898
2021/03/31,56227
2021/04/01,56555
2021/04/02,56931
2021/04/03,57254
2021/04/04,57412
2021/04/05,57616
2021/04/06,57859
2021/04/07,57867
2021/04/08,57885
2021/04/09,57992
2021/04/10,58273
2021/04/11,58500
2021/04/12,58730
2021/04/13,59202
2021/04/14,59810
2021/04/15,60301
2021/04/16,60598
2021/04/17,60815
2021/04/18,60312
2021/04/19,59866
2021/04/20,59320
2021/04/21,58793
2021/04/22,58063
2021/04/23,56841
2021/04/24,55723
2021/04/25,54643
2021/04/26,54105
2021/04/27,53845
2021/04/28,53685
2021/04/29,53488
2021/04/30,53559
2021/05/01,54028
2021/05/02,54408
2021/05/03,54920
2021/05/04,55071
2021/05/05,55299
2021/05/06,55670
2021/05/07,55990
2021/05/08,56472
2021/05/09,56800
2021/05/10,57020
2021/05/11,56941
2021/05/12,56863
2021/05/13,55959
2021/05/14,55139
2021/05/15,54192
2021/05/16,53179
2021/05/17,51799
2021/05/18,50529
2021/05/19,48692
2021/05/20,47105
2021/05/21,45590
2021/05/22,44026
2021/05/23,42339
2021/05/24,41127
2021/05/25,40255
2021/05/26,39708
2021/05/27,39262
2021/05/28,38629
2021/05/29,37944
2021/05/30,37417
2021/05/31,37097
2021/06/01,36914
2021/06/02,36896
2021/06/03,37062
2021/06/04,37051
2021/06/05,36990
2021/06/06,36851
2021/06/07,36696
2021/06/08,36149
2021/06/09,35913
2021/06/10,36006
2021/06/11,36117
2021/06/12,36056
2021/06/13,36076
2021/06/14,36526
2021/06/15,37016
2021/06/16,37367
2021/06/17,37589
2021/06/18,37597
2021/06/19,37440
2021/06/20,37200
2021/06/21,36715
2021/06/22,36100
2021/06/23,35725
2021/06/24,35361
2021/06/25,34977
2021/06/26,34377
2021/06/27,34027
2021/06/28,33897
2021/06/29,33958
2021/06/30,33982
2021/07/01,33889
2021/07/02,33783
2021/07/03,33847
2021/07/04,34055
2021/07/05,34105
2021/07/06,34154
2021/07/07,34235
2021/07/08,34088
2021/07/09,33984
2021/07/10,33955
2021/07/11,33916
2021/07/12,33859
2021/07/13,33695
2021/07/14,33509
2021/07/15,33295
2021/07/16,33048
2021/07/17,32790
2021/07/18,32587
2021/07/19,32339
2021/07/20,31940
2021/07/21,31759
2021/07/22,31738
2021/07/23,31771
2021/07/24,31993
2021/07/25,32281
2021/07/26,33088
2021/07/27,33769
2021/07/28,34695
2021/07/29,35552
2021/07/30,36303
2021/07/31,37247
2021/08/01,38081
2021/08/02,38565
2021/08/03,38821
2021/08/04,39026
2021/08/05,39253
2021/08/06,39666
2021/08/07,40287
2021/08/08,40923
2021/08/09,41536
2021/08/10,42183
2021/08/11,42819
2021/08/12,43242
2021/08/13,43779
2021/08/14,44381
2021/08/15,44840
2021/08/16,45319
2021/08/17,45602
2021/08/18,45702
2021/08/19,45750
2021/08/20,46084
2021/08/21,46525
2021/08/22,46894
2021/08/23,47353
2021/08/24,47636
2021/08/25,47800
2021/08/26,47823
2021/08/27,47872
2021/08/28,48061
2021/08/29,48201
2021/08/30,48245
2021/08/31,48174
2021/09/01,48140
2021/09/02,48346
2021/09/03,48541
2021/09/04,48738
2021/09/05,48962
2021/09/06,49363
2021/09/07,49511
2021/09/08,49155
2021/09/09,48832
2021/09/10,48454
2021/09/11,48019
2021/09/12,47652
2021/09/13,47204
2021/09/14,46949
2021/09/15,46911
2021/09/16,46919
2021/09/17,46901
2021/09/18,46990
2021/09/19,47032
2021/09/20,46691
2021/09/21,46125
2021/09/22,45637
2021/09/23,45391
2021/09/24,45044
2021/09/25,44647
2021/09/26,44306
2021/09/27,44091
2021/09/28,43678
2021/09/29,43292
2021/09/30,43146
2021/10/01,43408
2021/10/02,43930
2021/10/03,44480
2021/10/04,45039
2021/10/05,45817
2021/10/06,46890
2021/10/07,48084
2021/10/08,49186
2021/10/09,50224
2021/10/10,51199
2021/10/11,52257
2021/10/12,53190
2021/10/13,53897
2021/10/14,54691
2021/10/15,55625
2021/10/16,56637
2021/10/17,57461
2021/10/18,58288
2021/10/19,59101
2021/10/20,60083
2021/10/21,60888
2021/10/22,61311
2021/10/23,61505
2021/10/24,61592
2021/10/25,61878
2021/10/26,62073
2021/10/27,61840
2021/10/28,61659
2021/10/29,61631
2021/10/30,61598
2021/10/31,61493
2021/11/01,61410
2021/11/02,61491
2021/11/03,61620
2021/11/04,61636
2021/11/05,61631
2021/11/06,61559
2021/11/07,61643
2021/11/08,62198
2021/11/09,62965
2021/11/10,63585
2021/11/11,63881
2021/11/12,64034
2021/11/13,64145
2021/11/14,64290
2021/11/15,64493
2021/11/16,64093
2021/11/17,63570
2021/11/18,62968
2021/11/19,62142
2021/11/20,61552
2021/11/21,61048
2021/11/22,60339
2021/11/23,59646
2021/11/24,59037
2021/11/25,58714
2021/11/26,58154
2021/11/27,57505
2021/11/28,56934
2021/11/29,56855
2021/11/30,56819
2021/12/01,56820
2021/12/02,56755
2021/12/03,56602
2021/12/04,55556
2021/12/05,54602
2021/12/06,53706
2021/12/07,53182
2021/12/08,52623
2021/12/09,51964
2021/12/10,51280
2021/12/11,50694
2021/12/12,50314
2021/12/13,49809
2021/12/14,49241
