Date,sentinusd14momUSD
2010/07/17,0
2010/07/18,0
2010/07/19,0
2010/07/20,0
2010/07/21,0
2010/07/22,0
2010/07/23,0
2010/07/24,0
2010/07/25,0
2010/07/26,0
2010/07/27,0
2010/07/28,0
2010/07/29,0
2010/07/30,0
2010/07/31,-167.913
2010/08/01,13878
2010/08/02,-154.03
2010/08/03,88.411
2010/08/04,-116.074
2010/08/05,-140.549
2010/08/06,-11.089
2010/08/07,-1026
2010/08/08,-1877
2010/08/09,451.339
2010/08/10,487.039
2010/08/11,-532.676
2010/08/12,-146.967
2010/08/13,960.878
2010/08/14,38.254
2010/08/15,-15371
2010/08/16,458.294
2010/08/17,958.212
2010/08/18,574.076
2010/08/19,-1057
2010/08/20,800.228
2010/08/21,1037
2010/08/22,721.045
2010/08/23,-3896
2010/08/24,-967.003
2010/08/25,-2435
2010/08/26,-165.734
2010/08/27,-445.623
2010/08/28,9.675
2010/08/29,-565.248
2010/08/30,-3455
2010/08/31,-898.64
2010/09/01,-783.645
2010/09/02,787.595
2010/09/03,-136.102
2010/09/04,-694.742
2010/09/05,7173
2010/09/06,3535
2010/09/07,-251.972
2010/09/08,41.361
2010/09/09,1170
2010/09/10,-980.764
2010/09/11,-431.587
2010/09/12,593.765
2010/09/13,6378
2010/09/14,-610.506
2010/09/15,656.782
2010/09/16,-19.91
2010/09/17,2695
2010/09/18,761.275
2010/09/19,-5350
2010/09/20,-2118
2010/09/21,624.172
2010/09/22,1697
2010/09/23,5787
2010/09/24,331.912
2010/09/25,1219
2010/09/26,247.013
2010/09/27,-5202
2010/09/28,3179
2010/09/29,3357
2010/09/30,431.901
2010/10/01,-904.315
2010/10/02,19813
2010/10/03,1480
2010/10/04,31473
2010/10/05,10152
2010/10/06,4770
2010/10/07,416.708
2010/10/08,10578
2010/10/09,14552
2010/10/10,9809
2010/10/11,3028
2010/10/12,2317
2010/10/13,5444
2010/10/14,15797
2010/10/15,11403
2010/10/16,-2512
2010/10/17,6426
2010/10/18,-11711
2010/10/19,14270
2010/10/20,12314
2010/10/21,10730
2010/10/22,1842
2010/10/23,-11807
2010/10/24,481.207
2010/10/25,11554
2010/10/26,18312
2010/10/27,22923
2010/10/28,15178
2010/10/29,906.752
2010/10/30,-8615
2010/10/31,1477
2010/11/01,-14144
2010/11/02,-14104
2010/11/03,-8844
2010/11/04,14593
2010/11/05,-3749
2010/11/06,36645
2010/11/07,24665
2010/11/08,130405
2010/11/09,-13425
2010/11/10,-21004
2010/11/11,-24121
2010/11/12,-7546
2010/11/13,-576.179
2010/11/14,-2715
2010/11/15,63482
2010/11/16,13592
2010/11/17,3036
2010/11/18,-19055
2010/11/19,4981
2010/11/20,3511
2010/11/21,-1527
2010/11/22,-138263
2010/11/23,-207.163
2010/11/24,-2253
2010/11/25,4805
2010/11/26,16726
2010/11/27,-3839
2010/11/28,-3114
2010/11/29,-62853
2010/11/30,-12565
2010/12/01,-2031
2010/12/02,233.112
2010/12/03,-7946
2010/12/04,-29764
2010/12/05,-30430
2010/12/06,11801
2010/12/07,6475
2010/12/08,-3822
2010/12/09,-5181
2010/12/10,-19718
2010/12/11,10315
2010/12/12,3513
2010/12/13,30487
2010/12/14,14571
2010/12/15,15308
2010/12/16,5882
2010/12/17,8515
2010/12/18,5369
2010/12/19,19529
2010/12/20,479.09
2010/12/21,6873
2010/12/22,13335
2010/12/23,6565
2010/12/24,9659
2010/12/25,10800
2010/12/26,7804
2010/12/27,-16992
2010/12/28,-12259
2010/12/29,4312
2010/12/30,-1586
2010/12/31,2397
2011/01/01,-4014
2011/01/02,-10080
2011/01/03,-1303
2011/01/04,-13445
2011/01/05,-5882
2011/01/06,-6068
2011/01/07,2414
2011/01/08,-9366
2011/01/09,-5668
2011/01/10,4353
2011/01/11,18667
2011/01/12,-12625
2011/01/13,19078
2011/01/14,12771
2011/01/15,6066
2011/01/16,11642
2011/01/17,1708
2011/01/18,22786
2011/01/19,4168
2011/01/20,8781
2011/01/21,7234
2011/01/22,11126
2011/01/23,23153
2011/01/24,2980
2011/01/25,-11405
2011/01/26,8177
2011/01/27,391806
2011/01/28,-10629
2011/01/29,7467
2011/01/30,155054
2011/01/31,73130
2011/02/01,41184
2011/02/02,62436
2011/02/03,28074
2011/02/04,15990
2011/02/05,31469
2011/02/06,35289
2011/02/07,108837
2011/02/08,37616
2011/02/09,99847
2011/02/10,-206126
2011/02/11,238245
2011/02/12,107744
2011/02/13,-71047
2011/02/14,42723
2011/02/15,20696
2011/02/16,-17154
2011/02/17,51160
2011/02/18,73603
2011/02/19,97279
2011/02/20,123308
2011/02/21,52483
2011/02/22,232517
2011/02/23,198344
2011/02/24,-11654
2011/02/25,-93005
2011/02/26,16339
2011/02/27,65823
2011/02/28,-28118
2011/03/01,823148
2011/03/02,2201527
2011/03/03,114188
2011/03/04,159172
2011/03/05,-41829
2011/03/06,-29106
2011/03/07,-9176
2011/03/08,-129419
2011/03/09,-115585
2011/03/10,92112
2011/03/11,53968
2011/03/12,-13274
2011/03/13,8565
2011/03/14,76359
2011/03/15,-812547
2011/03/16,-2133073
2011/03/17,-77678
2011/03/18,-131217
2011/03/19,-24862
2011/03/20,-60401
2011/03/21,-66680
2011/03/22,-2892
2011/03/23,1395
2011/03/24,-90424
2011/03/25,30462
2011/03/26,136551
2011/03/27,-64189
2011/03/28,-75889
2011/03/29,-19618
2011/03/30,-35805
2011/03/31,-26113
2011/04/01,-81392
2011/04/02,-17851
2011/04/03,-41069
2011/04/04,-10228
2011/04/05,-76548
2011/04/06,-147218
2011/04/07,-132009
2011/04/08,-153439
2011/04/09,-172466
2011/04/10,-56627
2011/04/11,-44188
2011/04/12,25738
2011/04/13,61981
2011/04/14,33216
2011/04/15,39730
2011/04/16,275598
2011/04/17,1340941
2011/04/18,42789
2011/04/19,3012458
2011/04/20,5447412
2011/04/21,425799
2011/04/22,110373
2011/04/23,151904
2011/04/24,111285
2011/04/25,90693
2011/04/26,187253
2011/04/27,296999
2011/04/28,163134
2011/04/29,1876278
2011/04/30,948735
2011/05/01,-874153
2011/05/02,228754
2011/05/03,-2475238
2011/05/04,-4548600
2011/05/05,26983
2011/05/06,745990
2011/05/07,528011
2011/05/08,1814711
2011/05/09,429234
2011/05/10,2429777
2011/05/11,539987
2011/05/12,921069
2011/05/13,1309822
2011/05/14,12389378
2011/05/15,1649323
2011/05/16,1712865
2011/05/17,1008277
2011/05/18,310365
2011/05/19,691988
2011/05/20,1187975
2011/05/21,3112642
2011/05/22,3647607
2011/05/23,2585334
2011/05/24,-148779
2011/05/25,2037270
2011/05/26,2294206
2011/05/27,1324417
2011/05/28,-11792810
2011/05/29,41306
2011/05/30,231528
2011/05/31,826903
2011/06/01,1212231
2011/06/02,2346615
2011/06/03,5465540
2011/06/04,3959421
2011/06/05,4166310
2011/06/06,11412202
2011/06/07,8506589
2011/06/08,18074071
2011/06/09,19166441
2011/06/10,19745899
2011/06/11,26566833
2011/06/12,28219162
2011/06/13,22009079
2011/06/14,27568526
2011/06/15,79488316
2011/06/16,156324326
2011/06/17,18000050
2011/06/18,12797604
2011/06/19,68583987
2011/06/20,8061201
2011/06/21,45198273
2011/06/22,1366603
2011/06/23,4902150
2011/06/24,56815042
2011/06/25,153743421
2011/06/26,38228681
2011/06/27,6688527
2011/06/28,85625216
2011/06/29,-35049600
2011/06/30,-135248868
2011/07/01,-8164110
2011/07/02,-7323645
2011/07/03,-69593351
2011/07/04,-2795572
2011/07/05,-50827511
2011/07/06,-14593985
2011/07/07,-20725569
2011/07/08,-76739702
2011/07/09,-152424417
2011/07/10,-33180803
2011/07/11,-16392874
2011/07/12,-100602784
2011/07/13,-26991390
2011/07/14,2260479
2011/07/15,-9144542
2011/07/16,3847795
2011/07/17,-1234427
2011/07/18,24127765
2011/07/19,31894532
2011/07/20,-391931
2011/07/21,11348415
2011/07/22,16733416
2011/07/23,-21513626
2011/07/24,-27998477
2011/07/25,5457434
2011/07/26,1414927
2011/07/27,-2295593
2011/07/28,19531357
2011/07/29,1006620
2011/07/30,-12792214
2011/07/31,429257
2011/08/01,-36825483
2011/08/02,-32355354
2011/08/03,-3142511
2011/08/04,-15019715
2011/08/05,-16101174
2011/08/06,-5177495
2011/08/07,-4859860
2011/08/08,-11948935
2011/08/09,5599697
2011/08/10,-6263935
2011/08/11,-41714618
2011/08/12,-6101520
2011/08/13,-1406884
2011/08/14,-3296272
2011/08/15,-3516685
2011/08/16,-1048753
2011/08/17,-818788
2011/08/18,1166815
2011/08/19,1178510
2011/08/20,-505164
2011/08/21,123826
2011/08/22,-5100589
2011/08/23,-17259199
2011/08/24,-5276817
2011/08/25,-895345
2011/08/26,-727026
2011/08/27,19705474
2011/08/28,-3073207
2011/08/29,-1495120
2011/08/30,-1849012
2011/08/31,-1284451
2011/09/01,-1661045
2011/09/02,-4105364
2011/09/03,-668865
2011/09/04,11712052
2011/09/05,14777981
2011/09/06,17978916
2011/09/07,-1677350
2011/09/08,-1164957
2011/09/09,-161677
2011/09/10,-21387468
2011/09/11,3772276
2011/09/12,1589666
2011/09/13,-22386
2011/09/14,-557354
2011/09/15,-1176046
2011/09/16,1088389
2011/09/17,-253974
2011/09/18,-13020998
2011/09/19,-16068149
2011/09/20,-20778848
2011/09/21,-2140148
2011/09/22,-988165
2011/09/23,-460223
2011/09/24,-58225
2011/09/25,-3839451
2011/09/26,-2311407
2011/09/27,-9782
2011/09/28,10323
2011/09/29,41929
2011/09/30,-1812027
2011/10/01,437463
2011/10/02,143475
2011/10/03,272005
2011/10/04,60248
2011/10/05,-314405
2011/10/06,850549
2011/10/07,-164089
2011/10/08,-90439
2011/10/09,-348795
2011/10/10,-146802
2011/10/11,-759866
2011/10/12,-423602
2011/10/13,-339256
2011/10/14,-331844
2011/10/15,-632268
2011/10/16,-645352
2011/10/17,-550285
2011/10/18,-1229298
2011/10/19,-1260720
2011/10/20,-1857620
2011/10/21,-311445
2011/10/22,464046
2011/10/23,559106
2011/10/24,-242653
2011/10/25,-320315
2011/10/26,-102458
2011/10/27,237525
2011/10/28,310909
2011/10/29,-5860
2011/10/30,-238299
2011/10/31,-224092
2011/11/01,860887
2011/11/02,572796
2011/11/03,440304
2011/11/04,-152195
2011/11/05,-756082
2011/11/06,-1110491
2011/11/07,-251498
2011/11/08,2369719
2011/11/09,1755486
2011/11/10,-429992
2011/11/11,-507380
2011/11/12,-669442
2011/11/13,27128
2011/11/14,-328691
2011/11/15,-896333
2011/11/16,3671963
2011/11/17,6776138
2011/11/18,9704251
2011/11/19,7722490
2011/11/20,2628362
2011/11/21,2919837
2011/11/22,4821899
2011/11/23,626246
2011/11/24,2482303
2011/11/25,1687469
2011/11/26,3042335
2011/11/27,3595067
2011/11/28,9083461
2011/11/29,9558634
2011/11/30,13679621
2011/12/01,-1601478
2011/12/02,5871568
2011/12/03,1603154
2011/12/04,4872985
2011/12/05,4624565
2011/12/06,12054108
2011/12/07,13174484
2011/12/08,10022090
2011/12/09,3238529
2011/12/10,-613420
2011/12/11,-1742107
2011/12/12,-7786017
2011/12/13,-9369822
2011/12/14,-17666989
2011/12/15,-5011975
2011/12/16,-15411288
2011/12/17,-9204847
2011/12/18,-7294507
2011/12/19,-6907046
2011/12/20,-18465799
2011/12/21,-14659074
2011/12/22,-12028496
2011/12/23,-4929819
2011/12/24,-2181948
2011/12/25,-1579900
2011/12/26,425025
2011/12/27,1511182
2011/12/28,-40971
2011/12/29,640007
2011/12/30,-407534
2011/12/31,-25514
2012/01/01,595404
2012/01/02,-286772
2012/01/03,-692215
2012/01/04,-222229
2012/01/05,2439499
2012/01/06,2451439
2012/01/07,483634
2012/01/08,930156
2012/01/09,-256236
2012/01/10,-522390
2012/01/11,1167854
2012/01/12,-30296
2012/01/13,1227110
2012/01/14,883820
2012/01/15,60345
2012/01/16,1317276
2012/01/17,1088388
2012/01/18,-90335
2012/01/19,-2002775
2012/01/20,-1522250
2012/01/21,-218408
2012/01/22,-791979
2012/01/23,-1073963
2012/01/24,-78603
2012/01/25,-28066
2012/01/26,71205
2012/01/27,-635184
2012/01/28,-812127
2012/01/29,-18673
2012/01/30,-1093967
2012/01/31,-742356
2012/02/01,373077
2012/02/02,-84210
2012/02/03,47859
2012/02/04,435845
2012/02/05,549114
2012/02/06,160685
2012/02/07,-459719
2012/02/08,-731587
2012/02/09,-801179
2012/02/10,-30061
2012/02/11,1237463
2012/02/12,-52341
2012/02/13,618394
2012/02/14,4863379
2012/02/15,3541291
2012/02/16,4768999
2012/02/17,2083871
2012/02/18,999723
2012/02/19,-285696
2012/02/20,202646
2012/02/21,11609
2012/02/22,1827927
2012/02/23,1803312
2012/02/24,1038935
2012/02/25,-581251
2012/02/26,-136296
2012/02/27,-437590
2012/02/28,-4781089
2012/02/29,-4351744
2012/03/01,-3592788
2012/03/02,-1476646
2012/03/03,-1140269
2012/03/04,1540704
2012/03/05,-72378
2012/03/06,49482
2012/03/07,-1598601
2012/03/08,-666146
2012/03/09,-14006
2012/03/10,-92609
2012/03/11,361185
2012/03/12,977771
2012/03/13,807650
2012/03/14,1467659
2012/03/15,-753118
2012/03/16,-71100
2012/03/17,564698
2012/03/18,-1296467
2012/03/19,379247
2012/03/20,597383
2012/03/21,599007
2012/03/22,1007098
2012/03/23,1444192
2012/03/24,1979382
2012/03/25,-14006
2012/03/26,-269562
2012/03/27,161642
2012/03/28,317069
2012/03/29,3245924
2012/03/30,2114578
2012/03/31,1842612
2012/04/01,1113598
2012/04/02,1238578
2012/04/03,1772517
2012/04/04,1237797
2012/04/05,1050876
2012/04/06,-1389669
2012/04/07,-2154336
2012/04/08,4083098
2012/04/09,5466626
2012/04/10,1302398
2012/04/11,3985713
2012/04/12,514805
2012/04/13,-606886
2012/04/14,666243
2012/04/15,3347645
2012/04/16,4529734
2012/04/17,1491678
2012/04/18,1543586
2012/04/19,-1086894
2012/04/20,12089900
2012/04/21,4864855
2012/04/22,-990459
2012/04/23,-3956935
2012/04/24,-214892
2012/04/25,-2118532
2012/04/26,3209866
2012/04/27,3336257
2012/04/28,-452694
2012/04/29,-1520084
2012/04/30,-2624035
2012/05/01,-255975
2012/05/02,231701
2012/05/03,2614661
2012/05/04,-9277145
2012/05/05,-469761
2012/05/06,-1715670
2012/05/07,7005162
2012/05/08,15819742
2012/05/09,6541451
2012/05/10,-3627176
2012/05/11,-3245
2012/05/12,11344751
2012/05/13,2571874
2012/05/14,6083531
2012/05/15,13432078
2012/05/16,11960328
2012/05/17,11347968
2012/05/18,3867359
2012/05/19,219748
2012/05/20,7017697
2012/05/21,8439704
2012/05/22,1127379
2012/05/23,-2463560
2012/05/24,-92487
2012/05/25,5015910
2012/05/26,8825036
2012/05/27,2902238
2012/05/28,-518620
2012/05/29,-2518715
2012/05/30,-5127693
2012/05/31,7193792
2012/06/01,5935466
2012/06/02,4107524
2012/06/03,-1340263
2012/06/04,4901895
2012/06/05,3506429
2012/06/06,4335654
2012/06/07,20939510
2012/06/08,18136513
2012/06/09,-16892036
2012/06/10,7780046
2012/06/11,5846904
2012/06/12,-1755771
2012/06/13,1883022
2012/06/14,4017907
2012/06/15,5953188
2012/06/16,14629214
2012/06/17,-137014
2012/06/18,-8714152
2012/06/19,-10778305
2012/06/20,-2549835
2012/06/21,-19897185
2012/06/22,-15710626
2012/06/23,11748819
2012/06/24,-6035259
2012/06/25,-5324207
2012/06/26,-3602968
2012/06/27,-1242872
2012/06/28,-5744678
2012/06/29,-4784424
2012/06/30,-15820111
2012/07/01,84372
2012/07/02,-7974220
2012/07/03,-4096649
2012/07/04,3619113
2012/07/05,6392091
2012/07/06,-5843544
2012/07/07,8190907
2012/07/08,-6580483
2012/07/09,3151042
2012/07/10,4403922
2012/07/11,-4692688
2012/07/12,-12994950
2012/07/13,1863948
2012/07/14,9314118
2012/07/15,1117639
2012/07/16,9210229
2012/07/17,12176225
2012/07/18,-694133
2012/07/19,-2771211
2012/07/20,4885164
2012/07/21,-7213088
2012/07/22,8894837
2012/07/23,3428075
2012/07/24,-688938
2012/07/25,401678
2012/07/26,10011905
2012/07/27,539531
2012/07/28,-3324343
2012/07/29,-543591
2012/07/30,-8659906
2012/07/31,5639125
2012/08/01,6942459
2012/08/02,6970916
2012/08/03,911582
2012/08/04,-5810033
2012/08/05,6563286
2012/08/06,2961061
2012/08/07,6357588
2012/08/08,9092099
2012/08/09,-4589800
2012/08/10,-738054
2012/08/11,2096762
2012/08/12,8367935
2012/08/13,13216364
2012/08/14,-9546220
2012/08/15,773584
2012/08/16,9346320
2012/08/17,18663119
2012/08/18,10104304
2012/08/19,36749550
2012/08/20,65393668
2012/08/21,33142714
2012/08/22,58144465
2012/08/23,59736780
2012/08/24,95752510
2012/08/25,28708370
2012/08/26,16767981
2012/08/27,45887254
2012/08/28,56124184
2012/08/29,138181007
2012/08/30,97435487
2012/08/31,59970083
2012/09/01,62544789
2012/09/02,2035155
2012/09/03,-48451776
2012/09/04,12940728
2012/09/05,22346739
2012/09/06,166731067
2012/09/07,89633464
2012/09/08,37330764
2012/09/09,7821720
2012/09/10,141577263
2012/09/11,152964352
2012/09/12,-37407897
2012/09/13,130429041
2012/09/14,114448155
2012/09/15,-6451182
2012/09/16,104982228
2012/09/17,116560354
2012/09/18,88985684
2012/09/19,289560580
2012/09/20,-44748030
2012/09/21,115944481
2012/09/22,97811567
2012/09/23,52014175
2012/09/24,-111410722
2012/09/25,-206052087
2012/09/26,-102212108
2012/09/27,-238395813
2012/09/28,-176638462
2012/09/29,-65362919
2012/09/30,-147673929
2012/10/01,-135087281
2012/10/02,-131599774
2012/10/03,-372152869
2012/10/04,-182301543
2012/10/05,-286602400
2012/10/06,-156798028
2012/10/07,-73341816
2012/10/08,-77433493
2012/10/09,-5302088
2012/10/10,-10459986
2012/10/11,-1860855
2012/10/12,-344131
2012/10/13,16358096
2012/10/14,-1276412
2012/10/15,-10067444
2012/10/16,7421159
2012/10/17,23165578
2012/10/18,24729006
2012/10/19,-1900325
2012/10/20,6618572
2012/10/21,5556126
2012/10/22,5696815
2012/10/23,14107182
2012/10/24,11683770
2012/10/25,1310927
2012/10/26,-20604000
2012/10/27,-15208308
2012/10/28,-6466840
2012/10/29,851954
2012/10/30,12112644
2012/10/31,2263216
2012/11/01,-11669018
2012/11/02,-22502999
2012/11/03,-11219608
2012/11/04,-3137359
2012/11/05,-1592623
2012/11/06,-9646435
2012/11/07,-1985111
2012/11/08,-1748628
2012/11/09,-1372344
2012/11/10,-12428486
2012/11/11,-5215241
2012/11/12,-5273129
2012/11/13,-35308785
2012/11/14,-27362823
2012/11/15,911546
2012/11/16,32987958
2012/11/17,10785592
2012/11/18,92185
2012/11/19,-8649077
2012/11/20,-2164349
2012/11/21,-9199682
2012/11/22,2858095
2012/11/23,4418834
2012/11/24,9596773
2012/11/25,4991559
2012/11/26,8271360
2012/11/27,7945297
2012/11/28,8303141
2012/11/29,-14560142
2012/11/30,-32206011
2012/12/01,-23234933
2012/12/02,-11293433
2012/12/03,5522159
2012/12/04,14093889
2012/12/05,26923883
2012/12/06,25756152
2012/12/07,13873995
2012/12/08,-536814
2012/12/09,9392049
2012/12/10,34259
2012/12/11,4206747
2012/12/12,25899124
2012/12/13,37712283
2012/12/14,29828984
2012/12/15,14667627
2012/12/16,11213818
2012/12/17,1946460
2012/12/18,-1159935
2012/12/19,-22856726
2012/12/20,-30691816
2012/12/21,-5408074
2012/12/22,4571823
2012/12/23,-7204793
2012/12/24,198256
2012/12/25,-13192192
2012/12/26,-39981925
2012/12/27,-41878429
2012/12/28,-25720984
2012/12/29,-9074333
2012/12/30,-13593213
2012/12/31,-7151310
2013/01/01,-11533806
2013/01/02,9712098
2013/01/03,9314597
2013/01/04,7889619
2013/01/05,9249340
2013/01/06,2547195
2013/01/07,5270922
2013/01/08,20176981
2013/01/09,14392801
2013/01/10,7455544
2013/01/11,4171053
2013/01/12,-559165
2013/01/13,1764719
2013/01/14,-779437
2013/01/15,8757910
2013/01/16,6936274
2013/01/17,4850477
2013/01/18,-5410396
2013/01/19,-4942408
2013/01/20,3002383
2013/01/21,-1707012
2013/01/22,-5424995
2013/01/23,17031052
2013/01/24,6569586
2013/01/25,6900294
2013/01/26,9238223
2013/01/27,12627562
2013/01/28,12951504
2013/01/29,14492970
2013/01/30,1393913
2013/01/31,3361473
2013/02/01,10590406
2013/02/02,1916700
2013/02/03,8098930
2013/02/04,13119495
2013/02/05,16181442
2013/02/06,-2854736
2013/02/07,10762641
2013/02/08,20797372
2013/02/09,14773891
2013/02/10,5767761
2013/02/11,1504493
2013/02/12,-14819686
2013/02/13,-6973956
2013/02/14,6127302
2013/02/15,-2946867
2013/02/16,8218922
2013/02/17,2347882
2013/02/18,87733
2013/02/19,-2869434
2013/02/20,-5175729
2013/02/21,-6261300
2013/02/22,-1828148
2013/02/23,-5765900
2013/02/24,16025058
2013/02/25,21745217
2013/02/26,11778182
2013/02/27,17659742
2013/02/28,8567004
2013/03/01,15543152
2013/03/02,13814227
2013/03/03,-1039032
2013/03/04,-116558
2013/03/05,31998466
2013/03/06,49347917
2013/03/07,28172428
2013/03/08,3385270
2013/03/09,9127954
2013/03/10,5146838
2013/03/11,-9624204
2013/03/12,22875404
2013/03/13,17035946
2013/03/14,-346330
2013/03/15,180564122
2013/03/16,52520514
2013/03/17,9408757
2013/03/18,140597047
2013/03/19,26174352
2013/03/20,21963836
2013/03/21,61275499
2013/03/22,38385884
2013/03/23,37377067
2013/03/24,5050308
2013/03/25,54057318
2013/03/26,49813637
2013/03/27,139082963
2013/03/28,98229834
2013/03/29,-112681160
2013/03/30,53048144
2013/03/31,95758427
2013/04/01,-42602090
2013/04/02,163684036
2013/04/03,149860474
2013/04/04,108713941
2013/04/05,142276021
2013/04/06,80800268
2013/04/07,71146590
2013/04/08,114537894
2013/04/09,212503765
2013/04/10,233611834
2013/04/11,50752329
2013/04/12,23274268
2013/04/13,-52446855
2013/04/14,-70299895
2013/04/15,-50930282
2013/04/16,-133147410
2013/04/17,-126864561
2013/04/18,322219846
2013/04/19,-36029295
2013/04/20,-51219949
2013/04/21,-23820246
2013/04/22,-34729584
2013/04/23,-141760745
2013/04/24,-190756251
2013/04/25,26334964
2013/04/26,9409882
2013/04/27,-3446943
2013/04/28,2512078
2013/04/29,33664373
2013/04/30,-45431303
2013/05/01,-16946796
2013/05/02,-459411860
2013/05/03,-121014381
2013/05/04,-64526288
2013/05/05,-45948246
2013/05/06,-91184651
2013/05/07,-87129171
2013/05/08,-161852452
2013/05/09,-156912363
2013/05/10,-70519299
2013/05/11,-31120246
2013/05/12,-12036857
2013/05/13,-35996329
2013/05/14,-6027193
2013/05/15,-42829106
2013/05/16,-24802020
2013/05/17,4925903
2013/05/18,25004256
2013/05/19,-13945926
2013/05/20,-28307906
2013/05/21,-25963582
2013/05/22,-3159479
2013/05/23,12368777
2013/05/24,9567256
2013/05/25,17297679
2013/05/26,-5694256
2013/05/27,1068783
2013/05/28,6855043
2013/05/29,19360098
2013/05/30,8533723
2013/05/31,172831
2013/06/01,-11634547
2013/06/02,3567940
2013/06/03,28109633
2013/06/04,726230
2013/06/05,-2721232
2013/06/06,8820343
2013/06/07,-16340070
2013/06/08,-42404279
2013/06/09,22142526
2013/06/10,-27671483
2013/06/11,-21199044
2013/06/12,-29259741
2013/06/13,-12342812
2013/06/14,-5058148
2013/06/15,-16492856
2013/06/16,275464
2013/06/17,-28681661
2013/06/18,-8040670
2013/06/19,-17591283
2013/06/20,-11244094
2013/06/21,-2494225
2013/06/22,1481231
2013/06/23,-36796593
2013/06/24,7939316
2013/06/25,7485656
2013/06/26,735397
2013/06/27,-11321183
2013/06/28,-13719272
2013/06/29,3941206
2013/06/30,-13344475
2013/07/01,14444674
2013/07/02,-4582252
2013/07/03,7112158
2013/07/04,-7069968
2013/07/05,-100554
2013/07/06,3258617
2013/07/07,12369324
2013/07/08,3103564
2013/07/09,13976161
2013/07/10,21800057
2013/07/11,32657340
2013/07/12,26822122
2013/07/13,30932692
2013/07/14,12932855
2013/07/15,-10825731
2013/07/16,22513061
2013/07/17,23911736
2013/07/18,16031365
2013/07/19,-3328530
2013/07/20,-5290616
2013/07/21,-4161192
2013/07/22,12260507
2013/07/23,-1978651
2013/07/24,-5805378
2013/07/25,-15194480
2013/07/26,-18505874
2013/07/27,-35267519
2013/07/28,4259411
2013/07/29,6341308
2013/07/30,9708303
2013/07/31,-10745722
2013/08/01,25291418
2013/08/02,16526892
2013/08/03,20719034
2013/08/04,5994480
2013/08/05,4255939
2013/08/06,-8948738
2013/08/07,467057
2013/08/08,-2335218
2013/08/09,-10295754
2013/08/10,6538436
2013/08/11,-14059389
2013/08/12,9114185
2013/08/13,28268473
2013/08/14,46768669
2013/08/15,-32819716
2013/08/16,18416798
2013/08/17,29365117
2013/08/18,27710570
2013/08/19,25005965
2013/08/20,22807006
2013/08/21,55492336
2013/08/22,18362943
2013/08/23,28662398
2013/08/24,10522724
2013/08/25,17740802
2013/08/26,-3639828
2013/08/27,-24101989
2013/08/28,-42360507
2013/08/29,1825915
2013/08/30,-6838552
2013/08/31,-11584901
2013/09/01,-5008427
2013/09/02,-22738933
2013/09/03,9234514
2013/09/04,-32607314
2013/09/05,960206
2013/09/06,-8631528
2013/09/07,12456460
2013/09/08,-12658982
2013/09/09,-6685622
2013/09/10,-27953390
2013/09/11,-8025892
2013/09/12,1044537
2013/09/13,-19638626
2013/09/14,-16951902
2013/09/15,-23120547
2013/09/16,-1011694
2013/09/17,-29369982
2013/09/18,-10719458
2013/09/19,11825673
2013/09/20,7618390
2013/09/21,-16823915
2013/09/22,12077904
2013/09/23,47781844
2013/09/24,39015212
2013/09/25,15749110
2013/09/26,6461466
2013/09/27,4978241
2013/09/28,1234298
2013/09/29,16526386
2013/09/30,17920540
2013/10/01,55250779
2013/10/02,37994531
2013/10/03,-5193479
2013/10/04,3184830
2013/10/05,-3470574
2013/10/06,-8201215
2013/10/07,-33287135
2013/10/08,-27630233
2013/10/09,8377288
2013/10/10,-1344340
2013/10/11,9474754
2013/10/12,13946433
2013/10/13,17453023
2013/10/14,11566252
2013/10/15,-15601729
2013/10/16,5981258
2013/10/17,17320327
2013/10/18,39402568
2013/10/19,97333128
2013/10/20,59899296
2013/10/21,82586423
2013/10/22,119188436
2013/10/23,95969391
2013/10/24,95171556
2013/10/25,377349713
2013/10/26,32836884
2013/10/27,1838170
2013/10/28,1879184
2013/10/29,203731490
2013/10/30,-1757387
2013/10/31,8209724
2013/11/01,-19400066
2013/11/02,-49662830
2013/11/03,-10235915
2013/11/04,18915933
2013/11/05,18961020
2013/11/06,2992313
2013/11/07,110446845
2013/11/08,-187048812
2013/11/09,153295428
2013/11/10,114484853
2013/11/11,76368185
2013/11/12,295608
2013/11/13,262817924
2013/11/14,261196719
2013/11/15,868581880
2013/11/16,486934475
2013/11/17,378430178
2013/11/18,819184327
2013/11/19,1001970854
2013/11/20,591194564
2013/11/21,920213681
2013/11/22,1266478031
2013/11/23,803887894
2013/11/24,813913782
2013/11/25,813329431
2013/11/26,2797447961
2013/11/27,2448230043
2013/11/28,2634341658
2013/11/29,1467615327
2013/11/30,1301192154
2013/12/01,831792200
2013/12/02,251438069
2013/12/03,-99311457
2013/12/04,537516931
2013/12/05,203512894
2013/12/06,-531443186
2013/12/07,592651963
2013/12/08,-142491290
2013/12/09,-8696897
2013/12/10,-2391025666
2013/12/11,-1905804529
2013/12/12,-2259218986
2013/12/13,-1679671759
2013/12/14,-1378175572
2013/12/15,-949418921
2013/12/16,328459648
2013/12/17,-83489958
2013/12/18,-265573114
2013/12/19,-602586065
2013/12/20,-423606584
2013/12/21,-1080012273
2013/12/22,-304143639
2013/12/23,-544150907
2013/12/24,-159005995
2013/12/25,-370561162
2013/12/26,-331112188
2013/12/27,-337157352
2013/12/28,-80243974
2013/12/29,232197819
2013/12/30,-1010288385
2013/12/31,-705197479
2014/01/01,-672153393
2014/01/02,-303958574
2014/01/03,88656775
2014/01/04,-77804720
2014/01/05,221048954
2014/01/06,454241814
2014/01/07,226772569
2014/01/08,23331498
2014/01/09,5545976
2014/01/10,6021468
2014/01/11,-93486250
2014/01/12,-259465652
2014/01/13,-178605173
2014/01/14,235682793
2014/01/15,78100603
2014/01/16,-46039216
2014/01/17,-381546677
2014/01/18,-234641322
2014/01/19,-346938545
2014/01/20,-282536317
2014/01/21,-311385531
2014/01/22,-220757334
2014/01/23,-32886758
2014/01/24,132978609
2014/01/25,16666499
2014/01/26,-18279814
2014/01/27,337896427
2014/01/28,-105250197
2014/01/29,-113584250
2014/01/30,-56525542
2014/01/31,10850375
2014/02/01,86762225
2014/02/02,-49050777
2014/02/03,-256930957
2014/02/04,117393866
2014/02/05,169450565
2014/02/06,105392158
2014/02/07,14705432
2014/02/08,20569546
2014/02/09,-3461059
2014/02/10,-233067974
2014/02/11,-28676916
2014/02/12,8013705
2014/02/13,-57797554
2014/02/14,62782339
2014/02/15,190560858
2014/02/16,-20299279
2014/02/17,-64817213
2014/02/18,-316555859
2014/02/19,-282351594
2014/02/20,-191741268
2014/02/21,-308997941
2014/02/22,-167581810
2014/02/23,-80300431
2014/02/24,-108829747
2014/02/25,80517791
2014/02/26,16563867
2014/02/27,-35685438
2014/02/28,-71742701
2014/03/01,-125078748
2014/03/02,-109337013
2014/03/03,299813270
2014/03/04,349163100
2014/03/05,135935434
2014/03/06,59038265
2014/03/07,1269835149
2014/03/08,755593775
2014/03/09,333445448
2014/03/10,529672072
2014/03/11,71763038
2014/03/12,263250434
2014/03/13,155005692
2014/03/14,74426513
2014/03/15,-70223440
2014/03/16,-28145048
2014/03/17,-275345051
2014/03/18,943356170
2014/03/19,266619882
2014/03/20,5509739
2014/03/21,-1219770120
2014/03/22,-738830027
2014/03/23,-386630090
2014/03/24,-566463392
2014/03/25,-311422670
2014/03/26,-365583638
2014/03/27,-66351404
2014/03/28,14067729
2014/03/29,-171548582
2014/03/30,34895311
2014/03/31,764610
2014/04/01,-1265888251
2014/04/02,-322275912
2014/04/03,-86828027
2014/04/04,-77838833
2014/04/05,52160177
2014/04/06,-4783806
2014/04/07,-157085259
2014/04/08,-99037823
2014/04/09,-34800128
2014/04/10,-86291445
2014/04/11,-94042277
2014/04/12,-18905790
2014/04/13,-109735678
2014/04/14,-67038483
2014/04/15,-11618870
2014/04/16,57379277
2014/04/17,100181955
2014/04/18,118789873
2014/04/19,-61587734
2014/04/20,26996936
2014/04/21,148425075
2014/04/22,239588720
2014/04/23,62313594
2014/04/24,-122542240
2014/04/25,-54390630
2014/04/26,-17698115
2014/04/27,-33153146
2014/04/28,-28683523
2014/04/29,-70980161
2014/04/30,-202539261
2014/05/01,-203239990
2014/05/02,-83881035
2014/05/03,18679096
2014/05/04,-24943593
2014/05/05,-88510601
2014/05/06,-138992151
2014/05/07,33360165
2014/05/08,376497695
2014/05/09,300607713
2014/05/10,143517427
2014/05/11,63892692
2014/05/12,-3091571
2014/05/13,55343409
2014/05/14,104018484
2014/05/15,145598399
2014/05/16,-6499109
2014/05/17,-23899741
2014/05/18,-60648265
2014/05/19,-34499171
2014/05/20,397373199
2014/05/21,-7671639
2014/05/22,-200259734
2014/05/23,72948176
2014/05/24,175468444
2014/05/25,259887172
2014/05/26,180299045
2014/05/27,238710315
2014/05/28,167423909
2014/05/29,21502587
2014/05/30,240219142
2014/05/31,137714669
2014/06/01,328310049
2014/06/02,355468217
2014/06/03,-129954653
2014/06/04,295427580
2014/06/05,216991516
2014/06/06,44474871
2014/06/07,-92367692
2014/06/08,30593490
2014/06/09,-179735454
2014/06/10,-161531817
2014/06/11,-148407753
2014/06/12,314212286
2014/06/13,-101033342
2014/06/14,-96308873
2014/06/15,-210462250
2014/06/16,-161811551
2014/06/17,-283627885
2014/06/18,-323623209
2014/06/19,-175631113
2014/06/20,-351183911
2014/06/21,-116860391
2014/06/22,-178477070
2014/06/23,97841918
2014/06/24,116053903
2014/06/25,-57102480
2014/06/26,-402668281
2014/06/27,-155884342
2014/06/28,-69720449
2014/06/29,-57454221
2014/06/30,-24214945
2014/07/01,275842737
2014/07/02,257248234
2014/07/03,-51285005
2014/07/04,-101663019
2014/07/05,-11655350
2014/07/06,-97378559
2014/07/07,-60057147
2014/07/08,-271157870
2014/07/09,-1426549
2014/07/10,17733187
2014/07/11,-25320992
2014/07/12,77171830
2014/07/13,91542790
2014/07/14,-111959004
2014/07/15,-213647547
2014/07/16,-247031825
2014/07/17,-106778363
2014/07/18,66421452
2014/07/19,-90245562
2014/07/20,-52186141
2014/07/21,-35910532
2014/07/22,-12775448
2014/07/23,-48404536
2014/07/24,5208781
2014/07/25,29718212
2014/07/26,-97589113
2014/07/27,-144462434
2014/07/28,-25723164
2014/07/29,-69733923
2014/07/30,-107903025
2014/07/31,-58490091
2014/08/01,-43747371
2014/08/02,33502513
2014/08/03,63601861
2014/08/04,-36606930
2014/08/05,117024057
2014/08/06,-6704098
2014/08/07,-79734623
2014/08/08,-93047255
2014/08/09,23230230
2014/08/10,61113093
2014/08/11,28238668
2014/08/12,110833945
2014/08/13,144697479
2014/08/14,145717174
2014/08/15,107361188
2014/08/16,99352293
2014/08/17,-7705600
2014/08/18,220977256
2014/08/19,-51149011
2014/08/20,39731163
2014/08/21,153469256
2014/08/22,1421829406
2014/08/23,108475978
2014/08/24,-14577433
2014/08/25,151234762
2014/08/26,483175466
2014/08/27,361584147
2014/08/28,1355205
2014/08/29,-56891818
2014/08/30,-47666621
2014/08/31,6343567
2014/09/01,-130884140
2014/09/02,-34171344
2014/09/03,-54924920
2014/09/04,-187496755
2014/09/05,-1412492630
2014/09/06,-166897509
2014/09/07,-37616069
2014/09/08,-230944426
2014/09/09,-650066530
2014/09/10,-529692933
2014/09/11,-183830800
2014/09/12,-114316101
2014/09/13,-121521973
2014/09/14,-76598403
2014/09/15,-119041845
2014/09/16,-63586261
2014/09/17,-11481963
2014/09/18,61498836
2014/09/19,56569803
2014/09/20,121127008
2014/09/21,145746862
2014/09/22,-51528227
2014/09/23,-15006891
2014/09/24,-5691811
2014/09/25,1057649
2014/09/26,-11921932
2014/09/27,3186258
2014/09/28,-11109547
2014/09/29,42543482
2014/09/30,29643914
2014/10/01,8715471
2014/10/02,-74818382
2014/10/03,-40177021
2014/10/04,-57029184
2014/10/05,-24564785
2014/10/06,176383148
2014/10/07,60590594
2014/10/08,94726657
2014/10/09,98274400
2014/10/10,121906735
2014/10/11,62551687
2014/10/12,14263865
2014/10/13,41131491
2014/10/14,45211638
2014/10/15,30258304
2014/10/16,44151196
2014/10/17,-2217368
2014/10/18,-44469586
2014/10/19,-134606571
2014/10/20,-116766752
2014/10/21,-69438901
2014/10/22,-48729202
2014/10/23,-35755024
2014/10/24,-103987358
2014/10/25,-18904533
2014/10/26,-17521094
2014/10/27,-67023424
2014/10/28,-70450560
2014/10/29,-13355605
2014/10/30,-33308299
2014/10/31,-1951967
2014/11/01,-10434935
2014/11/02,-7909908
2014/11/03,-55776696
2014/11/04,66798145
2014/11/05,24598349
2014/11/06,-30807196
2014/11/07,45474174
2014/11/08,-37321915
2014/11/09,15511687
2014/11/10,63365067
2014/11/11,28010369
2014/11/12,123015801
2014/11/13,442019031
2014/11/14,88452035
2014/11/15,86166615
2014/11/16,101962733
2014/11/17,99066194
2014/11/18,58025539
2014/11/19,-21681784
2014/11/20,105634446
2014/11/21,158858697
2014/11/22,71737755
2014/11/23,-5638994
2014/11/24,-27081861
2014/11/25,100664833
2014/11/26,-78958001
2014/11/27,-410083753
2014/11/28,125381690
2014/11/29,42644827
2014/11/30,56174717
2014/12/01,72245274
2014/12/02,110341466
2014/12/03,134519146
2014/12/04,41064752
2014/12/05,-57222529
2014/12/06,-1475611
2014/12/07,93368636
2014/12/08,332060921
2014/12/09,29672387
2014/12/10,73776905
2014/12/11,44434303
2014/12/12,-187886013
2014/12/13,-45988548
2014/12/14,-77677468
2014/12/15,-61664807
2014/12/16,-124909150
2014/12/17,-46283656
2014/12/18,-16680013
2014/12/19,-69314309
2014/12/20,12591085
2014/12/21,-58435583
2014/12/22,-268236294
2014/12/23,-8442681
2014/12/24,-98999499
2014/12/25,-46591751
2014/12/26,-35137580
2014/12/27,-27016557
2014/12/28,14414619
2014/12/29,-33198373
2014/12/30,-4681695
2014/12/31,-50520264
2015/01/01,-185045510
2015/01/02,-34013409
2015/01/03,31827082
2015/01/04,107633880
2015/01/05,8028116
2015/01/06,-17725960
2015/01/07,114850756
2015/01/08,182871063
2015/01/09,120803738
2015/01/10,60382047
2015/01/11,112699399
2015/01/12,30896737
2015/01/13,120663658
2015/01/14,180320456
2015/01/15,381207411
2015/01/16,118089853
2015/01/17,-21303724
2015/01/18,-83157545
2015/01/19,-85890342
2015/01/20,-8813175
2015/01/21,-43049086
2015/01/22,-117865555
2015/01/23,-80480527
2015/01/24,-67551668
2015/01/25,-93508544
2015/01/26,293798381
2015/01/27,-112393447
2015/01/28,-271946166
2015/01/29,-312951832
2015/01/30,-149952111
2015/01/31,-56242968
2015/02/01,-35976977
2015/02/02,-17507633
2015/02/03,111207
2015/02/04,-32019041
2015/02/05,-15988197
2015/02/06,-44740602
2015/02/07,-47013910
2015/02/08,-91704007
2015/02/09,-384399231
2015/02/10,-124207409
2015/02/11,822518
2015/02/12,-55946126
2015/02/13,33032402
2015/02/14,-7034346
2015/02/15,12940295
2015/02/16,-34477618
2015/02/17,-119445518
2015/02/18,-75464523
2015/02/19,-104038594
2015/02/20,-2933585
2015/02/21,718629
2015/02/22,-27524022
2015/02/23,2991581
2015/02/24,-6739735
2015/02/25,4647447
2015/02/26,112237209
2015/02/27,142493081
2015/02/28,-11854038
2015/03/01,137444018
2015/03/02,329217204
2015/03/03,109473683
2015/03/04,40018782
2015/03/05,112002563
2015/03/06,26157726
2015/03/07,115630328
2015/03/08,477975571
2015/03/09,114213554
2015/03/10,144382831
2015/03/11,60492800
2015/03/12,-13799589
2015/03/13,-118798121
2015/03/14,71634759
2015/03/15,-154255503
2015/03/16,-227079907
2015/03/17,-72835790
2015/03/18,171645594
2015/03/19,-2399483
2015/03/20,-2923732
2015/03/21,-102731996
2015/03/22,-465126476
2015/03/23,-72246901
2015/03/24,-73190061
2015/03/25,-4646807
2015/03/26,-17865693
2015/03/27,-11313327
2015/03/28,-69234862
2015/03/29,-25943478
2015/03/30,-59837591
2015/03/31,-14549896
2015/04/01,-154542742
2015/04/02,-81675880
2015/04/03,-26142345
2015/04/04,-39319868
2015/04/05,-13970744
2015/04/06,-45914724
2015/04/07,-46148731
2015/04/08,-20477831
2015/04/09,-34446566
2015/04/10,-24994923
2015/04/11,-14352759
2015/04/12,-27985574
2015/04/13,2215168
2015/04/14,9042338
2015/04/15,-78481531
2015/04/16,68164223
2015/04/17,64942138
2015/04/18,37877747
2015/04/19,96590231
2015/04/20,89635531
2015/04/21,70761792
2015/04/22,66326030
2015/04/23,28906455
2015/04/24,58401312
2015/04/25,60277457
2015/04/26,123916168
2015/04/27,68946630
2015/04/28,68751365
2015/04/29,103575729
2015/04/30,7572877
2015/05/01,25040279
2015/05/02,31772161
2015/05/03,-30013007
2015/05/04,10576983
2015/05/05,9766231
2015/05/06,-23666500
2015/05/07,54571976
2015/05/08,-26817870
2015/05/09,5218520
2015/05/10,-12838500
2015/05/11,-6712790
2015/05/12,-35645038
2015/05/13,-14887944
2015/05/14,-21660122
2015/05/15,-59447133
2015/05/16,-18757222
2015/05/17,-40184573
2015/05/18,-68092534
2015/05/19,-7068072
2015/05/20,-25554926
2015/05/21,-81506003
2015/05/22,25705715
2015/05/23,2536993
2015/05/24,-65739143
2015/05/25,-72160667
2015/05/26,-27368791
2015/05/27,-6349289
2015/05/28,-16589525
2015/05/29,30335529
2015/05/30,32422839
2015/05/31,53790088
2015/06/01,55626203
2015/06/02,-17191142
2015/06/03,21862412
2015/06/04,38149697
2015/06/05,-12104424
2015/06/06,-17239332
2015/06/07,19359489
2015/06/08,15675204
2015/06/09,41585561
2015/06/10,214478
2015/06/11,28470990
2015/06/12,26271412
2015/06/13,-707730
2015/06/14,55969083
2015/06/15,54597583
2015/06/16,143359681
2015/06/17,163037614
2015/06/18,89623655
2015/06/19,124235470
2015/06/20,48493873
2015/06/21,27973709
2015/06/22,56428224
2015/06/23,18602080
2015/06/24,17929528
2015/06/25,-29307445
2015/06/26,85276435
2015/06/27,102582803
2015/06/28,-44938275
2015/06/29,-105798
2015/06/30,19580674
2015/07/01,-114474961
2015/07/02,-7739297
2015/07/03,-76288086
2015/07/04,-3826291
2015/07/05,92575683
2015/07/06,124882337
2015/07/07,46357891
2015/07/08,59667963
2015/07/09,128101460
2015/07/10,136675999
2015/07/11,45814893
2015/07/12,163396729
2015/07/13,60193375
2015/07/14,-52803993
2015/07/15,29053082
2015/07/16,55614227
2015/07/17,543856
2015/07/18,-4432
2015/07/19,-95974786
2015/07/20,-122648028
2015/07/21,-42613274
2015/07/22,-64776222
2015/07/23,-76339499
2015/07/24,-172225753
2015/07/25,-140809852
2015/07/26,-202566419
2015/07/27,-114704670
2015/07/28,-27271103
2015/07/29,-43637699
2015/07/30,-101457128
2015/07/31,-41994721
2015/08/01,-26649805
2015/08/02,-26984418
2015/08/03,-17396488
2015/08/04,14699995
2015/08/05,58995233
2015/08/06,27266299
2015/08/07,-30673431
2015/08/08,89413258
2015/08/09,152824188
2015/08/10,37781685
2015/08/11,-37185970
2015/08/12,43776310
2015/08/13,65066593
2015/08/14,73939895
2015/08/15,59527059
2015/08/16,102538239
2015/08/17,117724601
2015/08/18,150525696
2015/08/19,44558820
2015/08/20,36366824
2015/08/21,32233969
2015/08/22,-13089774
2015/08/23,-84449007
2015/08/24,122686167
2015/08/25,128389015
2015/08/26,-7923254
2015/08/27,-18334528
2015/08/28,12940078
2015/08/29,-57146910
2015/08/30,-100350874
2015/08/31,-97364588
2015/09/01,-142843283
2015/09/02,-71799164
2015/09/03,-75547073
2015/09/04,-76597192
2015/09/05,-84182555
2015/09/06,-12283649
2015/09/07,-195468780
2015/09/08,-102300401
2015/09/09,-37332951
2015/09/10,-17580411
2015/09/11,-83962972
2015/09/12,-33895599
2015/09/13,15283559
2015/09/14,5065283
2015/09/15,-22842176
2015/09/16,-12179583
2015/09/17,2454432
2015/09/18,22327966
2015/09/19,33995146
2015/09/20,-27697439
2015/09/21,89936779
2015/09/22,3349596
2015/09/23,-24464228
2015/09/24,-46892934
2015/09/25,31430104
2015/09/26,49528712
2015/09/27,-20154844
2015/09/28,42825778
2015/09/29,84338571
2015/09/30,12695053
2015/10/01,80423162
2015/10/02,109418777
2015/10/03,-9660138
2015/10/04,5544119
2015/10/05,-16683735
2015/10/06,60986400
2015/10/07,71500250
2015/10/08,201031702
2015/10/09,1806127
2015/10/10,55061134
2015/10/11,67407133
2015/10/12,8113825
2015/10/13,33963218
2015/10/14,107075353
2015/10/15,129817813
2015/10/16,85254579
2015/10/17,170705060
2015/10/18,82007401
2015/10/19,62596913
2015/10/20,9901868
2015/10/21,13215631
2015/10/22,-63305953
2015/10/23,64957485
2015/10/24,76553709
2015/10/25,156853834
2015/10/26,96083597
2015/10/27,107914526
2015/10/28,123434873
2015/10/29,222721703
2015/10/30,325018657
2015/10/31,172133425
2015/11/01,241181524
2015/11/02,439112002
2015/11/03,920106506
2015/11/04,4494146708
2015/11/05,968148996
2015/11/06,635451785
2015/11/07,449060370
2015/11/08,322632690
2015/11/09,684763981
2015/11/10,536328849
2015/11/11,518563410
2015/11/12,237752115
2015/11/13,134652097
2015/11/14,429284522
2015/11/15,160321542
2015/11/16,11769332
2015/11/17,-703400990
2015/11/18,-4274766059
2015/11/19,-720000586
2015/11/20,-321099068
2015/11/21,-343667628
2015/11/22,-359161583
2015/11/23,-701280912
2015/11/24,-607843777
2015/11/25,-464805329
2015/11/26,-231880064
2015/11/27,-177388761
2015/11/28,-323917791
2015/11/29,-196755769
2015/11/30,63942817
2015/12/01,270509004
2015/12/02,310235294
2015/12/03,61830657
2015/12/04,234010830
2015/12/05,1309563823
2015/12/06,1744187696
2015/12/07,776181283
2015/12/08,689417815
2015/12/09,945847626
2015/12/10,552181476
2015/12/11,808094611
2015/12/12,698540082
2015/12/13,1694739816
2015/12/14,1139479276
2015/12/15,998432786
2015/12/16,1049270356
2015/12/17,1117779434
2015/12/18,872419107
2015/12/19,-98724430
2015/12/20,-378021279
2015/12/21,1015118303
2015/12/22,914401071
2015/12/23,382345476
2015/12/24,805797293
2015/12/25,157032425
2015/12/26,-258629488
2015/12/27,-1690664092
2015/12/28,-1287162632
2015/12/29,-1246702046
2015/12/30,-1424169195
2015/12/31,-1365777041
2016/01/01,-1395211749
2016/01/02,-1345508677
2016/01/03,-1373192628
2016/01/04,-1780396069
2016/01/05,-1483228111
2016/01/06,-1381602807
2016/01/07,-1396281892
2016/01/08,-1215882968
2016/01/09,-779979012
2016/01/10,-25607587
2016/01/11,-138450847
2016/01/12,-128082125
2016/01/13,34320608
2016/01/14,15428107
2016/01/15,242399940
2016/01/16,187934880
2016/01/17,3609436457
2016/01/18,3169858176
2016/01/19,2784172302
2016/01/20,997053968
2016/01/21,1450466862
2016/01/22,2496411291
2016/01/23,11196368839
2016/01/24,26200353473
2016/01/25,6238538424
2016/01/26,3530714181
2016/01/27,4889996425
2016/01/28,1821913315
2016/01/29,2024088221
2016/01/30,744086063
2016/01/31,-3344117932
2016/02/01,-1662782590
2016/02/02,-1958488511
2016/02/03,-975336584
2016/02/04,-1253034767
2016/02/05,-1690417978
2016/02/06,-10423637778
2016/02/07,-25598903021
2016/02/08,-5899465492
2016/02/09,-3255470561
2016/02/10,-4493460984
2016/02/11,-1348148443
2016/02/12,-1697405636
2016/02/13,-296130905
2016/02/14,440503067
2016/02/15,-444172259
2016/02/16,144819475
2016/02/17,1025445787
2016/02/18,697897198
2016/02/19,647608033
2016/02/20,612167227
2016/02/21,705262655
2016/02/22,934750584
2016/02/23,818876540
2016/02/24,532697233
2016/02/25,309423637
2016/02/26,337003331
2016/02/27,-28054963
2016/02/28,2502649174
2016/02/29,2758169700
2016/03/01,3132116361
2016/03/02,784948629
2016/03/03,-155092128
2016/03/04,1123103415
2016/03/05,6061850977
2016/03/06,-1011251551
2016/03/07,-742115254
2016/03/08,-725216023
2016/03/09,-681422853
2016/03/10,-349913324
2016/03/11,-380923078
2016/03/12,-231424492
2016/03/13,-2919089263
2016/03/14,-3356316587
2016/03/15,-3429394699
2016/03/16,3098403210
2016/03/17,1815081755
2016/03/18,-1034719185
2016/03/19,-6953303414
2016/03/20,-80088990
2016/03/21,-404105421
2016/03/22,-65807506
2016/03/23,-66726382
2016/03/24,-75693304
2016/03/25,-147917954
2016/03/26,-149078768
2016/03/27,32939472
2016/03/28,-140556292
2016/03/29,-524433838
2016/03/30,-4764730564
2016/03/31,-2502124687
2016/04/01,-1273537822
2016/04/02,-176509437
2016/04/03,-101640490
2016/04/04,-12247661
2016/04/05,-93543228
2016/04/06,19094741
2016/04/07,6324592
2016/04/08,-21060684
2016/04/09,134392116
2016/04/10,-47075371
2016/04/11,-68359335
2016/04/12,231432222
2016/04/13,271136226
2016/04/14,103020427
2016/04/15,138350436
2016/04/16,403871865
2016/04/17,293360567
2016/04/18,141747029
2016/04/19,215291355
2016/04/20,235272607
2016/04/21,305109088
2016/04/22,312424455
2016/04/23,179881914
2016/04/24,160995884
2016/04/25,382007440
2016/04/26,239127800
2016/04/27,66510036
2016/04/28,236555158
2016/04/29,57860640
2016/04/30,-257831046
2016/05/01,-85639095
2016/05/02,123821541
2016/05/03,-7357917
2016/05/04,-60247887
2016/05/05,-250632209
2016/05/06,-128330050
2016/05/07,-57492689
2016/05/08,-92396295
2016/05/09,-240809016
2016/05/10,-262400420
2016/05/11,17433625
2016/05/12,-95586612
2016/05/13,96478157
2016/05/14,-4698522
2016/05/15,76014974
2016/05/16,115230904
2016/05/17,139652166
2016/05/18,5621565
2016/05/19,72518963
2016/05/20,-208809716
2016/05/21,-248641407
2016/05/22,-158199452
2016/05/23,-82907782
2016/05/24,-62855509
2016/05/25,209110708
2016/05/26,421195440
2016/05/27,685673384
2016/05/28,817463717
2016/05/29,242080771
2016/05/30,-174857188
2016/05/31,68607182
2016/06/01,20105378
2016/06/02,46090332
2016/06/03,111456889
2016/06/04,107582147
2016/06/05,290155489
2016/06/06,189880388
2016/06/07,154357179
2016/06/08,-293877971
2016/06/09,-380994561
2016/06/10,-620983849
2016/06/11,-681918358
2016/06/12,459823552
2016/06/13,665004865
2016/06/14,208523922
2016/06/15,347268623
2016/06/16,615600642
2016/06/17,783287147
2016/06/18,701044754
2016/06/19,378403643
2016/06/20,614776576
2016/06/21,559921076
2016/06/22,474325609
2016/06/23,550687731
2016/06/24,430096048
2016/06/25,159157981
2016/06/26,-690398120
2016/06/27,-533867067
2016/06/28,-393152260
2016/06/29,-399378020
2016/06/30,-618727070
2016/07/01,-544071554
2016/07/02,-350410730
2016/07/03,-313766902
2016/07/04,-279718970
2016/07/05,-495476698
2016/07/06,-447082784
2016/07/07,-145904973
2016/07/08,-495367195
2016/07/09,-201974314
2016/07/10,-161892121
2016/07/11,-96464302
2016/07/12,89311608
2016/07/13,57432309
2016/07/14,-165786993
2016/07/15,367342623
2016/07/16,-146869126
2016/07/17,156367503
2016/07/18,-293066822
2016/07/19,-70017070
2016/07/20,16145830
2016/07/21,-457180935
2016/07/22,-52134559
2016/07/23,-134769065
2016/07/24,203310520
2016/07/25,-156524568
2016/07/26,60103388
2016/07/27,221385204
2016/07/28,235204989
2016/07/29,-468861059
2016/07/30,-323707960
2016/07/31,-257570661
2016/08/01,-210814361
2016/08/02,529190511
2016/08/03,-156079911
2016/08/04,287946321
2016/08/05,-39082060
2016/08/06,-176046482
2016/08/07,-293863717
2016/08/08,-126484109
2016/08/09,-160858481
2016/08/10,-245953881
2016/08/11,-280646192
2016/08/12,-130769027
2016/08/13,69594743
2016/08/14,-196095471
2016/08/15,115103142
2016/08/16,-463316972
2016/08/17,-31395939
2016/08/18,-250309333
2016/08/19,-90431202
2016/08/20,352066703
2016/08/21,-50669176
2016/08/22,291280418
2016/08/23,90124717
2016/08/24,132609481
2016/08/25,206078677
2016/08/26,160868404
2016/08/27,68134438
2016/08/28,-10327368
2016/08/29,-109598830
2016/08/30,-304291511
2016/08/31,-12264099
2016/09/01,-218937897
2016/09/02,-183014966
2016/09/03,-278545160
2016/09/04,-87569763
2016/09/05,-142529243
2016/09/06,-272065721
2016/09/07,-315618078
2016/09/08,-237503977
2016/09/09,-153441569
2016/09/10,-57819159
2016/09/11,32930751
2016/09/12,2451919
2016/09/13,48923263
2016/09/14,-64822650
2016/09/15,-123147107
2016/09/16,192071830
2016/09/17,-118092781
2016/09/18,71566907
2016/09/19,-128111267
2016/09/20,202329652
2016/09/21,51654271
2016/09/22,216881968
2016/09/23,15616986
2016/09/24,-4593404
2016/09/25,169346853
2016/09/26,374162368
2016/09/27,-64977878
2016/09/28,517378879
2016/09/29,186181999
2016/09/30,318917478
2016/10/01,207117637
2016/10/02,38831086
2016/10/03,300912259
2016/10/04,-41250386
2016/10/05,244171008
2016/10/06,137371945
2016/10/07,248578497
2016/10/08,563339937
2016/10/09,710812360
2016/10/10,187835802
2016/10/11,707163743
2016/10/12,186787393
2016/10/13,-85252486
2016/10/14,-73972897
2016/10/15,1175762400
2016/10/16,769156806
2016/10/17,-8990407
2016/10/18,417938621
2016/10/19,29344367
2016/10/20,221288300
2016/10/21,721098604
2016/10/22,-507745941
2016/10/23,-432702840
2016/10/24,876130803
2016/10/25,393208037
2016/10/26,-169663756
2016/10/27,1399953252
2016/10/28,-261320077
2016/10/29,-1025940817
2016/10/30,-545777633
2016/10/31,71806192
2016/11/01,-211014766
2016/11/02,2176182151
2016/11/03,3298239305
2016/11/04,2015513127
2016/11/05,3214858756
2016/11/06,2510837779
2016/11/07,678238196
2016/11/08,376879799
2016/11/09,433340779
2016/11/10,-1041725631
2016/11/11,-38150509
2016/11/12,-307863618
2016/11/13,-180013756
2016/11/14,-204674609
2016/11/15,-72072308
2016/11/16,-2054317212
2016/11/17,-3663499633
2016/11/18,-2945986048
2016/11/19,-3174692681
2016/11/20,-2840555952
2016/11/21,-1900918276
2016/11/22,-1191336111
2016/11/23,-636567113
2016/11/24,98565400
2016/11/25,108893602
2016/11/26,137844092
2016/11/27,-79551672
2016/11/28,13424082
2016/11/29,-164907068
2016/11/30,-316401624
2016/12/01,-43898486
2016/12/02,311350111
2016/12/03,-3352089
2016/12/04,-138109077
2016/12/05,157480175
2016/12/06,58795606
2016/12/07,-80330746
2016/12/08,-282782859
2016/12/09,24462135
2016/12/10,31097344
2016/12/11,90909736
2016/12/12,141757364
2016/12/13,117199890
2016/12/14,232539225
2016/12/15,454433133
2016/12/16,60426448
2016/12/17,127212886
2016/12/18,267962893
2016/12/19,-106915344
2016/12/20,60642226
2016/12/21,1004959501
2016/12/22,556527034
2016/12/23,778549874
2016/12/24,248381370
2016/12/25,83228703
2016/12/26,16798755
2016/12/27,183433394
2016/12/28,187687262
2016/12/29,-84240848
2016/12/30,227180356
2016/12/31,113259922
2017/01/01,-28718809
2017/01/02,186016259
2017/01/03,456353544
2017/01/04,-120957541
2017/01/05,828335439
2017/01/06,-28588343
2017/01/07,209131789
2017/01/08,82849511
2017/01/09,273445625
2017/01/10,155228589
2017/01/11,1499736826
2017/01/12,438763851
2017/01/13,-100077778
2017/01/14,-230042277
2017/01/15,-45005909
2017/01/16,-132585039
2017/01/17,-287046246
2017/01/18,-750491308
2017/01/19,-1254692861
2017/01/20,-657908886
2017/01/21,-377696375
2017/01/22,-61730265
2017/01/23,-284079942
2017/01/24,-135941890
2017/01/25,-1572100030
2017/01/26,-814282492
2017/01/27,-552356830
2017/01/28,-66745157
2017/01/29,-91401181
2017/01/30,-170177246
2017/01/31,-176763757
2017/02/01,160013018
2017/02/02,164494548
2017/02/03,913334358
2017/02/04,325903347
2017/02/05,277583328
2017/02/06,207848532
2017/02/07,191928261
2017/02/08,147753125
2017/02/09,565117458
2017/02/10,274654490
2017/02/11,121339148
2017/02/12,-81120662
2017/02/13,112798772
2017/02/14,38178197
2017/02/15,-216813223
2017/02/16,-140490775
2017/02/17,-614444193
2017/02/18,-244225418
2017/02/19,92016380
2017/02/20,-129086720
2017/02/21,-220725827
2017/02/22,-24212508
2017/02/23,71185433
2017/02/24,440183023
2017/02/25,229641406
2017/02/26,213922826
2017/02/27,316333161
2017/02/28,263185504
2017/03/01,475484534
2017/03/02,1082322373
2017/03/03,683957327
2017/03/04,531947660
2017/03/05,25091113
2017/03/06,698792118
2017/03/07,612063001
2017/03/08,302179116
2017/03/09,-74401220
2017/03/10,135543535
2017/03/11,391945278
2017/03/12,225874482
2017/03/13,443243643
2017/03/14,740939717
2017/03/15,260125039
2017/03/16,723436710
2017/03/17,363107113
2017/03/18,206642247
2017/03/19,125005879
2017/03/20,-244768472
2017/03/21,100444991
2017/03/22,409616500
2017/03/23,325890378
2017/03/24,1442017190
2017/03/25,1173576665
2017/03/26,69052708
2017/03/27,-173555014
2017/03/28,-505182922
2017/03/29,-366030926
2017/03/30,-1345194028
2017/03/31,-371011743
2017/04/01,-348886164
2017/04/02,15664061
2017/04/03,260269291
2017/04/04,-104286028
2017/04/05,-351766295
2017/04/06,-136515548
2017/04/07,-1545650023
2017/04/08,-1537399153
2017/04/09,-21349208
2017/04/10,39405755
2017/04/11,70411291
2017/04/12,385320214
2017/04/13,156467624
2017/04/14,-113747054
2017/04/15,40981681
2017/04/16,-78432097
2017/04/17,-65898460
2017/04/18,315391637
2017/04/19,-72681031
2017/04/20,189867320
2017/04/21,114065345
2017/04/22,279795341
2017/04/23,178807956
2017/04/24,115909695
2017/04/25,1338475310
2017/04/26,409004819
2017/04/27,887225289
2017/04/28,264112443
2017/04/29,399013374
2017/04/30,232616776
2017/05/01,277934356
2017/05/02,169723804
2017/05/03,662326422
2017/05/04,1208705234
2017/05/05,1332542183
2017/05/06,935231975
2017/05/07,964550878
2017/05/08,1408433941
2017/05/09,288435954
2017/05/10,1264069216
2017/05/11,609131937
2017/05/12,804457038
2017/05/13,519697204
2017/05/14,607465246
2017/05/15,1239618229
2017/05/16,652247520
2017/05/17,1984471480
2017/05/18,145357461
2017/05/19,377232898
2017/05/20,900659738
2017/05/21,410871312
2017/05/22,1093121960
2017/05/23,970440430
2017/05/24,1716501534
2017/05/25,3332670648
2017/05/26,1926863002
2017/05/27,777555901
2017/05/28,1229319137
2017/05/29,802859212
2017/05/30,2005622056
2017/05/31,1140299042
2017/06/01,3261680370
2017/06/02,1902599021
2017/06/03,2807802884
2017/06/04,1894263601
2017/06/05,1996229709
2017/06/06,1186693969
2017/06/07,671556699
2017/06/08,-1191825384
2017/06/09,891129165
2017/06/10,2027698893
2017/06/11,1550155553
2017/06/12,2153806370
2017/06/13,1777921986
2017/06/14,1120497865
2017/06/15,-966708718
2017/06/16,732707161
2017/06/17,-1826029743
2017/06/18,-639265226
2017/06/19,-487695338
2017/06/20,804277125
2017/06/21,537709133
2017/06/22,215481929
2017/06/23,-961127208
2017/06/24,-807167003
2017/06/25,-825479148
2017/06/26,-311679245
2017/06/27,-1851860999
2017/06/28,-1086495064
2017/06/29,1010667930
2017/06/30,-1272381844
2017/07/01,-617109831
2017/07/02,-978951819
2017/07/03,-990138837
2017/07/04,-2308927160
2017/07/05,-1284461849
2017/07/06,-1092120853
2017/07/07,-391736218
2017/07/08,-818659990
2017/07/09,-565744264
2017/07/10,-946999336
2017/07/11,-132618109
2017/07/12,-1419085208
2017/07/13,-2363224434
2017/07/14,-766362084
2017/07/15,-492129808
2017/07/16,-141963509
2017/07/17,-507688073
2017/07/18,377572162
2017/07/19,-880363316
2017/07/20,333161906
2017/07/21,2821016
2017/07/22,333955467
2017/07/23,-144706061
2017/07/24,75033949
2017/07/25,13054343477
2017/07/26,3966369444
2017/07/27,490784021
2017/07/28,5515286216
2017/07/29,6885714577
2017/07/30,19275433837
2017/07/31,2403639155
2017/08/01,2164357261
2017/08/02,1720457999
2017/08/03,-947045054
2017/08/04,-265816225
2017/08/05,747054012
2017/08/06,500482337
2017/08/07,267832006
2017/08/08,-10511430548
2017/08/09,-1930168195
2017/08/10,2972155226
2017/08/11,101279032
2017/08/12,-3051292013
2017/08/13,-14264061889
2017/08/14,2813695318
2017/08/15,1764680363
2017/08/16,3843672790
2017/08/17,6245628946
2017/08/18,5060196033
2017/08/19,3599542183
2017/08/20,2642220355
2017/08/21,3103247711
2017/08/22,-1237868883
2017/08/23,2524410235
2017/08/24,-1735713841
2017/08/25,-4793215315
2017/08/26,-1612332717
2017/08/27,-3080792983
2017/08/28,-3012942140
2017/08/29,-1089641142
2017/08/30,-3910198233
2017/08/31,-3586117350
2017/09/01,-2497472889
2017/09/02,-2685166029
2017/09/03,-1293512031
2017/09/04,-134372347
2017/09/05,19548529163
2017/09/06,769539457
2017/09/07,2853063663
2017/09/08,3530304567
2017/09/09,1591283138
2017/09/10,1121310330
2017/09/11,2741335676
2017/09/12,1459017918
2017/09/13,3382351695
2017/09/14,3064725335
2017/09/15,3501584332
2017/09/16,1964064190
2017/09/17,53991802
2017/09/18,-572129434
2017/09/19,-18974429153
2017/09/20,-2918813348
2017/09/21,-2314596044
2017/09/22,-2570697963
2017/09/23,-2681661138
2017/09/24,-2244962745
2017/09/25,-2563327340
2017/09/26,-1874286602
2017/09/27,-2009750935
2017/09/28,-1449529416
2017/09/29,-3285942087
2017/09/30,-1051280326
2017/10/01,225056311
2017/10/02,-512188321
2017/10/03,-1136605007
2017/10/04,-1741543988
2017/10/05,-582595863
2017/10/06,-757113776
2017/10/07,-291009171
2017/10/08,1297266186
2017/10/09,3995911290
2017/10/10,1043140667
2017/10/11,276264186
2017/10/12,706320994
2017/10/13,2052258476
2017/10/14,1190057559
2017/10/15,1030386803
2017/10/16,2690769477
2017/10/17,8956799950
2017/10/18,5329913948
2017/10/19,3668639159
2017/10/20,4599310171
2017/10/21,4431150553
2017/10/22,2697145041
2017/10/23,3470362977
2017/10/24,3699952419
2017/10/25,1577900055
2017/10/26,95543960
2017/10/27,672139387
2017/10/28,-577373959
2017/10/29,2275545450
2017/10/30,236229454
2017/10/31,-3879558363
2017/11/01,2204481788
2017/11/02,4141560604
2017/11/03,1833970403
2017/11/04,-50076163
2017/11/05,440204986
2017/11/06,-3901786229
2017/11/07,1857452127
2017/11/08,5012365068
2017/11/09,5262096874
2017/11/10,4852065982
2017/11/11,2644703056
2017/11/12,2640347306
2017/11/13,16374719268
2017/11/14,13230011849
2017/11/15,8773983318
2017/11/16,12681206442
2017/11/17,15853738803
2017/11/18,11354271625
2017/11/19,13663187865
2017/11/20,14004718465
2017/11/21,11039094738
2017/11/22,6572681758
2017/11/23,7868376766
2017/11/24,3860819824
2017/11/25,9067226675
2017/11/26,3762950790
2017/11/27,-7614850678
2017/11/28,43812808
2017/11/29,8737060034
2017/11/30,-3016948016
2017/12/01,-7576009813
2017/12/02,-1054223121
2017/12/03,-3021504278
2017/12/04,1289888342
2017/12/05,3804235953
2017/12/06,15124457413
2017/12/07,22089641741
2017/12/08,13478642050
2017/12/09,17905130239
2017/12/10,9561279949
2017/12/11,18887165538
2017/12/12,21852144750
2017/12/13,16705496674
2017/12/14,14792141382
2017/12/15,18506246241
2017/12/16,16815165358
2017/12/17,18889703488
2017/12/18,20202917588
2017/12/19,-1190237842
2017/12/20,-8091459197
2017/12/21,-23397972993
2017/12/22,-12792206171
2017/12/23,-17111511993
2017/12/24,-9356446342
2017/12/25,-18354726124
2017/12/26,-18706804309
2017/12/27,-19439207290
2017/12/28,-17625961067
2017/12/29,-16168285249
2017/12/30,-16204373959
2017/12/31,-22710084951
2018/01/01,-31890050866
2018/01/02,-5343772694
2018/01/03,-6551443710
2018/01/04,1210602816
2018/01/05,7806627854
2018/01/06,12305750918
2018/01/07,21475750816
2018/01/08,7961798613
2018/01/09,-3074933529
2018/01/10,-5455768618
2018/01/11,-2761199681
2018/01/12,-4824274793
2018/01/13,-5798965278
2018/01/14,-2819337580
2018/01/15,-261790522
2018/01/16,3597509391
2018/01/17,-4277543553
2018/01/18,-5985698124
2018/01/19,-14807533911
2018/01/20,-20140142240
2018/01/21,-28147846488
2018/01/22,-15646399680
2018/01/23,-11961056160
2018/01/24,-9238111462
2018/01/25,-7861585569
2018/01/26,-5543146571
2018/01/27,-6105030338
2018/01/28,-685744493
2018/01/29,-4120546864
2018/01/30,-16452800613
2018/01/31,-9092347359
2018/02/01,-5755763193
2018/02/02,-1929790450
2018/02/03,-5193651494
2018/02/04,-3150033291
2018/02/05,-143407297
2018/02/06,-1844763529
2018/02/07,-4669471334
2018/02/08,-1782974674
2018/02/09,-4088816844
2018/02/10,4092082065
2018/02/11,-2167309691
2018/02/12,2470212264
2018/02/13,-138939295
2018/02/14,2359711788
2018/02/15,-686053994
2018/02/16,-3243522760
2018/02/17,5540015834
2018/02/18,8702817677
2018/02/19,4294847713
2018/02/20,1636925797
2018/02/21,4118301536
2018/02/22,3616430476
2018/02/23,-135691163
2018/02/24,-5279872557
2018/02/25,-4810739299
2018/02/26,-5286671823
2018/02/27,-1399333458
2018/02/28,-905255389
2018/03/01,631947890
2018/03/02,1133239995
2018/03/03,-5108824777
2018/03/04,-8958595803
2018/03/05,-7727681275
2018/03/06,-4658704930
2018/03/07,-4791893522
2018/03/08,-4540889527
2018/03/09,-272021783
2018/03/10,-1886908289
2018/03/11,-81704683
2018/03/12,-234990983
2018/03/13,-1567217664
2018/03/14,-3301885685
2018/03/15,-3339881952
2018/03/16,-3002393548
2018/03/17,-3493764974
2018/03/18,-1354936814
2018/03/19,-2657699540
2018/03/20,-1919266955
2018/03/21,-851317717
2018/03/22,-2018515226
2018/03/23,-2127818623
2018/03/24,115060294
2018/03/25,1112867158
2018/03/26,-268562058
2018/03/27,98871002
2018/03/28,-595626664
2018/03/29,-2023895231
2018/03/30,473814177
2018/03/31,109650253
2018/04/01,-262229341
2018/04/02,586039712
2018/04/03,2138611039
2018/04/04,-1302232610
2018/04/05,-703774227
2018/04/06,-323543930
2018/04/07,-767976684
2018/04/08,-2276196567
2018/04/09,-967943231
2018/04/10,-1164764526
2018/04/11,-577263653
2018/04/12,1626723746
2018/04/13,1236492667
2018/04/14,90650467
2018/04/15,617590967
2018/04/16,2224577900
2018/04/17,-271288156
2018/04/18,2210141825
2018/04/19,3637196918
2018/04/20,3978112697
2018/04/21,1870776714
2018/04/22,1884261000
2018/04/23,1549033054
2018/04/24,4320951853
2018/04/25,4367808995
2018/04/26,181819676
2018/04/27,41312492
2018/04/28,4254164288
2018/04/29,2912260056
2018/04/30,-1075441560
2018/05/01,-1665029230
2018/05/02,-1049851939
2018/05/03,-924355229
2018/05/04,-858080309
2018/05/05,488408146
2018/05/06,450596627
2018/05/07,-62731300
2018/05/08,-2514075371
2018/05/09,-2716051293
2018/05/10,328418733
2018/05/11,1464770811
2018/05/12,-2764839488
2018/05/13,-3228895704
2018/05/14,462349421
2018/05/15,397277380
2018/05/16,279466062
2018/05/17,-856652642
2018/05/18,-1658997790
2018/05/19,-2299697807
2018/05/20,-1671960135
2018/05/21,-1850581875
2018/05/22,-1900649344
2018/05/23,-1046631206
2018/05/24,-1619204501
2018/05/25,-3872209369
2018/05/26,-1827129374
2018/05/27,210547669
2018/05/28,-197285592
2018/05/29,1321055430
2018/05/30,1115423638
2018/05/31,1298641465
2018/06/01,18791489
2018/06/02,644450071
2018/06/03,762118977
2018/06/04,3069200329
2018/06/05,1274268901
2018/06/06,-307402144
2018/06/07,616241967
2018/06/08,2802473544
2018/06/09,1088815785
2018/06/10,2730243168
2018/06/11,-560556686
2018/06/12,-674155799
2018/06/13,-1375110845
2018/06/14,-1521555067
2018/06/15,-1541924365
2018/06/16,-1960811367
2018/06/17,-2138787523
2018/06/18,-4482990797
2018/06/19,-2343632891
2018/06/20,-1569607229
2018/06/21,-2192052274
2018/06/22,-2643299073
2018/06/23,-1796070548
2018/06/24,-3891476790
2018/06/25,-3081396136
2018/06/26,-3146452824
2018/06/27,-2002976324
2018/06/28,-2768385596
2018/06/29,-1579335828
2018/06/30,481376235
2018/07/01,840403540
2018/07/02,684708974
2018/07/03,978606497
2018/07/04,33640231
2018/07/05,156467766
2018/07/06,-626942871
2018/07/07,-147473422
2018/07/08,142446104
2018/07/09,-293823000
2018/07/10,2156041051
2018/07/11,-165688287
2018/07/12,621305510
2018/07/13,727081504
2018/07/14,282349428
2018/07/15,93449018
2018/07/16,555031138
2018/07/17,325301538
2018/07/18,1798001227
2018/07/19,881805498
2018/07/20,658428950
2018/07/21,795606902
2018/07/22,-324435241
2018/07/23,1458404370
2018/07/24,706516301
2018/07/25,1637858292
2018/07/26,784512481
2018/07/27,804843831
2018/07/28,435772287
2018/07/29,250635728
2018/07/30,264084154
2018/07/31,139809899
2018/08/01,-848851242
2018/08/02,-175384316
2018/08/03,-75708235
2018/08/04,363277006
2018/08/05,653269707
2018/08/06,-747973300
2018/08/07,-1476869756
2018/08/08,-274600077
2018/08/09,-6915523
2018/08/10,-272331753
2018/08/11,-315841857
2018/08/12,-1254931207
2018/08/13,-521645570
2018/08/14,185463864
2018/08/15,255044548
2018/08/16,-624375576
2018/08/17,-559873462
2018/08/18,-1070595318
2018/08/19,-1419628407
2018/08/20,-689108363
2018/08/21,-226310155
2018/08/22,-834237537
2018/08/23,-1039529232
2018/08/24,-720771211
2018/08/25,-36327372
2018/08/26,51632789
2018/08/27,38178028
2018/08/28,-337198427
2018/08/29,-167270030
2018/08/30,273097022
2018/08/31,5356683414
2018/09/01,1907432648
2018/09/02,2275526325
2018/09/03,1475069999
2018/09/04,629811174
2018/09/05,874052359
2018/09/06,1872475885
2018/09/07,582592238
2018/09/08,-85666352
2018/09/09,353425243
2018/09/10,-664393108
2018/09/11,-783648158
2018/09/12,-743805868
2018/09/13,718478407
2018/09/14,-5542942429
2018/09/15,-1534252311
2018/09/16,-1701192924
2018/09/17,-1238175685
2018/09/18,-1228073547
2018/09/19,-1402132798
2018/09/20,-1462244696
2018/09/21,1138426532
2018/09/22,145017525
2018/09/23,-391737743
2018/09/24,-631534812
2018/09/25,203162515
2018/09/26,8561427
2018/09/27,-887445035
2018/09/28,1136965809
2018/09/29,245287617
2018/09/30,282063574
2018/10/01,97649064
2018/10/02,605367107
2018/10/03,-51779752
2018/10/04,-141159745
2018/10/05,-1851588507
2018/10/06,-415386877
2018/10/07,-125282954
2018/10/08,400403607
2018/10/09,-681029705
2018/10/10,783756565
2018/10/11,982402494
2018/10/12,-414080890
2018/10/13,-355928500
2018/10/14,-131121444
2018/10/15,2341041006
2018/10/16,18366013
2018/10/17,705946943
2018/10/18,830645378
2018/10/19,997533155
2018/10/20,407233787
2018/10/21,124741720
2018/10/22,371056716
2018/10/23,1027418122
2018/10/24,399906602
2018/10/25,-165744304
2018/10/26,-489054961
2018/10/27,-163111385
2018/10/28,-605863658
2018/10/29,-2398481071
2018/10/30,-804721344
2018/10/31,-777863469
2018/11/01,-1034913857
2018/11/02,-236473638
2018/11/03,-875259011
2018/11/04,218803973
2018/11/05,5599011
2018/11/06,-736271735
2018/11/07,-1209558640
2018/11/08,-1304130568
2018/11/09,-226181545
2018/11/10,-24645446
2018/11/11,222983006
2018/11/12,-6474535
2018/11/13,101159475
2018/11/14,1376447239
2018/11/15,4527082188
2018/11/16,433841210
2018/11/17,259181116
2018/11/18,-549064984
2018/11/19,390227491
2018/11/20,1778005216
2018/11/21,-346570830
2018/11/22,-828276569
2018/11/23,-805984015
2018/11/24,-359380553
2018/11/25,-17281212
2018/11/26,-759487109
2018/11/27,-465983559
2018/11/28,-1154045347
2018/11/29,-4712315196
2018/11/30,1156636801
2018/12/01,1349131909
2018/12/02,807450456
2018/12/03,44188716
2018/12/04,1607750142
2018/12/05,1630589682
2018/12/06,1873216409
2018/12/07,260144925
2018/12/08,-322811662
2018/12/09,-894410105
2018/12/10,-641164221
2018/12/11,-525356708
2018/12/12,-1375615439
2018/12/13,-840549757
2018/12/14,-3297419733
2018/12/15,-2170715390
2018/12/16,-967008986
2018/12/17,-1533393606
2018/12/18,-3877091841
2018/12/19,-1099256435
2018/12/20,-1015192940
2018/12/21,415988965
2018/12/22,128891519
2018/12/23,348019704
2018/12/24,476081254
2018/12/25,-632067057
2018/12/26,-110947590
2018/12/27,70282228
2018/12/28,425705724
2018/12/29,987035302
2018/12/30,-287796742
2018/12/31,-763632367
2019/01/01,-1940477444
2019/01/02,-1511016846
2019/01/03,-847549596
2019/01/04,-805863825
2019/01/05,71491205
2019/01/06,265888790
2019/01/07,95810286
2019/01/08,679135946
2019/01/09,466524939
2019/01/10,470083216
2019/01/11,324560925
2019/01/12,-764280658
2019/01/13,243159286
2019/01/14,467396548
2019/01/15,2058957391
2019/01/16,247584113
2019/01/17,-353159284
2019/01/18,-528336455
2019/01/19,-428585447
2019/01/20,-350604004
2019/01/21,-885574237
2019/01/22,-281288597
2019/01/23,-443581127
2019/01/24,-878971387
2019/01/25,-934835171
2019/01/26,-172103527
2019/01/27,-298386415
2019/01/28,501448626
2019/01/29,-897537900
2019/01/30,54880521
2019/01/31,227186890
2019/02/01,937481474
2019/02/02,312115816
2019/02/03,-53275118
2019/02/04,-78218608
2019/02/05,-311490537
2019/02/06,-152309973
2019/02/07,-122974913
2019/02/08,240293029
2019/02/09,294176913
2019/02/10,91956907
2019/02/11,-628814583
2019/02/12,-99221235
2019/02/13,-147801630
2019/02/14,-530793747
2019/02/15,-826749068
2019/02/16,79295787
2019/02/17,94014472
2019/02/18,871981045
2019/02/19,1170047537
2019/02/20,875835146
2019/02/21,722405446
2019/02/22,126238520
2019/02/23,557151059
2019/02/24,782121316
2019/02/25,927033838
2019/02/26,514433994
2019/02/27,495916468
2019/02/28,1422511955
2019/03/01,474931803
2019/03/02,291870792
2019/03/03,2638364526
2019/03/04,594372693
2019/03/05,133341161
2019/03/06,-197675369
2019/03/07,191885815
2019/03/08,88101047
2019/03/09,-398291773
2019/03/10,-448285950
2019/03/11,-497324310
2019/03/12,-56219997
2019/03/13,-223628829
2019/03/14,-157602292
2019/03/15,48510783
2019/03/16,73925333
2019/03/17,-2433982953
2019/03/18,-684244386
2019/03/19,-651630966
2019/03/20,87133412
2019/03/21,98143982
2019/03/22,-17812190
2019/03/23,-182154501
2019/03/24,-79891491
2019/03/25,27647972
2019/03/26,25458317
2019/03/27,47393361
2019/03/28,-117172979
2019/03/29,670895270
2019/03/30,132801575
2019/03/31,363607512
2019/04/01,481212839
2019/04/02,4121883416
2019/04/03,1909828801
2019/04/04,1533125834
2019/04/05,1242661245
2019/04/06,786599601
2019/04/07,1252525826
2019/04/08,1818573513
2019/04/09,1699523680
2019/04/10,1616904726
2019/04/11,2000359129
2019/04/12,424459437
2019/04/13,337628900
2019/04/14,674335838
2019/04/15,858737955
2019/04/16,-3232030594
2019/04/17,652173877
2019/04/18,1120929744
2019/04/19,774484918
2019/04/20,772130709
2019/04/21,-619372684
2019/04/22,823346976
2019/04/23,1806954412
2019/04/24,3546124052
2019/04/25,1557342698
2019/04/26,1931811821
2019/04/27,-9068373
2019/04/28,16845579
2019/04/29,249375716
2019/04/30,887209502
2019/05/01,-1704369467
2019/05/02,-1957930150
2019/05/03,30743628
2019/05/04,158783640
2019/05/05,994622696
2019/05/06,-1051972727
2019/05/07,-1477069392
2019/05/08,-3070880521
2019/05/09,-1289857361
2019/05/10,-7348942
2019/05/11,3271506105
2019/05/12,1984497763
2019/05/13,2227526867
2019/05/14,3675068604
2019/05/15,5105728726
2019/05/16,4412054722
2019/05/17,2405776822
2019/05/18,695726884
2019/05/19,1548890473
2019/05/20,1652239310
2019/05/21,1101184978
2019/05/22,1424205215
2019/05/23,857385341
2019/05/24,993385727
2019/05/25,-1762211956
2019/05/26,-515791660
2019/05/27,763585568
2019/05/28,-758624012
2019/05/29,184793382
2019/05/30,-471878956
2019/05/31,7320440777
2019/06/01,1058955964
2019/06/02,-137280518
2019/06/03,4415515051
2019/06/04,2182899344
2019/06/05,1496220607
2019/06/06,4031988417
2019/06/07,-883052378
2019/06/08,467961779
2019/06/09,-260923631
2019/06/10,-576926308
2019/06/11,3248041647
2019/06/12,-1565916206
2019/06/13,-805241359
2019/06/14,-7429290564
2019/06/15,952362388
2019/06/16,1756497740
2019/06/17,8510053582
2019/06/18,13465607260
2019/06/19,2847665166
2019/06/20,-155593187
2019/06/21,3166661387
2019/06/22,11268008543
2019/06/23,3150596187
2019/06/24,3202458909
2019/06/25,2037776566
2019/06/26,7826856602
2019/06/27,6138906515
2019/06/28,4355187394
2019/06/29,6326246950
2019/06/30,10632425574
2019/07/01,-10677567469
2019/07/02,-14686930344
2019/07/03,-3146503359
2019/07/04,-2064906245
2019/07/05,-2737849827
2019/07/06,-11209135462
2019/07/07,-3203901023
2019/07/08,1935692938
2019/07/09,-210042464
2019/07/10,18600874
2019/07/11,7213333967
2019/07/12,9020301173
2019/07/13,2018675377
2019/07/14,-3432695558
2019/07/15,4531949098
2019/07/16,4902161922
2019/07/17,3420422626
2019/07/18,1294812910
2019/07/19,2173837699
2019/07/20,1343833674
2019/07/21,894858903
2019/07/22,-5583619446
2019/07/23,-5839160468
2019/07/24,-8363774275
2019/07/25,-13787617832
2019/07/26,-14738972407
2019/07/27,-10495955522
2019/07/28,-10480096700
2019/07/29,-1153301242
2019/07/30,-6479349711
2019/07/31,-5890336732
2019/08/01,-3763919928
2019/08/02,-2593461629
2019/08/03,-2263934296
2019/08/04,-1127812946
2019/08/05,2197256058
2019/08/06,2270073177
2019/08/07,566121518
2019/08/08,-180241284
2019/08/09,702396177
2019/08/10,1165100837
2019/08/11,697323259
2019/08/12,-5950705280
2019/08/13,967303320
2019/08/14,998470362
2019/08/15,2268562700
2019/08/16,-890047688
2019/08/17,2011149682
2019/08/18,402204493
2019/08/19,-3557992100
2019/08/20,-3884524983
2019/08/21,-2625414501
2019/08/22,-2505628805
2019/08/23,-1093413306
2019/08/24,-2103378469
2019/08/25,-1035084899
2019/08/26,-35042900
2019/08/27,-777960240
2019/08/28,-1343767248
2019/08/29,-1200432407
2019/08/30,826396923
2019/08/31,-2071493773
2019/09/01,-315420722
2019/09/02,350783425
2019/09/03,1113293870
2019/09/04,700495705
2019/09/05,2905845150
2019/09/06,3004058488
2019/09/07,1408797129
2019/09/08,994039977
2019/09/09,-299096879
2019/09/10,1118246283
2019/09/11,569736489
2019/09/12,-881254319
2019/09/13,-1150524205
2019/09/14,963670522
2019/09/15,-435289470
2019/09/16,207865203
2019/09/17,-426088634
2019/09/18,658162677
2019/09/19,-1255045611
2019/09/20,-1904173239
2019/09/21,897559590
2019/09/22,-304812634
2019/09/23,-1066042338
2019/09/24,2195961938
2019/09/25,1732123596
2019/09/26,-790365996
2019/09/27,245629572
2019/09/28,-1296960456
2019/09/29,-265770046
2019/09/30,-628315100
2019/10/01,-1066477644
2019/10/02,-2800366485
2019/10/03,-1209896403
2019/10/04,-2328458824
2019/10/05,-2797864932
2019/10/06,-641669395
2019/10/07,-373779503
2019/10/08,-4694952111
2019/10/09,-2312667036
2019/10/10,-341594663
2019/10/11,-722681082
2019/10/12,-690603460
2019/10/13,-837011170
2019/10/14,546883951
2019/10/15,-912877731
2019/10/16,2094337912
2019/10/17,866112236
2019/10/18,192077422
2019/10/19,-528786298
2019/10/20,-760466060
2019/10/21,-306084640
2019/10/22,-398018375
2019/10/23,107963004
2019/10/24,-53383556
2019/10/25,942681462
2019/10/26,2452283526
2019/10/27,1480984464
2019/10/28,478500950
2019/10/29,833766195
2019/10/30,-1752310180
2019/10/31,-410998166
2019/11/01,1966271183
2019/11/02,1471774151
2019/11/03,1567793654
2019/11/04,1807327161
2019/11/05,3686535202
2019/11/06,-77957759
2019/11/07,557924820
2019/11/08,394738693
2019/11/09,-681903355
2019/11/10,-1119467959
2019/11/11,-2393520980
2019/11/12,-521875169
2019/11/13,942029676
2019/11/14,-76088728
2019/11/15,-589151524
2019/11/16,-681998752
2019/11/17,-1235806581
2019/11/18,-766610750
2019/11/19,-3457964388
2019/11/20,-1481900014
2019/11/21,-531489671
2019/11/22,1015451565
2019/11/23,597627143
2019/11/24,1221302126
2019/11/25,2071814879
2019/11/26,840628786
2019/11/27,260873411
2019/11/28,-1052186789
2019/11/29,-963951237
2019/11/30,1144831313
2019/12/01,817019468
2019/12/02,-303959929
2019/12/03,121081841
2019/12/04,10066049234
2019/12/05,-1003226467
2019/12/06,6638116745
2019/12/07,-2464547190
2019/12/08,-1892568967
2019/12/09,-1405598172
2019/12/10,-237275653
2019/12/11,-1114534765
2019/12/12,514332737
2019/12/13,-1371934601
2019/12/14,-1906811296
2019/12/15,-1124086511
2019/12/16,-1029263234
2019/12/17,3464439686
2019/12/18,-8467801519
2019/12/19,936896339
2019/12/20,-8737967155
2019/12/21,364964175
2019/12/22,757431811
2019/12/23,77511473
2019/12/24,-1326146921
2019/12/25,-1175877431
2019/12/26,-830981654
2019/12/27,473826177
2019/12/28,827144239
2019/12/29,147862613
2019/12/30,1299859725
2019/12/31,-4279919144
2020/01/01,-3001624374
2020/01/02,-1177251306
2020/01/03,1046289069
2020/01/04,332789702
2020/01/05,-399881082
2020/01/06,-352174330
2020/01/07,812676090
2020/01/08,1729540986
2020/01/09,4134005467
2020/01/10,1350099121
2020/01/11,119591132
2020/01/12,385903752
2020/01/13,-660131688
2020/01/14,4175631991
2020/01/15,10025339009
2020/01/16,1156502437
2020/01/17,1097837181
2020/01/18,-145650721
2020/01/19,726539889
2020/01/20,1740100069
2020/01/21,19368347
2020/01/22,365635300
2020/01/23,-1780198156
2020/01/24,-849877079
2020/01/25,-410575088
2020/01/26,374548850
2020/01/27,617482287
2020/01/28,-1851759529
2020/01/29,-6270381298
2020/01/30,2504926433
2020/01/31,1607902872
2020/02/01,2870790361
2020/02/02,1415964037
2020/02/03,3264569066
2020/02/04,1707360253
2020/02/05,115237964
2020/02/06,4394963471
2020/02/07,2219973397
2020/02/08,2718467457
2020/02/09,867372023
2020/02/10,1670591389
2020/02/11,887638451
2020/02/12,1036895672
2020/02/13,-150206526
2020/02/14,-1644085515
2020/02/15,-735649451
2020/02/16,1367682349
2020/02/17,426681859
2020/02/18,-312482251
2020/02/19,2811644290
2020/02/20,-3735678858
2020/02/21,-1186000469
2020/02/22,-1874034316
2020/02/23,825457043
2020/02/24,-729198465
2020/02/25,-307494552
2020/02/26,-1409046281
2020/02/27,-365552570
2020/02/28,-180805346
2020/02/29,-1896939311
2020/03/01,-2994022275
2020/03/02,-4442240732
2020/03/03,-934216053
2020/03/04,-2593799217
2020/03/05,-1098101015
2020/03/06,1139327862
2020/03/07,299597598
2020/03/08,-1391147151
2020/03/09,1060552499
2020/03/10,-460419467
2020/03/11,565263231
2020/03/12,4575532011
2020/03/13,1851489045
2020/03/14,433332737
2020/03/15,-256017317
2020/03/16,582847799
2020/03/17,618723808
2020/03/18,-1522295569
2020/03/19,-960728528
2020/03/20,-708215593
2020/03/21,-1405031002
2020/03/22,-203341329
2020/03/23,-2955250337
2020/03/24,465986716
2020/03/25,-2173662838
2020/03/26,-7405137360
2020/03/27,-4459878331
2020/03/28,-1421830903
2020/03/29,-321892353
2020/03/30,-1258345619
2020/03/31,-507481574
2020/04/01,325217497
2020/04/02,-237371299
2020/04/03,-1443071699
2020/04/04,1824288772
2020/04/05,-847186184
2020/04/06,1727342646
2020/04/07,283117372
2020/04/08,-42766917
2020/04/09,2297304845
2020/04/10,71864388
2020/04/11,45828457
2020/04/12,-244890317
2020/04/13,-557294507
2020/04/14,-1536291504
2020/04/15,72498476
2020/04/16,1129855800
2020/04/17,-202674385
2020/04/18,-1840443848
2020/04/19,-73618020
2020/04/20,-1667756369
2020/04/21,-2941910889
2020/04/22,151544658
2020/04/23,-1491458315
2020/04/24,2639958378
2020/04/25,312509548
2020/04/26,393201395
2020/04/27,804392729
2020/04/28,1083083256
2020/04/29,4337401877
2020/04/30,3486695535
2020/05/01,1489450424
2020/05/02,751527358
2020/05/03,1241675022
2020/05/04,1523059473
2020/05/05,959646764
2020/05/06,1894998971
2020/05/07,2620264415
2020/05/08,2050639136
2020/05/09,3556335751
2020/05/10,1700610198
2020/05/11,1608452040
2020/05/12,2965693447
2020/05/13,-1218706895
2020/05/14,-2964911288
2020/05/15,-36432392
2020/05/16,107590068
2020/05/17,-713052937
2020/05/18,338053017
2020/05/19,798232706
2020/05/20,714925742
2020/05/21,-697440365
2020/05/22,-3712380148
2020/05/23,-3407313434
2020/05/24,-488782268
2020/05/25,1193472409
2020/05/26,-2969976249
2020/05/27,-1959969983
2020/05/28,-1039741673
2020/05/29,817295331
2020/05/30,-132666884
2020/05/31,2187252291
2020/06/01,1438427621
2020/06/02,2866419913
2020/06/03,-1650273389
2020/06/04,-717134284
2020/06/05,1218444004
2020/06/06,-199264078
2020/06/07,-1066944284
2020/06/08,-1885760250
2020/06/09,313138784
2020/06/10,-858496252
2020/06/11,1920978659
2020/06/12,-1979584013
2020/06/13,-571883630
2020/06/14,-2731074484
2020/06/15,-986772557
2020/06/16,-2399249830
2020/06/17,1017174910
2020/06/18,-740971998
2020/06/19,3663441022
2020/06/20,71102703
2020/06/21,-260927587
2020/06/22,-508460057
2020/06/23,2157865788
2020/06/24,1133119318
2020/06/25,236919467
2020/06/26,2389936842
2020/06/27,109316432
2020/06/28,393087934
2020/06/29,-1477402598
2020/06/30,-917298584
2020/07/01,-271424943
2020/07/02,237368713
2020/07/03,-4938993356
2020/07/04,259884507
2020/07/05,176221343
2020/07/06,295936691
2020/07/07,-1735064063
2020/07/08,254295547
2020/07/09,-1453570997
2020/07/10,-1893207934
2020/07/11,83820242
2020/07/12,973227965
2020/07/13,3188068843
2020/07/14,217287494
2020/07/15,-483477790
2020/07/16,-128099437
2020/07/17,-37699069
2020/07/18,158879705
2020/07/19,342633757
2020/07/20,-475151005
2020/07/21,163967076
2020/07/22,-77424837
2020/07/23,347841608
2020/07/24,128438243
2020/07/25,886319304
2020/07/26,147648836
2020/07/27,78138741
2020/07/28,3002720077
2020/07/29,1658365780
2020/07/30,1952213327
2020/07/31,1930728707
2020/08/01,2328670260
2020/08/02,1679070502
2020/08/03,3004802326
2020/08/04,1026910261
2020/08/05,-15780112
2020/08/06,2832327724
2020/08/07,2477758128
2020/08/08,924939371
2020/08/09,490684325
2020/08/10,-421870513
2020/08/11,-841547194
2020/08/12,939980883
2020/08/13,-148065147
2020/08/14,1838708605
2020/08/15,145315927
2020/08/16,795774254
2020/08/17,811839981
2020/08/18,2409613103
2020/08/19,1469598191
2020/08/20,-1624706399
2020/08/21,-1376368652
2020/08/22,-409733990
2020/08/23,-934964340
2020/08/24,-1368531436
2020/08/25,-703539971
2020/08/26,-1212347608
2020/08/27,-204136142
2020/08/28,-2033813545
2020/08/29,-1104499215
2020/08/30,-990173174
2020/08/31,-644508087
2020/09/01,-1157352398
2020/09/02,674089954
2020/09/03,891983191
2020/09/04,2417837127
2020/09/05,576027271
2020/09/06,102557754
2020/09/07,-212377524
2020/09/08,-1112324646
2020/09/09,-1084736356
2020/09/10,-1198132805
2020/09/11,-622520054
2020/09/12,-1003597910
2020/09/13,-803311383
2020/09/14,-2116793019
2020/09/15,-1199672355
2020/09/16,-1651409136
2020/09/17,-1950058797
2020/09/18,-2521485538
2020/09/19,-992144894
2020/09/20,-152197294
2020/09/21,-138342616
2020/09/22,1131243450
2020/09/23,1641292802
2020/09/24,1725090251
2020/09/25,744641155
2020/09/26,-190927932
2020/09/27,-79720523
2020/09/28,-14775546
2020/09/29,349879018
2020/09/30,477799615
2020/10/01,472614233
2020/10/02,2357852228
2020/10/03,364081530
2020/10/04,24497779
2020/10/05,60219097
2020/10/06,-775450581
2020/10/07,-209463233
2020/10/08,-720199607
2020/10/09,651512652
2020/10/10,2369149658
2020/10/11,952721690
2020/10/12,896610524
2020/10/13,-21812869
2020/10/14,-977415817
2020/10/15,88250207
2020/10/16,-2303429696
2020/10/17,-775130776
2020/10/18,-261238132
2020/10/19,1656436260
2020/10/20,891530003
2020/10/21,1770415666
2020/10/22,3181697132
2020/10/23,1244048172
2020/10/24,6296523
2020/10/25,526308541
2020/10/26,1021213540
2020/10/27,1251587935
2020/10/28,3692379141
2020/10/29,1434563848
2020/10/30,1455906668
2020/10/31,2833870969
2020/11/01,2205856004
2020/11/02,1216407389
2020/11/03,6754602902
2020/11/04,-224370348
2020/11/05,2508929704
2020/11/06,2893374739
2020/11/07,932285051
2020/11/08,1273191561
2020/11/09,1775696225
2020/11/10,1477751798
2020/11/11,-502943557
2020/11/12,2006128836
2020/11/13,1419874887
2020/11/14,-754421245
2020/11/15,55656145
2020/11/16,-381120066
2020/11/17,-3160474701
2020/11/18,4541769804
2020/11/19,-3072919643
2020/11/20,1037616587
2020/11/21,777935477
2020/11/22,-55991337
2020/11/23,-297277535
2020/11/24,2674173463
2020/11/25,2372561209
2020/11/26,2962206262
2020/11/27,2300824048
2020/11/28,326342525
2020/11/29,2032256301
2020/11/30,3959136843
2020/12/01,4713661899
2020/12/02,-3109164746
2020/12/03,55236965
2020/12/04,-1204853908
2020/12/05,-1480911555
2020/12/06,-377723269
2020/12/07,-235252380
2020/12/08,-2292736990
2020/12/09,-1826665343
2020/12/10,-606702536
2020/12/11,-2391562001
2020/12/12,1789133615
2020/12/13,1434240635
2020/12/14,-2136743994
2020/12/15,-3546943434
2020/12/16,5956551757
2020/12/17,9732307302
2020/12/18,8274213421
2020/12/19,4264978539
2020/12/20,2508837108
2020/12/21,4547758752
2020/12/22,7251808342
2020/12/23,7428135080
2020/12/24,308134272
2020/12/25,-6259245
2020/12/26,3297512231
2020/12/27,5927333654
2020/12/28,8739957684
2020/12/29,7405241725
2020/12/30,4628580732
2020/12/31,9321659
2021/01/01,-4916037159
2021/01/02,10371236291
2021/01/03,10419687053
2021/01/04,10553123596
2021/01/05,4694490638
2021/01/06,9035542395
2021/01/07,21050850630
2021/01/08,24467008936
2021/01/09,9464531947
2021/01/10,5601402041
2021/01/11,6713818736
2021/01/12,4284589110
2021/01/13,428580396
2021/01/14,8620323613
2021/01/15,11562065783
2021/01/16,-5036019397
2021/01/17,-5540235080
2021/01/18,-6207207261
2021/01/19,3636955767
2021/01/20,-1398776571
2021/01/21,-12907492441
2021/01/22,-15877112986
2021/01/23,-9044540876
2021/01/24,-11859425566
2021/01/25,-9830847973
2021/01/26,-7184729915
2021/01/27,-274857918
2021/01/28,-8184052028
2021/01/29,5210312236
2021/01/30,18596510
2021/01/31,1121123273
2021/02/01,1139102924
2021/02/02,-6825220094
2021/02/03,-6088023530
2021/02/04,3983127564
2021/02/05,6548085676
2021/02/06,6976646729
2021/02/07,7706445149
2021/02/08,15587876040
2021/02/09,23880139487
2021/02/10,8396490389
2021/02/11,7108504486
2021/02/12,-4416835760
2021/02/13,-194475621
2021/02/14,1113259874
2021/02/15,2491209169
2021/02/16,6330063051
2021/02/17,11128316080
2021/02/18,5006423901
2021/02/19,11407524656
2021/02/20,10179297109
2021/02/21,13540699653
2021/02/22,1855769958
2021/02/23,647424177
2021/02/24,4223474676
2021/02/25,19122890996
2021/02/26,3837909575
2021/02/27,1565773193
2021/02/28,-187368796
2021/03/01,2196289622
2021/03/02,1776957945
2021/03/03,-2796496894
2021/03/04,-5385452435
2021/03/05,-9103285465
2021/03/06,-14176361554
2021/03/07,-13104684309
2021/03/08,-6077654444
2021/03/09,-10629689804
2021/03/10,-4302992673
2021/03/11,-15353174821
2021/03/12,-541682152
2021/03/13,9802920971
2021/03/14,8217538738
2021/03/15,9693511942
2021/03/16,4774773016
2021/03/17,-1023133905
2021/03/18,2501523579
2021/03/19,-935503464
2021/03/20,4541474685
2021/03/21,795951633
2021/03/22,1210696301
2021/03/23,7959076845
2021/03/24,4679857857
2021/03/25,12059349093
2021/03/26,1520875886
2021/03/27,-6619421890
2021/03/28,-5581768444
2021/03/29,-3014754738
2021/03/30,-4353623751
2021/03/31,4494930767
2021/04/01,5783505763
2021/04/02,4906261309
2021/04/03,2240862744
2021/04/04,-1792979084
2021/04/05,2955833683
2021/04/06,6630237907
2021/04/07,350071203
2021/04/08,-8207725740
2021/04/09,1334310765
2021/04/10,8909939109
2021/04/11,1437345754
2021/04/12,6951130943
2021/04/13,18147331647
2021/04/14,19334779639
2021/04/15,4183292776
2021/04/16,21652196235
2021/04/17,550001858
2021/04/18,26904929697
2021/04/19,-1311479610
2021/04/20,22855732004
2021/04/21,32448547286
2021/04/22,26829115292
2021/04/23,26360463612
2021/04/24,1766714573
2021/04/25,9491294418
2021/04/26,13634192114
2021/04/27,21619765208
2021/04/28,-3461359428
2021/04/29,185625677
2021/04/30,-21925138522
2021/05/01,-5690268209
2021/05/02,-30370302330
2021/05/03,3517578792
2021/05/04,-32970308181
2021/05/05,-30882034453
2021/05/06,-28884738080
2021/05/07,-16816255221
2021/05/08,-6069054538
2021/05/09,-5282230509
2021/05/10,-15368601893
2021/05/11,-37923994855
2021/05/12,-5383983305
2021/05/13,31025280275
2021/05/14,26660040572
2021/05/15,28803262933
2021/05/16,22489254489
2021/05/17,21883551554
2021/05/18,106833762
2021/05/19,18464945066
2021/05/20,26731997384
2021/05/21,3562529185
2021/05/22,8403740289
2021/05/23,12574229221
2021/05/24,11905326860
2021/05/25,17251892408
2021/05/26,10044417147
2021/05/27,-25666817107
2021/05/28,16616195104
2021/05/29,5238786536
2021/05/30,-13961734895
2021/05/31,-36965608955
2021/06/01,-18711512300
2021/06/02,-38724154455
2021/06/03,-42552986676
2021/06/04,-32198085575
2021/06/05,-21413554052
2021/06/06,-362300538
2021/06/07,-2652517746
2021/06/08,6826573485
2021/06/09,-29725804158
2021/06/10,-25362803125
2021/06/11,-57821081492
2021/06/12,-40430485570
2021/06/13,-11456755502
2021/06/14,-121792794
2021/06/15,8120201805
2021/06/16,8356889506
2021/06/17,3912631264
2021/06/18,4827512056
2021/06/19,-441852212
2021/06/20,-24888981749
2021/06/21,-23788157255
2021/06/22,-28343450908
2021/06/23,217070704
2021/06/24,5003367142
2021/06/25,16986991594
2021/06/26,15348708190
2021/06/27,4451689565
2021/06/28,557697091
2021/06/29,-4237171232
2021/06/30,-5401888137
2021/07/01,-2463833180
2021/07/02,411289380
2021/07/03,2525882944
2021/07/04,5921578781
2021/07/05,-9462904550
2021/07/06,-11517848029
2021/07/07,-6798548864
2021/07/08,-7809059986
2021/07/09,-20577371119
2021/07/10,-13855151777
2021/07/11,-5500876126
2021/07/12,-4775193030
2021/07/13,-7523145765
2021/07/14,-6200157059
2021/07/15,-1387017699
2021/07/16,-7153706921
2021/07/17,1295860218
2021/07/18,-8966494775
2021/07/19,-572236659
2021/07/20,-540911186
2021/07/21,-256847238
2021/07/22,-3536207238
2021/07/23,-1690119094
2021/07/24,-3623125887
2021/07/25,-461691137
2021/07/26,10616859044
2021/07/27,9694818283
2021/07/28,34001337270
2021/07/29,6037929981
2021/07/30,7877092287
2021/07/31,-3239725361
2021/08/01,61746852822
2021/08/02,27314550006
2021/08/03,13565959372
2021/08/04,14535571416
2021/08/05,9341673538
2021/08/06,19362262361
2021/08/07,3803800373
2021/08/08,5194463218
2021/08/09,4354333871
2021/08/10,-4022794419
2021/08/11,-27401591971
2021/08/12,-7304857406
2021/08/13,-3170687949
2021/08/14,-350006973
2021/08/15,-51409082306
2021/08/16,-22964384620
2021/08/17,-14191787324
2021/08/18,-11596855003
2021/08/19,-6167840978
2021/08/20,-4695439141
2021/08/21,12358956353
2021/08/22,-1488639140
2021/08/23,24231692593
2021/08/24,34804495971
2021/08/25,38915841058
2021/08/26,78097943701
2021/08/27,82385602513
2021/08/28,76479738030
2021/08/29,74170011216
2021/08/30,78964536946
2021/08/31,72061235390
2021/09/01,56136945825
2021/09/02,54649888433
2021/09/03,20568056581
2021/09/04,5619573558
2021/09/05,8979685381
2021/09/06,-27390034162
2021/09/07,-21471507748
2021/09/08,-35702558419
2021/09/09,-74289699183
2021/09/10,217791820240
2021/09/11,28967100616
2021/09/12,-22414945383
2021/09/13,223470463804
2021/09/14,299292467986
2021/09/15,-25111047917
2021/09/16,-26335069402
2021/09/17,-15908638774
2021/09/18,-9533992795
2021/09/19,-7385853817
2021/09/20,29074011927
2021/09/21,19777851412
2021/09/22,26234613690
2021/09/23,24458781281
2021/09/24,-270599655656
2021/09/25,-84823004655
2021/09/26,-18747917268
2021/09/27,-262504539775
2021/09/28,-330577532577
2021/09/29,4511767021
2021/09/30,16156890952
2021/10/01,28297199395
2021/10/02,13871182573
2021/10/03,19428009331
2021/10/04,-14754329128
2021/10/05,-4313999067
2021/10/06,21878741412
2021/10/07,13601047653
2021/10/08,2201084095
2021/10/09,-6597219411
2021/10/10,-26142037647
2021/10/11,5748020953
2021/10/12,-5687763681
2021/10/13,-18010653648
2021/10/14,-13377847553
2021/10/15,3087174455
2021/10/16,1520210863
2021/10/17,-7949587139
2021/10/18,-2288942444
2021/10/19,-3447840451
2021/10/20,-20075499557
2021/10/21,-4153388674
2021/10/22,-5026210309
2021/10/23,-2461448750
2021/10/24,235473301
2021/10/25,-18482371493
2021/10/26,8247752117
2021/10/27,9260592135
2021/10/28,-1774343089
2021/10/29,-16512608654
2021/10/30,-9520066241
2021/10/31,-568129372
2021/11/01,3707691641
2021/11/02,2002961434
2021/11/03,-4430239454
2021/11/04,-10256019814
2021/11/05,-3777115860
2021/11/06,-151195444
2021/11/07,-6047954673
2021/11/08,27126466987
2021/11/09,-2954581002
2021/11/10,-1049013031
2021/11/11,-1395144117
2021/11/12,1995608944
2021/11/13,-1934161269
2021/11/14,481663571
2021/11/15,9389933973
2021/11/16,45935275228
2021/11/17,35274402141
2021/11/18,21083103443
2021/11/19,13631821521
2021/11/20,8821090484
2021/11/21,-19049277
2021/11/22,-24538042125
2021/11/23,6401705696
2021/11/24,45935949730
2021/11/25,68740398468
2021/11/26,49371843779
2021/11/27,8799042775
2021/11/28,-3100373754
2021/11/29,2658347256
2021/11/30,-15920882453
2021/12/01,-11079945362
2021/12/02,-6083575582
2021/12/03,-6043692088
2021/12/04,49460418630
2021/12/05,26159600576
2021/12/06,25785350436
2021/12/07,-6037266471
2021/12/08,-49826415543
2021/12/09,-77457752689
2021/12/10,-61369965050
2021/12/11,-13049372682
2021/12/12,-9943584042
2021/12/13,-23886804552
