Date,sentbyaddress3wma
2010/07/17,763.5
2010/07/18,525.5
2010/07/19,482.833
2010/07/20,571
2010/07/21,522.833
2010/07/22,458
2010/07/23,413.167
2010/07/24,526.167
2010/07/25,1179
2010/07/26,909.167
2010/07/27,644.333
2010/07/28,379.167
2010/07/29,367.667
2010/07/30,326
2010/07/31,290.333
2010/08/01,302
2010/08/02,321.667
2010/08/03,464.833
2010/08/04,487
2010/08/05,526.333
2010/08/06,443.333
2010/08/07,336.167
2010/08/08,336.667
2010/08/09,390.833
2010/08/10,361.333
2010/08/11,354.333
2010/08/12,347
2010/08/13,442.5
2010/08/14,412.667
2010/08/15,319.5
2010/08/16,359
2010/08/17,347.333
2010/08/18,375
2010/08/19,332.833
2010/08/20,357.333
2010/08/21,344.5
2010/08/22,336.833
2010/08/23,339.333
2010/08/24,339.333
2010/08/25,339.667
2010/08/26,325.667
2010/08/27,287.5
2010/08/28,292.167
2010/08/29,266.333
2010/08/30,290.167
2010/08/31,339
2010/09/01,364.167
2010/09/02,315.667
2010/09/03,304.667
2010/09/04,269.167
2010/09/05,281.167
2010/09/06,269
2010/09/07,258.5
2010/09/08,278
2010/09/09,299.333
2010/09/10,311.333
2010/09/11,296.167
2010/09/12,331.833
2010/09/13,399.5
2010/09/14,408.5
2010/09/15,420.5
2010/09/16,389.5
2010/09/17,352.167
2010/09/18,335.833
2010/09/19,321.333
2010/09/20,389
2010/09/21,654
2010/09/22,767
2010/09/23,742
2010/09/24,616.333
2010/09/25,568.667
2010/09/26,469.5
2010/09/27,547.333
2010/09/28,495.333
2010/09/29,707.167
2010/09/30,565.5
2010/10/01,585.167
2010/10/02,548.167
2010/10/03,516.667
2010/10/04,473.167
2010/10/05,454.833
2010/10/06,444.833
2010/10/07,394.167
2010/10/08,384.167
2010/10/09,408.5
2010/10/10,410
2010/10/11,391.333
2010/10/12,388
2010/10/13,398
2010/10/14,396
2010/10/15,383.333
2010/10/16,416.167
2010/10/17,453.167
2010/10/18,557.5
2010/10/19,851
2010/10/20,899.333
2010/10/21,785.667
2010/10/22,708.333
2010/10/23,652.167
2010/10/24,637.333
2010/10/25,542.667
2010/10/26,568.333
2010/10/27,631.167
2010/10/28,631.5
2010/10/29,560.5
2010/10/30,472
2010/10/31,371.333
2010/11/01,346.5
2010/11/02,306
2010/11/03,328
2010/11/04,332
2010/11/05,393
2010/11/06,408.5
2010/11/07,429.333
2010/11/08,457.667
2010/11/09,431.833
2010/11/10,417.167
2010/11/11,391.667
2010/11/12,330.167
2010/11/13,320.5
2010/11/14,356.5
2010/11/15,2250
2010/11/16,2943
2010/11/17,1915
2010/11/18,858
2010/11/19,391.333
2010/11/20,492.667
2010/11/21,526.833
2010/11/22,462.667
2010/11/23,395.833
2010/11/24,456.667
2010/11/25,548.333
2010/11/26,729.333
2010/11/27,628.833
2010/11/28,543
2010/11/29,473.5
2010/11/30,485.333
2010/12/01,538.667
2010/12/02,517.833
2010/12/03,462.167
2010/12/04,445.667
2010/12/05,448.333
2010/12/06,474.333
2010/12/07,562
2010/12/08,584.333
2010/12/09,561
2010/12/10,485.5
2010/12/11,584.667
2010/12/12,681.167
2010/12/13,750
2010/12/14,776.833
2010/12/15,778.333
2010/12/16,692.667
2010/12/17,587.667
2010/12/18,566.833
2010/12/19,592
2010/12/20,818.333
2010/12/21,826.667
2010/12/22,824.667
2010/12/23,747.333
2010/12/24,682.167
2010/12/25,742.167
2010/12/26,767.833
2010/12/27,710.167
2010/12/28,732.667
2010/12/29,679.167
2010/12/30,698.167
2010/12/31,677.167
2011/01/01,753.833
2011/01/02,728.167
2011/01/03,843.5
2011/01/04,855.333
2011/01/05,958.5
2011/01/06,873.333
2011/01/07,898.333
2011/01/08,1040
2011/01/09,1090
2011/01/10,1119
2011/01/11,1141
2011/01/12,1066
2011/01/13,1062
2011/01/14,1044
2011/01/15,1081
2011/01/16,1108
2011/01/17,1074
2011/01/18,1057
2011/01/19,1101
2011/01/20,1130
2011/01/21,1277
2011/01/22,1457
2011/01/23,1426
2011/01/24,1498
2011/01/25,1286
2011/01/26,1208
2011/01/27,1099
2011/01/28,1217
2011/01/29,1430
2011/01/30,2163
2011/01/31,2039
2011/02/01,1657
2011/02/02,1239
2011/02/03,1046
2011/02/04,1058
2011/02/05,1037
2011/02/06,1052
2011/02/07,1044
2011/02/08,1044
2011/02/09,1314
2011/02/10,2015
2011/02/11,2622
2011/02/12,2653
2011/02/13,2468
2011/02/14,2438
2011/02/15,2564
2011/02/16,2517
2011/02/17,2626
2011/02/18,2639
2011/02/19,2354
2011/02/20,2337
2011/02/21,2413
2011/02/22,2649
2011/02/23,2807
2011/02/24,2809
2011/02/25,2699
2011/02/26,2540
2011/02/27,2625
2011/02/28,2424
2011/03/01,3003
2011/03/02,2860
2011/03/03,3427
2011/03/04,2993
2011/03/05,2802
2011/03/06,2575
2011/03/07,2558
2011/03/08,2899
2011/03/09,2837
2011/03/10,2606
2011/03/11,2431
2011/03/12,2472
2011/03/13,2418
2011/03/14,2205
2011/03/15,2400
2011/03/16,2434
2011/03/17,2559
2011/03/18,2483
2011/03/19,2552
2011/03/20,3224
2011/03/21,3551
2011/03/22,3367
2011/03/23,4173
2011/03/24,3808
2011/03/25,3458
2011/03/26,3475
2011/03/27,3704
2011/03/28,3874
2011/03/29,3799
2011/03/30,3306
2011/03/31,3224
2011/04/01,2822
2011/04/02,2734
2011/04/03,2711
2011/04/04,3116
2011/04/05,3242
2011/04/06,3125
2011/04/07,2814
2011/04/08,2721
2011/04/09,2725
2011/04/10,2719
2011/04/11,2843
2011/04/12,3014
2011/04/13,3264
2011/04/14,4176
2011/04/15,3760
2011/04/16,3418
2011/04/17,3260
2011/04/18,3802
2011/04/19,4485
2011/04/20,4411
2011/04/21,3738
2011/04/22,3318
2011/04/23,3392
2011/04/24,3448
2011/04/25,3711
2011/04/26,4311
2011/04/27,5285
2011/04/28,5160
2011/04/29,5199
2011/04/30,5771
2011/05/01,5946
2011/05/02,5326
2011/05/03,4855
2011/05/04,4702
2011/05/05,5092
2011/05/06,5336
2011/05/07,5630
2011/05/08,5258
2011/05/09,5410
2011/05/10,5320
2011/05/11,5287
2011/05/12,5283
2011/05/13,5941
2011/05/14,6603
2011/05/15,6617
2011/05/16,7171
2011/05/17,7523
2011/05/18,8495
2011/05/19,8478
2011/05/20,8431
2011/05/21,8389
2011/05/22,8626
2011/05/23,9029
2011/05/24,9546
2011/05/25,10191
2011/05/26,10821
2011/05/27,9618
2011/05/28,8927
2011/05/29,8388
2011/05/30,8959
2011/05/31,9689
2011/06/01,10538
2011/06/02,11379
2011/06/03,12768
2011/06/04,14074
2011/06/05,14450
2011/06/06,15407
2011/06/07,15256
2011/06/08,17464
2011/06/09,19359
2011/06/10,19741
2011/06/11,19167
2011/06/12,20012
2011/06/13,20029
2011/06/14,21938
2011/06/15,22052
2011/06/16,22373
2011/06/17,21065
2011/06/18,20322
2011/06/19,20307
2011/06/20,19985
2011/06/21,18998
2011/06/22,19489
2011/06/23,19096
2011/06/24,19159
2011/06/25,18179
2011/06/26,17676
2011/06/27,19424
2011/06/28,19773
2011/06/29,18963
2011/06/30,17878
2011/07/01,17667
2011/07/02,16073
2011/07/03,15497
2011/07/04,16175
2011/07/05,16677
2011/07/06,17724
2011/07/07,16777
2011/07/08,16118
2011/07/09,14767
2011/07/10,14452
2011/07/11,15985
2011/07/12,15698
2011/07/13,16159
2011/07/14,16099
2011/07/15,15395
2011/07/16,15349
2011/07/17,14938
2011/07/18,15436
2011/07/19,15686
2011/07/20,15831
2011/07/21,15149
2011/07/22,15413
2011/07/23,14549
2011/07/24,14472
2011/07/25,15392
2011/07/26,15493
2011/07/27,15135
2011/07/28,14916
2011/07/29,14288
2011/07/30,12773
2011/07/31,13480
2011/08/01,14175
2011/08/02,15269
2011/08/03,14546
2011/08/04,14316
2011/08/05,13730
2011/08/06,12765
2011/08/07,12329
2011/08/08,12598
2011/08/09,14491
2011/08/10,15119
2011/08/11,14666
2011/08/12,13550
2011/08/13,13427
2011/08/14,13691
2011/08/15,14243
2011/08/16,15270
2011/08/17,14541
2011/08/18,14115
2011/08/19,13576
2011/08/20,13278
2011/08/21,13315
2011/08/22,13722
2011/08/23,13552
2011/08/24,13352
2011/08/25,13064
2011/08/26,13042
2011/08/27,12371
2011/08/28,11309
2011/08/29,12205
2011/08/30,13183
2011/08/31,13537
2011/09/01,13195
2011/09/02,12811
2011/09/03,11963
2011/09/04,12386
2011/09/05,12609
2011/09/06,13660
2011/09/07,13388
2011/09/08,12694
2011/09/09,12664
2011/09/10,11987
2011/09/11,11883
2011/09/12,11960
2011/09/13,11826
2011/09/14,11501
2011/09/15,11593
2011/09/16,11326
2011/09/17,10686
2011/09/18,10752
2011/09/19,11324
2011/09/20,12439
2011/09/21,12769
2011/09/22,11855
2011/09/23,11224
2011/09/24,10615
2011/09/25,10213
2011/09/26,10093
2011/09/27,10365
2011/09/28,10603
2011/09/29,10344
2011/09/30,10317
2011/10/01,9979
2011/10/02,9524
2011/10/03,10170
2011/10/04,10263
2011/10/05,10508
2011/10/06,10588
2011/10/07,10580
2011/10/08,10047
2011/10/09,9730
2011/10/10,9971
2011/10/11,10368
2011/10/12,10496
2011/10/13,9744
2011/10/14,10057
2011/10/15,10096
2011/10/16,9581
2011/10/17,9815
2011/10/18,9364
2011/10/19,9268
2011/10/20,8721
2011/10/21,8911
2011/10/22,9024
2011/10/23,9510
2011/10/24,10030
2011/10/25,9999
2011/10/26,9635
2011/10/27,8946
2011/10/28,8875
2011/10/29,9320
2011/10/30,9085
2011/10/31,9133
2011/11/01,9390
2011/11/02,9777
2011/11/03,9942
2011/11/04,10752
2011/11/05,10607
2011/11/06,9777
2011/11/07,9369
2011/11/08,9832
2011/11/09,10577
2011/11/10,10973
2011/11/11,10054
2011/11/12,9463
2011/11/13,9198
2011/11/14,9724
2011/11/15,10257
2011/11/16,10287
2011/11/17,9578
2011/11/18,9333
2011/11/19,8312
2011/11/20,7922
2011/11/21,7493
2011/11/22,7827
2011/11/23,8019
2011/11/24,7871
2011/11/25,8055
2011/11/26,7708
2011/11/27,7718
2011/11/28,8424
2011/11/29,9573
2011/11/30,10162
2011/12/01,10088
2011/12/02,9850
2011/12/03,9255
2011/12/04,8763
2011/12/05,8960
2011/12/06,10286
2011/12/07,9984
2011/12/08,9367
2011/12/09,8773
2011/12/10,8708
2011/12/11,8404
2011/12/12,8075
2011/12/13,7981
2011/12/14,8325
2011/12/15,7839
2011/12/16,7673
2011/12/17,7488
2011/12/18,7459
2011/12/19,8323
2011/12/20,9128
2011/12/21,8972
2011/12/22,8857
2011/12/23,8777
2011/12/24,8063
2011/12/25,8086
2011/12/26,8366
2011/12/27,8420
2011/12/28,8061
2011/12/29,8074
2011/12/30,7881
2011/12/31,7741
2012/01/01,7742
2012/01/02,8026
2012/01/03,8496
2012/01/04,8728
2012/01/05,9811
2012/01/06,10191
2012/01/07,9803
2012/01/08,9684
2012/01/09,9558
2012/01/10,9965
2012/01/11,10469
2012/01/12,10283
2012/01/13,10282
2012/01/14,10353
2012/01/15,9982
2012/01/16,10241
2012/01/17,10292
2012/01/18,10389
2012/01/19,10393
2012/01/20,10316
2012/01/21,9946
2012/01/22,8951
2012/01/23,9104
2012/01/24,9900
2012/01/25,11155
2012/01/26,10835
2012/01/27,10292
2012/01/28,9651
2012/01/29,9681
2012/01/30,9730
2012/01/31,10399
2012/02/01,10562
2012/02/02,11084
2012/02/03,11294
2012/02/04,11323
2012/02/05,10943
2012/02/06,10307
2012/02/07,10344
2012/02/08,10574
2012/02/09,11010
2012/02/10,11510
2012/02/11,11301
2012/02/12,10834
2012/02/13,11249
2012/02/14,12473
2012/02/15,13068
2012/02/16,13320
2012/02/17,11692
2012/02/18,10790
2012/02/19,9803
2012/02/20,9902
2012/02/21,10009
2012/02/22,10768
2012/02/23,11692
2012/02/24,11639
2012/02/25,10902
2012/02/26,10021
2012/02/27,10242
2012/02/28,10826
2012/02/29,11100
2012/03/01,11154
2012/03/02,11646
2012/03/03,10303
2012/03/04,10520
2012/03/05,10977
2012/03/06,11095
2012/03/07,11041
2012/03/08,11157
2012/03/09,11167
2012/03/10,10203
2012/03/11,9492
2012/03/12,9813
2012/03/13,11014
2012/03/14,11372
2012/03/15,10905
2012/03/16,10809
2012/03/17,11019
2012/03/18,10408
2012/03/19,10437
2012/03/20,10771
2012/03/21,11267
2012/03/22,11274
2012/03/23,10551
2012/03/24,10200
2012/03/25,9882
2012/03/26,10309
2012/03/27,10636
2012/03/28,11200
2012/03/29,11647
2012/03/30,11320
2012/03/31,10643
2012/04/01,9651
2012/04/02,9844
2012/04/03,11120
2012/04/04,11575
2012/04/05,11355
2012/04/06,10956
2012/04/07,10331
2012/04/08,9957
2012/04/09,10166
2012/04/10,11378
2012/04/11,12402
2012/04/12,12941
2012/04/13,12069
2012/04/14,12096
2012/04/15,11650
2012/04/16,12611
2012/04/17,12701
2012/04/18,13258
2012/04/19,12848
2012/04/20,13196
2012/04/21,12356
2012/04/22,11353
2012/04/23,11294
2012/04/24,11828
2012/04/25,12313
2012/04/26,13207
2012/04/27,12668
2012/04/28,11983
2012/04/29,11541
2012/04/30,12893
2012/05/01,13964
2012/05/02,14517
2012/05/03,15555
2012/05/04,16268
2012/05/05,15912
2012/05/06,14899
2012/05/07,16815
2012/05/08,17984
2012/05/09,18953
2012/05/10,17063
2012/05/11,18253
2012/05/12,18158
2012/05/13,17244
2012/05/14,21609
2012/05/15,22251
2012/05/16,21184
2012/05/17,18603
2012/05/18,19352
2012/05/19,22675
2012/05/20,23849
2012/05/21,24206
2012/05/22,22555
2012/05/23,22495
2012/05/24,22159
2012/05/25,22795
2012/05/26,21307
2012/05/27,20761
2012/05/28,21674
2012/05/29,23668
2012/05/30,23144
2012/05/31,22237
2012/06/01,22008
2012/06/02,18567
2012/06/03,21242
2012/06/04,27006
2012/06/05,31542
2012/06/06,25413
2012/06/07,24397
2012/06/08,22023
2012/06/09,23239
2012/06/10,25009
2012/06/11,25410
2012/06/12,21113
2012/06/13,28235
2012/06/14,34387
2012/06/15,37345
2012/06/16,34226
2012/06/17,32120
2012/06/18,30735
2012/06/19,28668
2012/06/20,26027
2012/06/21,23562
2012/06/22,22321
2012/06/23,21819
2012/06/24,21498
2012/06/25,23433
2012/06/26,25882
2012/06/27,28200
2012/06/28,26897
2012/06/29,25769
2012/06/30,24643
2012/07/01,23368
2012/07/02,25329
2012/07/03,25661
2012/07/04,24639
2012/07/05,22334
2012/07/06,21604
2012/07/07,23040
2012/07/08,22110
2012/07/09,23117
2012/07/10,26173
2012/07/11,27161
2012/07/12,26649
2012/07/13,24528
2012/07/14,23371
2012/07/15,23058
2012/07/16,26050
2012/07/17,29237
2012/07/18,28407
2012/07/19,27045
2012/07/20,27517
2012/07/21,28057
2012/07/22,29701
2012/07/23,31063
2012/07/24,29417
2012/07/25,26415
2012/07/26,24420
2012/07/27,24423
2012/07/28,27251
2012/07/29,27353
2012/07/30,27727
2012/07/31,35600
2012/08/01,34510
2012/08/02,33220
2012/08/03,29458
2012/08/04,27796
2012/08/05,27796
2012/08/06,30497
2012/08/07,31231
2012/08/08,34657
2012/08/09,32166
2012/08/10,30420
2012/08/11,28916
2012/08/12,29511
2012/08/13,33709
2012/08/14,33294
2012/08/15,34607
2012/08/16,39981
2012/08/17,42229
2012/08/18,40735
2012/08/19,36250
2012/08/20,33451
2012/08/21,35995
2012/08/22,36799
2012/08/23,35335
2012/08/24,33770
2012/08/25,30441
2012/08/26,27741
2012/08/27,27844
2012/08/28,28625
2012/08/29,29874
2012/08/30,28560
2012/08/31,32753
2012/09/01,34355
2012/09/02,31398
2012/09/03,27878
2012/09/04,28923
2012/09/05,31329
2012/09/06,34201
2012/09/07,33198
2012/09/08,29477
2012/09/09,28946
2012/09/10,28698
2012/09/11,31733
2012/09/12,29526
2012/09/13,27507
2012/09/14,27560
2012/09/15,25608
2012/09/16,24358
2012/09/17,23856
2012/09/18,27121
2012/09/19,29573
2012/09/20,32106
2012/09/21,29386
2012/09/22,24263
2012/09/23,21677
2012/09/24,22840
2012/09/25,27661
2012/09/26,31704
2012/09/27,31404
2012/09/28,32345
2012/09/29,28839
2012/09/30,25032
2012/10/01,24062
2012/10/02,29699
2012/10/03,30874
2012/10/04,32509
2012/10/05,32346
2012/10/06,30616
2012/10/07,29789
2012/10/08,31839
2012/10/09,33481
2012/10/10,33094
2012/10/11,30776
2012/10/12,29704
2012/10/13,28395
2012/10/14,27199
2012/10/15,29116
2012/10/16,29348
2012/10/17,30086
2012/10/18,30708
2012/10/19,28971
2012/10/20,28792
2012/10/21,28210
2012/10/22,29252
2012/10/23,28495
2012/10/24,28640
2012/10/25,27707
2012/10/26,26902
2012/10/27,23555
2012/10/28,21189
2012/10/29,20580
2012/10/30,23279
2012/10/31,24407
2012/11/01,23608
2012/11/02,23371
2012/11/03,22867
2012/11/04,22115
2012/11/05,23402
2012/11/06,25667
2012/11/07,28457
2012/11/08,27578
2012/11/09,26349
2012/11/10,23828
2012/11/11,22140
2012/11/12,21741
2012/11/13,22768
2012/11/14,25018
2012/11/15,29523
2012/11/16,32678
2012/11/17,32621
2012/11/18,31719
2012/11/19,31008
2012/11/20,31341
2012/11/21,31114
2012/11/22,30263
2012/11/23,26604
2012/11/24,25233
2012/11/25,24691
2012/11/26,26766
2012/11/27,27103
2012/11/28,28780
2012/11/29,28604
2012/11/30,26998
2012/12/01,25004
2012/12/02,21542
2012/12/03,20721
2012/12/04,23658
2012/12/05,27285
2012/12/06,28844
2012/12/07,28745
2012/12/08,28250
2012/12/09,27404
2012/12/10,25658
2012/12/11,26105
2012/12/12,27829
2012/12/13,30733
2012/12/14,30967
2012/12/15,28469
2012/12/16,26939
2012/12/17,28866
2012/12/18,33323
2012/12/19,33439
2012/12/20,30558
2012/12/21,31020
2012/12/22,36284
2012/12/23,32919
2012/12/24,29246
2012/12/25,24592
2012/12/26,23245
2012/12/27,24169
2012/12/28,27949
2012/12/29,28098
2012/12/30,31485
2012/12/31,28708
2013/01/01,27317
2013/01/02,28853
2013/01/03,34064
2013/01/04,35529
2013/01/05,37034
2013/01/06,33512
2013/01/07,34704
2013/01/08,35334
2013/01/09,37402
2013/01/10,40019
2013/01/11,43224
2013/01/12,39664
2013/01/13,38603
2013/01/14,34628
2013/01/15,38236
2013/01/16,41215
2013/01/17,41930
2013/01/18,41227
2013/01/19,38024
2013/01/20,35019
2013/01/21,32506
2013/01/22,33981
2013/01/23,34581
2013/01/24,36496
2013/01/25,36907
2013/01/26,38112
2013/01/27,38584
2013/01/28,38231
2013/01/29,38210
2013/01/30,35106
2013/01/31,34548
2013/02/01,40327
2013/02/02,41482
2013/02/03,41448
2013/02/04,39874
2013/02/05,42405
2013/02/06,40980
2013/02/07,41569
2013/02/08,41799
2013/02/09,40638
2013/02/10,40954
2013/02/11,39029
2013/02/12,38562
2013/02/13,37968
2013/02/14,36982
2013/02/15,36367
2013/02/16,34359
2013/02/17,33688
2013/02/18,34446
2013/02/19,35767
2013/02/20,36462
2013/02/21,37458
2013/02/22,39192
2013/02/23,39356
2013/02/24,39378
2013/02/25,39938
2013/02/26,41283
2013/02/27,40220
2013/02/28,40306
2013/03/01,42372
2013/03/02,38294
2013/03/03,34118
2013/03/04,34353
2013/03/05,37623
2013/03/06,42879
2013/03/07,44572
2013/03/08,42490
2013/03/09,38146
2013/03/10,38040
2013/03/11,36824
2013/03/12,38083
2013/03/13,41209
2013/03/14,42107
2013/03/15,44033
2013/03/16,38830
2013/03/17,35851
2013/03/18,37364
2013/03/19,42492
2013/03/20,43590
2013/03/21,44462
2013/03/22,47469
2013/03/23,45885
2013/03/24,47456
2013/03/25,46250
2013/03/26,47639
2013/03/27,49111
2013/03/28,53144
2013/03/29,55936
2013/03/30,54393
2013/03/31,46559
2013/04/01,46186
2013/04/02,53988
2013/04/03,63481
2013/04/04,69314
2013/04/05,70102
2013/04/06,61093
2013/04/07,54647
2013/04/08,59234
2013/04/09,68165
2013/04/10,77900
2013/04/11,78525
2013/04/12,72137
2013/04/13,61959
2013/04/14,51647
2013/04/15,53610
2013/04/16,60712
2013/04/17,62898
2013/04/18,58896
2013/04/19,62064
2013/04/20,56186
2013/04/21,50647
2013/04/22,50555
2013/04/23,57369
2013/04/24,61821
2013/04/25,63022
2013/04/26,60654
2013/04/27,53010
2013/04/28,47779
2013/04/29,50012
2013/04/30,47847
2013/05/01,50895
2013/05/02,51585
2013/05/03,51048
2013/05/04,45891
2013/05/05,44015
2013/05/06,46587
2013/05/07,52970
2013/05/08,55503
2013/05/09,56657
2013/05/10,56311
2013/05/11,55219
2013/05/12,50536
2013/05/13,50556
2013/05/14,53078
2013/05/15,55385
2013/05/16,55599
2013/05/17,53069
2013/05/18,48387
2013/05/19,44183
2013/05/20,44680
2013/05/21,49911
2013/05/22,50911
2013/05/23,54399
2013/05/24,54945
2013/05/25,49552
2013/05/26,43861
2013/05/27,43669
2013/05/28,47366
2013/05/29,51529
2013/05/30,52371
2013/05/31,51912
2013/06/01,48240
2013/06/02,44205
2013/06/03,46317
2013/06/04,49677
2013/06/05,50185
2013/06/06,50303
2013/06/07,50704
2013/06/08,45005
2013/06/09,40082
2013/06/10,39940
2013/06/11,42954
2013/06/12,43846
2013/06/13,45140
2013/06/14,50547
2013/06/15,44995
2013/06/16,38776
2013/06/17,38123
2013/06/18,41821
2013/06/19,46150
2013/06/20,47218
2013/06/21,48350
2013/06/22,44218
2013/06/23,38709
2013/06/24,40474
2013/06/25,42466
2013/06/26,44598
2013/06/27,44069
2013/06/28,46913
2013/06/29,43324
2013/06/30,38435
2013/07/01,42027
2013/07/02,44285
2013/07/03,46366
2013/07/04,44093
2013/07/05,43121
2013/07/06,38721
2013/07/07,34185
2013/07/08,38714
2013/07/09,44037
2013/07/10,46662
2013/07/11,50909
2013/07/12,56183
2013/07/13,50688
2013/07/14,40323
2013/07/15,38584
2013/07/16,43348
2013/07/17,45890
2013/07/18,45843
2013/07/19,44412
2013/07/20,38515
2013/07/21,36147
2013/07/22,39070
2013/07/23,43408
2013/07/24,45738
2013/07/25,46720
2013/07/26,45821
2013/07/27,40713
2013/07/28,36771
2013/07/29,41647
2013/07/30,47733
2013/07/31,54967
2013/08/01,59813
2013/08/02,60082
2013/08/03,51988
2013/08/04,44836
2013/08/05,48501
2013/08/06,52423
2013/08/07,55237
2013/08/08,54532
2013/08/09,51097
2013/08/10,47641
2013/08/11,41917
2013/08/12,60254
2013/08/13,58871
2013/08/14,58311
2013/08/15,54281
2013/08/16,58163
2013/08/17,51964
2013/08/18,45445
2013/08/19,51556
2013/08/20,56087
2013/08/21,58720
2013/08/22,60195
2013/08/23,57099
2013/08/24,50079
2013/08/25,43418
2013/08/26,46830
2013/08/27,54064
2013/08/28,58919
2013/08/29,56927
2013/08/30,59646
2013/08/31,59255
2013/09/01,47559
2013/09/02,41173
2013/09/03,41345
2013/09/04,45978
2013/09/05,47569
2013/09/06,47251
2013/09/07,43461
2013/09/08,38237
2013/09/09,40340
2013/09/10,42128
2013/09/11,46212
2013/09/12,48366
2013/09/13,47331
2013/09/14,40577
2013/09/15,35638
2013/09/16,39513
2013/09/17,44843
2013/09/18,49091
2013/09/19,51098
2013/09/20,50399
2013/09/21,45519
2013/09/22,40155
2013/09/23,44376
2013/09/24,48578
2013/09/25,49271
2013/09/26,49823
2013/09/27,49560
2013/09/28,45754
2013/09/29,42471
2013/09/30,45999
2013/10/01,52293
2013/10/02,57375
2013/10/03,54019
2013/10/04,49289
2013/10/05,41856
2013/10/06,37723
2013/10/07,40812
2013/10/08,45174
2013/10/09,49002
2013/10/10,50620
2013/10/11,50149
2013/10/12,45666
2013/10/13,42842
2013/10/14,46033
2013/10/15,50426
2013/10/16,54362
2013/10/17,51832
2013/10/18,51704
2013/10/19,52052
2013/10/20,46882
2013/10/21,49278
2013/10/22,53497
2013/10/23,58017
2013/10/24,64128
2013/10/25,63898
2013/10/26,54112
2013/10/27,45067
2013/10/28,46837
2013/10/29,50774
2013/10/30,55866
2013/10/31,58020
2013/11/01,56859
2013/11/02,52342
2013/11/03,49948
2013/11/04,56748
2013/11/05,67860
2013/11/06,74037
2013/11/07,81475
2013/11/08,82979
2013/11/09,81336
2013/11/10,74692
2013/11/11,68149
2013/11/12,69096
2013/11/13,73526
2013/11/14,80974
2013/11/15,80702
2013/11/16,73148
2013/11/17,68748
2013/11/18,89111
2013/11/19,114962
2013/11/20,116102
2013/11/21,106841
2013/11/22,102613
2013/11/23,101014
2013/11/24,89292
2013/11/25,88875
2013/11/26,103309
2013/11/27,122026
2013/11/28,130668
2013/11/29,127510
2013/11/30,113143
2013/12/01,104994
2013/12/02,103567
2013/12/03,108035
2013/12/04,112964
2013/12/05,117989
2013/12/06,111660
2013/12/07,102101
2013/12/08,82819
2013/12/09,85377
2013/12/10,89629
2013/12/11,94046
2013/12/12,88281
2013/12/13,87600
2013/12/14,85087
2013/12/15,81807
2013/12/16,90308
2013/12/17,96462
2013/12/18,108114
2013/12/19,104891
2013/12/20,96447
2013/12/21,84841
2013/12/22,76448
2013/12/23,75867
2013/12/24,79832
2013/12/25,83656
2013/12/26,81551
2013/12/27,80201
2013/12/28,74562
2013/12/29,70054
2013/12/30,76748
2013/12/31,76587
2014/01/01,69428
2014/01/02,75016
2014/01/03,84097
2014/01/04,81474
2014/01/05,82221
2014/01/06,90138
2014/01/07,89806
2014/01/08,86791
2014/01/09,84031
2014/01/10,81334
2014/01/11,79608
2014/01/12,74227
2014/01/13,75247
2014/01/14,76684
2014/01/15,80592
2014/01/16,78556
2014/01/17,77964
2014/01/18,72162
2014/01/19,69840
2014/01/20,82309
2014/01/21,95150
2014/01/22,98115
2014/01/23,92732
2014/01/24,89588
2014/01/25,82039
2014/01/26,79518
2014/01/27,85892
2014/01/28,94007
2014/01/29,92524
2014/01/30,93047
2014/01/31,94324
2014/02/01,92219
2014/02/02,87999
2014/02/03,91573
2014/02/04,101857
2014/02/05,103264
2014/02/06,105255
2014/02/07,107470
2014/02/08,102419
2014/02/09,90012
2014/02/10,90379
2014/02/11,93260
2014/02/12,93085
2014/02/13,94743
2014/02/14,100988
2014/02/15,100469
2014/02/16,88800
2014/02/17,86978
2014/02/18,92027
2014/02/19,107621
2014/02/20,118396
2014/02/21,123557
2014/02/22,113503
2014/02/23,111394
2014/02/24,122954
2014/02/25,137807
2014/02/26,138755
2014/02/27,127878
2014/02/28,118124
2014/03/01,117327
2014/03/02,109425
2014/03/03,127418
2014/03/04,144369
2014/03/05,144974
2014/03/06,136791
2014/03/07,128314
2014/03/08,122562
2014/03/09,116784
2014/03/10,114784
2014/03/11,116525
2014/03/12,124174
2014/03/13,126108
2014/03/14,115618
2014/03/15,99128
2014/03/16,88363
2014/03/17,96172
2014/03/18,92277
2014/03/19,95406
2014/03/20,96839
2014/03/21,110719
2014/03/22,106761
2014/03/23,97415
2014/03/24,100576
2014/03/25,106236
2014/03/26,111102
2014/03/27,119832
2014/03/28,121585
2014/03/29,106838
2014/03/30,92406
2014/03/31,100516
2014/04/01,111799
2014/04/02,118856
2014/04/03,105021
2014/04/04,110767
2014/04/05,106318
2014/04/06,105289
2014/04/07,104588
2014/04/08,108856
2014/04/09,116450
2014/04/10,121654
2014/04/11,120796
2014/04/12,103939
2014/04/13,96344
2014/04/14,110232
2014/04/15,120015
2014/04/16,119520
2014/04/17,109920
2014/04/18,103567
2014/04/19,97223
2014/04/20,92182
2014/04/21,92045
2014/04/22,108845
2014/04/23,109402
2014/04/24,107348
2014/04/25,110313
2014/04/26,99891
2014/04/27,91168
2014/04/28,98663
2014/04/29,106714
2014/04/30,110241
2014/05/01,105670
2014/05/02,98361
2014/05/03,83223
2014/05/04,75948
2014/05/05,84509
2014/05/06,99570
2014/05/07,107420
2014/05/08,110647
2014/05/09,108340
2014/05/10,98140
2014/05/11,87711
2014/05/12,91104
2014/05/13,94366
2014/05/14,101662
2014/05/15,111154
2014/05/16,104385
2014/05/17,93622
2014/05/18,89263
2014/05/19,98134
2014/05/20,114534
2014/05/21,110977
2014/05/22,109148
2014/05/23,113057
2014/05/24,96867
2014/05/25,98168
2014/05/26,103999
2014/05/27,114887
2014/05/28,122800
2014/05/29,120788
2014/05/30,109750
2014/05/31,99277
2014/06/01,100974
2014/06/02,109692
2014/06/03,121224
2014/06/04,121583
2014/06/05,122399
2014/06/06,116901
2014/06/07,104489
2014/06/08,96414
2014/06/09,100391
2014/06/10,107490
2014/06/11,112664
2014/06/12,114223
2014/06/13,113457
2014/06/14,104876
2014/06/15,96123
2014/06/16,105274
2014/06/17,116488
2014/06/18,117613
2014/06/19,109116
2014/06/20,104585
2014/06/21,101104
2014/06/22,99605
2014/06/23,101594
2014/06/24,109620
2014/06/25,115880
2014/06/26,113187
2014/06/27,113109
2014/06/28,102380
2014/06/29,94177
2014/06/30,105379
2014/07/01,117669
2014/07/02,122387
2014/07/03,114054
2014/07/04,99519
2014/07/05,86628
2014/07/06,89324
2014/07/07,103997
2014/07/08,123390
2014/07/09,126490
2014/07/10,123400
2014/07/11,118235
2014/07/12,104527
2014/07/13,100776
2014/07/14,102980
2014/07/15,114425
2014/07/16,115647
2014/07/17,116806
2014/07/18,113799
2014/07/19,107359
2014/07/20,103510
2014/07/21,102830
2014/07/22,107802
2014/07/23,114602
2014/07/24,115807
2014/07/25,116700
2014/07/26,103971
2014/07/27,97387
2014/07/28,104445
2014/07/29,109930
2014/07/30,119060
2014/07/31,118938
2014/08/01,118595
2014/08/02,105358
2014/08/03,94215
2014/08/04,95473
2014/08/05,116209
2014/08/06,131964
2014/08/07,129385
2014/08/08,124301
2014/08/09,112160
2014/08/10,108353
2014/08/11,121036
2014/08/12,133717
2014/08/13,139066
2014/08/14,135401
2014/08/15,128417
2014/08/16,120347
2014/08/17,110469
2014/08/18,118630
2014/08/19,126379
2014/08/20,131321
2014/08/21,131205
2014/08/22,127399
2014/08/23,113349
2014/08/24,109290
2014/08/25,114529
2014/08/26,124895
2014/08/27,126698
2014/08/28,124019
2014/08/29,116413
2014/08/30,107748
2014/08/31,103598
2014/09/01,109945
2014/09/02,118247
2014/09/03,119763
2014/09/04,122128
2014/09/05,120900
2014/09/06,111321
2014/09/07,111219
2014/09/08,119004
2014/09/09,131866
2014/09/10,130535
2014/09/11,123603
2014/09/12,119175
2014/09/13,110527
2014/09/14,115212
2014/09/15,122387
2014/09/16,137794
2014/09/17,138002
2014/09/18,136558
2014/09/19,125724
2014/09/20,115430
2014/09/21,107002
2014/09/22,118467
2014/09/23,129293
2014/09/24,132836
2014/09/25,134824
2014/09/26,130449
2014/09/27,119709
2014/09/28,120642
2014/09/29,124052
2014/09/30,133227
2014/10/01,137645
2014/10/02,139993
2014/10/03,133141
2014/10/04,124811
2014/10/05,135413
2014/10/06,137480
2014/10/07,145121
2014/10/08,145121
2014/10/09,144504
2014/10/10,145082
2014/10/11,132616
2014/10/12,135148
2014/10/13,143684
2014/10/14,151304
2014/10/15,155576
2014/10/16,149421
2014/10/17,143853
2014/10/18,132466
2014/10/19,135917
2014/10/20,141613
2014/10/21,150610
2014/10/22,151532
2014/10/23,150206
2014/10/24,145215
2014/10/25,142863
2014/10/26,137256
2014/10/27,148785
2014/10/28,152415
2014/10/29,155498
2014/10/30,155499
2014/10/31,151166
2014/11/01,135511
2014/11/02,143234
2014/11/03,149043
2014/11/04,152121
2014/11/05,151325
2014/11/06,153422
2014/11/07,147802
2014/11/08,131049
2014/11/09,136870
2014/11/10,142694
2014/11/11,147150
2014/11/12,157411
2014/11/13,159023
2014/11/14,158807
2014/11/15,141091
2014/11/16,138529
2014/11/17,142679
2014/11/18,148906
2014/11/19,147566
2014/11/20,148970
2014/11/21,145519
2014/11/22,134859
2014/11/23,133036
2014/11/24,135585
2014/11/25,142715
2014/11/26,144733
2014/11/27,146885
2014/11/28,145517
2014/11/29,136224
2014/11/30,143510
2014/12/01,146038
2014/12/02,162791
2014/12/03,163505
2014/12/04,161474
2014/12/05,155318
2014/12/06,140053
2014/12/07,137488
2014/12/08,148416
2014/12/09,154334
2014/12/10,156381
2014/12/11,151836
2014/12/12,150271
2014/12/13,139342
2014/12/14,148705
2014/12/15,157177
2014/12/16,173495
2014/12/17,178042
2014/12/18,172061
2014/12/19,158866
2014/12/20,158674
2014/12/21,149224
2014/12/22,160445
2014/12/23,164763
2014/12/24,151192
2014/12/25,127145
2014/12/26,121992
2014/12/27,125796
2014/12/28,136878
2014/12/29,137735
2014/12/30,141615
2014/12/31,132204
2015/01/01,111744
2015/01/02,119269
2015/01/03,132216
2015/01/04,141523
2015/01/05,152043
2015/01/06,152093
2015/01/07,149423
2015/01/08,154628
2015/01/09,158079
2015/01/10,162849
2015/01/11,153539
2015/01/12,151853
2015/01/13,163761
2015/01/14,172779
2015/01/15,183219
2015/01/16,177023
2015/01/17,177588
2015/01/18,162538
2015/01/19,162813
2015/01/20,160030
2015/01/21,160670
2015/01/22,158245
2015/01/23,151948
2015/01/24,140044
2015/01/25,156767
2015/01/26,167504
2015/01/27,172921
2015/01/28,148530
2015/01/29,141087
2015/01/30,131795
2015/01/31,150354
2015/02/01,151335
2015/02/02,151917
2015/02/03,158227
2015/02/04,162302
2015/02/05,156221
2015/02/06,153122
2015/02/07,141310
2015/02/08,153108
2015/02/09,156012
2015/02/10,160317
2015/02/11,159311
2015/02/12,159410
2015/02/13,184759
2015/02/14,178748
2015/02/15,188699
2015/02/16,180537
2015/02/17,181905
2015/02/18,173949
2015/02/19,161391
2015/02/20,158477
2015/02/21,166407
2015/02/22,161465
2015/02/23,164630
2015/02/24,164171
2015/02/25,164778
2015/02/26,162569
2015/02/27,163638
2015/02/28,170556
2015/03/01,166018
2015/03/02,171401
2015/03/03,177466
2015/03/04,173203
2015/03/05,173679
2015/03/06,165080
2015/03/07,161564
2015/03/08,153194
2015/03/09,160110
2015/03/10,166635
2015/03/11,169014
2015/03/12,164476
2015/03/13,161476
2015/03/14,161785
2015/03/15,154223
2015/03/16,160273
2015/03/17,157852
2015/03/18,156288
2015/03/19,155294
2015/03/20,156750
2015/03/21,154677
2015/03/22,152220
2015/03/23,157287
2015/03/24,154445
2015/03/25,153405
2015/03/26,152556
2015/03/27,156205
2015/03/28,151647
2015/03/29,150845
2015/03/30,160254
2015/03/31,173581
2015/04/01,184033
2015/04/02,180375
2015/04/03,168262
2015/04/04,160583
2015/04/05,153434
2015/04/06,157923
2015/04/07,167805
2015/04/08,175001
2015/04/09,173577
2015/04/10,175777
2015/04/11,174441
2015/04/12,160592
2015/04/13,167253
2015/04/14,169851
2015/04/15,163851
2015/04/16,157349
2015/04/17,154342
2015/04/18,157077
2015/04/19,152365
2015/04/20,159005
2015/04/21,164808
2015/04/22,172801
2015/04/23,174849
2015/04/24,171071
2015/04/25,170839
2015/04/26,163841
2015/04/27,168426
2015/04/28,169890
2015/04/29,175254
2015/04/30,173302
2015/05/01,162057
2015/05/02,165057
2015/05/03,153400
2015/05/04,158381
2015/05/05,168391
2015/05/06,178665
2015/05/07,180496
2015/05/08,190743
2015/05/09,168949
2015/05/10,155085
2015/05/11,163072
2015/05/12,176889
2015/05/13,176375
2015/05/14,169573
2015/05/15,166717
2015/05/16,165651
2015/05/17,154200
2015/05/18,156318
2015/05/19,165898
2015/05/20,174001
2015/05/21,171063
2015/05/22,168080
2015/05/23,154800
2015/05/24,156542
2015/05/25,162965
2015/05/26,172585
2015/05/27,175733
2015/05/28,176130
2015/05/29,179850
2015/05/30,189297
2015/05/31,183991
2015/06/01,197358
2015/06/02,205078
2015/06/03,208334
2015/06/04,200101
2015/06/05,190022
2015/06/06,178774
2015/06/07,162315
2015/06/08,157721
2015/06/09,174913
2015/06/10,198793
2015/06/11,202788
2015/06/12,199304
2015/06/13,186109
2015/06/14,182239
2015/06/15,199564
2015/06/16,200313
2015/06/17,214056
2015/06/18,206341
2015/06/19,201198
2015/06/20,184848
2015/06/21,172707
2015/06/22,172430
2015/06/23,191908
2015/06/24,193721
2015/06/25,175174
2015/06/26,186285
2015/06/27,192644
2015/06/28,184490
2015/06/29,187659
2015/06/30,205472
2015/07/01,211714
2015/07/02,220215
2015/07/03,214484
2015/07/04,195807
2015/07/05,192056
2015/07/06,218705
2015/07/07,236299
2015/07/08,243907
2015/07/09,234913
2015/07/10,228960
2015/07/11,219971
2015/07/12,210832
2015/07/13,201738
2015/07/14,193647
2015/07/15,187237
2015/07/16,179316
2015/07/17,167992
2015/07/18,156467
2015/07/19,158636
2015/07/20,177169
2015/07/21,196568
2015/07/22,202974
2015/07/23,191142
2015/07/24,183892
2015/07/25,168300
2015/07/26,168041
2015/07/27,177464
2015/07/28,188358
2015/07/29,208053
2015/07/30,202867
2015/07/31,205177
2015/08/01,199042
2015/08/02,184380
2015/08/03,182815
2015/08/04,194611
2015/08/05,206985
2015/08/06,205848
2015/08/07,193635
2015/08/08,181869
2015/08/09,165360
2015/08/10,174013
2015/08/11,180171
2015/08/12,189395
2015/08/13,188697
2015/08/14,187099
2015/08/15,177008
2015/08/16,167894
2015/08/17,177418
2015/08/18,191522
2015/08/19,197901
2015/08/20,193622
2015/08/21,194801
2015/08/22,196952
2015/08/23,185634
2015/08/24,191801
2015/08/25,193994
2015/08/26,194872
2015/08/27,191998
2015/08/28,193800
2015/08/29,185941
2015/08/30,177708
2015/08/31,183547
2015/09/01,194535
2015/09/02,204368
2015/09/03,204569
2015/09/04,188464
2015/09/05,190244
2015/09/06,181667
2015/09/07,189497
2015/09/08,196697
2015/09/09,197983
2015/09/10,190899
2015/09/11,193607
2015/09/12,183915
2015/09/13,184020
2015/09/14,194412
2015/09/15,208395
2015/09/16,208894
2015/09/17,210354
2015/09/18,209010
2015/09/19,195291
2015/09/20,187756
2015/09/21,196134
2015/09/22,211300
2015/09/23,210087
2015/09/24,205221
2015/09/25,203165
2015/09/26,194558
2015/09/27,188795
2015/09/28,196600
2015/09/29,213997
2015/09/30,218278
2015/10/01,212634
2015/10/02,210508
2015/10/03,193063
2015/10/04,182181
2015/10/05,180035
2015/10/06,190152
2015/10/07,200389
2015/10/08,212648
2015/10/09,194472
2015/10/10,196030
2015/10/11,180542
2015/10/12,185517
2015/10/13,189319
2015/10/14,203165
2015/10/15,232451
2015/10/16,237411
2015/10/17,240069
2015/10/18,220498
2015/10/19,224495
2015/10/20,235736
2015/10/21,243379
2015/10/22,243078
2015/10/23,239157
2015/10/24,242756
2015/10/25,235474
2015/10/26,225615
2015/10/27,231803
2015/10/28,237598
2015/10/29,242439
2015/10/30,250108
2015/10/31,253841
2015/11/01,252322
2015/11/02,256464
2015/11/03,283214
2015/11/04,315813
2015/11/05,310466
2015/11/06,297672
2015/11/07,269007
2015/11/08,241496
2015/11/09,246031
2015/11/10,251863
2015/11/11,257213
2015/11/12,256944
2015/11/13,252782
2015/11/14,254746
2015/11/15,252327
2015/11/16,254297
2015/11/17,249718
2015/11/18,255669
2015/11/19,253610
2015/11/20,253024
2015/11/21,252512
2015/11/22,242050
2015/11/23,235944
2015/11/24,249343
2015/11/25,252039
2015/11/26,259415
2015/11/27,255262
2015/11/28,270168
2015/11/29,236155
2015/11/30,273143
2015/12/01,286002
2015/12/02,302467
2015/12/03,273304
2015/12/04,262059
2015/12/05,287516
2015/12/06,293513
2015/12/07,299551
2015/12/08,310275
2015/12/09,329573
2015/12/10,338777
2015/12/11,325555
2015/12/12,335475
2015/12/13,318740
2015/12/14,326326
2015/12/15,331987
2015/12/16,332927
2015/12/17,323348
2015/12/18,315965
2015/12/19,331545
2015/12/20,322068
2015/12/21,328837
2015/12/22,327908
2015/12/23,319160
2015/12/24,305941
2015/12/25,275602
2015/12/26,275035
2015/12/27,254702
2015/12/28,260875
2015/12/29,266349
2015/12/30,273008
2015/12/31,253637
2016/01/01,224320
2016/01/02,236256
2016/01/03,242560
2016/01/04,264476
2016/01/05,279373
2016/01/06,274320
2016/01/07,283607
2016/01/08,282997
2016/01/09,296777
2016/01/10,284622
2016/01/11,289074
2016/01/12,296438
2016/01/13,295103
2016/01/14,292844
2016/01/15,287608
2016/01/16,308591
2016/01/17,333496
2016/01/18,334946
2016/01/19,308636
2016/01/20,326565
2016/01/21,339931
2016/01/22,341982
2016/01/23,330478
2016/01/24,324644
2016/01/25,336428
2016/01/26,354890
2016/01/27,361354
2016/01/28,361479
2016/01/29,355748
2016/01/30,336806
2016/01/31,309873
2016/02/01,320620
2016/02/02,359240
2016/02/03,341459
2016/02/04,325790
2016/02/05,326680
2016/02/06,329417
2016/02/07,328979
2016/02/08,327038
2016/02/09,339429
2016/02/10,345219
2016/02/11,340008
2016/02/12,328278
2016/02/13,311751
2016/02/14,307383
2016/02/15,322675
2016/02/16,324265
2016/02/17,344737
2016/02/18,342394
2016/02/19,341626
2016/02/20,337116
2016/02/21,332342
2016/02/22,352041
2016/02/23,367475
2016/02/24,353942
2016/02/25,346395
2016/02/26,333063
2016/02/27,316016
2016/02/28,320244
2016/02/29,356673
2016/03/01,387579
2016/03/02,399598
2016/03/03,369133
2016/03/04,329861
2016/03/05,319934
2016/03/06,284013
2016/03/07,268466
2016/03/08,275582
2016/03/09,278446
2016/03/10,278497
2016/03/11,272994
2016/03/12,256868
2016/03/13,247291
2016/03/14,262789
2016/03/15,279540
2016/03/16,296601
2016/03/17,303327
2016/03/18,300100
2016/03/19,281012
2016/03/20,271937
2016/03/21,274410
2016/03/22,287881
2016/03/23,283071
2016/03/24,278859
2016/03/25,266331
2016/03/26,251796
2016/03/27,244734
2016/03/28,260610
2016/03/29,278399
2016/03/30,285474
2016/03/31,282887
2016/04/01,289940
2016/04/02,281028
2016/04/03,274965
2016/04/04,285442
2016/04/05,293205
2016/04/06,300427
2016/04/07,296538
2016/04/08,290944
2016/04/09,278369
2016/04/10,271009
2016/04/11,281614
2016/04/12,302034
2016/04/13,308324
2016/04/14,307727
2016/04/15,295816
2016/04/16,276091
2016/04/17,275708
2016/04/18,287073
2016/04/19,301191
2016/04/20,301775
2016/04/21,302281
2016/04/22,294808
2016/04/23,279896
2016/04/24,271620
2016/04/25,286579
2016/04/26,315525
2016/04/27,319336
2016/04/28,309037
2016/04/29,312349
2016/04/30,299443
2016/05/01,277842
2016/05/02,276767
2016/05/03,282723
2016/05/04,287880
2016/05/05,286633
2016/05/06,286799
2016/05/07,271276
2016/05/08,260555
2016/05/09,276765
2016/05/10,294310
2016/05/11,298182
2016/05/12,291887
2016/05/13,289747
2016/05/14,279738
2016/05/15,267349
2016/05/16,284362
2016/05/17,294024
2016/05/18,302016
2016/05/19,293931
2016/05/20,283279
2016/05/21,269634
2016/05/22,258734
2016/05/23,277879
2016/05/24,298704
2016/05/25,310859
2016/05/26,302322
2016/05/27,302766
2016/05/28,291617
2016/05/29,271233
2016/05/30,279733
2016/05/31,287413
2016/06/01,300629
2016/06/02,299627
2016/06/03,302238
2016/06/04,282104
2016/06/05,269507
2016/06/06,285996
2016/06/07,305992
2016/06/08,312538
2016/06/09,321049
2016/06/10,319496
2016/06/11,305273
2016/06/12,296696
2016/06/13,316705
2016/06/14,327007
2016/06/15,343926
2016/06/16,352329
2016/06/17,354173
2016/06/18,337219
2016/06/19,316538
2016/06/20,324975
2016/06/21,336695
2016/06/22,335521
2016/06/23,336649
2016/06/24,335668
2016/06/25,318859
2016/06/26,294768
2016/06/27,286730
2016/06/28,295383
2016/06/29,297132
2016/06/30,303098
2016/07/01,292819
2016/07/02,276357
2016/07/03,257697
2016/07/04,270760
2016/07/05,280484
2016/07/06,284613
2016/07/07,282609
2016/07/08,276703
2016/07/09,262538
2016/07/10,245484
2016/07/11,262510
2016/07/12,278784
2016/07/13,285423
2016/07/14,283303
2016/07/15,282048
2016/07/16,266313
2016/07/17,247385
2016/07/18,262415
2016/07/19,275177
2016/07/20,286326
2016/07/21,282276
2016/07/22,283379
2016/07/23,268745
2016/07/24,256278
2016/07/25,277496
2016/07/26,296266
2016/07/27,302141
2016/07/28,300887
2016/07/29,292821
2016/07/30,274888
2016/07/31,260809
2016/08/01,276451
2016/08/02,302442
2016/08/03,313522
2016/08/04,308120
2016/08/05,301780
2016/08/06,281209
2016/08/07,261727
2016/08/08,278154
2016/08/09,295879
2016/08/10,312504
2016/08/11,322868
2016/08/12,317185
2016/08/13,295104
2016/08/14,278021
2016/08/15,274265
2016/08/16,305324
2016/08/17,319438
2016/08/18,323836
2016/08/19,320109
2016/08/20,303726
2016/08/21,280629
2016/08/22,291607
2016/08/23,305548
2016/08/24,312738
2016/08/25,309002
2016/08/26,305248
2016/08/27,287170
2016/08/28,264474
2016/08/29,275880
2016/08/30,309821
2016/08/31,317336
2016/09/01,318128
2016/09/02,310379
2016/09/03,292769
2016/09/04,273151
2016/09/05,289923
2016/09/06,308481
2016/09/07,323569
2016/09/08,320431
2016/09/09,312964
2016/09/10,295403
2016/09/11,278952
2016/09/12,287226
2016/09/13,308491
2016/09/14,316593
2016/09/15,317667
2016/09/16,303248
2016/09/17,303649
2016/09/18,286253
2016/09/19,295642
2016/09/20,311570
2016/09/21,321412
2016/09/22,316988
2016/09/23,312330
2016/09/24,300366
2016/09/25,291537
2016/09/26,311652
2016/09/27,333090
2016/09/28,343608
2016/09/29,349518
2016/09/30,355775
2016/10/01,337030
2016/10/02,307400
2016/10/03,336342
2016/10/04,364358
2016/10/05,379426
2016/10/06,387924
2016/10/07,384048
2016/10/08,370887
2016/10/09,331586
2016/10/10,314630
2016/10/11,334960
2016/10/12,339650
2016/10/13,336277
2016/10/14,337864
2016/10/15,326808
2016/10/16,309019
2016/10/17,321782
2016/10/18,343075
2016/10/19,319421
2016/10/20,349381
2016/10/21,364389
2016/10/22,347125
2016/10/23,307522
2016/10/24,307539
2016/10/25,324782
2016/10/26,326957
2016/10/27,377159
2016/10/28,370773
2016/10/29,347883
2016/10/30,304788
2016/10/31,318298
2016/11/01,332858
2016/11/02,354617
2016/11/03,365088
2016/11/04,357575
2016/11/05,345884
2016/11/06,326916
2016/11/07,350262
2016/11/08,377137
2016/11/09,380007
2016/11/10,376888
2016/11/11,361328
2016/11/12,346845
2016/11/13,325817
2016/11/14,347784
2016/11/15,372093
2016/11/16,381891
2016/11/17,383084
2016/11/18,382408
2016/11/19,368016
2016/11/20,353098
2016/11/21,369960
2016/11/22,386597
2016/11/23,390935
2016/11/24,415343
2016/11/25,419756
2016/11/26,405846
2016/11/27,365325
2016/11/28,383868
2016/11/29,394601
2016/11/30,407164
2016/12/01,372636
2016/12/02,413044
2016/12/03,413746
2016/12/04,384020
2016/12/05,384174
2016/12/06,414435
2016/12/07,431692
2016/12/08,415087
2016/12/09,393311
2016/12/10,369451
2016/12/11,345525
2016/12/12,358374
2016/12/13,381984
2016/12/14,393324
2016/12/15,391139
2016/12/16,388115
2016/12/17,367423
2016/12/18,342794
2016/12/19,362629
2016/12/20,385079
2016/12/21,412430
2016/12/22,419051
2016/12/23,414557
2016/12/24,369699
2016/12/25,311033
2016/12/26,313464
2016/12/27,358861
2016/12/28,397347
2016/12/29,410348
2016/12/30,402939
2016/12/31,374477
2017/01/01,311700
2017/01/02,342881
2017/01/03,376699
2017/01/04,415541
2017/01/05,405400
2017/01/06,422084
2017/01/07,401510
2017/01/08,371472
2017/01/09,361236
2017/01/10,383425
2017/01/11,387474
2017/01/12,383765
2017/01/13,372400
2017/01/14,352216
2017/01/15,329530
2017/01/16,344411
2017/01/17,371972
2017/01/18,388157
2017/01/19,399083
2017/01/20,403377
2017/01/21,387188
2017/01/22,352848
2017/01/23,335170
2017/01/24,362917
2017/01/25,390621
2017/01/26,407919
2017/01/27,390928
2017/01/28,370792
2017/01/29,349767
2017/01/30,350560
2017/01/31,388677
2017/02/01,438323
2017/02/02,410950
2017/02/03,425877
2017/02/04,410807
2017/02/05,407623
2017/02/06,368966
2017/02/07,400164
2017/02/08,407107
2017/02/09,435033
2017/02/10,420397
2017/02/11,391367
2017/02/12,350971
2017/02/13,366739
2017/02/14,396369
2017/02/15,404662
2017/02/16,397607
2017/02/17,411793
2017/02/18,406075
2017/02/19,381637
2017/02/20,384127
2017/02/21,389940
2017/02/22,395721
2017/02/23,419639
2017/02/24,447598
2017/02/25,444238
2017/02/26,399739
2017/02/27,386060
2017/02/28,405980
2017/03/01,419725
2017/03/02,435479
2017/03/03,445877
2017/03/04,415887
2017/03/05,397556
2017/03/06,402504
2017/03/07,431025
2017/03/08,427763
2017/03/09,424847
2017/03/10,425753
2017/03/11,414622
2017/03/12,367277
2017/03/13,373660
2017/03/14,404728
2017/03/15,418492
2017/03/16,443120
2017/03/17,432363
2017/03/18,409563
2017/03/19,389355
2017/03/20,389306
2017/03/21,405979
2017/03/22,429915
2017/03/23,428573
2017/03/24,425181
2017/03/25,400373
2017/03/26,372115
2017/03/27,361015
2017/03/28,397604
2017/03/29,416112
2017/03/30,418160
2017/03/31,407337
2017/04/01,400308
2017/04/02,386824
2017/04/03,406958
2017/04/04,406318
2017/04/05,434882
2017/04/06,439237
2017/04/07,439884
2017/04/08,400271
2017/04/09,376648
2017/04/10,394997
2017/04/11,432274
2017/04/12,442425
2017/04/13,404937
2017/04/14,412570
2017/04/15,408985
2017/04/16,372557
2017/04/17,364358
2017/04/18,401420
2017/04/19,434669
2017/04/20,422299
2017/04/21,448863
2017/04/22,431628
2017/04/23,403830
2017/04/24,373194
2017/04/25,419846
2017/04/26,457958
2017/04/27,461160
2017/04/28,460059
2017/04/29,472227
2017/04/30,440701
2017/05/01,426110
2017/05/02,445451
2017/05/03,446725
2017/05/04,485115
2017/05/05,453670
2017/05/06,482537
2017/05/07,461929
2017/05/08,495494
2017/05/09,494607
2017/05/10,484766
2017/05/11,460384
2017/05/12,465705
2017/05/13,475369
2017/05/14,498075
2017/05/15,495539
2017/05/16,429192
2017/05/17,442487
2017/05/18,447946
2017/05/19,483499
2017/05/20,494549
2017/05/21,479709
2017/05/22,472216
2017/05/23,496957
2017/05/24,494907
2017/05/25,498832
2017/05/26,492057
2017/05/27,490002
2017/05/28,458638
2017/05/29,448963
2017/05/30,468030
2017/05/31,473875
2017/06/01,472592
2017/06/02,439893
2017/06/03,439993
2017/06/04,415206
2017/06/05,430031
2017/06/06,453766
2017/06/07,487953
2017/06/08,478448
2017/06/09,458245
2017/06/10,420262
2017/06/11,379679
2017/06/12,394570
2017/06/13,438946
2017/06/14,450648
2017/06/15,449215
2017/06/16,427563
2017/06/17,392847
2017/06/18,350422
2017/06/19,376884
2017/06/20,421186
2017/06/21,436987
2017/06/22,424977
2017/06/23,402490
2017/06/24,376051
2017/06/25,329854
2017/06/26,360878
2017/06/27,402604
2017/06/28,431194
2017/06/29,406954
2017/06/30,406592
2017/07/01,369024
2017/07/02,333243
2017/07/03,352168
2017/07/04,389714
2017/07/05,387548
2017/07/06,371561
2017/07/07,387359
2017/07/08,363368
2017/07/09,319245
2017/07/10,338225
2017/07/11,386408
2017/07/12,400759
2017/07/13,389023
2017/07/14,373445
2017/07/15,357611
2017/07/16,333690
2017/07/17,349445
2017/07/18,397341
2017/07/19,412938
2017/07/20,399670
2017/07/21,405842
2017/07/22,373354
2017/07/23,321033
2017/07/24,333747
2017/07/25,369703
2017/07/26,377765
2017/07/27,362219
2017/07/28,365803
2017/07/29,342369
2017/07/30,318424
2017/07/31,328899
2017/08/01,276422
2017/08/02,287339
2017/08/03,307178
2017/08/04,340977
2017/08/05,352086
2017/08/06,333401
2017/08/07,360843
2017/08/08,406439
2017/08/09,418971
2017/08/10,422004
2017/08/11,436143
2017/08/12,421587
2017/08/13,405141
2017/08/14,405659
2017/08/15,446403
2017/08/16,441770
2017/08/17,458655
2017/08/18,446734
2017/08/19,419391
2017/08/20,364019
2017/08/21,360232
2017/08/22,339818
2017/08/23,408626
2017/08/24,380658
2017/08/25,373194
2017/08/26,360493
2017/08/27,367722
2017/08/28,377489
2017/08/29,419914
2017/08/30,435026
2017/08/31,450067
2017/09/01,453675
2017/09/02,431119
2017/09/03,375259
2017/09/04,397600
2017/09/05,435253
2017/09/06,456731
2017/09/07,434964
2017/09/08,442955
2017/09/09,394775
2017/09/10,348542
2017/09/11,363610
2017/09/12,394847
2017/09/13,412170
2017/09/14,418694
2017/09/15,451243
2017/09/16,411176
2017/09/17,361461
2017/09/18,350656
2017/09/19,391144
2017/09/20,390057
2017/09/21,397917
2017/09/22,390781
2017/09/23,356416
2017/09/24,316526
2017/09/25,339855
2017/09/26,379598
2017/09/27,404502
2017/09/28,413060
2017/09/29,416224
2017/09/30,381290
2017/10/01,342562
2017/10/02,390399
2017/10/03,427054
2017/10/04,414414
2017/10/05,413273
2017/10/06,433368
2017/10/07,405376
2017/10/08,383075
2017/10/09,409432
2017/10/10,443720
2017/10/11,455152
2017/10/12,451767
2017/10/13,469439
2017/10/14,449826
2017/10/15,429027
2017/10/16,444036
2017/10/17,473097
2017/10/18,480303
2017/10/19,495058
2017/10/20,484552
2017/10/21,457931
2017/10/22,418217
2017/10/23,417502
2017/10/24,482460
2017/10/25,498671
2017/10/26,483235
2017/10/27,434915
2017/10/28,394860
2017/10/29,435706
2017/10/30,459512
2017/10/31,462108
2017/11/01,481521
2017/11/02,491809
2017/11/03,473731
2017/11/04,436472
2017/11/05,390086
2017/11/06,388870
2017/11/07,431102
2017/11/08,442854
2017/11/09,463775
2017/11/10,445407
2017/11/11,378293
2017/11/12,334012
2017/11/13,397790
2017/11/14,422888
2017/11/15,463745
2017/11/16,469845
2017/11/17,471207
2017/11/18,439550
2017/11/19,414187
2017/11/20,452826
2017/11/21,492839
2017/11/22,490510
2017/11/23,502130
2017/11/24,494684
2017/11/25,489497
2017/11/26,483648
2017/11/27,525737
2017/11/28,548216
2017/11/29,583914
2017/11/30,577695
2017/12/01,575157
2017/12/02,507086
2017/12/03,490290
2017/12/04,530496
2017/12/05,570076
2017/12/06,612328
2017/12/07,587610
2017/12/08,563710
2017/12/09,536801
2017/12/10,486677
2017/12/11,494393
2017/12/12,523774
2017/12/13,578931
2017/12/14,662550
2017/12/15,643427
2017/12/16,577064
2017/12/17,539868
2017/12/18,554329
2017/12/19,579079
2017/12/20,585961
2017/12/21,581131
2017/12/22,593032
2017/12/23,535346
2017/12/24,455944
2017/12/25,380709
2017/12/26,366855
2017/12/27,432422
2017/12/28,478623
2017/12/29,539356
2017/12/30,568628
2017/12/31,504363
2018/01/01,417487
2018/01/02,453302
2018/01/03,526830
2018/01/04,609320
2018/01/05,596829
2018/01/06,572034
2018/01/07,575590
2018/01/08,581676
2018/01/09,603067
2018/01/10,599277
2018/01/11,580793
2018/01/12,536126
2018/01/13,483466
2018/01/14,422111
2018/01/15,427018
2018/01/16,478934
2018/01/17,530162
2018/01/18,540966
2018/01/19,472622
2018/01/20,406103
2018/01/21,357783
2018/01/22,370123
2018/01/23,366623
2018/01/24,375280
2018/01/25,362982
2018/01/26,351858
2018/01/27,317242
2018/01/28,314558
2018/01/29,330722
2018/01/30,352007
2018/01/31,348175
2018/02/01,374684
2018/02/02,387749
2018/02/03,347141
2018/02/04,298956
2018/02/05,306419
2018/02/06,355220
2018/02/07,351822
2018/02/08,307402
2018/02/09,295257
2018/02/10,289685
2018/02/11,271214
2018/02/12,277988
2018/02/13,280607
2018/02/14,295931
2018/02/15,306928
2018/02/16,301214
2018/02/17,286015
2018/02/18,268965
2018/02/19,279456
2018/02/20,295820
2018/02/21,303801
2018/02/22,316804
2018/02/23,310641
2018/02/24,279482
2018/02/25,256144
2018/02/26,274496
2018/02/27,303789
2018/02/28,304389
2018/03/01,313421
2018/03/02,314919
2018/03/03,286681
2018/03/04,255150
2018/03/05,268608
2018/03/06,285106
2018/03/07,298645
2018/03/08,290424
2018/03/09,297768
2018/03/10,261497
2018/03/11,234487
2018/03/12,247246
2018/03/13,264237
2018/03/14,270497
2018/03/15,280901
2018/03/16,285905
2018/03/17,257319
2018/03/18,245676
2018/03/19,256218
2018/03/20,268995
2018/03/21,277162
2018/03/22,276018
2018/03/23,278495
2018/03/24,255098
2018/03/25,226982
2018/03/26,243617
2018/03/27,260850
2018/03/28,265019
2018/03/29,275103
2018/03/30,284433
2018/03/31,255343
2018/04/01,225298
2018/04/02,229064
2018/04/03,258926
2018/04/04,274900
2018/04/05,270024
2018/04/06,279796
2018/04/07,250002
2018/04/08,222677
2018/04/09,233023
2018/04/10,258381
2018/04/11,270566
2018/04/12,286203
2018/04/13,311572
2018/04/14,283385
2018/04/15,272089
2018/04/16,276087
2018/04/17,293102
2018/04/18,304439
2018/04/19,322531
2018/04/20,334613
2018/04/21,317029
2018/04/22,285686
2018/04/23,301749
2018/04/24,337836
2018/04/25,339505
2018/04/26,333588
2018/04/27,333270
2018/04/28,318357
2018/04/29,298270
2018/04/30,309439
2018/05/01,319902
2018/05/02,324226
2018/05/03,334940
2018/05/04,342535
2018/05/05,326816
2018/05/06,291908
2018/05/07,294124
2018/05/08,313360
2018/05/09,321198
2018/05/10,322949
2018/05/11,336232
2018/05/12,320440
2018/05/13,284606
2018/05/14,296183
2018/05/15,316573
2018/05/16,324293
2018/05/17,310290
2018/05/18,324712
2018/05/19,296933
2018/05/20,272600
2018/05/21,282396
2018/05/22,297805
2018/05/23,321378
2018/05/24,317564
2018/05/25,316431
2018/05/26,279551
2018/05/27,250696
2018/05/28,259338
2018/05/29,283747
2018/05/30,300538
2018/05/31,308051
2018/06/01,333889
2018/06/02,302591
2018/06/03,272668
2018/06/04,282001
2018/06/05,301489
2018/06/06,309263
2018/06/07,303617
2018/06/08,311856
2018/06/09,285832
2018/06/10,273890
2018/06/11,285050
2018/06/12,299110
2018/06/13,307719
2018/06/14,304312
2018/06/15,311584
2018/06/16,275038
2018/06/17,243228
2018/06/18,260221
2018/06/19,277120
2018/06/20,290031
2018/06/21,289259
2018/06/22,301756
2018/06/23,279220
2018/06/24,255962
2018/06/25,265787
2018/06/26,276614
2018/06/27,281627
2018/06/28,279498
2018/06/29,295595
2018/06/30,280346
2018/07/01,255485
2018/07/02,270043
2018/07/03,296372
2018/07/04,306538
2018/07/05,300058
2018/07/06,321020
2018/07/07,287746
2018/07/08,258549
2018/07/09,269458
2018/07/10,294197
2018/07/11,300389
2018/07/12,294089
2018/07/13,311589
2018/07/14,288259
2018/07/15,264000
2018/07/16,278582
2018/07/17,317116
2018/07/18,344322
2018/07/19,343203
2018/07/20,345192
2018/07/21,311300
2018/07/22,280624
2018/07/23,301512
2018/07/24,342267
2018/07/25,364120
2018/07/26,352586
2018/07/27,350278
2018/07/28,312729
2018/07/29,280525
2018/07/30,301629
2018/07/31,331148
2018/08/01,346440
2018/08/02,339964
2018/08/03,351396
2018/08/04,324464
2018/08/05,288993
2018/08/06,295445
2018/08/07,318144
2018/08/08,339032
2018/08/09,334459
2018/08/10,360645
2018/08/11,337968
2018/08/12,304876
2018/08/13,319763
2018/08/14,364156
2018/08/15,392133
2018/08/16,387751
2018/08/17,391169
2018/08/18,351139
2018/08/19,315014
2018/08/20,328764
2018/08/21,343697
2018/08/22,369141
2018/08/23,360969
2018/08/24,368913
2018/08/25,348508
2018/08/26,317461
2018/08/27,333623
2018/08/28,362905
2018/08/29,389370
2018/08/30,381223
2018/08/31,389165
2018/09/01,367342
2018/09/02,331927
2018/09/03,334516
2018/09/04,352065
2018/09/05,377377
2018/09/06,390453
2018/09/07,401272
2018/09/08,366876
2018/09/09,330100
2018/09/10,334173
2018/09/11,355183
2018/09/12,365508
2018/09/13,367874
2018/09/14,368482
2018/09/15,351910
2018/09/16,317268
2018/09/17,338076
2018/09/18,359621
2018/09/19,375594
2018/09/20,385719
2018/09/21,417800
2018/09/22,393568
2018/09/23,350797
2018/09/24,347745
2018/09/25,367290
2018/09/26,377037
2018/09/27,380046
2018/09/28,395030
2018/09/29,371112
2018/09/30,342363
2018/10/01,351926
2018/10/02,368067
2018/10/03,376594
2018/10/04,381718
2018/10/05,396974
2018/10/06,376513
2018/10/07,361365
2018/10/08,361445
2018/10/09,362213
2018/10/10,371296
2018/10/11,384875
2018/10/12,393066
2018/10/13,358171
2018/10/14,321053
2018/10/15,350006
2018/10/16,374006
2018/10/17,387865
2018/10/18,382736
2018/10/19,387266
2018/10/20,364866
2018/10/21,335095
2018/10/22,350532
2018/10/23,365651
2018/10/24,373894
2018/10/25,371834
2018/10/26,380879
2018/10/27,360523
2018/10/28,337142
2018/10/29,356395
2018/10/30,382236
2018/10/31,399996
2018/11/01,401874
2018/11/02,421424
2018/11/03,395886
2018/11/04,358329
2018/11/05,380368
2018/11/06,399646
2018/11/07,410869
2018/11/08,399193
2018/11/09,407683
2018/11/10,380103
2018/11/11,350594
2018/11/12,365240
2018/11/13,377421
2018/11/14,396181
2018/11/15,402239
2018/11/16,408228
2018/11/17,371804
2018/11/18,330951
2018/11/19,339479
2018/11/20,385665
2018/11/21,386619
2018/11/22,370767
2018/11/23,362596
2018/11/24,338764
2018/11/25,323031
2018/11/26,335765
2018/11/27,347403
2018/11/28,353755
2018/11/29,354751
2018/11/30,358460
2018/12/01,343120
2018/12/02,312483
2018/12/03,317869
2018/12/04,354285
2018/12/05,359314
2018/12/06,371100
2018/12/07,377030
2018/12/08,343943
2018/12/09,309915
2018/12/10,320675
2018/12/11,335325
2018/12/12,345343
2018/12/13,347720
2018/12/14,359579
2018/12/15,343805
2018/12/16,315298
2018/12/17,337814
2018/12/18,357757
2018/12/19,382309
2018/12/20,381805
2018/12/21,385832
2018/12/22,348684
2018/12/23,315909
2018/12/24,314298
2018/12/25,297489
2018/12/26,303370
2018/12/27,321706
2018/12/28,356377
2018/12/29,353265
2018/12/30,331083
2018/12/31,314963
2019/01/01,277367
2019/01/02,297937
2019/01/03,328147
2019/01/04,352560
2019/01/05,333164
2019/01/06,316123
2019/01/07,328826
2019/01/08,349311
2019/01/09,360288
2019/01/10,372087
2019/01/11,378618
2019/01/12,351176
2019/01/13,317024
2019/01/14,328478
2019/01/15,349032
2019/01/16,375143
2019/01/17,374827
2019/01/18,381473
2019/01/19,351426
2019/01/20,323534
2019/01/21,331600
2019/01/22,347849
2019/01/23,368524
2019/01/24,373618
2019/01/25,382206
2019/01/26,369381
2019/01/27,336310
2019/01/28,351772
2019/01/29,368693
2019/01/30,375431
2019/01/31,380656
2019/02/01,392393
2019/02/02,367999
2019/02/03,336114
2019/02/04,343309
2019/02/05,372079
2019/02/06,385908
2019/02/07,385397
2019/02/08,397110
2019/02/09,370477
2019/02/10,332410
2019/02/11,339587
2019/02/12,361885
2019/02/13,404467
2019/02/14,398005
2019/02/15,388183
2019/02/16,370211
2019/02/17,339831
2019/02/18,365881
2019/02/19,399563
2019/02/20,416940
2019/02/21,406401
2019/02/22,416207
2019/02/23,387563
2019/02/24,361279
2019/02/25,371891
2019/02/26,400679
2019/02/27,415346
2019/02/28,419165
2019/03/01,427025
2019/03/02,406975
2019/03/03,367818
2019/03/04,375903
2019/03/05,402588
2019/03/06,418969
2019/03/07,422729
2019/03/08,428069
2019/03/09,400422
2019/03/10,354142
2019/03/11,386150
2019/03/12,412476
2019/03/13,421534
2019/03/14,428950
2019/03/15,436265
2019/03/16,407053
2019/03/17,359901
2019/03/18,379689
2019/03/19,412303
2019/03/20,428239
2019/03/21,427511
2019/03/22,430534
2019/03/23,397351
2019/03/24,359079
2019/03/25,380765
2019/03/26,400608
2019/03/27,429815
2019/03/28,442079
2019/03/29,445534
2019/03/30,425559
2019/03/31,390667
2019/04/01,399530
2019/04/02,467645
2019/04/03,494506
2019/04/04,486791
2019/04/05,480287
2019/04/06,427081
2019/04/07,376396
2019/04/08,398672
2019/04/09,425942
2019/04/10,452853
2019/04/11,460166
2019/04/12,458353
2019/04/13,410775
2019/04/14,366656
2019/04/15,401083
2019/04/16,429435
2019/04/17,443612
2019/04/18,440437
2019/04/19,435897
2019/04/20,390897
2019/04/21,351361
2019/04/22,361633
2019/04/23,399945
2019/04/24,460114
2019/04/25,465722
2019/04/26,467279
2019/04/27,411028
2019/04/28,372581
2019/04/29,398159
2019/04/30,444475
2019/05/01,450768
2019/05/02,454641
2019/05/03,468908
2019/05/04,433364
2019/05/05,385628
2019/05/06,404464
2019/05/07,434954
2019/05/08,477353
2019/05/09,484964
2019/05/10,479107
2019/05/11,456392
2019/05/12,430071
2019/05/13,459668
2019/05/14,492138
2019/05/15,517240
2019/05/16,524527
2019/05/17,516129
2019/05/18,474875
2019/05/19,422132
2019/05/20,434405
2019/05/21,472413
2019/05/22,491351
2019/05/23,485556
2019/05/24,489287
2019/05/25,438225
2019/05/26,390701
2019/05/27,426141
2019/05/28,479996
2019/05/29,510603
2019/05/30,502510
2019/05/31,478665
2019/06/01,452848
2019/06/02,401552
2019/06/03,402796
2019/06/04,461418
2019/06/05,485497
2019/06/06,478306
2019/06/07,467425
2019/06/08,411379
2019/06/09,361231
2019/06/10,401205
2019/06/11,452676
2019/06/12,474019
2019/06/13,498233
2019/06/14,524774
2019/06/15,487120
2019/06/16,432801
2019/06/17,443247
2019/06/18,493597
2019/06/19,514386
2019/06/20,504387
2019/06/21,497525
2019/06/22,487057
2019/06/23,462050
2019/06/24,474884
2019/06/25,492003
2019/06/26,533731
2019/06/27,523005
2019/06/28,527984
2019/06/29,468101
2019/06/30,411389
2019/07/01,428683
2019/07/02,473188
2019/07/03,490324
2019/07/04,469710
2019/07/05,455199
2019/07/06,410287
2019/07/07,363214
2019/07/08,404907
2019/07/09,438486
2019/07/10,455468
2019/07/11,445509
2019/07/12,452026
2019/07/13,398698
2019/07/14,350009
2019/07/15,380612
2019/07/16,420991
2019/07/17,437109
2019/07/18,443252
2019/07/19,436201
2019/07/20,398613
2019/07/21,341242
2019/07/22,357976
2019/07/23,379678
2019/07/24,384970
2019/07/25,406927
2019/07/26,412356
2019/07/27,378545
2019/07/28,329767
2019/07/29,353342
2019/07/30,390860
2019/07/31,424584
2019/08/01,429245
2019/08/02,435535
2019/08/03,398538
2019/08/04,353043
2019/08/05,385093
2019/08/06,430229
2019/08/07,431425
2019/08/08,429172
2019/08/09,425104
2019/08/10,385119
2019/08/11,340471
2019/08/12,334734
2019/08/13,380909
2019/08/14,409679
2019/08/15,414366
2019/08/16,406685
2019/08/17,369031
2019/08/18,328926
2019/08/19,351647
2019/08/20,390545
2019/08/21,426462
2019/08/22,442132
2019/08/23,429820
2019/08/24,384275
2019/08/25,332783
2019/08/26,361835
2019/08/27,391565
2019/08/28,404202
2019/08/29,410497
2019/08/30,414063
2019/08/31,385293
2019/09/01,349108
2019/09/02,368283
2019/09/03,417010
2019/09/04,427814
2019/09/05,426694
2019/09/06,439079
2019/09/07,405637
2019/09/08,363891
2019/09/09,377632
2019/09/10,410433
2019/09/11,429678
2019/09/12,436851
2019/09/13,428048
2019/09/14,398202
2019/09/15,355253
2019/09/16,385609
2019/09/17,417118
2019/09/18,441101
2019/09/19,433738
2019/09/20,429816
2019/09/21,405418
2019/09/22,369008
2019/09/23,380799
2019/09/24,419805
2019/09/25,438213
2019/09/26,433522
2019/09/27,416539
2019/09/28,386637
2019/09/29,352627
2019/09/30,375452
2019/10/01,410528
2019/10/02,420150
2019/10/03,411193
2019/10/04,408390
2019/10/05,386040
2019/10/06,352127
2019/10/07,370946
2019/10/08,389694
2019/10/09,396289
2019/10/10,403204
2019/10/11,408743
2019/10/12,375162
2019/10/13,336152
2019/10/14,351475
2019/10/15,382282
2019/10/16,406391
2019/10/17,407378
2019/10/18,402850
2019/10/19,383276
2019/10/20,355583
2019/10/21,382777
2019/10/22,404127
2019/10/23,418874
2019/10/24,409005
2019/10/25,425562
2019/10/26,420202
2019/10/27,376225
2019/10/28,384151
2019/10/29,394178
2019/10/30,409418
2019/10/31,399825
2019/11/01,416080
2019/11/02,392563
2019/11/03,375167
2019/11/04,395847
2019/11/05,430067
2019/11/06,437427
2019/11/07,433428
2019/11/08,425691
2019/11/09,412247
2019/11/10,365505
2019/11/11,369036
2019/11/12,374724
2019/11/13,403018
2019/11/14,409340
2019/11/15,428904
2019/11/16,402776
2019/11/17,362654
2019/11/18,369312
2019/11/19,400803
2019/11/20,410061
2019/11/21,424481
2019/11/22,437117
2019/11/23,425382
2019/11/24,375786
2019/11/25,369535
2019/11/26,405277
2019/11/27,428688
2019/11/28,421013
2019/11/29,413948
2019/11/30,389881
2019/12/01,366657
2019/12/02,388430
2019/12/03,416841
2019/12/04,433383
2019/12/05,425855
2019/12/06,418741
2019/12/07,385124
2019/12/08,349947
2019/12/09,371880
2019/12/10,402248
2019/12/11,410940
2019/12/12,413336
2019/12/13,422096
2019/12/14,402728
2019/12/15,371102
2019/12/16,393934
2019/12/17,421149
2019/12/18,433694
2019/12/19,423202
2019/12/20,419407
2019/12/21,389386
2019/12/22,352480
2019/12/23,364871
2019/12/24,372849
2019/12/25,342948
2019/12/26,344991
2019/12/27,379220
2019/12/28,386938
2019/12/29,366849
2019/12/30,386933
2019/12/31,384914
2020/01/01,341447
2020/01/02,341853
2020/01/03,377214
2020/01/04,380919
2020/01/05,363925
2020/01/06,376675
2020/01/07,412659
2020/01/08,429855
2020/01/09,429035
2020/01/10,435562
2020/01/11,415611
2020/01/12,376580
2020/01/13,375698
2020/01/14,426725
2020/01/15,450015
2020/01/16,445574
2020/01/17,439758
2020/01/18,407920
2020/01/19,383551
2020/01/20,390807
2020/01/21,409059
2020/01/22,421350
2020/01/23,422635
2020/01/24,423667
2020/01/25,394623
2020/01/26,375576
2020/01/27,398283
2020/01/28,452906
2020/01/29,478086
2020/01/30,479913
2020/01/31,474790
2020/02/01,450385
2020/02/02,420860
2020/02/03,435632
2020/02/04,442012
2020/02/05,467965
2020/02/06,451913
2020/02/07,458413
2020/02/08,429188
2020/02/09,405946
2020/02/10,402745
2020/02/11,449588
2020/02/12,473449
2020/02/13,478906
2020/02/14,461249
2020/02/15,444187
2020/02/16,401060
2020/02/17,420483
2020/02/18,434008
2020/02/19,447000
2020/02/20,441715
2020/02/21,444968
2020/02/22,425912
2020/02/23,389714
2020/02/24,404516
2020/02/25,427094
2020/02/26,452446
2020/02/27,457350
2020/02/28,474581
2020/02/29,444307
2020/03/01,410939
2020/03/02,432918
2020/03/03,453955
2020/03/04,478133
2020/03/05,477211
2020/03/06,474851
2020/03/07,440513
2020/03/08,410533
2020/03/09,436615
2020/03/10,457859
2020/03/11,443586
2020/03/12,465991
2020/03/13,447691
2020/03/14,411127
2020/03/15,348111
2020/03/16,361670
2020/03/17,381892
2020/03/18,374586
2020/03/19,377087
2020/03/20,397448
2020/03/21,378738
2020/03/22,335521
2020/03/23,348825
2020/03/24,375888
2020/03/25,368290
2020/03/26,384338
2020/03/27,393183
2020/03/28,375868
2020/03/29,341724
2020/03/30,364426
2020/03/31,391743
2020/04/01,410278
2020/04/02,423747
2020/04/03,419499
2020/04/04,386673
2020/04/05,353537
2020/04/06,376620
2020/04/07,414531
2020/04/08,422915
2020/04/09,416707
2020/04/10,414634
2020/04/11,388287
2020/04/12,357596
2020/04/13,382733
2020/04/14,423965
2020/04/15,458388
2020/04/16,476137
2020/04/17,462582
2020/04/18,441814
2020/04/19,397738
2020/04/20,425316
2020/04/21,449154
2020/04/22,452775
2020/04/23,478419
2020/04/24,488865
2020/04/25,461010
2020/04/26,413235
2020/04/27,442373
2020/04/28,477171
2020/04/29,511031
2020/04/30,520142
2020/05/01,521765
2020/05/02,479289
2020/05/03,441384
2020/05/04,462448
2020/05/05,486686
2020/05/06,504169
2020/05/07,517020
2020/05/08,511390
2020/05/09,487729
2020/05/10,448882
2020/05/11,457420
2020/05/12,485998
2020/05/13,477056
2020/05/14,450619
2020/05/15,455751
2020/05/16,443993
2020/05/17,401877
2020/05/18,407357
2020/05/19,421637
2020/05/20,440455
2020/05/21,457223
2020/05/22,449691
2020/05/23,432609
2020/05/24,383100
2020/05/25,398610
2020/05/26,441145
2020/05/27,470725
2020/05/28,484124
2020/05/29,478496
2020/05/30,460489
2020/05/31,422019
2020/06/01,449444
2020/06/02,478658
2020/06/03,500020
2020/06/04,498118
2020/06/05,503715
2020/06/06,472106
2020/06/07,424514
2020/06/08,449667
2020/06/09,487854
2020/06/10,514496
2020/06/11,526586
2020/06/12,517727
2020/06/13,470696
2020/06/14,425328
2020/06/15,444850
2020/06/16,495956
2020/06/17,524653
2020/06/18,496852
2020/06/19,515881
2020/06/20,481052
2020/06/21,429757
2020/06/22,444887
2020/06/23,506160
2020/06/24,517746
2020/06/25,513376
2020/06/26,512590
2020/06/27,477686
2020/06/28,436544
2020/06/29,461781
2020/06/30,488164
2020/07/01,555537
2020/07/02,556581
2020/07/03,547100
2020/07/04,491385
2020/07/05,441873
2020/07/06,480868
2020/07/07,531577
2020/07/08,562310
2020/07/09,568733
2020/07/10,559284
2020/07/11,515562
2020/07/12,456927
2020/07/13,465837
2020/07/14,522091
2020/07/15,540801
2020/07/16,553049
2020/07/17,526272
2020/07/18,507479
2020/07/19,462342
2020/07/20,481886
2020/07/21,509022
2020/07/22,564236
2020/07/23,569544
2020/07/24,581333
2020/07/25,532120
2020/07/26,494056
2020/07/27,507787
2020/07/28,551906
2020/07/29,569639
2020/07/30,563506
2020/07/31,571442
2020/08/01,539028
2020/08/02,505539
2020/08/03,524780
2020/08/04,546037
2020/08/05,544523
2020/08/06,577279
2020/08/07,572468
2020/08/08,526747
2020/08/09,470751
2020/08/10,499856
2020/08/11,551659
2020/08/12,577262
2020/08/13,562605
2020/08/14,573706
2020/08/15,551865
2020/08/16,500204
2020/08/17,495627
2020/08/18,533087
2020/08/19,551875
2020/08/20,556987
2020/08/21,544964
2020/08/22,524467
2020/08/23,481046
2020/08/24,501932
2020/08/25,525008
2020/08/26,546515
2020/08/27,550481
2020/08/28,558690
2020/08/29,523445
2020/08/30,472529
2020/08/31,488838
2020/09/01,567385
2020/09/02,587409
2020/09/03,576428
2020/09/04,557159
2020/09/05,549543
2020/09/06,493218
2020/09/07,504945
2020/09/08,533552
2020/09/09,554792
2020/09/10,580193
2020/09/11,569116
2020/09/12,527353
2020/09/13,469435
2020/09/14,513824
2020/09/15,553942
2020/09/16,586780
2020/09/17,590081
2020/09/18,569359
2020/09/19,525549
2020/09/20,467899
2020/09/21,483841
2020/09/22,519290
2020/09/23,560164
2020/09/24,560854
2020/09/25,573693
2020/09/26,519983
2020/09/27,464923
2020/09/28,471899
2020/09/29,540235
2020/09/30,587267
2020/10/01,577642
2020/10/02,557997
2020/10/03,523259
2020/10/04,472985
2020/10/05,479643
2020/10/06,518706
2020/10/07,576049
2020/10/08,574461
2020/10/09,568030
2020/10/10,523163
2020/10/11,463676
2020/10/12,475646
2020/10/13,519036
2020/10/14,535587
2020/10/15,556139
2020/10/16,554575
2020/10/17,501328
2020/10/18,433663
2020/10/19,461642
2020/10/20,507264
2020/10/21,523924
2020/10/22,544130
2020/10/23,538166
2020/10/24,504291
2020/10/25,433641
2020/10/26,401855
2020/10/27,398368
2020/10/28,413020
2020/10/29,442046
2020/10/30,460908
2020/10/31,456592
2020/11/01,442002
2020/11/02,424830
2020/11/03,494016
2020/11/04,535034
2020/11/05,560534
2020/11/06,570066
2020/11/07,519686
2020/11/08,462460
2020/11/09,492538
2020/11/10,520517
2020/11/11,547044
2020/11/12,552244
2020/11/13,542398
2020/11/14,506872
2020/11/15,462512
2020/11/16,490061
2020/11/17,547968
2020/11/18,597597
2020/11/19,581532
2020/11/20,574878
2020/11/21,527464
2020/11/22,479574
2020/11/23,487005
2020/11/24,534931
2020/11/25,588506
2020/11/26,576578
2020/11/27,557216
2020/11/28,510683
2020/11/29,461932
2020/11/30,455354
2020/12/01,548577
2020/12/02,583370
2020/12/03,596282
2020/12/04,571770
2020/12/05,524659
2020/12/06,466706
2020/12/07,479155
2020/12/08,522781
2020/12/09,555738
2020/12/10,557018
2020/12/11,549606
2020/12/12,516949
2020/12/13,476920
2020/12/14,494208
2020/12/15,522116
2020/12/16,545063
2020/12/17,551327
2020/12/18,593623
2020/12/19,569462
2020/12/20,506234
2020/12/21,477830
2020/12/22,514903
2020/12/23,556121
2020/12/24,522492
2020/12/25,495440
2020/12/26,469081
2020/12/27,490400
2020/12/28,517235
2020/12/29,555814
2020/12/30,584266
2020/12/31,602540
2021/01/01,527419
2021/01/02,507803
2021/01/03,534117
2021/01/04,581648
2021/01/05,600459
2021/01/06,625687
2021/01/07,633466
2021/01/08,618721
2021/01/09,569331
2021/01/10,541004
2021/01/11,547218
2021/01/12,558348
2021/01/13,556854
2021/01/14,557868
2021/01/15,566013
2021/01/16,537655
2021/01/17,481133
2021/01/18,485302
2021/01/19,520480
2021/01/20,550584
2021/01/21,551506
2021/01/22,560201
2021/01/23,546623
2021/01/24,497872
2021/01/25,514697
2021/01/26,540018
2021/01/27,564110
2021/01/28,559865
2021/01/29,602108
2021/01/30,571492
2021/01/31,520790
2021/02/01,503802
2021/02/02,565589
2021/02/03,593769
2021/02/04,630372
2021/02/05,623581
2021/02/06,587515
2021/02/07,526356
2021/02/08,536250
2021/02/09,581196
2021/02/10,601040
2021/02/11,575597
2021/02/12,578598
2021/02/13,554485
2021/02/14,498808
2021/02/15,490562
2021/02/16,492473
2021/02/17,523760
2021/02/18,536679
2021/02/19,569189
2021/02/20,560570
2021/02/21,503344
2021/02/22,490684
2021/02/23,508975
2021/02/24,553738
2021/02/25,563022
2021/02/26,558020
2021/02/27,524845
2021/02/28,455471
2021/03/01,473804
2021/03/02,526602
2021/03/03,575368
2021/03/04,560952
2021/03/05,560081
2021/03/06,507778
2021/03/07,469117
2021/03/08,476955
2021/03/09,510419
2021/03/10,553336
2021/03/11,551498
2021/03/12,557748
2021/03/13,524920
2021/03/14,500367
2021/03/15,515376
2021/03/16,546515
2021/03/17,564508
2021/03/18,590647
2021/03/19,591888
2021/03/20,543924
2021/03/21,467000
2021/03/22,492374
2021/03/23,532086
2021/03/24,554825
2021/03/25,578437
2021/03/26,570736
2021/03/27,531766
2021/03/28,465935
2021/03/29,488172
2021/03/30,535246
2021/03/31,584523
2021/04/01,579024
2021/04/02,567476
2021/04/03,519825
2021/04/04,459984
2021/04/05,481725
2021/04/06,530696
2021/04/07,574294
2021/04/08,559252
2021/04/09,575931
2021/04/10,541188
2021/04/11,484046
2021/04/12,483520
2021/04/13,499173
2021/04/14,516148
2021/04/15,536196
2021/04/16,481952
2021/04/17,409714
2021/04/18,412767
2021/04/19,422433
2021/04/20,485801
2021/04/21,483852
2021/04/22,498646
2021/04/23,508850
2021/04/24,484795
2021/04/25,430353
2021/04/26,442318
2021/04/27,493955
2021/04/28,519602
2021/04/29,519186
2021/04/30,525377
2021/05/01,505434
2021/05/02,456705
2021/05/03,480239
2021/05/04,525352
2021/05/05,574664
2021/05/06,606574
2021/05/07,607586
2021/05/08,574099
2021/05/09,521072
2021/05/10,543651
2021/05/11,578427
2021/05/12,587039
2021/05/13,578190
2021/05/14,556075
2021/05/15,497627
2021/05/16,437565
2021/05/17,434142
2021/05/18,426815
2021/05/19,467552
2021/05/20,482396
2021/05/21,492591
2021/05/22,453089
2021/05/23,405778
2021/05/24,419992
2021/05/25,444997
2021/05/26,464155
2021/05/27,455456
2021/05/28,457725
2021/05/29,426112
2021/05/30,382618
2021/05/31,400985
2021/06/01,434606
2021/06/02,470134
2021/06/03,494566
2021/06/04,482629
2021/06/05,432214
2021/06/06,373660
2021/06/07,396276
2021/06/08,438539
2021/06/09,442177
2021/06/10,474800
2021/06/11,462889
2021/06/12,436113
2021/06/13,374825
2021/06/14,392043
2021/06/15,419519
2021/06/16,440290
2021/06/17,429430
2021/06/18,409182
2021/06/19,368908
2021/06/20,332227
2021/06/21,351260
2021/06/22,372560
2021/06/23,402682
2021/06/24,410197
2021/06/25,403220
2021/06/26,361505
2021/06/27,301297
2021/06/28,352029
2021/06/29,390270
2021/06/30,416379
2021/07/01,438359
2021/07/02,419618
2021/07/03,413874
2021/07/04,367393
2021/07/05,375854
2021/07/06,400064
2021/07/07,420180
2021/07/08,427936
2021/07/09,429309
2021/07/10,394784
2021/07/11,349714
2021/07/12,372583
2021/07/13,394104
2021/07/14,415773
2021/07/15,423155
2021/07/16,420428
2021/07/17,379438
2021/07/18,335842
2021/07/19,365692
2021/07/20,401719
2021/07/21,423954
2021/07/22,426275
2021/07/23,431845
2021/07/24,402779
2021/07/25,357860
2021/07/26,403661
2021/07/27,433723
2021/07/28,451385
2021/07/29,453547
2021/07/30,462788
2021/07/31,425936
2021/08/01,376506
2021/08/02,391648
2021/08/03,419656
2021/08/04,435377
2021/08/05,442232
2021/08/06,456089
2021/08/07,421085
2021/08/08,377544
2021/08/09,402533
2021/08/10,437158
2021/08/11,461593
2021/08/12,459051
2021/08/13,467550
2021/08/14,425265
2021/08/15,376474
2021/08/16,406308
2021/08/17,438516
2021/08/18,453162
2021/08/19,453022
2021/08/20,474961
2021/08/21,438417
2021/08/22,382241
2021/08/23,411003
2021/08/24,443172
2021/08/25,462626
2021/08/26,460115
2021/08/27,460843
2021/08/28,430045
2021/08/29,382687
2021/08/30,402286
2021/08/31,452071
2021/09/01,496441
2021/09/02,520446
2021/09/03,518051
2021/09/04,472072
2021/09/05,412894
2021/09/06,424465
2021/09/07,462814
2021/09/08,483087
2021/09/09,502563
2021/09/10,494905
2021/09/11,451470
2021/09/12,395738
2021/09/13,417109
2021/09/14,458664
2021/09/15,490563
2021/09/16,502287
2021/09/17,502051
2021/09/18,463132
2021/09/19,410508
2021/09/20,435250
2021/09/21,447688
2021/09/22,471741
2021/09/23,481364
2021/09/24,507347
2021/09/25,464851
2021/09/26,415777
2021/09/27,430544
2021/09/28,463325
2021/09/29,471274
2021/09/30,508180
2021/10/01,532281
2021/10/02,513995
2021/10/03,462262
2021/10/04,472118
2021/10/05,520137
2021/10/06,526774
2021/10/07,566867
2021/10/08,557002
2021/10/09,518346
2021/10/10,451210
2021/10/11,473356
2021/10/12,498527
2021/10/13,518084
2021/10/14,527650
2021/10/15,553512
2021/10/16,538944
2021/10/17,481715
2021/10/18,497359
2021/10/19,535391
2021/10/20,551708
2021/10/21,564282
2021/10/22,549679
2021/10/23,502019
2021/10/24,451714
2021/10/25,484651
2021/10/26,523304
2021/10/27,545278
2021/10/28,561304
2021/10/29,578039
2021/10/30,551712
2021/10/31,486807
2021/11/01,507928
2021/11/02,533589
2021/11/03,554930
2021/11/04,556918
2021/11/05,558457
2021/11/06,517305
2021/11/07,468592
2021/11/08,489789
2021/11/09,545965
2021/11/10,565036
2021/11/11,558070
2021/11/12,542600
2021/11/13,507214
2021/11/14,463460
2021/11/15,488151
2021/11/16,526698
2021/11/17,541242
2021/11/18,547313
2021/11/19,545813
2021/11/20,513740
2021/11/21,467572
2021/11/22,463290
2021/11/23,480325
2021/11/24,505058
2021/11/25,524259
2021/11/26,536356
2021/11/27,495558
2021/11/28,445190
2021/11/29,481287
2021/11/30,528136
2021/12/01,545999
2021/12/02,552024
2021/12/03,552888
2021/12/04,534430
2021/12/05,472925
2021/12/06,483212
2021/12/07,508942
2021/12/08,499320
2021/12/09,478634
2021/12/10,460047
2021/12/11,397661
2021/12/12,331002
2021/12/13,301460
