Date,sentinusd7trxUSD
2010/07/17,0
2010/07/18,0
2010/07/19,0
2010/07/20,0
2010/07/21,0
2010/07/22,0
2010/07/23,0
2010/07/24,0
2010/07/25,0
2010/07/26,0
2010/07/27,0
2010/07/28,0
2010/07/29,0
2010/07/30,0
2010/07/31,0
2010/08/01,0
2010/08/02,0
2010/08/03,0
2010/08/04,0
2010/08/05,4.938
2010/08/06,1.9
2010/08/07,-0.449
2010/08/08,-2.637
2010/08/09,-2.377
2010/08/10,-2.33
2010/08/11,-1.787
2010/08/12,-2.287
2010/08/13,-2.54
2010/08/14,-3.279
2010/08/15,-4.096
2010/08/16,-2.963
2010/08/17,-1.554
2010/08/18,-0.692
2010/08/19,-0.938
2010/08/20,-1.262
2010/08/21,-1.188
2010/08/22,-1.696
2010/08/23,-2.484
2010/08/24,-3.14
2010/08/25,-3.848
2010/08/26,-4.557
2010/08/27,-4.468
2010/08/28,-4.543
2010/08/29,-5.07
2010/08/30,-5.441
2010/08/31,-4.215
2010/09/01,-2.904
2010/09/02,-1.337
2010/09/03,-0.209
2010/09/04,0.576
2010/09/05,7.597
2010/09/06,11.431
2010/09/07,9.662
2010/09/08,6.452
2010/09/09,4.079
2010/09/10,1.527
2010/09/11,-0.862
2010/09/12,-2.536
2010/09/13,0.514
2010/09/14,1.459
2010/09/15,1.695
2010/09/16,1.367
2010/09/17,2.397
2010/09/18,2.513
2010/09/19,2.542
2010/09/20,2.132
2010/09/21,1.09
2010/09/22,0.564
2010/09/23,3.296
2010/09/24,2.926
2010/09/25,1.75
2010/09/26,0.188
2010/09/27,-0.931
2010/09/28,-0.081
2010/09/29,1.895
2010/09/30,2.199
2010/10/01,2.28
2010/10/02,11.837
2010/10/03,13.113
2010/10/04,22.922
2010/10/05,21.97
2010/10/06,16.82
2010/10/07,12.068
2010/10/08,9.072
2010/10/09,7.896
2010/10/10,6.408
2010/10/11,3.996
2010/10/12,2.024
2010/10/13,1.103
2010/10/14,1.805
2010/10/15,2.49
2010/10/16,3.708
2010/10/17,3.541
2010/10/18,4.366
2010/10/19,5.778
2010/10/20,6.144
2010/10/21,5.813
2010/10/22,4.585
2010/10/23,2.256
2010/10/24,0.626
2010/10/25,0.008
2010/10/26,0.818
2010/10/27,2.936
2010/10/28,5.028
2010/10/29,4.848
2010/10/30,3.377
2010/10/31,1.773
2010/11/01,-0.012
2010/11/02,-1.285
2010/11/03,-2.253
2010/11/04,-0.947
2010/11/05,-0.91
2010/11/06,1.396
2010/11/07,3.789
2010/11/08,15.08
2010/11/09,14.595
2010/11/10,10.587
2010/11/11,6.248
2010/11/12,2.541
2010/11/13,-0.268
2010/11/14,-2.42
2010/11/15,-0.62
2010/11/16,0.129
2010/11/17,-0.355
2010/11/18,-1.255
2010/11/19,-2.18
2010/11/20,-1.249
2010/11/21,-0.174
2010/11/22,-0.733
2010/11/23,-1.712
2010/11/24,-2.794
2010/11/25,-3.565
2010/11/26,-3.376
2010/11/27,-3.913
2010/11/28,-4.72
2010/11/29,-5.389
2010/11/30,-5.561
2010/12/01,-5.496
2010/12/02,-5.025
2010/12/03,-5.051
2010/12/04,-4.519
2010/12/05,-4.764
2010/12/06,-3.642
2010/12/07,-2.145
2010/12/08,-1.92
2010/12/09,-2.073
2010/12/10,-2.777
2010/12/11,-2.216
2010/12/12,-1.955
2010/12/13,1.76
2010/12/14,4.822
2010/12/15,6.738
2010/12/16,6.86
2010/12/17,5.641
2010/12/18,4.595
2010/12/19,4.049
2010/12/20,3.449
2010/12/21,3.245
2010/12/22,2.748
2010/12/23,1.792
2010/12/24,0.75
2010/12/25,0.847
2010/12/26,0.596
2010/12/27,0.567
2010/12/28,0.091
2010/12/29,0.754
2010/12/30,0.807
2010/12/31,0.49
2011/01/01,-0.046
2011/01/02,-0.781
2011/01/03,-1.033
2011/01/04,-1.629
2011/01/05,-2.072
2011/01/06,-2.764
2011/01/07,-2.809
2011/01/08,-2.411
2011/01/09,-2.369
2011/01/10,-1.2
2011/01/11,0.996
2011/01/12,1.883
2011/01/13,3.699
2011/01/14,4.775
2011/01/15,4.569
2011/01/16,4.086
2011/01/17,3.22
2011/01/18,3.265
2011/01/19,2.46
2011/01/20,1.413
2011/01/21,0.847
2011/01/22,0.883
2011/01/23,1.52
2011/01/24,1.882
2011/01/25,1.59
2011/01/26,1.346
2011/01/27,25.907
2011/01/28,25.009
2011/01/29,17.981
2011/01/30,16.551
2011/01/31,13.582
2011/02/01,10.196
2011/02/02,7.412
2011/02/03,4.518
2011/02/04,1.945
2011/02/05,0.278
2011/02/06,-0.614
2011/02/07,0.294
2011/02/08,0.265
2011/02/09,1.163
2011/02/10,4.161
2011/02/11,7.877
2011/02/12,8.513
2011/02/13,7.284
2011/02/14,6
2011/02/15,4.262
2011/02/16,2.187
2011/02/17,0.75
2011/02/18,-0.014
2011/02/19,0.189
2011/02/20,1.229
2011/02/21,2.371
2011/02/22,4.575
2011/02/23,6.98
2011/02/24,7.371
2011/02/25,6.304
2011/02/26,4.745
2011/02/27,3.442
2011/02/28,1.801
2011/03/01,7.565
2011/03/02,25.578
2011/03/03,23.262
2011/03/04,16.828
2011/03/05,10.392
2011/03/06,5.538
2011/03/07,2.036
2011/03/08,-0.571
2011/03/09,-2.316
2011/03/10,-3.097
2011/03/11,-3.67
2011/03/12,-4.381
2011/03/13,-4.856
2011/03/14,-5.116
2011/03/15,-5.585
2011/03/16,-5.943
2011/03/17,-6.156
2011/03/18,-6.176
2011/03/19,-6.361
2011/03/20,-6.485
2011/03/21,-6.439
2011/03/22,-5.902
2011/03/23,-4.675
2011/03/24,-3.144
2011/03/25,-1.307
2011/03/26,0.656
2011/03/27,0.893
2011/03/28,0.262
2011/03/29,-0.826
2011/03/30,-1.863
2011/03/31,-2.621
2011/04/01,-3.577
2011/04/02,-4.361
2011/04/03,-5.051
2011/04/04,-5.147
2011/04/05,-5.117
2011/04/06,-5.215
2011/04/07,-5.098
2011/04/08,-4.644
2011/04/09,-3.897
2011/04/10,-3.647
2011/04/11,-3.597
2011/04/12,-2.868
2011/04/13,-1.142
2011/04/14,0.518
2011/04/15,1.193
2011/04/16,5.273
2011/04/17,25.518
2011/04/18,24.261
2011/04/19,46.231
2011/04/20,69.316
2011/04/21,44.359
2011/04/22,25.924
2011/04/23,14.75
2011/04/24,7.464
2011/04/25,2.455
2011/04/26,-0.878
2011/04/27,-2.921
2011/04/28,-4.447
2011/04/29,-2.463
2011/04/30,-0.28
2011/05/01,0.16
2011/05/02,-0.526
2011/05/03,-1.112
2011/05/04,-0.9
2011/05/05,-1.19
2011/05/06,-0.819
2011/05/07,-0.534
2011/05/08,2.088
2011/05/09,2.395
2011/05/10,5.781
2011/05/11,6.223
2011/05/12,5.769
2011/05/13,8.297
2011/05/14,26.364
2011/05/15,24.85
2011/05/16,18.548
2011/05/17,12.452
2011/05/18,7.482
2011/05/19,3.709
2011/05/20,1.489
2011/05/21,1.244
2011/05/22,2.861
2011/05/23,3.357
2011/05/24,2.912
2011/05/25,2.398
2011/05/26,2.175
2011/05/27,2.652
2011/05/28,1.828
2011/05/29,0.785
2011/05/30,-0.14
2011/05/31,-0.81
2011/06/01,-1.252
2011/06/02,-0.948
2011/06/03,1.785
2011/06/04,5.133
2011/06/05,8.753
2011/06/06,13.351
2011/06/07,14.791
2011/06/08,17.781
2011/06/09,19.65
2011/06/10,19.931
2011/06/11,19.57
2011/06/12,18.544
2011/06/13,15.955
2011/06/14,13.932
2011/06/15,17.857
2011/06/16,28.195
2011/06/17,23.156
2011/06/18,15.923
2011/06/19,12.987
2011/06/20,8.88
2011/06/21,6.645
2011/06/22,3.973
2011/06/23,1.779
2011/06/24,2.054
2011/06/25,6.836
2011/06/26,8.06
2011/06/27,6.348
2011/06/28,6.432
2011/06/29,5.015
2011/06/30,2.702
2011/07/01,0.252
2011/07/02,-2.011
2011/07/03,-4.039
2011/07/04,-5.448
2011/07/05,-6.821
2011/07/06,-7.975
2011/07/07,-8.945
2011/07/08,-9.817
2011/07/09,-9.53
2011/07/10,-8.218
2011/07/11,-7.335
2011/07/12,-6.706
2011/07/13,-5.948
2011/07/14,-4.717
2011/07/15,-4.502
2011/07/16,-4.201
2011/07/17,-4.513
2011/07/18,-2.415
2011/07/19,0.127
2011/07/20,0.197
2011/07/21,-0.017
2011/07/22,-0.098
2011/07/23,-1.066
2011/07/24,-2.322
2011/07/25,-2.564
2011/07/26,-2.566
2011/07/27,-2.329
2011/07/28,0.403
2011/07/29,0.716
2011/07/30,-0.472
2011/07/31,-1.807
2011/08/01,-3.088
2011/08/02,-4.362
2011/08/03,-5.537
2011/08/04,-6.638
2011/08/05,-7.393
2011/08/06,-8.086
2011/08/07,-8.715
2011/08/08,-8.507
2011/08/09,-5.746
2011/08/10,-3.376
2011/08/11,-2.574
2011/08/12,-2.873
2011/08/13,-3.66
2011/08/14,-4.26
2011/08/15,-4.861
2011/08/16,-5.302
2011/08/17,-5.663
2011/08/18,-5.725
2011/08/19,-5.149
2011/08/20,-5.114
2011/08/21,-5.278
2011/08/22,-5.408
2011/08/23,-4.965
2011/08/24,-3.835
2011/08/25,-3.141
2011/08/26,-3.144
2011/08/27,3.172
2011/08/28,4.169
2011/08/29,2.91
2011/08/30,0.998
2011/08/31,-0.836
2011/09/01,-2.252
2011/09/02,-3.468
2011/09/03,-4.502
2011/09/04,-1.196
2011/09/05,4.835
2011/09/06,11.978
2011/09/07,11.489
2011/09/08,8.108
2011/09/09,4.452
2011/09/10,1.094
2011/09/11,-0.773
2011/09/12,-2.173
2011/09/13,-3.563
2011/09/14,-4.866
2011/09/15,-6.018
2011/09/16,-6.514
2011/09/17,-7.02
2011/09/18,-7.514
2011/09/19,-7.826
2011/09/20,-7.872
2011/09/21,-7.602
2011/09/22,-7.368
2011/09/23,-7.039
2011/09/24,-6.931
2011/09/25,-6.74
2011/09/26,-6.542
2011/09/27,-5.913
2011/09/28,-5.292
2011/09/29,-4.777
2011/09/30,-4.432
2011/10/01,-3.657
2011/10/02,-3.111
2011/10/03,-2.368
2011/10/04,-1.563
2011/10/05,-0.904
2011/10/06,0.072
2011/10/07,0.325
2011/10/08,-0.226
2011/10/09,-0.982
2011/10/10,-1.65
2011/10/11,-2.139
2011/10/12,-2.492
2011/10/13,-2.752
2011/10/14,-3.036
2011/10/15,-2.897
2011/10/16,-3.053
2011/10/17,-2.767
2011/10/18,-2.931
2011/10/19,-3.392
2011/10/20,-3.944
2011/10/21,-3.625
2011/10/22,-2.592
2011/10/23,-1.133
2011/10/24,-0.597
2011/10/25,-0.6
2011/10/26,-0.598
2011/10/27,-0.216
2011/10/28,0.187
2011/10/29,0.617
2011/10/30,0.023
2011/10/31,-0.229
2011/11/01,0.277
2011/11/02,0.491
2011/11/03,0.332
2011/11/04,0.181
2011/11/05,-0.405
2011/11/06,-1.338
2011/11/07,-2.12
2011/11/08,0.633
2011/11/09,3.907
2011/11/10,4.22
2011/11/11,3.093
2011/11/12,1.491
2011/11/13,-0.119
2011/11/14,-1.295
2011/11/15,-2.252
2011/11/16,1.925
2011/11/17,10.908
2011/11/18,21.572
2011/11/19,24.846
2011/11/20,19.884
2011/11/21,14.545
2011/11/22,12.495
2011/11/23,9.313
2011/11/24,6.364
2011/11/25,3.616
2011/11/26,1.834
2011/11/27,0.841
2011/11/28,2.335
2011/11/29,4.622
2011/11/30,9.368
2011/12/01,9.505
2011/12/02,10.837
2011/12/03,10.085
2011/12/04,8.16
2011/12/05,6.181
2011/12/06,6.859
2011/12/07,7.396
2011/12/08,6.994
2011/12/09,4.942
2011/12/10,2.271
2011/12/11,-0.303
2011/12/12,-2.549
2011/12/13,-4.588
2011/12/14,-6.334
2011/12/15,-7.732
2011/12/16,-8.813
2011/12/17,-9.715
2011/12/18,-10.466
2011/12/19,-10.924
2011/12/20,-11.037
2011/12/21,-10.777
2011/12/22,-10.436
2011/12/23,-10.261
2011/12/24,-10.087
2011/12/25,-9.89
2011/12/26,-8.729
2011/12/27,-7.064
2011/12/28,-6.235
2011/12/29,-5.214
2011/12/30,-4.837
2011/12/31,-4.815
2012/01/01,-4.522
2012/01/02,-4.356
2012/01/03,-4.274
2012/01/04,-3.48
2012/01/05,-0.347
2012/01/06,2.767
2012/01/07,3.43
2012/01/08,3.307
2012/01/09,3.243
2012/01/10,2.801
2012/01/11,2.34
2012/01/12,1.745
2012/01/13,1.432
2012/01/14,0.963
2012/01/15,0.24
2012/01/16,0.249
2012/01/17,0.337
2012/01/18,0.12
2012/01/19,-0.044
2012/01/20,-0.264
2012/01/21,-0.864
2012/01/22,-1.656
2012/01/23,-2.279
2012/01/24,-2.237
2012/01/25,-1.732
2012/01/26,-1.149
2012/01/27,-0.927
2012/01/28,-1.363
2012/01/29,-1.595
2012/01/30,-1.814
2012/01/31,-1.91
2012/02/01,-1.257
2012/02/02,-0.593
2012/02/03,-0.019
2012/02/04,0.311
2012/02/05,0.434
2012/02/06,0.23
2012/02/07,-0.107
2012/02/08,-0.549
2012/02/09,-1.128
2012/02/10,-1.297
2012/02/11,-0.553
2012/02/12,-0.306
2012/02/13,0.203
2012/02/14,4.938
2012/02/15,9.566
2012/02/16,13.284
2012/02/17,12.973
2012/02/18,10.403
2012/02/19,6.817
2012/02/20,3.728
2012/02/21,1.174
2012/02/22,0.094
2012/02/23,-0.355
2012/02/24,-0.67
2012/02/25,-1.358
2012/02/26,-2.303
2012/02/27,-3.094
2012/02/28,-3.709
2012/02/29,-4.25
2012/03/01,-3.581
2012/03/02,-2.72
2012/03/03,-2.422
2012/03/04,-1.479
2012/03/05,-1.292
2012/03/06,-1.523
2012/03/07,-1.846
2012/03/08,-1.611
2012/03/09,-0.927
2012/03/10,-0.864
2012/03/11,-1.011
2012/03/12,-0.575
2012/03/13,-0.091
2012/03/14,0.698
2012/03/15,1.09
2012/03/16,1.315
2012/03/17,1.239
2012/03/18,0.656
2012/03/19,0.189
2012/03/20,-0.073
2012/03/21,-0.165
2012/03/22,0.664
2012/03/23,2.25
2012/03/24,3.477
2012/03/25,2.926
2012/03/26,2.148
2012/03/27,1.535
2012/03/28,1.466
2012/03/29,3.133
2012/03/30,4.455
2012/03/31,4.96
2012/04/01,4.249
2012/04/02,3.407
2012/04/03,2.951
2012/04/04,2.425
2012/04/05,2.392
2012/04/06,1.679
2012/04/07,0.226
2012/04/08,0.731
2012/04/09,2.868
2012/04/10,3.386
2012/04/11,4.563
2012/04/12,5.182
2012/04/13,4.484
2012/04/14,3.669
2012/04/15,3.427
2012/04/16,3.953
2012/04/17,3.747
2012/04/18,3.097
2012/04/19,1.809
2012/04/20,4.083
2012/04/21,4.585
2012/04/22,3.779
2012/04/23,2.311
2012/04/24,0.767
2012/04/25,-0.2
2012/04/26,0.374
2012/04/27,0.951
2012/04/28,0.604
2012/04/29,0.025
2012/04/30,-0.422
2012/05/01,-0.745
2012/05/02,-0.94
2012/05/03,-0.846
2012/05/04,-0.748
2012/05/05,-0.55
2012/05/06,-1.1
2012/05/07,0.286
2012/05/08,4.694
2012/05/09,7.076
2012/05/10,6.44
2012/05/11,5.174
2012/05/12,5.711
2012/05/13,4.823
2012/05/14,4.343
2012/05/15,5.423
2012/05/16,6.418
2012/05/17,6.995
2012/05/18,5.83
2012/05/19,3.719
2012/05/20,2.207
2012/05/21,2.441
2012/05/22,3.434
2012/05/23,2.891
2012/05/24,1.359
2012/05/25,0.555
2012/05/26,1.719
2012/05/27,1.624
2012/05/28,1.092
2012/05/29,1.114
2012/05/30,0.847
2012/05/31,1.995
2012/06/01,2.374
2012/06/02,1.742
2012/06/03,0.635
2012/06/04,1.246
2012/06/05,2.418
2012/06/06,2.38
2012/06/07,3.23
2012/06/08,4.587
2012/06/09,3.467
2012/06/10,2.594
2012/06/11,1.798
2012/06/12,0.929
2012/06/13,0.121
2012/06/14,0.776
2012/06/15,1.264
2012/06/16,1.891
2012/06/17,1.016
2012/06/18,0.26
2012/06/19,-0.521
2012/06/20,-1.399
2012/06/21,-2.559
2012/06/22,-2.952
2012/06/23,-2.489
2012/06/24,-2.355
2012/06/25,-2.422
2012/06/26,-2.599
2012/06/27,-2.57
2012/06/28,-1.362
2012/06/29,-0.435
2012/06/30,-0.574
2012/07/01,-1.176
2012/07/02,-2.016
2012/07/03,-2.639
2012/07/04,-2.452
2012/07/05,-2.055
2012/07/06,-2.08
2012/07/07,-0.001
2012/07/08,-0.029
2012/07/09,0.152
2012/07/10,0.477
2012/07/11,-0.061
2012/07/12,-0.664
2012/07/13,-0.151
2012/07/14,0.761
2012/07/15,0.644
2012/07/16,0.934
2012/07/17,1.889
2012/07/18,2.014
2012/07/19,1.342
2012/07/20,0.848
2012/07/21,1.222
2012/07/22,1.185
2012/07/23,1.37
2012/07/24,1.218
2012/07/25,0.291
2012/07/26,0.402
2012/07/27,0.822
2012/07/28,0.876
2012/07/29,0.161
2012/07/30,-0.895
2012/07/31,0.065
2012/08/01,1.078
2012/08/02,1.548
2012/08/03,1.423
2012/08/04,1.036
2012/08/05,1.22
2012/08/06,1.585
2012/08/07,1.929
2012/08/08,1.852
2012/08/09,1.372
2012/08/10,1.064
2012/08/11,0.763
2012/08/12,0.553
2012/08/13,0.727
2012/08/14,0.681
2012/08/15,0.903
2012/08/16,1.626
2012/08/17,2.982
2012/08/18,3.514
2012/08/19,6.231
2012/08/20,11.117
2012/08/21,12.59
2012/08/22,13.473
2012/08/23,13.35
2012/08/24,14.347
2012/08/25,11.878
2012/08/26,8.423
2012/08/27,6.442
2012/08/28,5.391
2012/08/29,7.377
2012/08/30,8.658
2012/08/31,8.302
2012/09/01,7.145
2012/09/02,5.204
2012/09/03,2.834
2012/09/04,1.293
2012/09/05,0.926
2012/09/06,4.006
2012/09/07,6.94
2012/09/08,6.658
2012/09/09,4.499
2012/09/10,4.807
2012/09/11,6.075
2012/09/12,5.675
2012/09/13,6.519
2012/09/14,6.795
2012/09/15,5.067
2012/09/16,3.918
2012/09/17,2.995
2012/09/18,2.284
2012/09/19,4.222
2012/09/20,4.687
2012/09/21,5.613
2012/09/22,5.06
2012/09/23,3.234
2012/09/24,1.269
2012/09/25,-1.109
2012/09/26,-3.344
2012/09/27,-5.31
2012/09/28,-6.828
2012/09/29,-8.144
2012/09/30,-9.235
2012/10/01,-10.087
2012/10/02,-10.663
2012/10/03,-11.14
2012/10/04,-11.518
2012/10/05,-11.433
2012/10/06,-11.181
2012/10/07,-10.857
2012/10/08,-10.48
2012/10/09,-10.179
2012/10/10,-10.082
2012/10/11,-9.905
2012/10/12,-8.942
2012/10/13,-7.446
2012/10/14,-6.5
2012/10/15,-6.248
2012/10/16,-5.08
2012/10/17,-3.078
2012/10/18,-0.838
2012/10/19,0.636
2012/10/20,1.484
2012/10/21,1.629
2012/10/22,1.383
2012/10/23,1.221
2012/10/24,0.633
2012/10/25,-0.379
2012/10/26,-1.722
2012/10/27,-2.648
2012/10/28,-3.697
2012/10/29,-4.602
2012/10/30,-3.081
2012/10/31,-0.706
2012/11/01,0.783
2012/11/02,0.291
2012/11/03,-0.199
2012/11/04,-0.353
2012/11/05,-0.294
2012/11/06,-0.442
2012/11/07,-0.674
2012/11/08,-1.284
2012/11/09,-2.305
2012/11/10,-3.701
2012/11/11,-5.108
2012/11/12,-6.3
2012/11/13,-6.941
2012/11/14,-6.745
2012/11/15,-4.587
2012/11/16,-0.255
2012/11/17,3.222
2012/11/18,4.793
2012/11/19,4.401
2012/11/20,3.494
2012/11/21,1.867
2012/11/22,0.771
2012/11/23,-0.247
2012/11/24,-1.047
2012/11/25,-2.04
2012/11/26,-2.609
2012/11/27,-2.579
2012/11/28,-1.749
2012/11/29,-1.369
2012/11/30,-1.683
2012/12/01,-2.452
2012/12/02,-2.804
2012/12/03,-2.001
2012/12/04,0.383
2012/12/05,3.621
2012/12/06,6.944
2012/12/07,7.812
2012/12/08,6.2
2012/12/09,4.438
2012/12/10,2.475
2012/12/11,1.318
2012/12/12,2.673
2012/12/13,4.996
2012/12/14,6.145
2012/12/15,5.305
2012/12/16,3.953
2012/12/17,2.575
2012/12/18,1.835
2012/12/19,0.494
2012/12/20,-1.03
2012/12/21,-1.835
2012/12/22,-2.44
2012/12/23,-3.254
2012/12/24,-3.903
2012/12/25,-4.746
2012/12/26,-5.547
2012/12/27,-6.062
2012/12/28,-6.068
2012/12/29,-5.804
2012/12/30,-5.622
2012/12/31,-4.911
2013/01/01,-3.627
2013/01/02,-1.662
2013/01/03,0.056
2013/01/04,2.244
2013/01/05,3.881
2013/01/06,3.58
2013/01/07,3.007
2013/01/08,3.207
2013/01/09,3.104
2013/01/10,2.44
2013/01/11,1.659
2013/01/12,0.499
2013/01/13,-0.69
2013/01/14,-1.445
2013/01/15,-0.833
2013/01/16,0.571
2013/01/17,1.65
2013/01/18,2.228
2013/01/19,2.278
2013/01/20,1.652
2013/01/21,0.857
2013/01/22,0.522
2013/01/23,1.701
2013/01/24,2.115
2013/01/25,2.147
2013/01/26,1.766
2013/01/27,1.456
2013/01/28,1.453
2013/01/29,2.528
2013/01/30,3.111
2013/01/31,3.129
2013/02/01,3.217
2013/02/02,2.588
2013/02/03,1.806
2013/02/04,1.372
2013/02/05,1.608
2013/02/06,1.92
2013/02/07,2.08
2013/02/08,2.686
2013/02/09,2.815
2013/02/10,2.363
2013/02/11,1.697
2013/02/12,0.937
2013/02/13,0.147
2013/02/14,-0.047
2013/02/15,-0.134
2013/02/16,-0.146
2013/02/17,-0.369
2013/02/18,-0.498
2013/02/19,-0.288
2013/02/20,-0.18
2013/02/21,-0.264
2013/02/22,0.334
2013/02/23,0.473
2013/02/24,1.158
2013/02/25,2.177
2013/02/26,2.526
2013/02/27,2.675
2013/02/28,2.71
2013/03/01,2.796
2013/03/02,2.767
2013/03/03,1.813
2013/03/04,0.801
2013/03/05,1.445
2013/03/06,3.136
2013/03/07,3.902
2013/03/08,3.706
2013/03/09,2.858
2013/03/10,2.28
2013/03/11,1.534
2013/03/12,1.517
2013/03/13,1.697
2013/03/14,1.354
2013/03/15,6.799
2013/03/16,8.944
2013/03/17,7.345
2013/03/18,8.282
2013/03/19,7.689
2013/03/20,6.749
2013/03/21,6.066
2013/03/22,4.829
2013/03/23,3.402
2013/03/24,1.736
2013/03/25,0.929
2013/03/26,0.857
2013/03/27,2.603
2013/03/28,3.71
2013/03/29,3.823
2013/03/30,4.038
2013/03/31,3.848
2013/04/01,3.421
2013/04/02,4.752
2013/04/03,6.252
2013/04/04,6.961
2013/04/05,7.056
2013/04/06,5.963
2013/04/07,4.269
2013/04/08,3.451
2013/04/09,4.138
2013/04/10,6.149
2013/04/11,5.88
2013/04/12,4.307
2013/04/13,2.205
2013/04/14,-0.064
2013/04/15,-1.955
2013/04/16,-3.072
2013/04/17,-3.68
2013/04/18,-0.341
2013/04/19,1.255
2013/04/20,1.045
2013/04/21,0.092
2013/04/22,-0.421
2013/04/23,-0.609
2013/04/24,-0.122
2013/04/25,0.387
2013/04/26,0.219
2013/04/27,-0.648
2013/04/28,-1.946
2013/04/29,-2.843
2013/04/30,-3.707
2013/05/01,-4.156
2013/05/02,-4.499
2013/05/03,-4.903
2013/05/04,-5.555
2013/05/05,-6.061
2013/05/06,-6.086
2013/05/07,-5.657
2013/05/08,-5.179
2013/05/09,-4.929
2013/05/10,-4.548
2013/05/11,-4.295
2013/05/12,-4.305
2013/05/13,-4.006
2013/05/14,-3.575
2013/05/15,-3.222
2013/05/16,-2.932
2013/05/17,-2.462
2013/05/18,-2.106
2013/05/19,-2.304
2013/05/20,-2.446
2013/05/21,-2.221
2013/05/22,-1.661
2013/05/23,-1.062
2013/05/24,-0.231
2013/05/25,0.453
2013/05/26,0.137
2013/05/27,0.128
2013/05/28,0.335
2013/05/29,0.715
2013/05/30,0.825
2013/05/31,0.845
2013/06/01,0.368
2013/06/02,-0.421
2013/06/03,-0.413
2013/06/04,-0.362
2013/06/05,-0.207
2013/06/06,0.171
2013/06/07,0.303
2013/06/08,-0.385
2013/06/09,-0.678
2013/06/10,-1.193
2013/06/11,-1.482
2013/06/12,-1.674
2013/06/13,-1.658
2013/06/14,-1.298
2013/06/15,-1.576
2013/06/16,-1.871
2013/06/17,-1.915
2013/06/18,-1.641
2013/06/19,-1.38
2013/06/20,-0.743
2013/06/21,-0.123
2013/06/22,-0.328
2013/06/23,-1.108
2013/06/24,-1.345
2013/06/25,-1.025
2013/06/26,-0.748
2013/06/27,-0.715
2013/06/28,-0.579
2013/06/29,-0.801
2013/06/30,-1.378
2013/07/01,-0.997
2013/07/02,-0.583
2013/07/03,-0.03
2013/07/04,0.527
2013/07/05,1.077
2013/07/06,0.826
2013/07/07,0.256
2013/07/08,0.084
2013/07/09,0.691
2013/07/10,1.464
2013/07/11,2.245
2013/07/12,2.878
2013/07/13,3.013
2013/07/14,2.191
2013/07/15,1.411
2013/07/16,1.277
2013/07/17,1.581
2013/07/18,1.817
2013/07/19,1.571
2013/07/20,0.551
2013/07/21,-0.617
2013/07/22,-0.931
2013/07/23,-0.668
2013/07/24,-0.311
2013/07/25,-0.096
2013/07/26,-0.017
2013/07/27,-0.638
2013/07/28,-1.149
2013/07/29,-1.194
2013/07/30,-0.41
2013/07/31,0.305
2013/08/01,1.582
2013/08/02,2.23
2013/08/03,1.952
2013/08/04,0.997
2013/08/05,0.609
2013/08/06,0.351
2013/08/07,0.27
2013/08/08,0.083
2013/08/09,-0.341
2013/08/10,-1.017
2013/08/11,-1.87
2013/08/12,-1.807
2013/08/13,-0.28
2013/08/14,1.793
2013/08/15,2.492
2013/08/16,3.056
2013/08/17,3.156
2013/08/18,2.657
2013/08/19,2.551
2013/08/20,2.385
2013/08/21,2.91
2013/08/22,2.659
2013/08/23,2.12
2013/08/24,1.015
2013/08/25,-0.158
2013/08/26,-0.899
2013/08/27,-0.915
2013/08/28,-0.836
2013/08/29,-0.829
2013/08/30,-0.509
2013/08/31,-0.388
2013/09/01,-0.545
2013/09/02,-0.6
2013/09/03,-0.147
2013/09/04,0.356
2013/09/05,0.561
2013/09/06,0.424
2013/09/07,0.032
2013/09/08,-0.896
2013/09/09,-1.491
2013/09/10,-1.805
2013/09/11,-1.784
2013/09/12,-1.531
2013/09/13,-1.249
2013/09/14,-1.245
2013/09/15,-1.674
2013/09/16,-1.531
2013/09/17,-1.244
2013/09/18,-0.618
2013/09/19,0.305
2013/09/20,0.905
2013/09/21,0.563
2013/09/22,-0.046
2013/09/23,0.577
2013/09/24,1.458
2013/09/25,1.917
2013/09/26,1.954
2013/09/27,1.691
2013/09/28,0.991
2013/09/29,0.211
2013/09/30,0.183
2013/10/01,1.108
2013/10/02,2.174
2013/10/03,2.424
2013/10/04,2.167
2013/10/05,1.023
2013/10/06,-0.325
2013/10/07,-0.968
2013/10/08,-1.23
2013/10/09,-0.899
2013/10/10,-0.645
2013/10/11,-0.334
2013/10/12,-0.271
2013/10/13,-0.258
2013/10/14,0.263
2013/10/15,1.007
2013/10/16,2.033
2013/10/17,2.548
2013/10/18,3.023
2013/10/19,3.681
2013/10/20,3.534
2013/10/21,3.946
2013/10/22,4.952
2013/10/23,5.783
2013/10/24,5.978
2013/10/25,9.624
2013/10/26,8.7
2013/10/27,6.065
2013/10/28,3.637
2013/10/29,3.769
2013/10/30,2.861
2013/10/31,1.578
2013/11/01,0.243
2013/11/02,-1.014
2013/11/03,-2.052
2013/11/04,-2.028
2013/11/05,-1.148
2013/11/06,-0.183
2013/11/07,1.574
2013/11/08,3.219
2013/11/09,4.255
2013/11/10,4.131
2013/11/11,3.431
2013/11/12,3.704
2013/11/13,4.814
2013/11/14,5.769
2013/11/15,10.729
2013/11/16,12.52
2013/11/17,11.708
2013/11/18,12.821
2013/11/19,14.648
2013/11/20,13.668
2013/11/21,13.287
2013/11/22,13.741
2013/11/23,12.373
2013/11/24,10.361
2013/11/25,8.373
2013/11/26,11.071
2013/11/27,13.463
2013/11/28,14.747
2013/11/29,13.872
2013/11/30,11.487
2013/12/01,8.355
2013/12/02,5.5
2013/12/03,3.067
2013/12/04,1.351
2013/12/05,0.231
2013/12/06,-0.867
2013/12/07,-1.176
2013/12/08,-1.853
2013/12/09,-2.461
2013/12/10,-3.207
2013/12/11,-3.678
2013/12/12,-4.125
2013/12/13,-4.463
2013/12/14,-4.974
2013/12/15,-5.667
2013/12/16,-4.732
2013/12/17,-3.748
2013/12/18,-2.782
2013/12/19,-2.293
2013/12/20,-2.4
2013/12/21,-2.758
2013/12/22,-3.184
2013/12/23,-3.752
2013/12/24,-4.086
2013/12/25,-4.231
2013/12/26,-4.488
2013/12/27,-4.725
2013/12/28,-4.883
2013/12/29,-4.586
2013/12/30,-4.085
2013/12/31,-4.06
2014/01/01,-4.09
2014/01/02,-3.803
2014/01/03,-2.884
2014/01/04,-2.227
2014/01/05,-0.959
2014/01/06,0.738
2014/01/07,1.997
2014/01/08,2.231
2014/01/09,1.546
2014/01/10,0.605
2014/01/11,-0.561
2014/01/12,-1.655
2014/01/13,-2.394
2014/01/14,-2.372
2014/01/15,-2.255
2014/01/16,-2.102
2014/01/17,-2.406
2014/01/18,-2.946
2014/01/19,-2.964
2014/01/20,-2.116
2014/01/21,-1.404
2014/01/22,-1.22
2014/01/23,-1.182
2014/01/24,-0.616
2014/01/25,-0.637
2014/01/26,-1.031
2014/01/27,-0.053
2014/01/28,0.425
2014/01/29,0.225
2014/01/30,-0.056
2014/01/31,-0.655
2014/02/01,-1.135
2014/02/02,-1.358
2014/02/03,-1.517
2014/02/04,-0.745
2014/02/05,0.111
2014/02/06,0.732
2014/02/07,1.425
2014/02/08,1.242
2014/02/09,0.5
2014/02/10,0.304
2014/02/11,0.135
2014/02/12,-0.251
2014/02/13,-0.723
2014/02/14,-1.06
2014/02/15,-0.653
2014/02/16,-0.61
2014/02/17,-0.985
2014/02/18,-1.534
2014/02/19,-2.167
2014/02/20,-2.519
2014/02/21,-2.818
2014/02/22,-3.299
2014/02/23,-3.668
2014/02/24,-3.215
2014/02/25,-1.818
2014/02/26,-0.764
2014/02/27,-0.335
2014/02/28,-0.288
2014/03/01,0.146
2014/03/02,-0.068
2014/03/03,1.036
2014/03/04,2.634
2014/03/05,2.989
2014/03/06,2.644
2014/03/07,6.988
2014/03/08,9.455
2014/03/09,8.869
2014/03/10,8.426
2014/03/11,6.881
2014/03/12,5.341
2014/03/13,3.53
2014/03/14,1.66
2014/03/15,-0.016
2014/03/16,-1.682
2014/03/17,-2.885
2014/03/18,-0.347
2014/03/19,1.022
2014/03/20,0.859
2014/03/21,-0.06
2014/03/22,-1.42
2014/03/23,-2.891
2014/03/24,-3.736
2014/03/25,-4.386
2014/03/26,-4.831
2014/03/27,-4.698
2014/03/28,-4.27
2014/03/29,-4.424
2014/03/30,-4.492
2014/03/31,-4.253
2014/04/01,-3.9
2014/04/02,-3.378
2014/04/03,-2.996
2014/04/04,-2.885
2014/04/05,-2.756
2014/04/06,-3.07
2014/04/07,-3.412
2014/04/08,-3.788
2014/04/09,-3.757
2014/04/10,-3.107
2014/04/11,-2.295
2014/04/12,-2.256
2014/04/13,-2.57
2014/04/14,-2.39
2014/04/15,-1.724
2014/04/16,-0.309
2014/04/17,1.194
2014/04/18,2.285
2014/04/19,2.035
2014/04/20,1.199
2014/04/21,1.095
2014/04/22,1.698
2014/04/23,1.815
2014/04/24,1.049
2014/04/25,0.324
2014/04/26,-0.822
2014/04/27,-2.074
2014/04/28,-2.614
2014/04/29,-2.744
2014/04/30,-2.852
2014/05/01,-2.931
2014/05/02,-2.352
2014/05/03,-1.831
2014/05/04,-1.753
2014/05/05,-1.321
2014/05/06,-0.626
2014/05/07,0.51
2014/05/08,3.202
2014/05/09,5.727
2014/05/10,5.829
2014/05/11,4.347
2014/05/12,2.739
2014/05/13,1.638
2014/05/14,0.95
2014/05/15,0.719
2014/05/16,0.391
2014/05/17,-0.288
2014/05/18,-1.502
2014/05/19,-2.189
2014/05/20,-0.019
2014/05/21,1.171
2014/05/22,1.905
2014/05/23,3.613
2014/05/24,4.469
2014/05/25,4.655
2014/05/26,4.249
2014/05/27,4.149
2014/05/28,3.831
2014/05/29,2.958
2014/05/30,2.649
2014/05/31,1.881
2014/06/01,1.422
2014/06/02,1.653
2014/06/03,1.965
2014/06/04,2.519
2014/06/05,2.862
2014/06/06,3.266
2014/06/07,2.554
2014/06/08,1.874
2014/06/09,0.459
2014/06/10,-0.6
2014/06/11,-1.506
2014/06/12,-1.035
2014/06/13,-0.859
2014/06/14,-1.385
2014/06/15,-2.185
2014/06/16,-2.339
2014/06/17,-2.704
2014/06/18,-2.936
2014/06/19,-2.639
2014/06/20,-2.489
2014/06/21,-2.62
2014/06/22,-2.637
2014/06/23,-2.472
2014/06/24,-1.554
2014/06/25,-1.361
2014/06/26,-1.469
2014/06/27,-1.709
2014/06/28,-2.317
2014/06/29,-3.006
2014/06/30,-2.569
2014/07/01,-0.893
2014/07/02,1.223
2014/07/03,2.106
2014/07/04,1.541
2014/07/05,0.643
2014/07/06,-0.435
2014/07/07,-1.141
2014/07/08,-1.866
2014/07/09,-2.231
2014/07/10,-2.223
2014/07/11,-2.276
2014/07/12,-2.195
2014/07/13,-1.978
2014/07/14,-1.633
2014/07/15,-1.006
2014/07/16,-0.389
2014/07/17,-0.22
2014/07/18,-0.137
2014/07/19,-0.802
2014/07/20,-1.676
2014/07/21,-2.063
2014/07/22,-2.374
2014/07/23,-2.488
2014/07/24,-1.959
2014/07/25,-1.342
2014/07/26,-1.427
2014/07/27,-2.035
2014/07/28,-1.892
2014/07/29,-1.399
2014/07/30,-1.134
2014/07/31,-1.082
2014/08/01,-0.851
2014/08/02,-0.887
2014/08/03,-0.801
2014/08/04,-0.839
2014/08/05,-0.052
2014/08/06,0.17
2014/08/07,0.172
2014/08/08,-0.209
2014/08/09,-0.595
2014/08/10,-0.907
2014/08/11,-0.397
2014/08/12,1.021
2014/08/13,2.446
2014/08/14,3.462
2014/08/15,4.031
2014/08/16,3.867
2014/08/17,2.895
2014/08/18,3.037
2014/08/19,2.562
2014/08/20,1.79
2014/08/21,1.717
2014/08/22,8.96
2014/08/23,9.701
2014/08/24,7.259
2014/08/25,5.446
2014/08/26,5.853
2014/08/27,6.218
2014/08/28,4.92
2014/08/29,3.016
2014/08/30,1.035
2014/08/31,-0.76
2014/09/01,-2.001
2014/09/02,-3.036
2014/09/03,-3.973
2014/09/04,-4.774
2014/09/05,-5.375
2014/09/06,-6.01
2014/09/07,-6.533
2014/09/08,-6.566
2014/09/09,-6.3
2014/09/10,-5.926
2014/09/11,-5.628
2014/09/12,-5.286
2014/09/13,-5.241
2014/09/14,-5.153
2014/09/15,-4.823
2014/09/16,-4.375
2014/09/17,-3.758
2014/09/18,-2.571
2014/09/19,-1.238
2014/09/20,0.061
2014/09/21,1.403
2014/09/22,1.413
2014/09/23,1.13
2014/09/24,0.703
2014/09/25,0.119
2014/09/26,-0.465
2014/09/27,-1.256
2014/09/28,-1.945
2014/09/29,-1.806
2014/09/30,-1.422
2014/10/01,-1.025
2014/10/02,-0.858
2014/10/03,-0.499
2014/10/04,-0.168
2014/10/05,0.689
2014/10/06,2.284
2014/10/07,3.091
2014/10/08,3.601
2014/10/09,3.69
2014/10/10,3.695
2014/10/11,2.856
2014/10/12,1.511
2014/10/13,0.945
2014/10/14,0.679
2014/10/15,0.406
2014/10/16,0.112
2014/10/17,-0.236
2014/10/18,-0.907
2014/10/19,-1.793
2014/10/20,-1.953
2014/10/21,-2.014
2014/10/22,-1.623
2014/10/23,-1.077
2014/10/24,-0.903
2014/10/25,-0.989
2014/10/26,-1.475
2014/10/27,-1.596
2014/10/28,-1.639
2014/10/29,-1.324
2014/10/30,-1.11
2014/10/31,-0.793
2014/11/01,-0.972
2014/11/02,-1.529
2014/11/03,-1.76
2014/11/04,-1
2014/11/05,0.163
2014/11/06,0.772
2014/11/07,1.294
2014/11/08,0.823
2014/11/09,0.142
2014/11/10,0.403
2014/11/11,0.56
2014/11/12,1.79
2014/11/13,5.733
2014/11/14,6.859
2014/11/15,6.073
2014/11/16,4.638
2014/11/17,3.468
2014/11/18,2.848
2014/11/19,2.009
2014/11/20,1.64
2014/11/21,2.005
2014/11/22,1.443
2014/11/23,0.205
2014/11/24,-0.623
2014/11/25,-0.681
2014/11/26,-0.696
2014/11/27,-0.924
2014/11/28,0.054
2014/11/29,0.504
2014/11/30,0.688
2014/12/01,1.075
2014/12/02,1.969
2014/12/03,2.569
2014/12/04,2.747
2014/12/05,2.584
2014/12/06,1.582
2014/12/07,0.574
2014/12/08,1.449
2014/12/09,1.708
2014/12/10,1.612
2014/12/11,1.008
2014/12/12,0.124
2014/12/13,-0.746
2014/12/14,-1.609
2014/12/15,-1.95
2014/12/16,-1.882
2014/12/17,-1.452
2014/12/18,-0.87
2014/12/19,-0.675
2014/12/20,-0.911
2014/12/21,-1.509
2014/12/22,-1.529
2014/12/23,-1.064
2014/12/24,-1.001
2014/12/25,-1.21
2014/12/26,-1.612
2014/12/27,-1.983
2014/12/28,-2.164
2014/12/29,-2.042
2014/12/30,-1.452
2014/12/31,-0.822
2015/01/01,-1.119
2015/01/02,-1.21
2015/01/03,-1.023
2015/01/04,-0.474
2015/01/05,0.235
2015/01/06,0.955
2015/01/07,1.789
2015/01/08,2.828
2015/01/09,3.148
2015/01/10,2.728
2015/01/11,2.48
2015/01/12,1.96
2015/01/13,2.211
2015/01/14,2.921
2015/01/15,4.015
2015/01/16,3.956
2015/01/17,2.799
2015/01/18,1.275
2015/01/19,-0.12
2015/01/20,-0.829
2015/01/21,-1.13
2015/01/22,-1.316
2015/01/23,-1.637
2015/01/24,-2.167
2015/01/25,-2.469
2015/01/26,-0.774
2015/01/27,0.101
2015/01/28,-0.18
2015/01/29,-0.734
2015/01/30,-1.413
2015/01/31,-2.166
2015/02/01,-2.862
2015/02/02,-3.258
2015/02/03,-2.791
2015/02/04,-2.125
2015/02/05,-1.476
2015/02/06,-1.391
2015/02/07,-1.839
2015/02/08,-2.456
2015/02/09,-2.775
2015/02/10,-2.939
2015/02/11,-2.912
2015/02/12,-2.962
2015/02/13,-2.449
2015/02/14,-2.209
2015/02/15,-1.978
2015/02/16,-1.928
2015/02/17,-1.779
2015/02/18,-1.46
2015/02/19,-1.406
2015/02/20,-1.211
2015/02/21,-1.319
2015/02/22,-1.805
2015/02/23,-1.724
2015/02/24,-1.539
2015/02/25,-1.118
2015/02/26,0.161
2015/02/27,2.592
2015/02/28,2.89
2015/03/01,3.759
2015/03/02,6.11
2015/03/03,6.583
2015/03/04,5.696
2015/03/05,4.689
2015/03/06,3.331
2015/03/07,2.388
2015/03/08,3.958
2015/03/09,4.15
2015/03/10,3.787
2015/03/11,2.833
2015/03/12,1.83
2015/03/13,0.926
2015/03/14,0.042
2015/03/15,-1.054
2015/03/16,-1.512
2015/03/17,-1.882
2015/03/18,-1.019
2015/03/19,-0.539
2015/03/20,-0.649
2015/03/21,-1.288
2015/03/22,-2.238
2015/03/23,-2.566
2015/03/24,-2.46
2015/03/25,-2.106
2015/03/26,-1.694
2015/03/27,-1.271
2015/03/28,-1.473
2015/03/29,-2.037
2015/03/30,-2.2
2015/03/31,-2.14
2015/04/01,-1.589
2015/04/02,-1.367
2015/04/03,-1.33
2015/04/04,-1.856
2015/04/05,-2.579
2015/04/06,-2.729
2015/04/07,-2.462
2015/04/08,-1.74
2015/04/09,-1.06
2015/04/10,-0.374
2015/04/11,-0.448
2015/04/12,-1.122
2015/04/13,-1.083
2015/04/14,-0.67
2015/04/15,-0.5
2015/04/16,0.303
2015/04/17,1.181
2015/04/18,1.093
2015/04/19,1.095
2015/04/20,1.649
2015/04/21,2.234
2015/04/22,2.9
2015/04/23,2.93
2015/04/24,2.995
2015/04/25,2.432
2015/04/26,1.932
2015/04/27,1.813
2015/04/28,1.869
2015/04/29,1.924
2015/04/30,1.829
2015/05/01,1.736
2015/05/02,1.057
2015/05/03,0.185
2015/05/04,0.049
2015/05/05,0.186
2015/05/06,0.36
2015/05/07,0.659
2015/05/08,0.683
2015/05/09,0.31
2015/05/10,-0.082
2015/05/11,-0.113
2015/05/12,-0.143
2015/05/13,-0.05
2015/05/14,-0.062
2015/05/15,-0.295
2015/05/16,-0.865
2015/05/17,-1.687
2015/05/18,-1.992
2015/05/19,-1.625
2015/05/20,-1.17
2015/05/21,-0.976
2015/05/22,-0.418
2015/05/23,-0.244
2015/05/24,-0.663
2015/05/25,-0.971
2015/05/26,-1.014
2015/05/27,-0.632
2015/05/28,-0.351
2015/05/29,0.001
2015/05/30,0.022
2015/05/31,-0.163
2015/06/01,0.163
2015/06/02,0.5
2015/06/03,0.877
2015/06/04,1.05
2015/06/05,1.223
2015/06/06,0.842
2015/06/07,0.153
2015/06/08,-0.295
2015/06/09,-0.228
2015/06/10,0.028
2015/06/11,0.3
2015/06/12,0.661
2015/06/13,0.501
2015/06/14,0.495
2015/06/15,1.067
2015/06/16,2.253
2015/06/17,3.642
2015/06/18,4.123
2015/06/19,4.41
2015/06/20,3.579
2015/06/21,2.207
2015/06/22,1.213
2015/06/23,0.558
2015/06/24,0.111
2015/06/25,-0.472
2015/06/26,-0.259
2015/06/27,-0.021
2015/06/28,-0.38
2015/06/29,-0.253
2015/06/30,0.582
2015/07/01,0.982
2015/07/02,1.198
2015/07/03,1.19
2015/07/04,0.672
2015/07/05,0.341
2015/07/06,0.667
2015/07/07,0.821
2015/07/08,0.915
2015/07/09,1.051
2015/07/10,1.915
2015/07/11,2.141
2015/07/12,2.13
2015/07/13,2.06
2015/07/14,1.823
2015/07/15,1.435
2015/07/16,1.225
2015/07/17,0.765
2015/07/18,-0.071
2015/07/19,-1.114
2015/07/20,-1.757
2015/07/21,-2.069
2015/07/22,-2.227
2015/07/23,-2.236
2015/07/24,-1.913
2015/07/25,-2.028
2015/07/26,-2.533
2015/07/27,-2.564
2015/07/28,-1.983
2015/07/29,-1.377
2015/07/30,-0.925
2015/07/31,-0.666
2015/08/01,-0.857
2015/08/02,-1.434
2015/08/03,-1.601
2015/08/04,-1.278
2015/08/05,-0.566
2015/08/06,0.058
2015/08/07,0.462
2015/08/08,0.766
2015/08/09,1.09
2015/08/10,1.27
2015/08/11,1.267
2015/08/12,1.437
2015/08/13,1.649
2015/08/14,1.791
2015/08/15,1.444
2015/08/16,0.962
2015/08/17,1.017
2015/08/18,1.678
2015/08/19,2.031
2015/08/20,1.982
2015/08/21,1.66
2015/08/22,1.083
2015/08/23,0.223
2015/08/24,0.358
2015/08/25,0.847
2015/08/26,0.931
2015/08/27,0.79
2015/08/28,0.706
2015/08/29,-0.04
2015/08/30,-1.134
2015/08/31,-1.732
2015/09/01,-1.861
2015/09/02,-1.756
2015/09/03,-1.728
2015/09/04,-1.811
2015/09/05,-2.136
2015/09/06,-2.387
2015/09/07,-2.481
2015/09/08,-1.957
2015/09/09,-1.345
2015/09/10,-0.68
2015/09/11,-0.314
2015/09/12,-0.68
2015/09/13,-1.235
2015/09/14,-1.24
2015/09/15,-0.97
2015/09/16,-0.557
2015/09/17,-0.28
2015/09/18,-0.087
2015/09/19,-0.153
2015/09/20,-0.575
2015/09/21,-0.255
2015/09/22,0.342
2015/09/23,0.606
2015/09/24,0.625
2015/09/25,0.781
2015/09/26,0.497
2015/09/27,-0.3
2015/09/28,-0.246
2015/09/29,0.438
2015/09/30,0.869
2015/10/01,1.384
2015/10/02,2.007
2015/10/03,1.625
2015/10/04,0.737
2015/10/05,0.4
2015/10/06,0.789
2015/10/07,1.147
2015/10/08,2.102
2015/10/09,2.188
2015/10/10,1.768
2015/10/11,0.941
2015/10/12,0.559
2015/10/13,0.777
2015/10/14,1.239
2015/10/15,2.049
2015/10/16,2.742
2015/10/17,2.881
2015/10/18,2.174
2015/10/19,1.645
2015/10/20,1.364
2015/10/21,1.021
2015/10/22,0.894
2015/10/23,0.722
2015/10/24,0.512
2015/10/25,0.458
2015/10/26,0.606
2015/10/27,1.159
2015/10/28,1.869
2015/10/29,3.186
2015/10/30,4.774
2015/10/31,5.14
2015/11/01,4.701
2015/11/02,4.987
2015/11/03,7.072
2015/11/04,20.297
2015/11/05,21.051
2015/11/06,16.726
2015/11/07,11.774
2015/11/08,7.535
2015/11/09,4.875
2015/11/10,3.027
2015/11/11,1.741
2015/11/12,0.687
2015/11/13,-0.142
2015/11/14,-0.647
2015/11/15,-1.378
2015/11/16,-1.894
2015/11/17,-2.531
2015/11/18,-3.173
2015/11/19,-3.597
2015/11/20,-3.775
2015/11/21,-4.138
2015/11/22,-4.702
2015/11/23,-5.177
2015/11/24,-5.468
2015/11/25,-5.284
2015/11/26,-4.563
2015/11/27,-3.501
2015/11/28,-2.52
2015/11/29,-2.13
2015/11/30,-1.067
2015/12/01,0.153
2015/12/02,1.239
2015/12/03,1.623
2015/12/04,2.123
2015/12/05,4.56
2015/12/06,7.825
2015/12/07,8.361
2015/12/08,7.517
2015/12/09,6.979
2015/12/10,6.018
2015/12/11,5.458
2015/12/12,4.755
2015/12/13,5.204
2015/12/14,5.614
2015/12/15,5.596
2015/12/16,5.364
2015/12/17,4.86
2015/12/18,4.217
2015/12/19,3.445
2015/12/20,2.754
2015/12/21,2.642
2015/12/22,2.56
2015/12/23,2.337
2015/12/24,2.194
2015/12/25,1.746
2015/12/26,0.699
2015/12/27,-0.981
2015/12/28,-2.468
2015/12/29,-3.769
2015/12/30,-4.939
2015/12/31,-5.953
2016/01/01,-6.84
2016/01/02,-7.627
2016/01/03,-8.244
2016/01/04,-8.594
2016/01/05,-8.518
2016/01/06,-8.181
2016/01/07,-7.419
2016/01/08,-6.739
2016/01/09,-6.434
2016/01/10,-6.027
2016/01/11,-5.243
2016/01/12,-4.511
2016/01/13,-3.745
2016/01/14,-3.189
2016/01/15,-2.331
2016/01/16,-1.744
2016/01/17,8.495
2016/01/18,18.455
2016/01/19,22.762
2016/01/20,19.292
2016/01/21,15.538
2016/01/22,13.464
2016/01/23,21.801
2016/01/24,42.339
2016/01/25,35.339
2016/01/26,24.199
2016/01/27,16.383
2016/01/28,9.971
2016/01/29,5.334
2016/01/30,1.584
2016/01/31,-1.518
2016/02/01,-3.618
2016/02/02,-5.221
2016/02/03,-6.69
2016/02/04,-7.853
2016/02/05,-8.584
2016/02/06,-9.066
2016/02/07,-9.349
2016/02/08,-9.515
2016/02/09,-9.642
2016/02/10,-9.594
2016/02/11,-9.383
2016/02/12,-9.022
2016/02/13,-8.534
2016/02/14,-7.866
2016/02/15,-6.674
2016/02/16,-5.183
2016/02/17,-3.587
2016/02/18,-2.122
2016/02/19,-0.46
2016/02/20,0.761
2016/02/21,1.622
2016/02/22,2.261
2016/02/23,2.344
2016/02/24,2.013
2016/02/25,1.317
2016/02/26,0.615
2016/02/27,-0.366
2016/02/28,1.438
2016/02/29,4.762
2016/03/01,8.212
2016/03/02,8.415
2016/03/03,6.48
2016/03/04,5.483
2016/03/05,8.411
2016/03/06,6.751
2016/03/07,4.099
2016/03/08,1.393
2016/03/09,-0.984
2016/03/10,-2.851
2016/03/11,-4.267
2016/03/12,-5.448
2016/03/13,-6.426
2016/03/14,-7.001
2016/03/15,-6.991
2016/03/16,-2.913
2016/03/17,0.785
2016/03/18,2.479
2016/03/19,1.885
2016/03/20,0.346
2016/03/21,-1.3
2016/03/22,-2.692
2016/03/23,-3.864
2016/03/24,-4.681
2016/03/25,-5.268
2016/03/26,-5.859
2016/03/27,-6.235
2016/03/28,-6.337
2016/03/29,-6.281
2016/03/30,-6.102
2016/03/31,-5.791
2016/04/01,-5.322
2016/04/02,-4.938
2016/04/03,-4.708
2016/04/04,-4.304
2016/04/05,-3.806
2016/04/06,-3.223
2016/04/07,-2.445
2016/04/08,-1.826
2016/04/09,-1.461
2016/04/10,-1.383
2016/04/11,-1.323
2016/04/12,-0.709
2016/04/13,0.138
2016/04/14,0.632
2016/04/15,1.049
2016/04/16,1.671
2016/04/17,1.856
2016/04/18,1.766
2016/04/19,1.701
2016/04/20,1.722
2016/04/21,2.063
2016/04/22,2.27
2016/04/23,1.995
2016/04/24,1.388
2016/04/25,1.213
2016/04/26,1.425
2016/04/27,1.486
2016/04/28,1.491
2016/04/29,1.276
2016/04/30,0.722
2016/05/01,0.093
2016/05/02,-0.154
2016/05/03,-0.295
2016/05/04,-0.372
2016/05/05,-0.445
2016/05/06,-0.432
2016/05/07,-0.578
2016/05/08,-0.968
2016/05/09,-1.186
2016/05/10,-1.116
2016/05/11,-0.67
2016/05/12,-0.273
2016/05/13,0.207
2016/05/14,0.181
2016/05/15,0.069
2016/05/16,0.342
2016/05/17,0.672
2016/05/18,0.72
2016/05/19,0.705
2016/05/20,0.241
2016/05/21,-0.611
2016/05/22,-1.548
2016/05/23,-2.036
2016/05/24,-2.03
2016/05/25,-1.025
2016/05/26,0.524
2016/05/27,2.684
2016/05/28,4.371
2016/05/29,4.541
2016/05/30,3.721
2016/05/31,2.968
2016/06/01,2.036
2016/06/02,1.267
2016/06/03,0.405
2016/06/04,-0.607
2016/06/05,-1.305
2016/06/06,-1.613
2016/06/07,-1.563
2016/06/08,-1.394
2016/06/09,-1.121
2016/06/10,-0.641
2016/06/11,-0.436
2016/06/12,0.647
2016/06/13,1.941
2016/06/14,2.657
2016/06/15,2.879
2016/06/16,3.312
2016/06/17,3.657
2016/06/18,3.481
2016/06/19,2.848
2016/06/20,2.544
2016/06/21,2.402
2016/06/22,2.151
2016/06/23,1.999
2016/06/24,1.871
2016/06/25,1.202
2016/06/26,0.166
2016/06/27,-0.659
2016/06/28,-1.393
2016/06/29,-2.034
2016/06/30,-2.387
2016/07/01,-2.456
2016/07/02,-2.418
2016/07/03,-2.48
2016/07/04,-2.063
2016/07/05,-1.709
2016/07/06,-1.513
2016/07/07,-0.817
2016/07/08,-0.49
2016/07/09,-0.605
2016/07/10,-1.13
2016/07/11,-1.396
2016/07/12,-1.374
2016/07/13,-1.335
2016/07/14,-1.433
2016/07/15,-0.648
2016/07/16,-0.448
2016/07/17,-0.267
2016/07/18,-0.245
2016/07/19,-0.239
2016/07/20,-0.219
2016/07/21,-0.285
2016/07/22,-0.295
2016/07/23,-0.666
2016/07/24,-0.866
2016/07/25,-1.14
2016/07/26,-0.912
2016/07/27,-0.361
2016/07/28,0.101
2016/07/29,0.278
2016/07/30,-0.38
2016/07/31,-0.903
2016/08/01,-1.34
2016/08/02,-0.376
2016/08/03,-0.064
2016/08/04,0.559
2016/08/05,0.742
2016/08/06,0.06
2016/08/07,-0.796
2016/08/08,-1.512
2016/08/09,-1.609
2016/08/10,-1.411
2016/08/11,-1.31
2016/08/12,-1.169
2016/08/13,-1.407
2016/08/14,-1.816
2016/08/15,-1.717
2016/08/16,-1.014
2016/08/17,-0.585
2016/08/18,-0.02
2016/08/19,0.292
2016/08/20,0.547
2016/08/21,0.055
2016/08/22,0.068
2016/08/23,0.408
2016/08/24,0.884
2016/08/25,1.223
2016/08/26,1.423
2016/08/27,0.939
2016/08/28,0.05
2016/08/29,-0.554
2016/08/30,-0.944
2016/08/31,-1.081
2016/09/01,-1.149
2016/09/02,-1.311
2016/09/03,-1.551
2016/09/04,-2.086
2016/09/05,-2.001
2016/09/06,-1.751
2016/09/07,-1.46
2016/09/08,-1.117
2016/09/09,-0.612
2016/09/10,-0.56
2016/09/11,-0.743
2016/09/12,-0.68
2016/09/13,-0.409
2016/09/14,-0.218
2016/09/15,-0.305
2016/09/16,0.017
2016/09/17,-0.297
2016/09/18,-0.773
2016/09/19,-0.94
2016/09/20,-0.352
2016/09/21,0.12
2016/09/22,0.886
2016/09/23,1.369
2016/09/24,1.113
2016/09/25,0.916
2016/09/26,1.505
2016/09/27,1.46
2016/09/28,2.213
2016/09/29,2.23
2016/09/30,2.64
2016/10/01,2.184
2016/10/02,1.17
2016/10/03,0.827
2016/10/04,0.651
2016/10/05,0.787
2016/10/06,1.167
2016/10/07,1.549
2016/10/08,1.972
2016/10/09,2.823
2016/10/10,3.327
2016/10/11,3.735
2016/10/12,3.943
2016/10/13,2.884
2016/10/14,2.064
2016/10/15,2.575
2016/10/16,2.679
2016/10/17,2.034
2016/10/18,1.651
2016/10/19,1.055
2016/10/20,0.816
2016/10/21,1.386
2016/10/22,0.687
2016/10/23,0.059
2016/10/24,0.996
2016/10/25,1.958
2016/10/26,2.018
2016/10/27,2.72
2016/10/28,1.975
2016/10/29,0.798
2016/10/30,-0.453
2016/10/31,-1.278
2016/11/01,-1.719
2016/11/02,0.603
2016/11/03,5.376
2016/11/04,8.94
2016/11/05,10.832
2016/11/06,10.975
2016/11/07,9.626
2016/11/08,7.422
2016/11/09,4.935
2016/11/10,2.347
2016/11/11,-0.064
2016/11/12,-2.24
2016/11/13,-4.015
2016/11/14,-5.261
2016/11/15,-5.961
2016/11/16,-6.167
2016/11/17,-6.221
2016/11/18,-6.202
2016/11/19,-6.269
2016/11/20,-6.318
2016/11/21,-6.039
2016/11/22,-5.494
2016/11/23,-4.75
2016/11/24,-3.77
2016/11/25,-3.105
2016/11/26,-2.943
2016/11/27,-3.235
2016/11/28,-3.224
2016/11/29,-3
2016/11/30,-2.685
2016/12/01,-2.234
2016/12/02,-1.285
2016/12/03,-1.055
2016/12/04,-1.379
2016/12/05,-0.964
2016/12/06,-0.348
2016/12/07,0.106
2016/12/08,0.284
2016/12/09,0.379
2016/12/10,0.056
2016/12/11,-0.563
2016/12/12,-0.591
2016/12/13,-0.361
2016/12/14,0.132
2016/12/15,1.149
2016/12/16,1.993
2016/12/17,1.849
2016/12/18,1.331
2016/12/19,1
2016/12/20,0.976
2016/12/21,2.432
2016/12/22,3.332
2016/12/23,4.158
2016/12/24,3.611
2016/12/25,2.23
2016/12/26,1.143
2016/12/27,0.547
2016/12/28,0.378
2016/12/29,0.419
2016/12/30,0.804
2016/12/31,0.53
2017/01/01,-0.146
2017/01/02,-0.384
2017/01/03,0.124
2017/01/04,1.231
2017/01/05,2.927
2017/01/06,3.696
2017/01/07,3.253
2017/01/08,1.921
2017/01/09,1.014
2017/01/10,0.452
2017/01/11,1.781
2017/01/12,2.419
2017/01/13,2.239
2017/01/14,1.009
2017/01/15,-0.385
2017/01/16,-1.332
2017/01/17,-1.689
2017/01/18,-1.925
2017/01/19,-2.141
2017/01/20,-2.291
2017/01/21,-2.628
2017/01/22,-3.068
2017/01/23,-3.148
2017/01/24,-2.763
2017/01/25,-2.149
2017/01/26,-1.878
2017/01/27,-1.883
2017/01/28,-2.253
2017/01/29,-2.667
2017/01/30,-2.705
2017/01/31,-2.181
2017/02/01,-1.203
2017/02/02,-0.263
2017/02/03,1.695
2017/02/04,2.423
2017/02/05,2.285
2017/02/06,2.074
2017/02/07,2.09
2017/02/08,2.114
2017/02/09,2.27
2017/02/10,1.907
2017/02/11,0.918
2017/02/12,-0.397
2017/02/13,-1.111
2017/02/14,-1.251
2017/02/15,-1.246
2017/02/16,-1.159
2017/02/17,-0.647
2017/02/18,-0.634
2017/02/19,-0.529
2017/02/20,-0.437
2017/02/21,-0.238
2017/02/22,0.221
2017/02/23,1.028
2017/02/24,1.825
2017/02/25,1.672
2017/02/26,0.888
2017/02/27,0.654
2017/02/28,0.808
2017/03/01,1.222
2017/03/02,2.449
2017/03/03,3.559
2017/03/04,3.582
2017/03/05,2.771
2017/03/06,2.498
2017/03/07,2.428
2017/03/08,2.244
2017/03/09,1.839
2017/03/10,1.613
2017/03/11,1.158
2017/03/12,0.305
2017/03/13,0.168
2017/03/14,0.76
2017/03/15,1.158
2017/03/16,2.473
2017/03/17,3.373
2017/03/18,3.144
2017/03/19,2.126
2017/03/20,1.201
2017/03/21,0.752
2017/03/22,0.701
2017/03/23,0.598
2017/03/24,1.648
2017/03/25,2.461
2017/03/26,1.746
2017/03/27,0.936
2017/03/28,0.26
2017/03/29,-0.456
2017/03/30,-1.001
2017/03/31,-0.975
2017/04/01,-1.301
2017/04/02,-1.726
2017/04/03,-1.67
2017/04/04,-1.402
2017/04/05,-1.127
2017/04/06,-0.895
2017/04/07,-0.777
2017/04/08,-1.224
2017/04/09,-1.784
2017/04/10,-1.783
2017/04/11,-1.409
2017/04/12,-0.823
2017/04/13,-0.353
2017/04/14,0.217
2017/04/15,0.168
2017/04/16,-0.264
2017/04/17,-0.265
2017/04/18,0.277
2017/04/19,0.496
2017/04/20,0.769
2017/04/21,0.853
2017/04/22,0.455
2017/04/23,-0.123
2017/04/24,-0.224
2017/04/25,1.173
2017/04/26,2.12
2017/04/27,2.982
2017/04/28,3.215
2017/04/29,2.712
2017/04/30,1.723
2017/05/01,1.171
2017/05/02,1.072
2017/05/03,1.173
2017/05/04,1.956
2017/05/05,2.805
2017/05/06,2.846
2017/05/07,2.506
2017/05/08,2.718
2017/05/09,3.192
2017/05/10,3.692
2017/05/11,3.811
2017/05/12,3.551
2017/05/13,2.68
2017/05/14,1.568
2017/05/15,1.244
2017/05/16,1.065
2017/05/17,1.749
2017/05/18,2.018
2017/05/19,2.148
2017/05/20,2.014
2017/05/21,1.494
2017/05/22,1.742
2017/05/23,2.259
2017/05/24,3.187
2017/05/25,4.667
2017/05/26,5.152
2017/05/27,4.21
2017/05/28,2.978
2017/05/29,2.139
2017/05/30,1.912
2017/05/31,2.123
2017/06/01,2.847
2017/06/02,3.127
2017/06/03,3.358
2017/06/04,2.945
2017/06/05,2.912
2017/06/06,2.721
2017/06/07,2.572
2017/06/08,2.235
2017/06/09,1.994
2017/06/10,1.57
2017/06/11,1.048
2017/06/12,0.973
2017/06/13,1.22
2017/06/14,1.486
2017/06/15,1.389
2017/06/16,1.294
2017/06/17,0.651
2017/06/18,-0.183
2017/06/19,-0.446
2017/06/20,-0.263
2017/06/21,0.111
2017/06/22,0.256
2017/06/23,0.076
2017/06/24,-0.376
2017/06/25,-0.941
2017/06/26,-0.92
2017/06/27,-0.936
2017/06/28,-0.778
2017/06/29,-0.239
2017/06/30,-0.129
2017/07/01,-0.59
2017/07/02,-1.392
2017/07/03,-1.661
2017/07/04,-1.867
2017/07/05,-1.646
2017/07/06,-1.458
2017/07/07,-1.294
2017/07/08,-1.474
2017/07/09,-1.762
2017/07/10,-1.527
2017/07/11,-1.148
2017/07/12,-0.981
2017/07/13,-0.871
2017/07/14,-0.842
2017/07/15,-1.191
2017/07/16,-1.727
2017/07/17,-1.709
2017/07/18,-1.375
2017/07/19,-0.979
2017/07/20,-0.402
2017/07/21,0.042
2017/07/22,0.099
2017/07/23,-0.202
2017/07/24,0.06
2017/07/25,5.397
2017/07/26,7.794
2017/07/27,7.148
2017/07/28,7.028
2017/07/29,7.028
2017/07/30,10.213
2017/07/31,9.312
2017/08/01,7.136
2017/08/02,4.782
2017/08/03,2.308
2017/08/04,0.237
2017/08/05,-1.321
2017/08/06,-2.6
2017/08/07,-3.273
2017/08/08,-3.138
2017/08/09,-2.858
2017/08/10,-2.157
2017/08/11,-0.859
2017/08/12,-0.123
2017/08/13,0.467
2017/08/14,1.28
2017/08/15,1.753
2017/08/16,2.307
2017/08/17,2.8
2017/08/18,2.939
2017/08/19,2.623
2017/08/20,1.802
2017/08/21,1.291
2017/08/22,0.496
2017/08/23,0.208
2017/08/24,-0.358
2017/08/25,-1.158
2017/08/26,-1.852
2017/08/27,-2.495
2017/08/28,-2.643
2017/08/29,-2.349
2017/08/30,-2.147
2017/08/31,-1.857
2017/09/01,-1.485
2017/09/02,-1.411
2017/09/03,-1.529
2017/09/04,-0.955
2017/09/05,4.009
2017/09/06,5.862
2017/09/07,5.812
2017/09/08,4.902
2017/09/09,3.483
2017/09/10,1.898
2017/09/11,1.115
2017/09/12,0.655
2017/09/13,0.496
2017/09/14,0.526
2017/09/15,0.745
2017/09/16,0.48
2017/09/17,-0.342
2017/09/18,-0.821
2017/09/19,-1.273
2017/09/20,-1.663
2017/09/21,-1.954
2017/09/22,-2.257
2017/09/23,-2.818
2017/09/24,-3.513
2017/09/25,-3.525
2017/09/26,-3.13
2017/09/27,-2.447
2017/09/28,-1.498
2017/09/29,-0.809
2017/09/30,-0.475
2017/10/01,-0.556
2017/10/02,-0.382
2017/10/03,-0.524
2017/10/04,-0.955
2017/10/05,-1.16
2017/10/06,-1.416
2017/10/07,-1.93
2017/10/08,-2.211
2017/10/09,-0.846
2017/10/10,0.351
2017/10/11,1.185
2017/10/12,2.016
2017/10/13,2.701
2017/10/14,2.782
2017/10/15,2.307
2017/10/16,2.454
2017/10/17,3.791
2017/10/18,4.264
2017/10/19,4.118
2017/10/20,3.714
2017/10/21,2.962
2017/10/22,2.032
2017/10/23,2.363
2017/10/24,2.613
2017/10/25,2.309
2017/10/26,1.766
2017/10/27,1.323
2017/10/28,0.52
2017/10/29,-0.018
2017/10/30,-0.138
2017/10/31,0.01
2017/11/01,0.529
2017/11/02,1.342
2017/11/03,1.754
2017/11/04,1.384
2017/11/05,0.709
2017/11/06,0.35
2017/11/07,0.671
2017/11/08,1.32
2017/11/09,1.969
2017/11/10,2.515
2017/11/11,2.147
2017/11/12,1.706
2017/11/13,3.407
2017/11/14,5.15
2017/11/15,6.026
2017/11/16,6.89
2017/11/17,7.466
2017/11/18,6.778
2017/11/19,5.88
2017/11/20,5.209
2017/11/21,4.657
2017/11/22,3.839
2017/11/23,3.116
2017/11/24,2.212
2017/11/25,1.382
2017/11/26,0.423
2017/11/27,-0.16
2017/11/28,-0.121
2017/11/29,0.632
2017/11/30,1.059
2017/12/01,0.991
2017/12/02,0.625
2017/12/03,0.197
2017/12/04,0.314
2017/12/05,0.837
2017/12/06,1.98
2017/12/07,3.719
2017/12/08,4.391
2017/12/09,4.736
2017/12/10,4.029
2017/12/11,3.801
2017/12/12,4.175
2017/12/13,4.64
2017/12/14,4.483
2017/12/15,4.046
2017/12/16,3.368
2017/12/17,2.772
2017/12/18,2.642
2017/12/19,1.814
2017/12/20,0.863
2017/12/21,-0.31
2017/12/22,-1.473
2017/12/23,-2.446
2017/12/24,-3.383
2017/12/25,-3.975
2017/12/26,-3.923
2017/12/27,-3.517
2017/12/28,-3.292
2017/12/29,-3.057
2017/12/30,-2.977
2017/12/31,-3.2
2018/01/01,-3.568
2018/01/02,-3.427
2018/01/03,-3.052
2018/01/04,-2.523
2018/01/05,-1.617
2018/01/06,-0.299
2018/01/07,1.348
2018/01/08,2.15
2018/01/09,2.178
2018/01/10,1.703
2018/01/11,0.834
2018/01/12,-0.095
2018/01/13,-1.163
2018/01/14,-2.219
2018/01/15,-3.015
2018/01/16,-2.751
2018/01/17,-2.586
2018/01/18,-2.529
2018/01/19,-2.79
2018/01/20,-3.17
2018/01/21,-3.764
2018/01/22,-4.107
2018/01/23,-4.231
2018/01/24,-4.155
2018/01/25,-4.175
2018/01/26,-4.016
2018/01/27,-4.199
2018/01/28,-4.055
2018/01/29,-3.931
2018/01/30,-3.856
2018/01/31,-3.898
2018/02/01,-3.654
2018/02/02,-3.264
2018/02/03,-3.313
2018/02/04,-3.66
2018/02/05,-3.197
2018/02/06,-2.582
2018/02/07,-2.314
2018/02/08,-2.148
2018/02/09,-2.095
2018/02/10,-1.465
2018/02/11,-1.002
2018/02/12,-0.208
2018/02/13,0.073
2018/02/14,0.332
2018/02/15,0.421
2018/02/16,-0.018
2018/02/17,0.237
2018/02/18,1.112
2018/02/19,2.346
2018/02/20,2.77
2018/02/21,2.752
2018/02/22,2.503
2018/02/23,1.541
2018/02/24,0.232
2018/02/25,-1.271
2018/02/26,-2.31
2018/02/27,-2.888
2018/02/28,-2.85
2018/03/01,-2.354
2018/03/02,-2.025
2018/03/03,-1.988
2018/03/04,-2.342
2018/03/05,-2.294
2018/03/06,-2.234
2018/03/07,-2.161
2018/03/08,-2.031
2018/03/09,-1.852
2018/03/10,-2.244
2018/03/11,-2.799
2018/03/12,-2.899
2018/03/13,-2.869
2018/03/14,-2.702
2018/03/15,-2.273
2018/03/16,-2.155
2018/03/17,-2.561
2018/03/18,-3
2018/03/19,-2.978
2018/03/20,-2.794
2018/03/21,-2.261
2018/03/22,-1.872
2018/03/23,-1.587
2018/03/24,-1.593
2018/03/25,-1.394
2018/03/26,-0.905
2018/03/27,-0.419
2018/03/28,-0.143
2018/03/29,-0.176
2018/03/30,-0.12
2018/03/31,-0.627
2018/04/01,-1.244
2018/04/02,-1.086
2018/04/03,-0.229
2018/04/04,0.061
2018/04/05,-0.055
2018/04/06,-0.221
2018/04/07,-0.756
2018/04/08,-1.485
2018/04/09,-1.553
2018/04/10,-1.437
2018/04/11,-1.203
2018/04/12,-0.417
2018/04/13,0.605
2018/04/14,0.52
2018/04/15,0.199
2018/04/16,1.116
2018/04/17,1.961
2018/04/18,2.591
2018/04/19,3.278
2018/04/20,3.981
2018/04/21,3.511
2018/04/22,2.529
2018/04/23,1.938
2018/04/24,2.168
2018/04/25,2.673
2018/04/26,2.492
2018/04/27,2.083
2018/04/28,1.866
2018/04/29,1.576
2018/04/30,1.29
2018/05/01,0.607
2018/05/02,0.008
2018/05/03,-0.203
2018/05/04,-0.048
2018/05/05,-0.213
2018/05/06,-0.583
2018/05/07,-0.708
2018/05/08,-0.728
2018/05/09,-0.701
2018/05/10,-0.541
2018/05/11,-0.029
2018/05/12,-0.191
2018/05/13,-0.875
2018/05/14,-0.79
2018/05/15,-0.835
2018/05/16,-0.791
2018/05/17,-0.697
2018/05/18,-0.597
2018/05/19,-1.149
2018/05/20,-1.842
2018/05/21,-2.232
2018/05/22,-2.454
2018/05/23,-2.328
2018/05/24,-2.06
2018/05/25,-1.989
2018/05/26,-2.317
2018/05/27,-2.493
2018/05/28,-1.56
2018/05/29,-0.353
2018/05/30,0.884
2018/05/31,1.963
2018/06/01,2.345
2018/06/02,1.754
2018/06/03,0.949
2018/06/04,1.099
2018/06/05,1.045
2018/06/06,0.687
2018/06/07,0.471
2018/06/08,0.683
2018/06/09,0.256
2018/06/10,0.314
2018/06/11,0.57
2018/06/12,0.713
2018/06/13,0.674
2018/06/14,0.574
2018/06/15,0.102
2018/06/16,-1.086
2018/06/17,-2.365
2018/06/18,-3.247
2018/06/19,-3.771
2018/06/20,-4.029
2018/06/21,-4.035
2018/06/22,-3.616
2018/06/23,-3.651
2018/06/24,-3.71
2018/06/25,-3.436
2018/06/26,-3.21
2018/06/27,-2.712
2018/06/28,-2.383
2018/06/29,-2.212
2018/06/30,-2.263
2018/07/01,-2.176
2018/07/02,-1.665
2018/07/03,-0.81
2018/07/04,-0.329
2018/07/05,0.05
2018/07/06,0.337
2018/07/07,-0.132
2018/07/08,-0.519
2018/07/09,-0.625
2018/07/10,0.224
2018/07/11,0.659
2018/07/12,0.874
2018/07/13,0.921
2018/07/14,0.523
2018/07/15,0.131
2018/07/16,0.34
2018/07/17,0.86
2018/07/18,1.625
2018/07/19,2.07
2018/07/20,2.189
2018/07/21,1.563
2018/07/22,0.585
2018/07/23,0.462
2018/07/24,1.123
2018/07/25,1.733
2018/07/26,1.893
2018/07/27,1.797
2018/07/28,1.152
2018/07/29,0.424
2018/07/30,0.227
2018/07/31,0.314
2018/08/01,0.337
2018/08/02,0.345
2018/08/03,0.309
2018/08/04,-0.082
2018/08/05,-0.587
2018/08/06,-0.778
2018/08/07,-0.665
2018/08/08,-0.221
2018/08/09,0.122
2018/08/10,0.255
2018/08/11,-0.167
2018/08/12,-1.049
2018/08/13,-1.258
2018/08/14,-0.83
2018/08/15,-0.318
2018/08/16,-0.146
2018/08/17,-0.156
2018/08/18,-0.785
2018/08/19,-1.738
2018/08/20,-2.106
2018/08/21,-1.816
2018/08/22,-1.253
2018/08/23,-0.913
2018/08/24,-0.703
2018/08/25,-0.798
2018/08/26,-1.299
2018/08/27,-1.055
2018/08/28,-0.316
2018/08/29,0.434
2018/08/30,0.897
2018/08/31,3.255
2018/09/01,3.827
2018/09/02,3.497
2018/09/03,3.103
2018/09/04,2.692
2018/09/05,2.374
2018/09/06,2.208
2018/09/07,1.655
2018/09/08,0.611
2018/09/09,-0.569
2018/09/10,-1.301
2018/09/11,-1.619
2018/09/12,-1.754
2018/09/13,-1.384
2018/09/14,-1.249
2018/09/15,-1.547
2018/09/16,-2.059
2018/09/17,-2.134
2018/09/18,-1.976
2018/09/19,-1.69
2018/09/20,-1.27
2018/09/21,-0.302
2018/09/22,-0.13
2018/09/23,-0.658
2018/09/24,-1.094
2018/09/25,-0.943
2018/09/26,-0.699
2018/09/27,-0.362
2018/09/28,0.311
2018/09/29,0.262
2018/09/30,-0.165
2018/10/01,-0.266
2018/10/02,-0.001
2018/10/03,0.12
2018/10/04,0.22
2018/10/05,0.132
2018/10/06,-0.346
2018/10/07,-1.135
2018/10/08,-1.397
2018/10/09,-1.342
2018/10/10,-0.665
2018/10/11,0.364
2018/10/12,1.115
2018/10/13,0.849
2018/10/14,0.214
2018/10/15,0.999
2018/10/16,1.455
2018/10/17,1.697
2018/10/18,1.889
2018/10/19,1.906
2018/10/20,1.277
2018/10/21,0.163
2018/10/22,-0.393
2018/10/23,-0.346
2018/10/24,0.135
2018/10/25,0.652
2018/10/26,0.738
2018/10/27,0.075
2018/10/28,-0.953
2018/10/29,-1.327
2018/10/30,-1.439
2018/10/31,-1.361
2018/11/01,-1.185
2018/11/02,-0.737
2018/11/03,-1.052
2018/11/04,-1.526
2018/11/05,-1.433
2018/11/06,-1.086
2018/11/07,-0.667
2018/11/08,-0.388
2018/11/09,-0.13
2018/11/10,-0.453
2018/11/11,-1.038
2018/11/12,-0.994
2018/11/13,-0.72
2018/11/14,0.245
2018/11/15,2.775
2018/11/16,3.832
2018/11/17,3.089
2018/11/18,1.545
2018/11/19,0.842
2018/11/20,1.118
2018/11/21,0.874
2018/11/22,0.15
2018/11/23,-0.583
2018/11/24,-1.511
2018/11/25,-2.309
2018/11/26,-2.633
2018/11/27,-2.596
2018/11/28,-2.067
2018/11/29,-1.527
2018/11/30,0.019
2018/12/01,0.863
2018/12/02,0.766
2018/12/03,0.942
2018/12/04,2.469
2018/12/05,3.29
2018/12/06,3.392
2018/12/07,2.57
2018/12/08,0.979
2018/12/09,-0.819
2018/12/10,-2.077
2018/12/11,-2.813
2018/12/12,-3.265
2018/12/13,-3.436
2018/12/14,-3.46
2018/12/15,-3.763
2018/12/16,-4.067
2018/12/17,-3.848
2018/12/18,-3.049
2018/12/19,-1.68
2018/12/20,-0.447
2018/12/21,0.54
2018/12/22,0.364
2018/12/23,-0.366
2018/12/24,-0.628
2018/12/25,-1.086
2018/12/26,-1.356
2018/12/27,-1.311
2018/12/28,-0.972
2018/12/29,-0.708
2018/12/30,-1.158
2018/12/31,-1.586
2019/01/01,-2.266
2019/01/02,-2.296
2019/01/03,-1.85
2019/01/04,-1.183
2019/01/05,-0.98
2019/01/06,-0.983
2019/01/07,-0.467
2019/01/08,0.05
2019/01/09,0.575
2019/01/10,1.215
2019/01/11,1.838
2019/01/12,1.439
2019/01/13,0.593
2019/01/14,0.102
2019/01/15,0.446
2019/01/16,0.637
2019/01/17,0.502
2019/01/18,0.177
2019/01/19,-0.577
2019/01/20,-1.333
2019/01/21,-1.733
2019/01/22,-1.671
2019/01/23,-1.401
2019/01/24,-1.126
2019/01/25,-0.838
2019/01/26,-0.986
2019/01/27,-1.465
2019/01/28,-1.02
2019/01/29,-0.479
2019/01/30,0.186
2019/01/31,0.661
2019/02/01,1.368
2019/02/02,1.16
2019/02/03,0.426
2019/02/04,-0.174
2019/02/05,-0.538
2019/02/06,-0.649
2019/02/07,-0.68
2019/02/08,-0.383
2019/02/09,-0.368
2019/02/10,-0.788
2019/02/11,-0.813
2019/02/12,-0.557
2019/02/13,-0.083
2019/02/14,0.016
2019/02/15,0.145
2019/02/16,0
2019/02/17,-0.409
2019/02/18,-0.073
2019/02/19,0.829
2019/02/20,1.694
2019/02/21,2.194
2019/02/22,2.296
2019/02/23,2.089
2019/02/24,1.607
2019/02/25,1.629
2019/02/26,1.648
2019/02/27,1.733
2019/02/28,2.006
2019/03/01,1.889
2019/03/02,1.282
2019/03/03,1.745
2019/03/04,2.019
2019/03/05,2.115
2019/03/06,1.826
2019/03/07,1.486
2019/03/08,1.013
2019/03/09,0.228
2019/03/10,-0.715
2019/03/11,-1.151
2019/03/12,-1.205
2019/03/13,-1.069
2019/03/14,-0.631
2019/03/15,-0.354
2019/03/16,-0.473
2019/03/17,-0.957
2019/03/18,-1.057
2019/03/19,-0.958
2019/03/20,-0.633
2019/03/21,-0.155
2019/03/22,0.092
2019/03/23,-0.241
2019/03/24,-0.872
2019/03/25,-0.993
2019/03/26,-0.766
2019/03/27,-0.399
2019/03/28,0.125
2019/03/29,0.828
2019/03/30,0.856
2019/03/31,0.486
2019/04/01,0.548
2019/04/02,2.809
2019/04/03,4.383
2019/04/04,5.135
2019/04/05,4.959
2019/04/06,3.792
2019/04/07,2.555
2019/04/08,2.141
2019/04/09,2.091
2019/04/10,2.126
2019/04/11,2.412
2019/04/12,2.194
2019/04/13,1.317
2019/04/14,0.37
2019/04/15,-0.014
2019/04/16,-0.283
2019/04/17,0.297
2019/04/18,1.24
2019/04/19,1.743
2019/04/20,1.468
2019/04/21,0.489
2019/04/22,0.477
2019/04/23,1.239
2019/04/24,2.778
2019/04/25,3.783
2019/04/26,3.995
2019/04/27,2.759
2019/04/28,1.231
2019/04/29,0.257
2019/04/30,-0.293
2019/05/01,-0.794
2019/05/02,-1.19
2019/05/03,-1.161
2019/05/04,-1.301
2019/05/05,-1.571
2019/05/06,-1.533
2019/05/07,-1.134
2019/05/08,-0.587
2019/05/09,0.1
2019/05/10,0.883
2019/05/11,1.615
2019/05/12,1.788
2019/05/13,2.218
2019/05/14,3.162
2019/05/15,4.292
2019/05/16,4.941
2019/05/17,4.853
2019/05/18,3.632
2019/05/19,2.329
2019/05/20,1.448
2019/05/21,0.863
2019/05/22,0.579
2019/05/23,0.418
2019/05/24,0.469
2019/05/25,-0.057
2019/05/26,-0.704
2019/05/27,-0.568
2019/05/28,-0.075
2019/05/29,0.928
2019/05/30,1.616
2019/05/31,3.692
2019/06/01,3.616
2019/06/02,2.534
2019/06/03,2.485
2019/06/04,2.308
2019/06/05,2.011
2019/06/06,2.188
2019/06/07,1.579
2019/06/08,0.492
2019/06/09,-0.742
2019/06/10,-1.331
2019/06/11,-0.734
2019/06/12,-0.336
2019/06/13,-0.205
2019/06/14,-0.181
2019/06/15,-0.353
2019/06/16,-0.539
2019/06/17,1.903
2019/06/18,5.527
2019/06/19,6.448
2019/06/20,5.915
2019/06/21,4.696
2019/06/22,4.537
2019/06/23,3.293
2019/06/24,2.241
2019/06/25,1.823
2019/06/26,2.083
2019/06/27,2.193
2019/06/28,1.945
2019/06/29,1.743
2019/06/30,2.175
2019/07/01,1.534
2019/07/02,0.395
2019/07/03,-0.689
2019/07/04,-1.528
2019/07/05,-2.36
2019/07/06,-3.282
2019/07/07,-4.209
2019/07/08,-3.857
2019/07/09,-2.771
2019/07/10,-0.97
2019/07/11,1.682
2019/07/12,4.176
2019/07/13,5.08
2019/07/14,4.94
2019/07/15,4.21
2019/07/16,3.22
2019/07/17,2.152
2019/07/18,0.998
2019/07/19,-0.124
2019/07/20,-1.367
2019/07/21,-2.628
2019/07/22,-3.557
2019/07/23,-4.148
2019/07/24,-4.423
2019/07/25,-4.542
2019/07/26,-4.65
2019/07/27,-4.939
2019/07/28,-5.405
2019/07/29,-4.398
2019/07/30,-3.842
2019/07/31,-3.587
2019/08/01,-3.375
2019/08/02,-3.099
2019/08/03,-3.241
2019/08/04,-3.532
2019/08/05,-2.762
2019/08/06,-1.436
2019/08/07,-0.343
2019/08/08,0.172
2019/08/09,0.367
2019/08/10,0.141
2019/08/11,-0.566
2019/08/12,-0.966
2019/08/13,-0.988
2019/08/14,-0.882
2019/08/15,-0.289
2019/08/16,-0.271
2019/08/17,-0.3
2019/08/18,-0.743
2019/08/19,-1.122
2019/08/20,-1.374
2019/08/21,-1.532
2019/08/22,-1.901
2019/08/23,-1.897
2019/08/24,-2.257
2019/08/25,-2.807
2019/08/26,-2.586
2019/08/27,-2.003
2019/08/28,-1.54
2019/08/29,-0.601
2019/08/30,0.173
2019/08/31,0.103
2019/09/01,-0.273
2019/09/02,-0.309
2019/09/03,0.082
2019/09/04,0.446
2019/09/05,1.062
2019/09/06,2.134
2019/09/07,2.066
2019/09/08,1.305
2019/09/09,0.769
2019/09/10,0.796
2019/09/11,0.658
2019/09/12,0.587
2019/09/13,0.251
2019/09/14,-0.14
2019/09/15,-0.846
2019/09/16,-1.018
2019/09/17,-0.85
2019/09/18,-0.369
2019/09/19,-0.061
2019/09/20,0.392
2019/09/21,0.584
2019/09/22,0.068
2019/09/23,-0.493
2019/09/24,0.351
2019/09/25,1.135
2019/09/26,1.15
2019/09/27,0.825
2019/09/28,-0.02
2019/09/29,-1.014
2019/09/30,-1.472
2019/10/01,-1.668
2019/10/02,-2.023
2019/10/03,-2.156
2019/10/04,-2.199
2019/10/05,-2.571
2019/10/06,-2.958
2019/10/07,-2.991
2019/10/08,-2.701
2019/10/09,-2.061
2019/10/10,-1.356
2019/10/11,-0.847
2019/10/12,-1.028
2019/10/13,-1.608
2019/10/14,-1.161
2019/10/15,-0.918
2019/10/16,-0.077
2019/10/17,0.711
2019/10/18,1.007
2019/10/19,0.279
2019/10/20,-0.773
2019/10/21,-1.31
2019/10/22,-1.439
2019/10/23,-0.934
2019/10/24,-0.313
2019/10/25,0.498
2019/10/26,1.249
2019/10/27,1.306
2019/10/28,1.8
2019/10/29,1.868
2019/10/30,1.468
2019/10/31,1.237
2019/11/01,1.626
2019/11/02,1.286
2019/11/03,0.711
2019/11/04,0.656
2019/11/05,1.531
2019/11/06,1.711
2019/11/07,1.668
2019/11/08,1.654
2019/11/09,1.287
2019/11/10,0.261
2019/11/11,-0.652
2019/11/12,-1.198
2019/11/13,-1.253
2019/11/14,-1.115
2019/11/15,-0.57
2019/11/16,-0.777
2019/11/17,-1.435
2019/11/18,-1.501
2019/11/19,-1.465
2019/11/20,-1.61
2019/11/21,-1.333
2019/11/22,-0.185
2019/11/23,0.64
2019/11/24,0.762
2019/11/25,1.111
2019/11/26,1.248
2019/11/27,1.316
2019/11/28,0.826
2019/11/29,0.545
2019/11/30,0.214
2019/12/01,-0.365
2019/12/02,-0.651
2019/12/03,-0.807
2019/12/04,2.267
2019/12/05,2.818
2019/12/06,5.309
2019/12/07,4.571
2019/12/08,2.575
2019/12/09,1.029
2019/12/10,0.024
2019/12/11,-0.812
2019/12/12,-1.403
2019/12/13,-2.021
2019/12/14,-2.855
2019/12/15,-3.675
2019/12/16,-4.046
2019/12/17,-2.688
2019/12/18,-1.533
2019/12/19,-0.747
2019/12/20,-0.256
2019/12/21,-0.482
2019/12/22,-1.043
2019/12/23,-1.17
2019/12/24,-1.39
2019/12/25,-1.797
2019/12/26,-2.023
2019/12/27,-1.922
2019/12/28,-1.925
2019/12/29,-2.231
2019/12/30,-1.748
2019/12/31,-1.442
2020/01/01,-1.819
2020/01/02,-1.811
2020/01/03,-0.68
2020/01/04,-0.151
2020/01/05,-0.37
2020/01/06,-0.253
2020/01/07,0.114
2020/01/08,0.689
2020/01/09,2.497
2020/01/10,3.446
2020/01/11,3.013
2020/01/12,1.908
2020/01/13,1.139
2020/01/14,1.989
2020/01/15,4.955
2020/01/16,5.289
2020/01/17,5.198
2020/01/18,3.748
2020/01/19,2.016
2020/01/20,1.182
2020/01/21,0.376
2020/01/22,-0.086
2020/01/23,-0.102
2020/01/24,-0.332
2020/01/25,-1.059
2020/01/26,-1.785
2020/01/27,-1.973
2020/01/28,-1.507
2020/01/29,-0.78
2020/01/30,0.41
2020/01/31,1.985
2020/02/01,2.691
2020/02/02,2.397
2020/02/03,3.018
2020/02/04,2.93
2020/02/05,2.285
2020/02/06,2.905
2020/02/07,2.88
2020/02/08,2.3
2020/02/09,1.184
2020/02/10,0.569
2020/02/11,0.334
2020/02/12,0.33
2020/02/13,0.465
2020/02/14,0.558
2020/02/15,0.297
2020/02/16,0.071
2020/02/17,0.719
2020/02/18,0.696
2020/02/19,0.936
2020/02/20,0.866
2020/02/21,0.435
2020/02/22,-0.48
2020/02/23,-1.175
2020/02/24,-1.52
2020/02/25,-1.453
2020/02/26,-1.421
2020/02/27,-1.079
2020/02/28,-0.656
2020/02/29,-1.019
2020/03/01,-1.791
2020/03/02,-2.118
2020/03/03,-2.238
2020/03/04,-2.058
2020/03/05,-1.736
2020/03/06,-1.007
2020/03/07,-0.918
2020/03/08,-1.261
2020/03/09,-0.823
2020/03/10,-0.314
2020/03/11,0.18
2020/03/12,2.156
2020/03/13,3.495
2020/03/14,2.983
2020/03/15,1.49
2020/03/16,0.591
2020/03/17,0.005
2020/03/18,-0.783
2020/03/19,-1.382
2020/03/20,-1.382
2020/03/21,-1.994
2020/03/22,-2.58
2020/03/23,-2.965
2020/03/24,-2.369
2020/03/25,-2.141
2020/03/26,-2.084
2020/03/27,-2.046
2020/03/28,-2.443
2020/03/29,-2.993
2020/03/30,-2.892
2020/03/31,-2.262
2020/04/01,-1.699
2020/04/02,-1.224
2020/04/03,-0.724
2020/04/04,-0.255
2020/04/05,-0.625
2020/04/06,-0.188
2020/04/07,1.006
2020/04/08,1.203
2020/04/09,1.82
2020/04/10,1.686
2020/04/11,0.744
2020/04/12,-0.518
2020/04/13,-1.188
2020/04/14,-1.654
2020/04/15,-1.615
2020/04/16,-0.934
2020/04/17,-0.443
2020/04/18,-0.71
2020/04/19,-1.34
2020/04/20,-1.521
2020/04/21,-1.471
2020/04/22,-1.215
2020/04/23,-0.595
2020/04/24,0.936
2020/04/25,1.056
2020/04/26,0.431
2020/04/27,0.358
2020/04/28,0.461
2020/04/29,2.263
2020/04/30,4.447
2020/05/01,5.062
2020/05/02,4.031
2020/05/03,2.639
2020/05/04,1.839
2020/05/05,1.171
2020/05/06,1.02
2020/05/07,1.541
2020/05/08,2.674
2020/05/09,3.096
2020/05/10,2.458
2020/05/11,2.014
2020/05/12,2.032
2020/05/13,2.177
2020/05/14,1.883
2020/05/15,1.413
2020/05/16,0.357
2020/05/17,-0.921
2020/05/18,-1.412
2020/05/19,-1.514
2020/05/20,-1.115
2020/05/21,-0.527
2020/05/22,-0.37
2020/05/23,-0.949
2020/05/24,-1.537
2020/05/25,-1.033
2020/05/26,-0.954
2020/05/27,-0.777
2020/05/28,-0.755
2020/05/29,-0.269
2020/05/30,-0.581
2020/05/31,-0.651
2020/06/01,-0.036
2020/06/02,1.166
2020/06/03,1.357
2020/06/04,1.36
2020/06/05,1.373
2020/06/06,0.417
2020/06/07,-0.819
2020/06/08,-1.224
2020/06/09,-1.418
2020/06/10,-1.531
2020/06/11,-0.927
2020/06/12,-0.722
2020/06/13,-1.235
2020/06/14,-2.091
2020/06/15,-1.834
2020/06/16,-1.118
2020/06/17,-0.293
2020/06/18,0.194
2020/06/19,2.004
2020/06/20,1.782
2020/06/21,0.623
2020/06/22,0.017
2020/06/23,0.322
2020/06/24,0.575
2020/06/25,1.142
2020/06/26,1.727
2020/06/27,0.987
2020/06/28,-0.204
2020/06/29,-0.886
2020/06/30,-1.115
2020/07/01,-0.912
2020/07/02,-0.623
2020/07/03,-0.452
2020/07/04,-0.879
2020/07/05,-1.656
2020/07/06,-1.658
2020/07/07,-1.328
2020/07/08,-0.628
2020/07/09,-0.008
2020/07/10,0.339
2020/07/11,-0.152
2020/07/12,-0.659
2020/07/13,0.214
2020/07/14,0.701
2020/07/15,0.904
2020/07/16,0.962
2020/07/17,0.838
2020/07/18,0.164
2020/07/19,-0.743
2020/07/20,-1.058
2020/07/21,-0.89
2020/07/22,-0.351
2020/07/23,0.264
2020/07/24,0.599
2020/07/25,0.34
2020/07/26,-0.113
2020/07/27,0.683
2020/07/28,1.984
2020/07/29,2.76
2020/07/30,3.231
2020/07/31,3.33
2020/08/01,2.879
2020/08/02,1.975
2020/08/03,1.86
2020/08/04,1.644
2020/08/05,1.26
2020/08/06,1.591
2020/08/07,1.866
2020/08/08,1.322
2020/08/09,0.429
2020/08/10,0.267
2020/08/11,0.421
2020/08/12,0.762
2020/08/13,0.933
2020/08/14,1.393
2020/08/15,1.191
2020/08/16,0.656
2020/08/17,0.783
2020/08/18,1.179
2020/08/19,1.261
2020/08/20,1.117
2020/08/21,0.722
2020/08/22,-0.137
2020/08/23,-1.259
2020/08/24,-1.752
2020/08/25,-1.736
2020/08/26,-1.504
2020/08/27,-1.12
2020/08/28,-0.747
2020/08/29,-0.883
2020/08/30,-1.263
2020/08/31,-0.835
2020/09/01,-0.193
2020/09/02,0.536
2020/09/03,1.158
2020/09/04,1.798
2020/09/05,1.403
2020/09/06,0.31
2020/09/07,-0.37
2020/09/08,-0.837
2020/09/09,-1.165
2020/09/10,-1.331
2020/09/11,-1.281
2020/09/12,-1.693
2020/09/13,-2.241
2020/09/14,-2.207
2020/09/15,-1.738
2020/09/16,-1.13
2020/09/17,-0.63
2020/09/18,-0.186
2020/09/19,-0.43
2020/09/20,-1.078
2020/09/21,-1.165
2020/09/22,-0.692
2020/09/23,0.077
2020/09/24,0.919
2020/09/25,1.468
2020/09/26,0.88
2020/09/27,-0.06
2020/09/28,-0.403
2020/09/29,-0.186
2020/09/30,0.253
2020/10/01,0.612
2020/10/02,1.446
2020/10/03,1.17
2020/10/04,0.237
2020/10/05,-0.212
2020/10/06,-0.344
2020/10/07,-0.059
2020/10/08,0.289
2020/10/09,0.819
2020/10/10,0.924
2020/10/11,0.469
2020/10/12,0.405
2020/10/13,0.505
2020/10/14,0.411
2020/10/15,0.43
2020/10/16,0.41
2020/10/17,-0.307
2020/10/18,-1.298
2020/10/19,-1.161
2020/10/20,-0.687
2020/10/21,0.363
2020/10/22,1.785
2020/10/23,2.764
2020/10/24,2.627
2020/10/25,1.836
2020/10/26,1.534
2020/10/27,1.501
2020/10/28,1.915
2020/10/29,2.037
2020/10/30,1.923
2020/10/31,1.423
2020/11/01,0.615
2020/11/02,0.499
2020/11/03,1.751
2020/11/04,2.202
2020/11/05,3.018
2020/11/06,3.601
2020/11/07,2.983
2020/11/08,1.892
2020/11/09,1.356
2020/11/10,1.089
2020/11/11,0.873
2020/11/12,0.873
2020/11/13,0.791
2020/11/14,0.07
2020/11/15,-0.837
2020/11/16,-1.191
2020/11/17,-0.848
2020/11/18,0.229
2020/11/19,0.764
2020/11/20,1.573
2020/11/21,1.439
2020/11/22,0.698
2020/11/23,0.321
2020/11/24,0.648
2020/11/25,1.073
2020/11/26,1.711
2020/11/27,2.033
2020/11/28,1.246
2020/11/29,0.38
2020/11/30,0.37
2020/12/01,1.179
2020/12/02,1.325
2020/12/03,1.064
2020/12/04,0.993
2020/12/05,0.189
2020/12/06,-0.823
2020/12/07,-1.306
2020/12/08,-1.344
2020/12/09,-1.207
2020/12/10,-0.548
2020/12/11,-0.287
2020/12/12,-0.433
2020/12/13,-0.535
2020/12/14,-0.41
2020/12/15,0.048
2020/12/16,1.272
2020/12/17,3.096
2020/12/18,4.822
2020/12/19,4.618
2020/12/20,3.385
2020/12/21,2.658
2020/12/22,2.679
2020/12/23,2.91
2020/12/24,2.562
2020/12/25,1.557
2020/12/26,0.702
2020/12/27,0.493
2020/12/28,1.051
2020/12/29,1.831
2020/12/30,2.697
2020/12/31,3.21
2021/01/01,2.944
2021/01/02,3.034
2021/01/03,2.978
2021/01/04,3.347
2021/01/05,3.504
2021/01/06,3.881
2021/01/07,4.883
2021/01/08,5.756
2021/01/09,5.169
2021/01/10,4.086
2021/01/11,3.343
2021/01/12,2.632
2021/01/13,1.841
2021/01/14,1.599
2021/01/15,1.491
2021/01/16,0.713
2021/01/17,-0.382
2021/01/18,-1.139
2021/01/19,-1.118
2021/01/20,-0.8
2021/01/21,-0.654
2021/01/22,-0.819
2021/01/23,-1.514
2021/01/24,-2.536
2021/01/25,-3.033
2021/01/26,-3.166
2021/01/27,-2.72
2021/01/28,-2.111
2021/01/29,-0.486
2021/01/30,0.043
2021/01/31,-0.104
2021/02/01,-0.135
2021/02/02,-0.148
2021/02/03,-0.153
2021/02/04,0.368
2021/02/05,0.969
2021/02/06,1.017
2021/02/07,0.639
2021/02/08,1.349
2021/02/09,3.048
2021/02/10,3.882
2021/02/11,3.947
2021/02/12,3.67
2021/02/13,2.451
2021/02/14,1.06
2021/02/15,0.203
2021/02/16,-0.088
2021/02/17,0.219
2021/02/18,0.732
2021/02/19,1.616
2021/02/20,2.012
2021/02/21,2.181
2021/02/22,2.393
2021/02/23,2.992
2021/02/24,3.123
2021/02/25,3.705
2021/02/26,3.44
2021/02/27,2.107
2021/02/28,0.482
2021/03/01,-0.586
2021/03/02,-1.113
2021/03/03,-1.312
2021/03/04,-1.454
2021/03/05,-1.42
2021/03/06,-1.953
2021/03/07,-2.518
2021/03/08,-2.404
2021/03/09,-1.785
2021/03/10,-1.058
2021/03/11,-0.289
2021/03/12,0.384
2021/03/13,0.688
2021/03/14,0.573
2021/03/15,0.882
2021/03/16,1.184
2021/03/17,1.077
2021/03/18,0.865
2021/03/19,0.553
2021/03/20,-0.132
2021/03/21,-0.951
2021/03/22,-1.077
2021/03/23,-0.299
2021/03/24,0.5
2021/03/25,1.683
2021/03/26,2.168
2021/03/27,1.589
2021/03/28,0.539
2021/03/29,0.14
2021/03/30,-0.115
2021/03/31,-0.09
2021/04/01,0.179
2021/04/02,0.381
2021/04/03,0.013
2021/04/04,-0.839
2021/04/05,-0.906
2021/04/06,0.138
2021/04/07,0.895
2021/04/08,1.399
2021/04/09,1.633
2021/04/10,1.472
2021/04/11,0.638
2021/04/12,0.598
2021/04/13,1.294
2021/04/14,2.374
2021/04/15,2.706
2021/04/16,3.38
2021/04/17,2.537
2021/04/18,2.203
2021/04/19,1.502
2021/04/20,2.43
2021/04/21,3.73
2021/04/22,4.592
2021/04/23,4.943
2021/04/24,3.824
2021/04/25,2.254
2021/04/26,1.549
2021/04/27,1.831
2021/04/28,1.694
2021/04/29,1.072
2021/04/30,0.108
2021/05/01,-1.326
2021/05/02,-2.887
2021/05/03,-3.557
2021/05/04,-3.665
2021/05/05,-3.408
2021/05/06,-3.098
2021/05/07,-2.329
2021/05/08,-2.159
2021/05/09,-2.318
2021/05/10,-2.06
2021/05/11,-1.913
2021/05/12,-1.272
2021/05/13,0.771
2021/05/14,2.538
2021/05/15,3.257
2021/05/16,2.917
2021/05/17,3.05
2021/05/18,2.429
2021/05/19,2.362
2021/05/20,2.664
2021/05/21,2.525
2021/05/22,1.716
2021/05/23,0.864
2021/05/24,0.522
2021/05/25,0.386
2021/05/26,0.515
2021/05/27,0.425
2021/05/28,1.347
2021/05/29,1.688
2021/05/30,0.699
2021/05/31,-0.756
2021/06/01,-2.28
2021/06/02,-3.652
2021/06/03,-4.746
2021/06/04,-5.649
2021/06/05,-6.43
2021/06/06,-6.008
2021/06/07,-4.505
2021/06/08,-2.156
2021/06/09,-1.277
2021/06/10,-1.411
2021/06/11,-2.032
2021/06/12,-3.07
2021/06/13,-4.17
2021/06/14,-4.663
2021/06/15,-4.43
2021/06/16,-3.831
2021/06/17,-3.287
2021/06/18,-2.882
2021/06/19,-3.066
2021/06/20,-3.508
2021/06/21,-3.261
2021/06/22,-2.402
2021/06/23,-1.589
2021/06/24,-0.841
2021/06/25,0.603
2021/06/26,1.506
2021/06/27,1.125
2021/06/28,0.651
2021/06/29,0.277
2021/06/30,-0.117
2021/07/01,-0.49
2021/07/02,-0.669
2021/07/03,-1.139
2021/07/04,-1.429
2021/07/05,-2
2021/07/06,-2.472
2021/07/07,-2.7
2021/07/08,-2.783
2021/07/09,-2.945
2021/07/10,-3.16
2021/07/11,-3.607
2021/07/12,-3.535
2021/07/13,-3.357
2021/07/14,-3.132
2021/07/15,-2.412
2021/07/16,-1.968
2021/07/17,-1.349
2021/07/18,-1.544
2021/07/19,-1.71
2021/07/20,-1.633
2021/07/21,-1.239
2021/07/22,-1.172
2021/07/23,-1.288
2021/07/24,-1.781
2021/07/25,-2.322
2021/07/26,-0.656
2021/07/27,1.415
2021/07/28,6.289
2021/07/29,8.036
2021/07/30,7.753
2021/07/31,5.864
2021/08/01,9.303
2021/08/02,10.453
2021/08/03,9.255
2021/08/04,7.61
2021/08/05,5.426
2021/08/06,4.032
2021/08/07,1.962
2021/08/08,0.061
2021/08/09,-0.538
2021/08/10,-1.182
2021/08/11,-1.697
2021/08/12,-2.285
2021/08/13,-2.687
2021/08/14,-3.269
2021/08/15,-3.386
2021/08/16,-3.437
2021/08/17,-3.658
2021/08/18,-3.502
2021/08/19,-3.406
2021/08/20,-2.405
2021/08/21,-1.172
2021/08/22,-1.036
2021/08/23,2.164
2021/08/24,5.957
2021/08/25,9.248
2021/08/26,13.715
2021/08/27,16.873
2021/08/28,17.151
2021/08/29,16.059
2021/08/30,14.399
2021/08/31,12.203
2021/09/01,9.754
2021/09/02,7.449
2021/09/03,4.925
2021/09/04,2.33
2021/09/05,-0.111
2021/09/06,-2.029
2021/09/07,-3.352
2021/09/08,-4.48
2021/09/09,-5.452
2021/09/10,2.366
2021/09/11,7.037
2021/09/12,7.688
2021/09/13,12.656
2021/09/14,18.289
2021/09/15,14.882
2021/09/16,9.827
2021/09/17,5.216
2021/09/18,1.398
2021/09/19,-1.702
2021/09/20,-3.585
2021/09/21,-4.779
2021/09/22,-5.543
2021/09/23,-6.056
2021/09/24,-6.295
2021/09/25,-6.576
2021/09/26,-6.442
2021/09/27,-5.956
2021/09/28,-5.325
2021/09/29,-4.63
2021/09/30,-3.794
2021/10/01,-2.954
2021/10/02,-2.818
2021/10/03,-3.035
2021/10/04,-3.147
2021/10/05,-2.974
2021/10/06,-1.962
2021/10/07,-1.059
2021/10/08,-0.58
2021/10/09,-1.057
2021/10/10,-1.887
2021/10/11,-1.611
2021/10/12,-1.299
2021/10/13,-1.4
2021/10/14,-1.315
2021/10/15,-0.604
2021/10/16,-0.582
2021/10/17,-1.213
2021/10/18,-1.572
2021/10/19,-1.555
2021/10/20,-1.116
2021/10/21,-0.431
2021/10/22,-0.065
2021/10/23,-0.626
2021/10/24,-1.415
2021/10/25,-1.551
2021/10/26,-0.882
2021/10/27,-0.366
2021/10/28,-0.025
2021/10/29,0.238
2021/10/30,-0.285
2021/10/31,-1.117
2021/11/01,-1.286
2021/11/02,-0.981
2021/11/03,-0.49
2021/11/04,-0.096
2021/11/05,0.09
2021/11/06,-0.501
2021/11/07,-1.476
2021/11/08,-0.455
2021/11/09,0.598
2021/11/10,1.097
2021/11/11,1.213
2021/11/12,1.316
2021/11/13,0.499
2021/11/14,-0.539
2021/11/15,-0.496
2021/11/16,1.569
2021/11/17,3.677
2021/11/18,4.639
2021/11/19,4.501
2021/11/20,3.175
2021/11/21,1.2
2021/11/22,0.11
2021/11/23,-0.031
2021/11/24,1.213
2021/11/25,3.483
2021/11/26,5.155
2021/11/27,4.244
2021/11/28,2.207
2021/11/29,0.961
2021/11/30,0.784
2021/12/01,0.901
2021/12/02,0.78
2021/12/03,0.304
2021/12/04,0.647
2021/12/05,0.319
2021/12/06,0.427
2021/12/07,0.217
2021/12/08,-0.452
2021/12/09,-1.365
2021/12/10,-2.206
2021/12/11,-3.292
2021/12/12,-4.565
2021/12/13,-5.239
