Date,sentinusd90emaUSD
2010/07/17,0
2010/07/18,0
2010/07/19,0
2010/07/20,0
2010/07/21,0
2010/07/22,0
2010/07/23,0
2010/07/24,0
2010/07/25,0
2010/07/26,0
2010/07/27,0
2010/07/28,0
2010/07/29,0
2010/07/30,0
2010/07/31,0
2010/08/01,0
2010/08/02,0
2010/08/03,0
2010/08/04,0
2010/08/05,0
2010/08/06,0
2010/08/07,0
2010/08/08,0
2010/08/09,0
2010/08/10,0
2010/08/11,0
2010/08/12,0
2010/08/13,0
2010/08/14,0
2010/08/15,0
2010/08/16,0
2010/08/17,0
2010/08/18,0
2010/08/19,0
2010/08/20,0
2010/08/21,0
2010/08/22,0
2010/08/23,0
2010/08/24,0
2010/08/25,0
2010/08/26,0
2010/08/27,0
2010/08/28,0
2010/08/29,0
2010/08/30,0
2010/08/31,0
2010/09/01,0
2010/09/02,0
2010/09/03,0
2010/09/04,0
2010/09/05,0
2010/09/06,0
2010/09/07,0
2010/09/08,0
2010/09/09,0
2010/09/10,0
2010/09/11,0
2010/09/12,0
2010/09/13,0
2010/09/14,0
2010/09/15,0
2010/09/16,0
2010/09/17,0
2010/09/18,0
2010/09/19,0
2010/09/20,0
2010/09/21,0
2010/09/22,0
2010/09/23,0
2010/09/24,0
2010/09/25,0
2010/09/26,0
2010/09/27,0
2010/09/28,0
2010/09/29,0
2010/09/30,0
2010/10/01,0
2010/10/02,0
2010/10/03,0
2010/10/04,0
2010/10/05,0
2010/10/06,0
2010/10/07,0
2010/10/08,0
2010/10/09,0
2010/10/10,0
2010/10/11,0
2010/10/12,0
2010/10/13,0
2010/10/14,4131
2010/10/15,4370
2010/10/16,4711
2010/10/17,4851
2010/10/18,5236
2010/10/19,5696
2010/10/20,6007
2010/10/21,6293
2010/10/22,6454
2010/10/23,6414
2010/10/24,6529
2010/10/25,6752
2010/10/26,7168
2010/10/27,7762
2010/10/28,8328
2010/10/29,8495
2010/10/30,8557
2010/10/31,8645
2010/11/01,8635
2010/11/02,8710
2010/11/03,8761
2010/11/04,9307
2010/11/05,9320
2010/11/06,10021
2010/11/07,10600
2010/11/08,13599
2010/11/09,13570
2010/11/10,13561
2010/11/11,13470
2010/11/12,13358
2010/11/13,13300
2010/11/14,13224
2010/11/15,14509
2010/11/16,14754
2010/11/17,14738
2010/11/18,14734
2010/11/19,14737
2010/11/20,15397
2010/11/21,15824
2010/11/22,15669
2010/11/23,15590
2010/11/24,15487
2010/11/25,15460
2010/11/26,15672
2010/11/27,15479
2010/11/28,15286
2010/11/29,15144
2010/11/30,15099
2010/12/01,15031
2010/12/02,15026
2010/12/03,14848
2010/12/04,14851
2010/12/05,14621
2010/12/06,14753
2010/12/07,14835
2010/12/08,14665
2010/12/09,14542
2010/12/10,14341
2010/12/11,14404
2010/12/12,14312
2010/12/13,14861
2010/12/14,15143
2010/12/15,15411
2010/12/16,15526
2010/12/17,15524
2010/12/18,15630
2010/12/19,15813
2010/12/20,15928
2010/12/21,16137
2010/12/22,16231
2010/12/23,16218
2010/12/24,16192
2010/12/25,16451
2010/12/26,16486
2010/12/27,16614
2010/12/28,16588
2010/12/29,16919
2010/12/30,16966
2010/12/31,16985
2011/01/01,16971
2011/01/02,16902
2011/01/03,16966
2011/01/04,16855
2011/01/05,16805
2011/01/06,16645
2011/01/07,16663
2011/01/08,16706
2011/01/09,16611
2011/01/10,16832
2011/01/11,17211
2011/01/12,17251
2011/01/13,17710
2011/01/14,17994
2011/01/15,18091
2011/01/16,18253
2011/01/17,18324
2011/01/18,18685
2011/01/19,18686
2011/01/20,18678
2011/01/21,18810
2011/01/22,19051
2011/01/23,19413
2011/01/24,19638
2011/01/25,19704
2011/01/26,19869
2011/01/27,28882
2011/01/28,28686
2011/01/29,28713
2011/01/30,32050
2011/01/31,33425
2011/02/01,34359
2011/02/02,35387
2011/02/03,35629
2011/02/04,35740
2011/02/05,36300
2011/02/06,37059
2011/02/07,39288
2011/02/08,39749
2011/02/09,41668
2011/02/10,45672
2011/02/11,50343
2011/02/12,52261
2011/02/13,53519
2011/02/14,55361
2011/02/15,56268
2011/02/16,56438
2011/02/17,57342
2011/02/18,58593
2011/02/19,60789
2011/02/20,63720
2011/02/21,66516
2011/02/22,71490
2011/02/23,77070
2011/02/24,80040
2011/02/25,81911
2011/02/26,83495
2011/02/27,85513
2011/02/28,86034
2011/03/01,104358
2011/03/02,151856
2011/03/03,153172
2011/03/04,155816
2011/03/05,154956
2011/03/06,155177
2011/03/07,155762
2011/03/08,155929
2011/03/09,157113
2011/03/10,160348
2011/03/11,161641
2011/03/12,161181
2011/03/13,161680
2011/03/14,162205
2011/03/15,160996
2011/03/16,160369
2011/03/17,159791
2011/03/18,159405
2011/03/19,157920
2011/03/20,156748
2011/03/21,155833
2011/03/22,155935
2011/03/23,157150
2011/03/24,158397
2011/03/25,160402
2011/03/26,162970
2011/03/27,162019
2011/03/28,160869
2011/03/29,159259
2011/03/30,157882
2011/03/31,156785
2011/04/01,154677
2011/04/02,152903
2011/04/03,150939
2011/04/04,149927
2011/04/05,148476
2011/04/06,146619
2011/04/07,145196
2011/04/08,144119
2011/04/09,143255
2011/04/10,141492
2011/04/11,139822
2011/04/12,139240
2011/04/13,139666
2011/04/14,139699
2011/04/15,138840
2011/04/16,143471
2011/04/17,171185
2011/04/18,170669
2011/04/19,234970
2011/04/20,350936
2011/04/21,354380
2011/04/22,351132
2011/04/23,349056
2011/04/24,345216
2011/04/25,341062
2011/04/26,340173
2011/04/27,342710
2011/04/28,341866
2011/04/29,377800
2011/04/30,398031
2011/05/01,400938
2011/05/02,400400
2011/05/03,405251
2011/05/04,417505
2011/05/05,420080
2011/05/06,431783
2011/05/07,439539
2011/05/08,473594
2011/05/09,476052
2011/05/10,525598
2011/05/11,535928
2011/05/12,551081
2011/05/13,611203
2011/05/14,898599
2011/05/15,926753
2011/05/16,952304
2011/05/17,967186
2011/05/18,973910
2011/05/19,979465
2011/05/20,1004983
2011/05/21,1068551
2011/05/22,1168949
2011/05/23,1212945
2011/05/24,1243025
2011/05/25,1282363
2011/05/26,1331533
2011/05/27,1403611
2011/05/28,1414408
2011/05/29,1432134
2011/05/30,1451666
2011/05/31,1473746
2011/06/01,1495980
2011/06/02,1541635
2011/06/03,1674919
2011/06/04,1810784
2011/06/05,1986436
2011/06/06,2263283
2011/06/07,2457237
2011/06/08,2867121
2011/06/09,3302701
2011/06/10,3765433
2011/06/11,4308208
2011/06/12,4882536
2011/06/13,5309950
2011/06/14,5853135
2011/06/15,7526115
2011/06/16,10874938
2011/06/17,11198700
2011/06/18,11406517
2011/06/19,12878615
2011/06/20,13093242
2011/06/21,14042544
2011/06/22,14227841
2011/06/23,14521475
2011/06/24,15986322
2011/06/25,19639482
2011/06/26,20717050
2011/06/27,20943454
2011/06/28,23024918
2011/06/29,23550175
2011/06/30,23574319
2011/07/01,23439543
2011/07/02,23217371
2011/07/03,22900365
2011/07/04,22833293
2011/07/05,22451439
2011/07/06,22131179
2011/07/07,21795605
2011/07/08,21413995
2011/07/09,21597879
2011/07/10,21903156
2011/07/11,21743209
2011/07/12,21596046
2011/07/13,21559489
2011/07/14,21677065
2011/07/15,21383008
2011/07/16,21290602
2011/07/17,20988812
2011/07/18,21494033
2011/07/19,21842592
2011/07/20,21527099
2011/07/21,21454218
2011/07/22,21447878
2011/07/23,21158190
2011/07/24,20857780
2011/07/25,20840751
2011/07/26,20744520
2011/07/27,20676225
2011/07/28,21242474
2011/07/29,20980092
2011/07/30,20615393
2011/07/31,20337878
2011/08/01,20048054
2011/08/02,19717286
2011/08/03,19379436
2011/08/04,19023653
2011/08/05,18716860
2011/08/06,18373404
2011/08/07,18027387
2011/08/08,17809952
2011/08/09,17903401
2011/08/10,17759880
2011/08/11,17473420
2011/08/12,17159775
2011/08/13,16848118
2011/08/14,16580955
2011/08/15,16296410
2011/08/16,16025047
2011/08/17,15750350
2011/08/18,15499971
2011/08/19,15296523
2011/08/20,15017136
2011/08/21,14747606
2011/08/22,14490152
2011/08/23,14277241
2011/08/24,14097442
2011/08/25,13871797
2011/08/26,13621330
2011/08/27,13820529
2011/08/28,13552363
2011/08/29,13301521
2011/08/30,13055341
2011/08/31,12817683
2011/09/01,12595252
2011/09/02,12365416
2011/09/03,12135749
2011/09/04,12186953
2011/09/05,12310569
2011/09/06,12540702
2011/09/07,12362203
2011/09/08,12149092
2011/09/09,11932933
2011/09/10,11699186
2011/09/11,11560549
2011/09/12,11388421
2011/09/13,11183796
2011/09/14,10975021
2011/09/15,10767241
2011/09/16,10601502
2011/09/17,10405020
2011/09/18,10208087
2011/09/19,10022047
2011/09/20,9845800
2011/09/21,9679494
2011/09/22,9503625
2011/09/23,9335494
2011/09/24,9157553
2011/09/25,8990393
2011/09/26,8823952
2011/09/27,8675474
2011/09/28,8522054
2011/09/29,8369107
2011/09/30,8216249
2011/10/01,8081805
2011/10/02,7939084
2011/10/03,7808891
2011/10/04,7682609
2011/10/05,7556935
2011/10/06,7446410
2011/10/07,7319885
2011/10/08,7184256
2011/10/09,7052800
2011/10/10,6925717
2011/10/11,6802258
2011/10/12,6680697
2011/10/13,6560763
2011/10/14,6440356
2011/10/15,6331047
2011/10/16,6212621
2011/10/17,6108278
2011/10/18,5992354
2011/10/19,5876121
2011/10/20,5761709
2011/10/21,5665366
2011/10/22,5576299
2011/10/23,5492470
2011/10/24,5394347
2011/10/25,5297505
2011/10/26,5206764
2011/10/27,5124444
2011/10/28,5042438
2011/10/29,4963723
2011/10/30,4870111
2011/10/31,4790348
2011/11/01,4722311
2011/11/02,4646579
2011/11/03,4568868
2011/11/04,4495396
2011/11/05,4415425
2011/11/06,4332704
2011/11/07,4254543
2011/11/08,4234833
2011/11/09,4206030
2011/11/10,4136254
2011/11/11,4064814
2011/11/12,3992873
2011/11/13,3921194
2011/11/14,3855063
2011/11/15,3787881
2011/11/16,3813390
2011/11/17,3902916
2011/11/18,4057361
2011/11/19,4156742
2011/11/20,4137473
2011/11/21,4127775
2011/11/22,4216826
2011/11/23,4202182
2011/11/24,4187047
2011/11/25,4151579
2011/11/26,4144595
2011/11/27,4148594
2011/11/28,4277102
2011/11/29,4410724
2011/11/30,4723195
2011/12/01,4757528
2011/12/02,5022236
2011/12/03,5135645
2011/12/04,5201960
2011/12/05,5270505
2011/12/06,5599367
2011/12/07,5843887
2011/12/08,6012936
2011/12/09,6008515
2011/12/10,5947238
2011/12/11,5873330
2011/12/12,5792810
2011/12/13,5687190
2011/12/14,5583321
2011/12/15,5488597
2011/12/16,5398528
2011/12/17,5301363
2011/12/18,5203716
2011/12/19,5120420
2011/12/20,5046739
2011/12/21,4981227
2011/12/22,4904873
2011/12/23,4816457
2011/12/24,4733424
2011/12/25,4651471
2011/12/26,4607146
2011/12/27,4560798
2011/12/28,4480784
2011/12/29,4424358
2011/12/30,4348721
2011/12/31,4274068
2012/01/01,4212085
2012/01/02,4144280
2012/01/03,4076840
2012/01/04,4027760
2012/01/05,4025977
2012/01/06,4010755
2012/01/07,3956059
2012/01/08,3911633
2012/01/09,3877938
2012/01/10,3836134
2012/01/11,3797714
2012/01/12,3755635
2012/01/13,3721665
2012/01/14,3680218
2012/01/15,3632613
2012/01/16,3606495
2012/01/17,3574794
2012/01/18,3534763
2012/01/19,3499798
2012/01/20,3462685
2012/01/21,3415234
2012/01/22,3365289
2012/01/23,3319997
2012/01/24,3288728
2012/01/25,3261722
2012/01/26,3232988
2012/01/27,3196545
2012/01/28,3148790
2012/01/29,3112455
2012/01/30,3073725
2012/01/31,3037418
2012/02/01,3017397
2012/02/02,2991952
2012/02/03,2967052
2012/02/04,2940073
2012/02/05,2912639
2012/02/06,2880827
2012/02/07,2849107
2012/02/08,2815684
2012/02/09,2779144
2012/02/10,2752016
2012/02/11,2741228
2012/02/12,2712699
2012/02/13,2696347
2012/02/14,2775221
2012/02/15,2838793
2012/02/16,2922086
2012/02/17,2944521
2012/02/18,2940009
2012/02/19,2906298
2012/02/20,2879079
2012/02/21,2847653
2012/02/22,2854436
2012/02/23,2856678
2012/02/24,2850679
2012/02/25,2824947
2012/02/26,2791583
2012/02/27,2763880
2012/02/28,2736191
2012/02/29,2704978
2012/03/01,2712250
2012/03/02,2706843
2012/03/03,2682494
2012/03/04,2688304
2012/03/05,2664285
2012/03/06,2638667
2012/03/07,2614910
2012/03/08,2607775
2012/03/09,2606938
2012/03/10,2584529
2012/03/11,2564387
2012/03/12,2563166
2012/03/13,2557639
2012/03/14,2562607
2012/03/15,2556456
2012/03/16,2552910
2012/03/17,2544355
2012/03/18,2524707
2012/03/19,2512619
2012/03/20,2503464
2012/03/21,2495843
2012/03/22,2513459
2012/03/23,2546436
2012/03/24,2568859
2012/03/25,2548753
2012/03/26,2541952
2012/03/27,2540444
2012/03/28,2552758
2012/03/29,2618162
2012/03/30,2659734
2012/03/31,2689329
2012/04/01,2690969
2012/04/02,2702449
2012/04/03,2728078
2012/04/04,2742724
2012/04/05,2778011
2012/04/06,2774631
2012/04/07,2744691
2012/04/08,2810459
2012/04/09,2918052
2012/04/10,2936902
2012/04/11,3028100
2012/04/12,3094372
2012/04/13,3112140
2012/04/14,3146434
2012/04/15,3211603
2012/04/16,3311195
2012/04/17,3356229
2012/04/18,3390995
2012/04/19,3388146
2012/04/20,3637068
2012/04/21,3695093
2012/04/22,3718206
2012/04/23,3718882
2012/04/24,3715408
2012/04/25,3742936
2012/04/26,3864044
2012/04/27,3938220
2012/04/28,3944409
2012/04/29,3958632
2012/04/30,3984134
2012/05/01,4008752
2012/05/02,4034269
2012/05/03,4074748
2012/05/04,4104687
2012/05/05,4142110
2012/05/06,4117691
2012/05/07,4263547
2012/05/08,4595789
2012/05/09,4747736
2012/05/10,4767042
2012/05/11,4821301
2012/05/12,5057417
2012/05/13,5103702
2012/05/14,5237742
2012/05/15,5530019
2012/05/16,5784966
2012/05/17,6036373
2012/05/18,6108197
2012/05/19,6106417
2012/05/20,6193061
2012/05/21,6478792
2012/05/22,6787126
2012/05/23,6836767
2012/05/24,6808127
2012/05/25,6927767
2012/05/26,7311544
2012/05/27,7372074
2012/05/28,7444861
2012/05/29,7633273
2012/05/30,7729299
2012/05/31,8096079
2012/06/01,8253084
2012/06/02,8294438
2012/06/03,8303538
2012/06/04,8650619
2012/06/05,8988284
2012/06/06,9084838
2012/06/07,9466999
2012/06/08,9926807
2012/06/09,9873417
2012/06/10,10048632
2012/06/11,10191097
2012/06/12,10280564
2012/06/13,10359792
2012/06/14,10757065
2012/06/15,10986426
2012/06/16,11289228
2012/06/17,11229497
2012/06/18,11320752
2012/06/19,11362847
2012/06/20,11351172
2012/06/21,11246223
2012/06/22,11321638
2012/06/23,11495808
2012/06/24,11502723
2012/06/25,11496215
2012/06/26,11477812
2012/06/27,11503411
2012/06/28,11749293
2012/06/29,11851694
2012/06/30,11787785
2012/07/01,11718951
2012/07/02,11624191
2012/07/03,11569581
2012/07/04,11632903
2012/07/05,11662247
2012/07/06,11600090
2012/07/07,11948160
2012/07/08,11800508
2012/07/09,11856708
2012/07/10,11927172
2012/07/11,11839759
2012/07/12,11792645
2012/07/13,11935060
2012/07/14,12074024
2012/07/15,12023462
2012/07/16,12124432
2012/07/17,12326437
2012/07/18,12357869
2012/07/19,12310375
2012/07/20,12341339
2012/07/21,12514589
2012/07/22,12549978
2012/07/23,12665049
2012/07/24,12702606
2012/07/25,12606978
2012/07/26,12763044
2012/07/27,12895989
2012/07/28,12940772
2012/07/29,12859214
2012/07/30,12751488
2012/07/31,13063648
2012/08/01,13231459
2012/08/02,13317972
2012/08/03,13346826
2012/08/04,13370284
2012/08/05,13531115
2012/08/06,13689701
2012/08/07,13844465
2012/08/08,13923568
2012/08/09,13949823
2012/08/10,14040464
2012/08/11,14106176
2012/08/12,14182915
2012/08/13,14336566
2012/08/14,14404083
2012/08/15,14559436
2012/08/16,14822176
2012/08/17,15228149
2012/08/18,15432332
2012/08/19,16355525
2012/08/20,17889260
2012/08/21,18680137
2012/08/22,19930862
2012/08/23,21137985
2012/08/24,23175095
2012/08/25,23670999
2012/08/26,23906050
2012/08/27,24854517
2012/08/28,25924368
2012/08/29,28863473
2012/08/30,30953278
2012/08/31,32322745
2012/09/01,33525834
2012/09/02,34096096
2012/09/03,34175054
2012/09/04,34892413
2012/09/05,36277961
2012/09/06,40790226
2012/09/07,44365386
2012/09/08,45216025
2012/09/09,45149464
2012/09/10,48742631
2012/09/11,52649323
2012/09/12,54178915
2012/09/13,58578909
2012/09/14,61856563
2012/09/15,62268773
2012/09/16,64514624
2012/09/17,66486809
2012/09/18,68449749
2012/09/19,75461742
2012/09/20,78129352
2012/09/21,83432101
2012/09/22,85573837
2012/09/23,85763460
2012/09/24,86015424
2012/09/25,84574316
2012/09/26,83155840
2012/09/27,81679510
2012/09/28,80567295
2012/09/29,79131732
2012/09/30,77761388
2012/10/01,76473483
2012/10/02,75324633
2012/10/03,74006346
2012/10/04,72699316
2012/10/05,71822453
2012/10/06,70773234
2012/10/07,69676238
2012/10/08,68579932
2012/10/09,67405493
2012/10/10,66134463
2012/10/11,64991332
2012/10/12,64238326
2012/10/13,63521160
2012/10/14,62465853
2012/10/15,61292851
2012/10/16,60640744
2012/10/17,60154313
2012/10/18,59695218
2012/10/19,59062394
2012/10/20,58439079
2012/10/21,57735275
2012/10/22,57026614
2012/10/23,56416141
2012/10/24,55643422
2012/10/25,54759674
2012/10/26,53778705
2012/10/27,52957173
2012/10/28,51991912
2012/10/29,51067832
2012/10/30,50906662
2012/10/31,50683908
2012/11/01,50176491
2012/11/02,49258299
2012/11/03,48603874
2012/11/04,48047276
2012/11/05,47516534
2012/11/06,46903065
2012/11/07,46295796
2012/11/08,45579059
2012/11/09,44769700
2012/11/10,43873014
2012/11/11,42992785
2012/11/12,42150594
2012/11/13,41409391
2012/11/14,40793988
2012/11/15,40523965
2012/11/16,40542926
2012/11/17,40317095
2012/11/18,39944649
2012/11/19,39401898
2012/11/20,38919204
2012/11/21,38285213
2012/11/22,37807349
2012/11/23,37265914
2012/11/24,36745064
2012/11/25,36131198
2012/11/26,35621600
2012/11/27,35198512
2012/11/28,34902099
2012/11/29,34441565
2012/11/30,33886381
2012/12/01,33296189
2012/12/02,32829842
2012/12/03,32564826
2012/12/04,32542153
2012/12/05,32640051
2012/12/06,32852325
2012/12/07,32724715
2012/12/08,32291874
2012/12/09,31982299
2012/12/10,31564638
2012/12/11,31323171
2012/12/12,31681141
2012/12/13,32120239
2012/12/14,32271655
2012/12/15,32039317
2012/12/16,31847051
2012/12/17,31646414
2012/12/18,31618433
2012/12/19,31234287
2012/12/20,30802912
2012/12/21,30601485
2012/12/22,30315788
2012/12/23,29891296
2012/12/24,29523949
2012/12/25,29037393
2012/12/26,28566877
2012/12/27,28154015
2012/12/28,27827305
2012/12/29,27493209
2012/12/30,27102105
2012/12/31,26848581
2013/01/01,26672557
2013/01/02,26610564
2013/01/03,26485526
2013/01/04,26552385
2013/01/05,26558961
2013/01/06,26273019
2013/01/07,26101038
2013/01/08,26133162
2013/01/09,26042800
2013/01/10,25849271
2013/01/11,25664885
2013/01/12,25366026
2013/01/13,25060459
2013/01/14,24834676
2013/01/15,24895395
2013/01/16,25024906
2013/01/17,25041321
2013/01/18,25021011
2013/01/19,24952619
2013/01/20,24767968
2013/01/21,24591549
2013/01/22,24537617
2013/01/23,24856631
2013/01/24,24833558
2013/01/25,24823151
2013/01/26,24745829
2013/01/27,24731421
2013/01/28,24797518
2013/01/29,25177581
2013/01/30,25331526
2013/01/31,25415080
2013/02/01,25619312
2013/02/02,25579896
2013/02/03,25559457
2013/02/04,25653983
2013/02/05,25932337
2013/02/06,26157956
2013/02/07,26342825
2013/02/08,26756332
2013/02/09,26961223
2013/02/10,27024889
2013/02/11,27073646
2013/02/12,27077976
2013/02/13,27036881
2013/02/14,27217621
2013/02/15,27317470
2013/02/16,27421367
2013/02/17,27412058
2013/02/18,27467796
2013/02/19,27643222
2013/02/20,27717487
2013/02/21,27730469
2013/02/22,28073299
2013/02/23,28122523
2013/02/24,28512865
2013/02/25,29006836
2013/02/26,29227540
2013/02/27,29527327
2013/02/28,29841618
2013/03/01,30225405
2013/03/02,30569001
2013/03/03,30467677
2013/03/04,30453697
2013/03/05,31266761
2013/03/06,32345958
2013/03/07,32876389
2013/03/08,33180524
2013/03/09,33318116
2013/03/10,33707386
2013/03/11,33875671
2013/03/12,34492123
2013/03/13,35050622
2013/03/14,35235910
2013/03/15,39469583
2013/03/16,40764308
2013/03/17,40645697
2013/03/18,43498069
2013/03/19,44599705
2013/03/20,45868591
2013/03/21,47448536
2013/03/22,48276049
2013/03/23,48903345
2013/03/24,49061079
2013/03/25,50079993
2013/03/26,51435112
2013/03/27,54678005
2013/03/28,56590820
2013/03/29,57878645
2013/03/30,59934668
2013/03/31,61499312
2013/04/01,62957053
2013/04/02,67228470
2013/04/03,71293657
2013/04/04,74704127
2013/04/05,78059562
2013/04/06,79808105
2013/04/07,80850275
2013/04/08,83687842
2013/04/09,88974739
2013/04/10,96526912
2013/04/11,98635406
2013/04/12,99510696
2013/04/13,99499051
2013/04/14,98649095
2013/04/15,98171011
2013/04/16,98742178
2013/04/17,99326524
2013/04/18,109202642
2013/04/19,111008015
2013/04/20,110906704
2013/04/21,110741866
2013/04/22,112159187
2013/04/23,113704719
2013/04/24,116520931
2013/04/25,118768786
2013/04/26,119408396
2013/04/27,118883682
2013/04/28,117662900
2013/04/29,117506806
2013/04/30,116654521
2013/05/01,116472732
2013/05/02,115875046
2013/05/03,114874117
2013/05/04,113269675
2013/05/05,112043053
2013/05/06,111427718
2013/05/07,111074400
2013/05/08,110391224
2013/05/09,109325175
2013/05/10,108622462
2013/05/11,107650839
2013/05/12,106412387
2013/05/13,105712429
2013/05/14,104986895
2013/05/15,104120239
2013/05/16,103248937
2013/05/17,102633766
2013/05/18,101847887
2013/05/19,100565789
2013/05/20,99580550
2013/05/21,98916981
2013/05/22,98431562
2013/05/23,97900204
2013/05/24,97658858
2013/05/25,97308363
2013/05/26,96172070
2013/05/27,95720663
2013/05/28,95365389
2013/05/29,95135691
2013/05/30,94649406
2013/05/31,94227034
2013/06/01,93370214
2013/06/02,92352855
2013/06/03,92165914
2013/06/04,91681265
2013/06/05,91295066
2013/06/06,91114407
2013/06/07,90663078
2013/06/08,89534374
2013/06/09,89055586
2013/06/10,88152422
2013/06/11,87497569
2013/06/12,86797719
2013/06/13,86223415
2013/06/14,85875062
2013/06/15,84839322
2013/06/16,84015509
2013/06/17,83381440
2013/06/18,82913138
2013/06/19,82333024
2013/06/20,82102210
2013/06/21,81794133
2013/06/22,80892905
2013/06/23,79795324
2013/06/24,79270172
2013/06/25,78975053
2013/06/26,78478674
2013/06/27,77838389
2013/06/28,77372799
2013/06/29,76610542
2013/06/30,75674296
2013/07/01,75541016
2013/07/02,75144323
2013/07/03,74891262
2013/07/04,74668620
2013/07/05,74521708
2013/07/06,73851932
2013/07/07,73180951
2013/07/08,72869380
2013/07/09,73022107
2013/07/10,73135683
2013/07/11,73330571
2013/07/12,73553551
2013/07/13,73555073
2013/07/14,72970219
2013/07/15,72658441
2013/07/16,72819893
2013/07/17,73143452
2013/07/18,73311561
2013/07/19,73121320
2013/07/20,72366044
2013/07/21,71636265
2013/07/22,71628105
2013/07/23,71764625
2013/07/24,71778248
2013/07/25,71669025
2013/07/26,71521800
2013/07/27,70792866
2013/07/28,70362333
2013/07/29,70247240
2013/07/30,70675056
2013/07/31,70809584
2013/08/01,71584842
2013/08/02,71795779
2013/08/03,71525000
2013/08/04,70945452
2013/08/05,71046011
2013/08/06,70998650
2013/08/07,71039372
2013/08/08,70895064
2013/08/09,70538570
2013/08/10,69974946
2013/08/11,69253392
2013/08/12,69362984
2013/08/13,70431518
2013/08/14,71599282
2013/08/15,71635871
2013/08/16,72250452
2013/08/17,72615067
2013/08/18,72620585
2013/08/19,73233910
2013/08/20,73639716
2013/08/21,74842005
2013/08/22,75017704
2013/08/23,75200544
2013/08/24,74765729
2013/08/25,74328790
2013/08/26,74246838
2013/08/27,74678321
2013/08/28,74821748
2013/08/29,74827645
2013/08/30,75221778
2013/08/31,75266476
2013/09/01,75103646
2013/09/02,75162642
2013/09/03,75729014
2013/09/04,76168740
2013/09/05,76336383
2013/09/06,76300538
2013/09/07,76115315
2013/09/08,75370496
2013/09/09,75118713
2013/09/10,74916674
2013/09/11,74878469
2013/09/12,74906075
2013/09/13,74866867
2013/09/14,74546796
2013/09/15,73891639
2013/09/16,73955038
2013/09/17,73902456
2013/09/18,74146734
2013/09/19,74618722
2013/09/20,74788065
2013/09/21,74266327
2013/09/22,73827593
2013/09/23,74659870
2013/09/24,75325393
2013/09/25,75624339
2013/09/26,75777563
2013/09/27,75828614
2013/09/28,75514533
2013/09/29,75201324
2013/09/30,75629796
2013/10/01,76754710
2013/10/02,77771345
2013/10/03,78049529
2013/10/04,78213465
2013/10/05,77540168
2013/10/06,76849235
2013/10/07,76883517
2013/10/08,76892910
2013/10/09,77341522
2013/10/10,77427460
2013/10/11,77650485
2013/10/12,77602878
2013/10/13,77627355
2013/10/14,78256711
2013/10/15,78980995
2013/10/16,80080157
2013/10/17,80688264
2013/10/18,81660197
2013/10/19,83050337
2013/10/20,83554769
2013/10/21,85256763
2013/10/22,87701655
2013/10/23,90021930
2013/10/24,91920860
2013/10/25,100118749
2013/10/26,100299024
2013/10/27,99865083
2013/10/28,100046999
2013/10/29,104769991
2013/10/30,105263738
2013/10/31,105498793
2013/11/01,105499065
2013/11/02,105273782
2013/11/03,105064822
2013/11/04,106709803
2013/11/05,109099925
2013/11/06,111015673
2013/11/07,114880605
2013/11/08,118462922
2013/11/09,121609158
2013/11/10,123223014
2013/11/11,124569990
2013/11/12,128760512
2013/11/13,134503213
2013/11/14,139836230
2013/11/15,158171544
2013/11/16,167490481
2013/11/17,174231268
2013/11/18,192360158
2013/11/19,214889192
2013/11/20,227473188
2013/11/21,249003091
2013/11/22,277472343
2013/11/23,294791732
2013/11/24,310487593
2013/11/25,325594236
2013/11/26,386849015
2013/11/27,440726695
2013/11/28,497227144
2013/11/29,539962995
2013/11/30,569488541
2013/12/01,585675353
2013/12/02,600287628
2013/12/03,611668553
2013/12/04,627345683
2013/12/05,644559990
2013/12/06,652655614
2013/12/07,674754535
2013/12/08,678967888
2013/12/09,685784922
2013/12/10,686573408
2013/12/11,691977925
2013/12/12,693303205
2013/12/13,694813829
2013/12/14,690646487
2013/12/15,683304137
2013/12/16,702989617
2013/12/17,710278412
2013/12/18,717951520
2013/12/19,719930841
2013/12/20,717059927
2013/12/21,714006835
2013/12/22,710673025
2013/12/23,704833882
2013/12/24,701709072
2013/12/25,698636736
2013/12/26,692538477
2013/12/27,686655857
2013/12/28,680904207
2013/12/29,678879222
2013/12/30,676457813
2013/12/31,668830879
2014/01/01,662642320
2014/01/02,659156819
2014/01/03,659570098
2014/01/04,656070526
2014/01/05,658868259
2014/01/06,664151019
2014/01/07,666904351
2014/01/08,665109734
2014/01/09,659870222
2014/01/10,654837925
2014/01/11,647730927
2014/01/12,640732484
2014/01/13,635224076
2014/01/14,633683219
2014/01/15,629983633
2014/01/16,626204055
2014/01/17,618955930
2014/01/18,611192024
2014/01/19,607351075
2014/01/20,607556492
2014/01/21,604710021
2014/01/22,599430503
2014/01/23,594911705
2014/01/24,594229674
2014/01/25,588821023
2014/01/26,582715548
2014/01/27,585908533
2014/01/28,583138343
2014/01/29,578053276
2014/01/30,574172705
2014/01/31,568306596
2014/02/01,563562724
2014/02/02,559690534
2014/02/03,555296601
2014/02/04,556178784
2014/02/05,555690075
2014/02/06,554448916
2014/02/07,554979374
2014/02/08,550885444
2014/02/09,545537651
2014/02/10,544425360
2014/02/11,541936626
2014/02/12,537933217
2014/02/13,533664129
2014/02/14,530068150
2014/02/15,530352835
2014/02/16,526764394
2014/02/17,521669558
2014/02/18,516333526
2014/02/19,510515007
2014/02/20,506052613
2014/02/21,500855562
2014/02/22,494268050
2014/02/23,488399751
2014/02/24,486151375
2014/02/25,486713010
2014/02/26,484287348
2014/02/27,480412995
2014/02/28,476410607
2014/03/01,475125595
2014/03/02,470347929
2014/03/03,473082318
2014/03/04,476488052
2014/03/05,474532849
2014/03/06,472158816
2014/03/07,495615149
2014/03/08,505749267
2014/03/09,506957105
2014/03/10,515942019
2014/03/11,517426125
2014/03/12,520111173
2014/03/13,518856201
2014/03/14,515644656
2014/03/15,511953985
2014/03/16,505748331
2014/03/17,501653150
2014/03/18,525164055
2014/03/19,527998828
2014/03/20,524570812
2014/03/21,520067098
2014/03/22,513425788
2014/03/23,505967547
2014/03/24,502524465
2014/03/25,497459007
2014/03/26,492548088
2014/03/27,490440626
2014/03/28,488162779
2014/03/29,481305807
2014/03/30,476540669
2014/03/31,473104219
2014/04/01,469420854
2014/04/02,466397765
2014/04/03,462415310
2014/04/04,457566908
2014/04/05,453445606
2014/04/06,447200472
2014/04/07,441596550
2014/04/08,435693513
2014/04/09,431375239
2014/04/10,428715720
2014/04/11,425727601
2014/04/12,419827319
2014/04/13,414001584
2014/04/14,410466246
2014/04/15,407904180
2014/04/16,407494189
2014/04/17,407008119
2014/04/18,405988223
2014/04/19,401646943
2014/04/20,397133580
2014/04/21,395892119
2014/04/22,396259260
2014/04/23,394177203
2014/04/24,389641987
2014/04/25,386317234
2014/04/26,380894143
2014/04/27,375195442
2014/04/28,371882579
2014/04/29,368608502
2014/04/30,364610740
2014/05/01,360600350
2014/05/02,358756867
2014/05/03,355864168
2014/05/04,351808809
2014/05/05,349618209
2014/05/06,347947587
2014/05/07,347660515
2014/05/08,352422318
2014/05/09,356522342
2014/05/10,354908314
2014/05/11,351184965
2014/05/12,348331858
2014/05/13,346791718
2014/05/14,345559566
2014/05/15,345167849
2014/05/16,343520703
2014/05/17,340437596
2014/05/18,335388353
2014/05/19,332800419
2014/05/20,340232896
2014/05/21,339946770
2014/05/22,340476793
2014/05/23,346442613
2014/05/24,348906567
2014/05/25,351026930
2014/05/26,352139913
2014/05/27,355762460
2014/05/28,358012795
2014/05/29,357819965
2014/05/30,361174292
2014/05/31,360729890
2014/06/01,362450269
2014/06/02,367080055
2014/06/03,370902987
2014/06/04,376435707
2014/06/05,380932820
2014/06/06,386986966
2014/06/07,386529776
2014/06/08,388495640
2014/06/09,384834905
2014/06/10,384188731
2014/06/11,382552604
2014/06/12,388726202
2014/06/13,389180758
2014/06/14,386004151
2014/06/15,382543507
2014/06/16,383175387
2014/06/17,380410995
2014/06/18,378622150
2014/06/19,379211185
2014/06/20,377584841
2014/06/21,374765931
2014/06/22,373067768
2014/06/23,371896479
2014/06/24,374085301
2014/06/25,371416228
2014/06/26,368984729
2014/06/27,366447134
2014/06/28,362237849
2014/06/29,358036812
2014/06/30,358675103
2014/07/01,362511657
2014/07/02,366770011
2014/07/03,366492390
2014/07/04,362911228
2014/07/05,360158653
2014/07/06,356641341
2014/07/07,354511136
2014/07/08,351122539
2014/07/09,348926790
2014/07/10,347379304
2014/07/11,344760049
2014/07/12,342723488
2014/07/13,340963267
2014/07/14,339516163
2014/07/15,339078242
2014/07/16,338422346
2014/07/17,336420973
2014/07/18,334960534
2014/07/19,330838841
2014/07/20,326818972
2014/07/21,324554960
2014/07/22,321543963
2014/07/23,318934456
2014/07/24,318160621
2014/07/25,316836682
2014/07/26,313269005
2014/07/27,308981137
2014/07/28,307671594
2014/07/29,306400939
2014/07/30,304091730
2014/07/31,301559380
2014/08/01,299903649
2014/08/02,297288756
2014/08/03,295404094
2014/08/04,293025972
2014/08/05,293279876
2014/08/06,291144215
2014/08/07,289228746
2014/08/08,286495678
2014/08/09,284105391
2014/08/10,281801626
2014/08/11,281710064
2014/08/12,283445904
2014/08/13,284821366
2014/08/14,285915115
2014/08/15,286962801
2014/08/16,286815889
2014/08/17,284992046
2014/08/18,287699403
2014/08/19,286946221
2014/08/20,285822974
2014/08/21,287397405
2014/08/22,315953584
2014/08/23,315299958
2014/08/24,311990215
2014/08/25,314559009
2014/08/26,326192135
2014/08/27,334575023
2014/08/28,334605070
2014/08/29,333332277
2014/08/30,331118638
2014/08/31,328460528
2014/09/01,327335959
2014/09/02,324960625
2014/09/03,321794755
2014/09/04,318457790
2014/09/05,315287530
2014/09/06,310980465
2014/09/07,306938929
2014/09/08,304543039
2014/09/09,302109119
2014/09/10,299379702
2014/09/11,296143035
2014/09/12,293203120
2014/09/13,289200627
2014/09/14,285780311
2014/09/15,282977464
2014/09/16,280179542
2014/09/17,277745521
2014/09/18,276728294
2014/09/19,275718458
2014/09/20,274943175
2014/09/21,274896895
2014/09/22,272072737
2014/09/23,270022629
2014/09/24,267873314
2014/09/25,265352340
2014/09/26,262827123
2014/09/27,259562262
2014/09/28,256549173
2014/09/29,255323791
2014/09/30,253785156
2014/10/01,252122780
2014/10/02,250024330
2014/10/03,248718382
2014/10/04,247283119
2014/10/05,247304868
2014/10/06,248963680
2014/10/07,248753125
2014/10/08,249153176
2014/10/09,249203511
2014/10/10,249712482
2014/10/11,248110618
2014/10/12,245662704
2014/10/13,245580574
2014/10/14,245249738
2014/10/15,244439971
2014/10/16,243480730
2014/10/17,242269865
2014/10/18,239998974
2014/10/19,237222427
2014/10/20,236536529
2014/10/21,235072968
2014/10/22,234702711
2014/10/23,234284814
2014/10/24,232836232
2014/10/25,231189790
2014/10/26,228728684
2014/10/27,227545687
2014/10/28,226062859
2014/10/29,225381252
2014/10/30,224108833
2014/10/31,223280823
2014/11/01,221197935
2014/11/02,218660753
2014/11/03,217156943
2014/11/04,217587398
2014/11/05,218142062
2014/11/06,217411054
2014/11/07,217332757
2014/11/08,215206789
2014/11/09,213437873
2014/11/10,213983577
2014/11/11,213414430
2014/11/12,215714455
2014/11/13,224369197
2014/11/14,225479465
2014/11/15,225242027
2014/11/16,224856903
2014/11/17,225394193
2014/11/18,226918896
2014/11/19,226791950
2014/11/20,228192470
2014/11/21,231368618
2014/11/22,230510824
2014/11/23,228281622
2014/11/24,227905884
2014/11/25,229243166
2014/11/26,229459966
2014/11/27,228799779
2014/11/28,232568314
2014/11/29,233112325
2014/11/30,233788837
2014/12/01,235717629
2014/12/02,239440531
2014/12/03,241994848
2014/12/04,243963761
2014/12/05,245535649
2014/12/06,244334061
2014/12/07,243853109
2014/12/08,250433183
2014/12/09,251927500
2014/12/10,253267213
2014/12/11,253060369
2014/12/12,252166340
2014/12/13,251268889
2014/12/14,249839158
2014/12/15,250059925
2014/12/16,250722356
2014/12/17,252011498
2014/12/18,253393671
2014/12/19,253234917
2014/12/20,252140841
2014/12/21,250204013
2014/12/22,250749204
2014/12/23,252051021
2014/12/24,251212207
2014/12/25,250026533
2014/12/26,248426928
2014/12/27,247017890
2014/12/28,245998394
2014/12/29,245573938
2014/12/30,246232067
2014/12/31,246509561
2015/01/01,243945722
2015/01/02,243247068
2015/01/03,243072001
2015/01/04,243700069
2015/01/05,244564645
2015/01/06,245612806
2015/01/07,247439683
2015/01/08,250356065
2015/01/09,251404245
2015/01/10,251256850
2015/01/11,252621099
2015/01/12,252730139
2015/01/13,255882938
2015/01/14,259911412
2015/01/15,265431211
2015/01/16,266855730
2015/01/17,265693577
2015/01/18,263996829
2015/01/19,262527623
2015/01/20,262987297
2015/01/21,263486183
2015/01/22,263459444
2015/01/23,262450834
2015/01/24,260576005
2015/01/25,259680305
2015/01/26,266091305
2015/01/27,266480266
2015/01/28,264298992
2015/01/29,262844299
2015/01/30,261030022
2015/01/31,258759798
2015/02/01,256424738
2015/02/02,254737168
2015/02/03,255370505
2015/02/04,255333078
2015/02/05,255134139
2015/02/06,253325193
2015/02/07,250617655
2015/02/08,247925347
2015/02/09,246146362
2015/02/10,244243841
2015/02/11,242569357
2015/02/12,240362653
2015/02/13,239768465
2015/02/14,237810927
2015/02/15,236220684
2015/02/16,234219410
2015/02/17,232678510
2015/02/18,231481247
2015/02/19,229519961
2015/02/20,228209491
2015/02/21,226069740
2015/02/22,223312023
2015/02/23,222139739
2015/02/24,220616710
2015/02/25,219563646
2015/02/26,220329313
2015/02/27,223307135
2015/02/28,221450856
2015/03/01,223240922
2015/03/02,228760460
2015/03/03,229745552
2015/03/04,229492284
2015/03/05,230036307
2015/03/06,229289383
2015/03/07,229667224
2015/03/08,237335399
2015/03/09,238365097
2015/03/10,239658715
2015/03/11,239516658
2015/03/12,239540510
2015/03/13,239485160
2015/03/14,238847710
2015/03/15,236865197
2015/03/16,237094534
2015/03/17,236295673
2015/03/18,239670876
2015/03/19,239938458
2015/03/20,238909646
2015/03/21,236818207
2015/03/22,234106657
2015/03/23,233619473
2015/03/24,233408818
2015/03/25,233301993
2015/03/26,233069779
2015/03/27,232907998
2015/03/28,230893456
2015/03/29,228515576
2015/03/30,227613308
2015/03/31,226703048
2015/04/01,226892534
2015/04/02,225645884
2015/04/03,224356638
2015/04/04,221720872
2015/04/05,219034083
2015/04/06,217869050
2015/04/07,216990300
2015/04/08,216794259
2015/04/09,216167785
2015/04/10,215828137
2015/04/11,213873532
2015/04/12,211254648
2015/04/13,210780427
2015/04/14,210438852
2015/04/15,209260925
2015/04/16,209899898
2015/04/17,210384017
2015/04/18,208887819
2015/04/19,208605938
2015/04/20,209640106
2015/04/21,210497416
2015/04/22,211901791
2015/04/23,212018151
2015/04/24,213053249
2015/04/25,212484409
2015/04/26,212619488
2015/04/27,213630581
2015/04/28,214737385
2015/04/29,215741374
2015/04/30,216404356
2015/05/01,217295856
2015/05/02,216346039
2015/05/03,215240614
2015/05/04,216361426
2015/05/05,217285657
2015/05/06,218020698
2015/05/07,219201960
2015/05/08,219489768
2015/05/09,218894159
2015/05/10,218606200
2015/05/11,219338182
2015/05/12,219536137
2015/05/13,220107452
2015/05/14,220198429
2015/05/15,219700012
2015/05/16,218285110
2015/05/17,216253891
2015/05/18,215855894
2015/05/19,216635894
2015/05/20,216823568
2015/05/21,216239800
2015/05/22,217157672
2015/05/23,216669076
2015/05/24,214985202
2015/05/25,214210819
2015/05/26,213919951
2015/05/27,214475153
2015/05/28,214325313
2015/05/29,214622690
2015/05/30,214031968
2015/05/31,213276423
2015/06/01,214166420
2015/06/02,214605723
2015/06/03,215318509
2015/06/04,215606274
2015/06/05,216272038
2015/06/06,215424020
2015/06/07,214192994
2015/06/08,213780532
2015/06/09,214413089
2015/06/10,214962167
2015/06/11,215427359
2015/06/12,216277909
2015/06/13,215635254
2015/06/14,216074562
2015/06/15,218103008
2015/06/16,221606555
2015/06/17,225748721
2015/06/18,227777001
2015/06/19,230905727
2015/06/20,230801889
2015/06/21,229847694
2015/06/22,230331353
2015/06/23,231008993
2015/06/24,231587382
2015/06/25,231043064
2015/06/26,233424620
2015/06/27,234659681
2015/06/28,233693215
2015/06/29,235332113
2015/06/30,238887343
2015/07/01,240133778
2015/07/02,241675808
2015/07/03,242822404
2015/07/04,242372567
2015/07/05,243198702
2015/07/06,246133599
2015/07/07,247482792
2015/07/08,249010503
2015/07/09,250898676
2015/07/10,255847713
2015/07/11,257596879
2015/07/12,259717437
2015/07/13,262107304
2015/07/14,263913542
2015/07/15,265248479
2015/07/16,267460829
2015/07/17,268052674
2015/07/18,267048228
2015/07/19,265222705
2015/07/20,264977997
2015/07/21,264976472
2015/07/22,264696053
2015/07/23,264561698
2015/07/24,265425267
2015/07/25,263869216
2015/07/26,261399910
2015/07/27,261231819
2015/07/28,262457932
2015/07/29,262865791
2015/07/30,262900681
2015/07/31,262669788
2015/08/01,261197937
2015/08/02,258907928
2015/08/03,258419666
2015/08/04,258885356
2015/08/05,260035407
2015/08/06,260602743
2015/08/07,260879181
2015/08/08,261388170
2015/08/09,262332166
2015/08/10,262973952
2015/08/11,263344503
2015/08/12,264694994
2015/08/13,266119716
2015/08/14,267443128
2015/08/15,267174656
2015/08/16,267006878
2015/08/17,268927970
2015/08/18,272470966
2015/08/19,274301746
2015/08/20,275354808
2015/08/21,276015463
2015/08/22,275904099
2015/08/23,274673042
2015/08/24,277739999
2015/08/25,280607758
2015/08/26,281404699
2015/08/27,282059219
2015/08/28,283316709
2015/08/29,281443391
2015/08/30,278756501
2015/08/31,278279479
2015/09/01,278477534
2015/09/02,278598298
2015/09/03,277896554
2015/09/04,276817892
2015/09/05,274838727
2015/09/06,273361114
2015/09/07,272160888
2015/09/08,272902904
2015/09/09,273048678
2015/09/10,273500464
2015/09/11,273100719
2015/09/12,270706969
2015/09/13,268591947
2015/09/14,268449647
2015/09/15,268361717
2015/09/16,268437123
2015/09/17,268012645
2015/09/18,267641937
2015/09/19,266611587
2015/09/20,264706055
2015/09/21,265672683
2015/09/22,266630915
2015/09/23,266376859
2015/09/24,265944664
2015/09/25,266401752
2015/09/26,265243776
2015/09/27,262805860
2015/09/28,263731952
2015/09/29,265601303
2015/09/30,266016390
2015/10/01,267412657
2015/10/02,269459943
2015/10/03,268177326
2015/10/04,266359232
2015/10/05,266922850
2015/10/06,269193966
2015/10/07,270455014
2015/10/08,274351468
2015/10/09,274663487
2015/10/10,274534069
2015/10/11,273373446
2015/10/12,274245610
2015/10/13,276630335
2015/10/14,279156330
2015/10/15,283116946
2015/10/16,286692810
2015/10/17,288783208
2015/10/18,288314598
2015/10/19,289771437
2015/10/20,291758010
2015/10/21,292813598
2015/10/22,294827315
2015/10/23,296116952
2015/10/24,297198528
2015/10/25,298987123
2015/10/26,301408076
2015/10/27,305567572
2015/10/28,310170438
2015/10/29,318344408
2015/10/30,328289309
2015/10/31,333248651
2015/11/01,337103471
2015/11/02,347138840
2015/11/03,368086712
2015/11/04,466237201
2015/11/05,485717411
2015/11/06,496777634
2015/11/07,503318544
2015/11/08,507667856
2015/11/09,520552178
2015/11/10,531682767
2015/11/11,542713066
2015/11/12,551001531
2015/11/13,558792475
2015/11/14,568120638
2015/11/15,570336986
2015/11/16,575505011
2015/11/17,575974484
2015/11/18,575605109
2015/11/19,576857439
2015/11/20,578857463
2015/11/21,576041286
2015/11/22,570898635
2015/11/23,566980501
2015/11/24,563731484
2015/11/25,563841914
2015/11/26,566569743
2015/11/27,570119875
2015/11/28,572080012
2015/11/29,569885038
2015/11/30,576468333
2015/12/01,582861886
2015/12/02,589159498
2015/12/03,591472845
2015/12/04,598294746
2015/12/05,623832999
2015/12/06,655973776
2015/12/07,667244788
2015/12/08,676944200
2015/12/09,695354299
2015/12/10,707327602
2015/12/11,725544476
2015/12/12,739441216
2015/12/13,770815004
2015/12/14,798025755
2015/12/15,821493493
2015/12/16,845607341
2015/12/17,866851053
2015/12/18,886794732
2015/12/19,903822557
2015/12/20,921501558
2015/12/21,949247088
2015/12/22,972845373
2015/12/23,993155347
2015/12/24,1016293403
2015/12/25,1031171082
2015/12/26,1032666589
2015/12/27,1020438411
2015/12/28,1013873645
2015/12/29,1005197428
2015/12/30,993973404
2015/12/31,981939246
2016/01/01,968689520
2016/01/02,954345841
2016/01/03,940734382
2016/01/04,928927628
2016/01/05,920374075
2016/01/06,911472367
2016/01/07,905718139
2016/01/08,896303341
2016/01/09,883620579
2016/01/10,874105333
2016/01/11,867713803
2016/01/12,859434898
2016/01/13,852168746
2016/01/14,843590253
2016/01/15,838708635
2016/01/16,831352115
2016/01/17,899772089
2016/01/18,958532818
2016/01/19,1010519202
2016/01/20,1021549557
2016/01/21,1045254442
2016/01/22,1087639094
2016/01/23,1316825191
2016/01/24,1873620909
2016/01/25,1982372738
2016/01/26,2027193949
2016/01/27,2101735212
2016/01/28,2105735770
2016/01/29,2117600145
2016/01/30,2098489660
2016/01/31,2065563360
2016/02/01,2062157630
2016/02/02,2046844820
2016/02/03,2013662819
2016/02/04,1988023792
2016/02/05,1972536195
2016/02/06,1953183064
2016/02/07,1933379641
2016/02/08,1911159509
2016/02/09,1885997042
2016/02/10,1864884149
2016/02/11,1844460589
2016/02/12,1824761658
2016/02/13,1805578812
2016/02/14,1788771499
2016/02/15,1781687079
2016/02/16,1775721303
2016/02/17,1771035330
2016/02/18,1766067175
2016/02/19,1769690889
2016/02/20,1768250121
2016/02/21,1768011437
2016/02/22,1769969740
2016/02/23,1765907631
2016/02/24,1759141698
2016/02/25,1747842667
2016/02/26,1737673874
2016/02/27,1719788452
2016/02/28,1759869920
2016/02/29,1814039814
2016/03/01,1876200711
2016/03/02,1886558018
2016/03/03,1875642284
2016/03/04,1901541346
2016/03/05,2030430260
2016/03/06,2002204066
2016/03/07,1982705053
2016/03/08,1958028629
2016/03/09,1932063930
2016/03/10,1909274008
2016/03/11,1887185337
2016/03/12,1860927697
2016/03/13,1833751395
2016/03/14,1812532321
2016/03/15,1799355037
2016/03/16,1879498033
2016/03/17,1908629371
2016/03/18,1911062361
2016/03/19,1886922167
2016/03/20,1860089799
2016/03/21,1834832739
2016/03/22,1811959937
2016/03/23,1787739025
2016/03/24,1766457490
2016/03/25,1744256699
2016/03/26,1717863891
2016/03/27,1694555793
2016/03/28,1673306814
2016/03/29,1651663413
2016/03/30,1630333026
2016/03/31,1609948767
2016/04/01,1590956323
2016/04/02,1569972098
2016/04/03,1547871809
2016/04/04,1529207503
2016/04/05,1510995845
2016/04/06,1493809192
2016/04/07,1479126656
2016/04/08,1462777956
2016/04/09,1445525167
2016/04/10,1427167912
2016/04/11,1410293187
2016/04/12,1399516728
2016/04/13,1389687064
2016/04/14,1376855912
2016/04/15,1366027057
2016/04/16,1358862637
2016/04/17,1347849601
2016/04/18,1336696708
2016/04/19,1327447734
2016/04/20,1319465932
2016/04/21,1315320810
2016/04/22,1309438710
2016/04/23,1299509464
2016/04/24,1287899716
2016/04/25,1282481598
2016/04/26,1279769740
2016/04/27,1274033638
2016/04/28,1268943334
2016/04/29,1261757847
2016/04/30,1251218441
2016/05/01,1240689034
2016/05/02,1234612670
2016/05/03,1227445589
2016/05/04,1220337507
2016/05/05,1212862631
2016/05/06,1206411919
2016/05/07,1197483422
2016/05/08,1186085317
2016/05/09,1177612372
2016/05/10,1171438291
2016/05/11,1168466256
2016/05/12,1163595310
2016/05/13,1160845562
2016/05/14,1152420745
2016/05/15,1145733375
2016/05/16,1144276496
2016/05/17,1142164103
2016/05/18,1137053891
2016/05/19,1133003248
2016/05/20,1123718462
2016/05/21,1111142757
2016/05/22,1098165338
2016/05/23,1089802552
2016/05/24,1084176917
2016/05/25,1087718554
2016/05/26,1093879325
2016/05/27,1107731542
2016/05/28,1118440301
2016/05/29,1117820210
2016/05/30,1113133792
2016/05/31,1113213705
2016/06/01,1109181642
2016/06/02,1106756550
2016/06/03,1100498217
2016/06/04,1090797289
2016/06/05,1084644068
2016/06/06,1080751647
2016/06/07,1078717398
2016/06/08,1075920169
2016/06/09,1073966738
2016/06/10,1074608597
2016/06/11,1071058117
2016/06/12,1081585405
2016/06/13,1092310848
2016/06/14,1097431351
2016/06/15,1101378430
2016/06/16,1112654521
2016/06/17,1123481665
2016/06/18,1128683184
2016/06/19,1130013869
2016/06/20,1138635883
2016/06/21,1147635411
2016/06/22,1153748238
2016/06/23,1162187328
2016/06/24,1170342933
2016/06/25,1168186379
2016/06/26,1161405395
2016/06/27,1158643210
2016/06/28,1153665150
2016/06/29,1147598782
2016/06/30,1144260645
2016/07/01,1142435532
2016/07/02,1139519148
2016/07/03,1133715703
2016/07/04,1136108689
2016/07/05,1134274162
2016/07/06,1130854648
2016/07/07,1136590190
2016/07/08,1134421179
2016/07/09,1128615118
2016/07/10,1119145763
2016/07/11,1115192267
2016/07/12,1113132066
2016/07/13,1109218784
2016/07/14,1103080492
2016/07/15,1110233902
2016/07/16,1104797353
2016/07/17,1103193673
2016/07/18,1099816443
2016/07/19,1097240712
2016/07/20,1094989973
2016/07/21,1091465818
2016/07/22,1089142737
2016/07/23,1081369849
2016/07/24,1077407214
2016/07/25,1070930949
2016/07/26,1071164477
2016/07/27,1073039168
2016/07/28,1072865374
2016/07/29,1070378213
2016/07/30,1058703153
2016/07/31,1052451639
2016/08/01,1045556336
2016/08/02,1055803695
2016/08/03,1051033332
2016/08/04,1054803747
2016/08/05,1052427480
2016/08/06,1041592367
2016/08/07,1032045420
2016/08/08,1023786246
2016/08/09,1021520570
2016/08/10,1019080757
2016/08/11,1013924813
2016/08/12,1009859005
2016/08/13,1001043592
2016/08/14,991749531
2016/08/15,988718079
2016/08/16,990031840
2016/08/17,986016992
2016/08/18,985715033
2016/08/19,982869700
2016/08/20,981301060
2016/08/21,971965588
2016/08/22,971428617
2016/08/23,972294422
2016/08/24,973850996
2016/08/25,974218315
2016/08/26,974560746
2016/08/27,968018579
2016/08/28,959223367
2016/08/29,954498011
2016/08/30,949876135
2016/08/31,946474289
2016/09/01,942229580
2016/09/02,936317664
2016/09/03,929650273
2016/09/04,919525374
2016/09/05,917008424
2016/09/06,913090811
2016/09/07,909011902
2016/09/08,905584388
2016/09/09,904062915
2016/09/10,897799400
2016/09/11,891271220
2016/09/12,888093206
2016/09/13,886006013
2016/09/14,882583232
2016/09/15,877036192
2016/09/16,876778457
2016/09/17,868824174
2016/09/18,861609011
2016/09/19,857549317
2016/09/20,859385302
2016/09/21,857621993
2016/09/22,860090564
2016/09/23,859912186
2016/09/24,854518063
2016/09/25,852663030
2016/09/26,858556896
2016/09/27,855690768
2016/09/28,864305221
2016/09/29,863251807
2016/09/30,870306200
2016/10/01,867046201
2016/10/02,860723545
2016/10/03,863296767
2016/10/04,864099833
2016/10/05,867599304
2016/10/06,872867757
2016/10/07,877871825
2016/10/08,884464082
2016/10/09,897573144
2016/10/10,906608235
2016/10/11,918228093
2016/10/12,929573317
2016/10/13,925211758
2016/10/14,929278617
2016/10/15,950563453
2016/10/16,959309797
2016/10/17,959518698
2016/10/18,967392460
2016/10/19,969266694
2016/10/20,977164179
2016/10/21,995724339
2016/10/22,988567179
2016/10/23,989878308
2016/10/24,1016140336
2016/10/25,1033994831
2016/10/26,1039066856
2016/10/27,1063067050
2016/10/28,1058360823
2016/10/29,1054260538
2016/10/30,1048732713
2016/10/31,1048554432
2016/11/01,1049833678
2016/11/02,1097724197
2016/11/03,1175287215
2016/11/04,1233790015
2016/11/05,1292056879
2016/11/06,1341881153
2016/11/07,1375313188
2016/11/08,1393556846
2016/11/09,1400250383
2016/11/10,1393417408
2016/11/11,1380612262
2016/11/12,1362663294
2016/11/13,1346401040
2016/11/14,1335182255
2016/11/15,1328577982
2016/11/16,1325192423
2016/11/17,1317239664
2016/11/18,1307875684
2016/11/19,1294740826
2016/11/20,1282076311
2016/11/21,1275044314
2016/11/22,1269308473
2016/11/23,1264742258
2016/11/24,1263053756
2016/11/25,1255507010
2016/11/26,1243337149
2016/11/27,1227949059
2016/11/28,1219628650
2016/11/29,1211939685
2016/11/30,1204163723
2016/12/01,1197906134
2016/12/02,1198007728
2016/12/03,1187213878
2016/12/04,1173877228
2016/12/05,1172684336
2016/12/06,1170490376
2016/12/07,1166330476
2016/12/08,1160589862
2016/12/09,1155832700
2016/12/10,1146536941
2016/12/11,1135274344
2016/12/12,1132106288
2016/12/13,1128916714
2016/12/14,1128076185
2016/12/15,1133478391
2016/12/16,1136324033
2016/12/17,1129681756
2016/12/18,1123498843
2016/12/19,1121063380
2016/12/20,1121336743
2016/12/21,1140344164
2016/12/22,1147406042
2016/12/23,1160049620
2016/12/24,1156120112
2016/12/25,1146476099
2016/12/26,1143431054
2016/12/27,1144024087
2016/12/28,1146976522
2016/12/29,1150111889
2016/12/30,1157584935
2016/12/31,1152964614
2017/01/01,1145638807
2017/01/02,1146805022
2017/01/03,1156542382
2017/01/04,1172117646
2017/01/05,1196686380
2017/01/06,1207618558
2017/01/07,1207239882
2017/01/08,1198293226
2017/01/09,1200119137
2017/01/10,1202877895
2017/01/11,1237498089
2017/01/12,1248287133
2017/01/13,1251402969
2017/01/14,1239664840
2017/01/15,1229444392
2017/01/16,1225854769
2017/01/17,1227546063
2017/01/18,1225066492
2017/01/19,1220895848
2017/01/20,1216836414
2017/01/21,1207954129
2017/01/22,1197635066
2017/01/23,1193231927
2017/01/24,1193154318
2017/01/25,1193436568
2017/01/26,1187297678
2017/01/27,1179614231
2017/01/28,1167986950
2017/01/29,1157333024
2017/01/30,1151588106
2017/01/31,1151026717
2017/02/01,1153745660
2017/02/02,1154757771
2017/02/03,1172225204
2017/02/04,1171486096
2017/02/05,1168069261
2017/02/06,1168884019
2017/02/07,1173559733
2017/02/08,1177519954
2017/02/09,1184151044
2017/02/10,1182573116
2017/02/11,1173547599
2017/02/12,1160988589
2017/02/13,1157642423
2017/02/14,1157787054
2017/02/15,1155592292
2017/02/16,1153476108
2017/02/17,1157467442
2017/02/18,1151685088
2017/02/19,1150725778
2017/02/20,1149084641
2017/02/21,1149344389
2017/02/22,1153304673
2017/02/23,1162032481
2017/02/24,1170615028
2017/02/25,1166899390
2017/02/26,1159188095
2017/02/27,1162833878
2017/02/28,1168648707
2017/03/01,1176665437
2017/03/02,1197873412
2017/03/03,1215921010
2017/03/04,1220545120
2017/03/05,1218623856
2017/03/06,1230848522
2017/03/07,1242763195
2017/03/08,1251311618
2017/03/09,1256250236
2017/03/10,1265741042
2017/03/11,1268548904
2017/03/12,1263567828
2017/03/13,1274661169
2017/03/14,1294302645
2017/03/15,1305274784
2017/03/16,1339555888
2017/03/17,1362469961
2017/03/18,1368414803
2017/03/19,1365991038
2017/03/20,1369597338
2017/03/21,1380670169
2017/03/22,1395190230
2017/03/23,1404129106
2017/03/24,1442062512
2017/03/25,1466788071
2017/03/26,1458967732
2017/03/27,1461952174
2017/03/28,1466374443
2017/03/29,1465520148
2017/03/30,1466714672
2017/03/31,1478679943
2017/04/01,1474402892
2017/04/02,1469993982
2017/04/03,1477034708
2017/04/04,1483454277
2017/04/05,1487984219
2017/04/06,1491883326
2017/04/07,1493917738
2017/04/08,1483714629
2017/04/09,1475053065
2017/04/10,1478550043
2017/04/11,1484155025
2017/04/12,1491378524
2017/04/13,1495443581
2017/04/14,1504277511
2017/04/15,1500338573
2017/04/16,1493635866
2017/04/17,1498708672
2017/04/18,1511583575
2017/04/19,1513897905
2017/04/20,1521400388
2017/04/21,1525293004
2017/04/22,1520549677
2017/04/23,1515008397
2017/04/24,1520174702
2017/04/25,1554281895
2017/04/26,1568953261
2017/04/27,1590812836
2017/04/28,1603355408
2017/04/29,1606008458
2017/04/30,1602095793
2017/05/01,1610893311
2017/05/02,1625032811
2017/05/03,1639410377
2017/05/04,1670719294
2017/05/05,1700616817
2017/05/06,1712574769
2017/05/07,1724012077
2017/05/08,1755539487
2017/05/09,1790813079
2017/05/10,1828067699
2017/05/11,1857619966
2017/05/12,1881979020
2017/05/13,1889930390
2017/05/14,1893128567
2017/05/15,1922774117
2017/05/16,1944394205
2017/05/17,1995367596
2017/05/18,2022047947
2017/05/19,2052514795
2017/05/20,2076533444
2017/05/21,2089001799
2017/05/22,2136532115
2017/05/23,2184760605
2017/05/24,2251082345
2017/05/25,2344583096
2017/05/26,2400588301
2017/05/27,2414230805
2017/05/28,2432923899
2017/05/29,2468351074
2017/05/30,2522060064
2017/05/31,2585399020
2017/06/01,2670796931
2017/06/02,2728820921
2017/06/03,2799685653
2017/06/04,2837892720
2017/06/05,2912837076
2017/06/06,2970085104
2017/06/07,3033906453
2017/06/08,3084008314
2017/06/09,3143347671
2017/06/10,3185230605
2017/06/11,3221048002
2017/06/12,3286490171
2017/06/13,3361293291
2017/06/14,3430813887
2017/06/15,3476384906
2017/06/16,3532807120
2017/06/17,3545869304
2017/06/18,3553626945
2017/06/19,3602122299
2017/06/20,3661897622
2017/06/21,3722332084
2017/06/22,3762039577
2017/06/23,3785353474
2017/06/24,3795386456
2017/06/25,3799651435
2017/06/26,3845526951
2017/06/27,3867343307
2017/06/28,3901862912
2017/06/29,3959293687
2017/06/30,3977138086
2017/07/01,3966871900
2017/07/02,3943861313
2017/07/03,3962018794
2017/07/04,3963138652
2017/07/05,3988722501
2017/07/06,3998572604
2017/07/07,4008078385
2017/07/08,3995223787
2017/07/09,3982662797
2017/07/10,4003702914
2017/07/11,4019128191
2017/07/12,4019123179
2017/07/13,4022037806
2017/07/14,4021660091
2017/07/15,3999599360
2017/07/16,3972749410
2017/07/17,3979114009
2017/07/18,3988156437
2017/07/19,3993841800
2017/07/20,4010901631
2017/07/21,4020198445
2017/07/22,4014417152
2017/07/23,3998253977
2017/07/24,4020600528
2017/07/25,4322563077
2017/07/26,4403062121
2017/07/27,4408324992
2017/07/28,4520672530
2017/07/29,4638978879
2017/07/30,5021712541
2017/07/31,5057850239
2017/08/01,5090752470
2017/08/02,5110017217
2017/08/03,5081731543
2017/08/04,5061651519
2017/08/05,5049399917
2017/08/06,5021489479
2017/08/07,5027233756
2017/08/08,5076052046
2017/08/09,5097569614
2017/08/10,5152890677
2017/08/11,5251100047
2017/08/12,5286291681
2017/08/13,5341302822
2017/08/14,5432256015
2017/08/15,5495713731
2017/08/16,5590554556
2017/08/17,5688974192
2017/08/18,5766761275
2017/08/19,5818123573
2017/08/20,5831388887
2017/08/21,5887536423
2017/08/22,5890241053
2017/08/23,5949345901
2017/08/24,5947799049
2017/08/25,5923192513
2017/08/26,5908177000
2017/08/27,5881810596
2017/08/28,5894665989
2017/08/29,5924012692
2017/08/30,5923501930
2017/08/31,5935788276
2017/09/01,5953261359
2017/09/02,5941510116
2017/09/03,5923634802
2017/09/04,5974801717
2017/09/05,6405226432
2017/09/06,6469925875
2017/09/07,6519642400
2017/09/08,6560056990
2017/09/09,6566017712
2017/09/10,6549837453
2017/09/11,6608260073
2017/09/12,6653989717
2017/09/13,6711772904
2017/09/14,6774091214
2017/09/15,6850097954
2017/09/16,6861802263
2017/09/17,6824887381
2017/09/18,6843672273
2017/09/19,6837980511
2017/09/20,6829019131
2017/09/21,6819973255
2017/09/22,6797288310
2017/09/23,6739097549
2017/09/24,6669773498
2017/09/25,6669223296
2017/09/26,6672419977
2017/09/27,6685627753
2017/09/28,6716662892
2017/09/29,6721713286
2017/09/30,6713134173
2017/10/01,6684433014
2017/10/02,6695047930
2017/10/03,6667642307
2017/10/04,6624148932
2017/10/05,6606801393
2017/10/06,6572161681
2017/10/07,6512522952
2017/10/08,6476689906
2017/10/09,6568205526
2017/10/10,6596548546
2017/10/11,6617495567
2017/10/12,6665551654
2017/10/13,6716829954
2017/10/14,6734513279
2017/10/15,6727988113
2017/10/16,6796783565
2017/10/17,6963994740
2017/10/18,7031129090
2017/10/19,7085466364
2017/10/20,7141390283
2017/10/21,7166628960
2017/10/22,7175697871
2017/10/23,7328122392
2017/10/24,7421081579
2017/10/25,7458586116
2017/10/26,7490256564
2017/10/27,7538181776
2017/10/28,7525123874
2017/10/29,7551234640
2017/10/30,7607128617
2017/10/31,7671264991
2017/11/01,7771305090
2017/11/02,7900398070
2017/11/03,7978718444
2017/11/04,7984453728
2017/11/05,7985223304
2017/11/06,8034102514
2017/11/07,8152368777
2017/11/08,8283962938
2017/11/09,8413143717
2017/11/10,8547424507
2017/11/11,8570310789
2017/11/12,8631480024
2017/11/13,9023516285
2017/11/14,9347292751
2017/11/15,9603331873
2017/11/16,9970868362
2017/11/17,10352117714
2017/11/18,10555234809
2017/11/19,10799793544
2017/11/20,11094610078
2017/11/21,11388229905
2017/11/22,11593160783
2017/11/23,11822543297
2017/11/24,11966745411
2017/11/25,12113761490
2017/11/26,12179754903
2017/11/27,12326447745
2017/11/28,12578595230
2017/11/29,12955640012
2017/11/30,13183192849
2017/12/01,13327335953
2017/12/02,13441893897
2017/12/03,13556602888
2017/12/04,13819179400
2017/12/05,14136528164
2017/12/06,14613462540
2017/12/07,15261951427
2017/12/08,15626796045
2017/12/09,16086890797
2017/12/10,16275700707
2017/12/11,16747475301
2017/12/12,17382724263
2017/12/13,18021337565
2017/12/14,18462658398
2017/12/15,18897499979
2017/12/16,19259200809
2017/12/17,19661215220
2017/12/18,20233644594
2017/12/19,20383857028
2017/12/20,20545653205
2017/12/21,20549523110
2017/12/22,20517009973
2017/12/23,20493550309
2017/12/24,20379874377
2017/12/25,20358046777
2017/12/26,20502803964
2017/12/27,20645608761
2017/12/28,20641869544
2017/12/29,20673469445
2017/12/30,20639997893
2017/12/31,20512542368
2018/01/01,20365381017
2018/01/02,20395252592
2018/01/03,20412810542
2018/01/04,20446206722
2018/01/05,20587538514
2018/01/06,20832984835
2018/01/07,21183843327
2018/01/08,21319330666
2018/01/09,21375379777
2018/01/10,21379100081
2018/01/11,21298554468
2018/01/12,21209693717
2018/01/13,21036987229
2018/01/14,20838843201
2018/01/15,20678756765
2018/01/16,20780807101
2018/01/17,20695879380
2018/01/18,20591500462
2018/01/19,20404198678
2018/01/20,20211033958
2018/01/21,19956927711
2018/01/22,19775503312
2018/01/23,19602602340
2018/01/24,19442249368
2018/01/25,19231489803
2018/01/26,19066231647
2018/01/27,18806457725
2018/01/28,18642265016
2018/01/29,18439893554
2018/01/30,18229549661
2018/01/31,18000861722
2018/02/01,17829213671
2018/02/02,17660208511
2018/02/03,17413205080
2018/02/04,17151358077
2018/02/05,17028442740
2018/02/06,16875372472
2018/02/07,16672332875
2018/02/08,16483264339
2018/02/09,16288542636
2018/02/10,16179752693
2018/02/11,16025656585
2018/02/12,15935083380
2018/02/13,15776736649
2018/02/14,15653818486
2018/02/15,15518675693
2018/02/16,15329165373
2018/02/17,15255152250
2018/02/18,15232005697
2018/02/19,15245666186
2018/02/20,15167754212
2018/02/21,15092756808
2018/02/22,15017886218
2018/02/23,14852388404
2018/02/24,14659121136
2018/02/25,14432714967
2018/02/26,14260960879
2018/02/27,14108653468
2018/02/28,14002500751
2018/03/01,13917539620
2018/03/02,13788125477
2018/03/03,13635699499
2018/03/04,13451253099
2018/03/05,13334211859
2018/03/06,13195920750
2018/03/07,13058944004
2018/03/08,12928972827
2018/03/09,12803406697
2018/03/10,12613701482
2018/03/11,12430453884
2018/03/12,12297540897
2018/03/13,12153941229
2018/03/14,12018180304
2018/03/15,11903426613
2018/03/16,11752292018
2018/03/17,11567823589
2018/03/18,11399046181
2018/03/19,11268697411
2018/03/20,11133620532
2018/03/21,11023258787
2018/03/22,10893664972
2018/03/23,10766065638
2018/03/24,10623665947
2018/03/25,10508614013
2018/03/26,10412036802
2018/03/27,10312049773
2018/03/28,10203679284
2018/03/29,10084323522
2018/03/30,9983582713
2018/03/31,9840396912
2018/04/01,9703821643
2018/04/02,9623610548
2018/04/03,9571691866
2018/04/04,9467037726
2018/04/05,9356179006
2018/04/06,9255259717
2018/04/07,9129185943
2018/04/08,8996953425
2018/04/09,8912326046
2018/04/10,8819700473
2018/04/11,8731441756
2018/04/12,8680195033
2018/04/13,8637489854
2018/04/14,8525880830
2018/04/15,8431769451
2018/04/16,8428407370
2018/04/17,8396794512
2018/04/18,8366536838
2018/04/19,8359803344
2018/04/20,8368213470
2018/04/21,8302751190
2018/04/22,8230094403
2018/04/23,8196365750
2018/04/24,8214441544
2018/04/25,8235481023
2018/04/26,8199130572
2018/04/27,8167906206
2018/04/28,8160115817
2018/04/29,8138048946
2018/04/30,8117506182
2018/05/01,8056132268
2018/05/02,8010288007
2018/05/03,7991068659
2018/05/04,7988723935
2018/05/05,7942336330
2018/05/06,7887503971
2018/05/07,7859926069
2018/05/08,7830141737
2018/05/09,7799933930
2018/05/10,7780373938
2018/05/11,7790545779
2018/05/12,7730283323
2018/05/13,7646698579
2018/05/14,7647116250
2018/05/15,7604811947
2018/05/16,7575028925
2018/05/17,7546548180
2018/05/18,7517511648
2018/05/19,7430937547
2018/05/20,7350598345
2018/05/21,7294148438
2018/05/22,7235026266
2018/05/23,7194895037
2018/05/24,7153045690
2018/05/25,7091901463
2018/05/26,7006837137
2018/05/27,6943779731
2018/05/28,6955310221
2018/05/29,6957244631
2018/05/30,6966208663
2018/05/31,6979650154
2018/06/01,6963485918
2018/06/02,6903251945
2018/06/03,6851260097
2018/06/04,6873239609
2018/06/05,6851374090
2018/06/06,6812918686
2018/06/07,6793008204
2018/06/08,6801369713
2018/06/09,6746620718
2018/06/10,6749287698
2018/06/11,6752772811
2018/06/12,6744341982
2018/06/13,6727762977
2018/06/14,6713004261
2018/06/15,6668811928
2018/06/16,6571959551
2018/06/17,6480242535
2018/06/18,6411849008
2018/06/19,6348615527
2018/06/20,6286712900
2018/06/21,6230190407
2018/06/22,6192827053
2018/06/23,6111978544
2018/06/24,6043066741
2018/06/25,5994350202
2018/06/26,5933435192
2018/06/27,5890656857
2018/06/28,5833452438
2018/06/29,5773880236
2018/06/30,5707276385
2018/07/01,5653033802
2018/07/02,5617869236
2018/07/03,5593593696
2018/07/04,5549024300
2018/07/05,5512153595
2018/07/06,5476792306
2018/07/07,5408439650
2018/07/08,5358120924
2018/07/09,5318000491
2018/07/10,5319335828
2018/07/11,5286412681
2018/07/12,5256143420
2018/07/13,5225239142
2018/07/14,5176898819
2018/07/15,5136366710
2018/07/16,5124755952
2018/07/17,5118467550
2018/07/18,5123856998
2018/07/19,5115710970
2018/07/20,5103533671
2018/07/21,5060870368
2018/07/22,5011060082
2018/07/23,5010620203
2018/07/24,5034238982
2018/07/25,5043578585
2018/07/26,5035888370
2018/07/27,5027513737
2018/07/28,4993096440
2018/07/29,4962112422
2018/07/30,4960135475
2018/07/31,4960537851
2018/08/01,4950742210
2018/08/02,4942546302
2018/08/03,4932510903
2018/08/04,4901590452
2018/08/05,4869638400
2018/08/06,4855867716
2018/08/07,4850428973
2018/08/08,4857773189
2018/08/09,4854014620
2018/08/10,4843651899
2018/08/11,4806333943
2018/08/12,4751873689
2018/08/13,4743052636
2018/08/14,4752302192
2018/08/15,4752688533
2018/08/16,4735122914
2018/08/17,4717341359
2018/08/18,4667620342
2018/08/19,4609609866
2018/08/20,4586408856
2018/08/21,4581918435
2018/08/22,4576829092
2018/08/23,4556398322
2018/08/24,4536735493
2018/08/25,4505364548
2018/08/26,4458653793
2018/08/27,4457116211
2018/08/28,4465239129
2018/08/29,4468258285
2018/08/30,4462946012
2018/08/31,4568875673
2018/09/01,4564339234
2018/09/02,4558610240
2018/09/03,4568949222
2018/09/04,4578684533
2018/09/05,4592876207
2018/09/06,4613246069
2018/09/07,4605138064
2018/09/08,4570380989
2018/09/09,4530008889
2018/09/10,4512301017
2018/09/11,4501988046
2018/09/12,4487852151
2018/09/13,4497899978
2018/09/14,4481238509
2018/09/15,4444908331
2018/09/16,4404415337
2018/09/17,4390930565
2018/09/18,4377587747
2018/09/19,4365383025
2018/09/20,4358615491
2018/09/21,4381124126
2018/09/22,4354477632
2018/09/23,4310241040
2018/09/24,4283483345
2018/09/25,4282664444
2018/09/26,4273537011
2018/09/27,4268790774
2018/09/28,4282152933
2018/09/29,4255589198
2018/09/30,4225456263
2018/10/01,4218050791
2018/10/02,4221812300
2018/10/03,4211893198
2018/10/04,4205396655
2018/10/05,4190578484
2018/10/06,4158990425
2018/10/07,4116296783
2018/10/08,4102601678
2018/10/09,4090790513
2018/10/10,4103105508
2018/10/11,4123696282
2018/10/12,4131146652
2018/10/13,4100079132
2018/10/14,4070482211
2018/10/15,4117934213
2018/10/16,4124299735
2018/10/17,4132039083
2018/10/18,4145553518
2018/10/19,4153974386
2018/10/20,4132141006
2018/10/21,4092779038
2018/10/22,4087755899
2018/10/23,4098851632
2018/10/24,4119778617
2018/10/25,4136360217
2018/10/26,4132783797
2018/10/27,4098095431
2018/10/28,4055226423
2018/10/29,4050299847
2018/10/30,4040465655
2018/10/31,4032951610
2018/11/01,4025898432
2018/11/02,4031751860
2018/11/03,3993368227
2018/11/04,3961865089
2018/11/05,3959842234
2018/11/06,3957567461
2018/11/07,3955015886
2018/11/08,3946556434
2018/11/09,3942180504
2018/11/10,3911139562
2018/11/11,3877280200
2018/11/12,3876122232
2018/11/13,3872339406
2018/11/14,3898772030
2018/11/15,3994164166
2018/11/16,4010250022
2018/11/17,3978035245
2018/11/18,3934801733
2018/11/19,3941950106
2018/11/20,3979145604
2018/11/21,3968502843
2018/11/22,3941543094
2018/11/23,3919563412
2018/11/24,3881121076
2018/11/25,3847541654
2018/11/26,3830345256
2018/11/27,3817327120
2018/11/28,3819605172
2018/11/29,3813169872
2018/11/30,3858654213
2018/12/01,3859422463
2018/12/02,3836541989
2018/12/03,3846821098
2018/12/04,3921442511
2018/12/05,3947905085
2018/12/06,3962567626
2018/12/07,3945843337
2018/12/08,3899728659
2018/12/09,3846082914
2018/12/10,3814827055
2018/12/11,3790603677
2018/12/12,3763235751
2018/12/13,3739565718
2018/12/14,3714196970
2018/12/15,3670432074
2018/12/16,3630452290
2018/12/17,3611559884
2018/12/18,3606141064
2018/12/19,3615373858
2018/12/20,3615032845
2018/12/21,3615089298
2018/12/22,3579076720
2018/12/23,3540127054
2018/12/24,3526058825
2018/12/25,3494290417
2018/12/26,3470996462
2018/12/27,3455293935
2018/12/28,3445529088
2018/12/29,3429362064
2018/12/30,3388355319
2018/12/31,3358000597
2019/01/01,3315506652
2019/01/02,3297917855
2019/01/03,3285926433
2019/01/04,3275504701
2019/01/05,3248526756
2019/01/06,3222685634
2019/01/07,3217699860
2019/01/08,3207634637
2019/01/09,3200894104
2019/01/10,3201459392
2019/01/11,3204406533
2019/01/12,3176741529
2019/01/13,3146631044
2019/01/14,3131861395
2019/01/15,3139589354
2019/01/16,3131308279
2019/01/17,3115216864
2019/01/18,3096935200
2019/01/19,3064462399
2019/01/20,3034961066
2019/01/21,3014637936
2019/01/22,3002853446
2019/01/23,2990864563
2019/01/24,2976727832
2019/01/25,2964068300
2019/01/26,2937902960
2019/01/27,2906483731
2019/01/28,2908012894
2019/01/29,2900934492
2019/01/30,2899104745
2019/01/31,2893109822
2019/02/01,2900313620
2019/02/02,2879021861
2019/02/03,2852425262
2019/02/04,2834394818
2019/02/05,2819725769
2019/02/06,2808414198
2019/02/07,2795584620
2019/02/08,2792187424
2019/02/09,2776265112
2019/02/10,2750419394
2019/02/11,2741558441
2019/02/12,2735957692
2019/02/13,2734505421
2019/02/14,2720462270
2019/02/15,2713290211
2019/02/16,2697851620
2019/02/17,2677303037
2019/02/18,2682285852
2019/02/19,2696675187
2019/02/20,2707317149
2019/02/21,2712586527
2019/02/22,2713787937
2019/02/23,2711833769
2019/02/24,2704593604
2019/02/25,2717114182
2019/02/26,2723356911
2019/02/27,2733080844
2019/02/28,2750333000
2019/03/01,2752942503
2019/03/02,2743047177
2019/03/03,2779491318
2019/03/04,2795291372
2019/03/05,2810127645
2019/03/06,2813931633
2019/03/07,2821075106
2019/03/08,2821828438
2019/03/09,2808746089
2019/03/10,2789523544
2019/03/11,2789247325
2019/03/12,2792669106
2019/03/13,2795954774
2019/03/14,2808361300
2019/03/15,2810761626
2019/03/16,2801220282
2019/03/17,2782891763
2019/03/18,2783578744
2019/03/19,2784350878
2019/03/20,2790636408
2019/03/21,2800448874
2019/03/22,2801264054
2019/03/23,2784630273
2019/03/24,2764181890
2019/03/25,2765070278
2019/03/26,2769582946
2019/03/27,2774417615
2019/03/28,2784722254
2019/03/29,2802387071
2019/03/30,2795948499
2019/03/31,2785727217
2019/04/01,2796927987
2019/04/02,2887997575
2019/04/03,2933979415
2019/04/04,2974336559
2019/04/05,2998641268
2019/04/06,2994957429
2019/04/07,2997414511
2019/04/08,3033145556
2019/04/09,3069118629
2019/04/10,3102906463
2019/04/11,3149955504
2019/04/12,3168921996
2019/04/13,3161848127
2019/04/14,3158405663
2019/04/15,3180289059
2019/04/16,3191899490
2019/04/17,3245535658
2019/04/18,3303681231
2019/04/19,3337769242
2019/04/20,3343601947
2019/04/21,3324783925
2019/04/22,3371415576
2019/04/23,3439667427
2019/04/24,3543248124
2019/04/25,3614846638
2019/04/26,3666053145
2019/04/27,3647854011
2019/04/28,3634100332
2019/04/29,3651009685
2019/04/30,3671773718
2019/05/01,3677404530
2019/05/02,3683027048
2019/05/03,3709453472
2019/05/04,3710607043
2019/05/05,3705582815
2019/05/06,3720724980
2019/05/07,3748836637
2019/05/08,3778130527
2019/05/09,3816218277
2019/05/10,3862837518
2019/05/11,3912214687
2019/05/12,3936266218
2019/05/13,3995491197
2019/05/14,4089454946
2019/05/15,4198119769
2019/05/16,4289266231
2019/05/17,4355242933
2019/05/18,4357494030
2019/05/19,4372294055
2019/05/20,4409096177
2019/05/21,4446280665
2019/05/22,4491547328
2019/05/23,4532799222
2019/05/24,4585502085
2019/05/25,4580266582
2019/05/26,4578299574
2019/05/27,4640196030
2019/05/28,4703317387
2019/05/29,4802552121
2019/05/30,4870043389
2019/05/31,5084144566
2019/06/01,5093649605
2019/06/02,5089253232
2019/06/03,5207342296
2019/06/04,5274958723
2019/06/05,5334896651
2019/06/06,5446228525
2019/06/07,5459448274
2019/06/08,5445290037
2019/06/09,5418576939
2019/06/10,5449326062
2019/06/11,5566049871
2019/06/12,5611907711
2019/06/13,5643913333
2019/06/14,5677725268
2019/06/15,5695115618
2019/06/16,5716104557
2019/06/17,6007450815
2019/06/18,6353429851
2019/06/19,6452251164
2019/06/20,6535606166
2019/06/21,6594480503
2019/06/22,6803025042
2019/06/23,6815715486
2019/06/24,6886141980
2019/06/25,7016073716
2019/06/26,7202081726
2019/06/27,7334059490
2019/06/28,7426443760
2019/06/29,7544439132
2019/06/30,7758463281
2019/07/01,7770250721
2019/07/02,7754697224
2019/07/03,7753567532
2019/07/04,7762939619
2019/07/05,7734667071
2019/07/06,7671797939
2019/07/07,7594979066
2019/07/08,7690821590
2019/07/09,7798451742
2019/07/10,7967673441
2019/07/11,8241359826
2019/07/12,8512051807
2019/07/13,8650554153
2019/07/14,8764824223
2019/07/15,8854097117
2019/07/16,8922462643
2019/07/17,8970841901
2019/07/18,8981918132
2019/07/19,8974631499
2019/07/20,8914045208
2019/07/21,8829591426
2019/07/22,8775582701
2019/07/23,8731038752
2019/07/24,8695944819
2019/07/25,8650600672
2019/07/26,8588364889
2019/07/27,8494509683
2019/07/28,8381877507
2019/07/29,8454219532
2019/07/30,8388970286
2019/07/31,8319616700
2019/08/01,8262282058
2019/08/02,8213812446
2019/08/03,8120190655
2019/08/04,8028397129
2019/08/05,8040288411
2019/08/06,8061796495
2019/08/07,8053853414
2019/08/08,8018659819
2019/08/09,7985750124
2019/08/10,7930745811
2019/08/11,7845829835
2019/08/12,7799168396
2019/08/13,7769575292
2019/08/14,7735779187
2019/08/15,7741134659
2019/08/16,7684557349
2019/08/17,7646768630
2019/08/18,7574219642
2019/08/19,7517895219
2019/08/20,7465510296
2019/08/21,7412970989
2019/08/22,7336793957
2019/08/23,7294839264
2019/08/24,7208791706
2019/08/25,7116993735
2019/08/26,7085580498
2019/08/27,7054572617
2019/08/28,7006957510
2019/08/29,7001947912
2019/08/30,6979779034
2019/08/31,6911952613
2019/09/01,6848621103
2019/09/02,6815953427
2019/09/03,6803463793
2019/09/04,6780870469
2019/09/05,6782450484
2019/09/06,6818702428
2019/09/07,6774081990
2019/09/08,6713685111
2019/09/09,6684562242
2019/09/10,6686944791
2019/09/11,6659931097
2019/09/12,6643180226
2019/09/13,6603610106
2019/09/14,6565230706
2019/09/15,6499952657
2019/09/16,6479516489
2019/09/17,6465056488
2019/09/18,6464365801
2019/09/19,6445318543
2019/09/20,6447130018
2019/09/21,6430402591
2019/09/22,6370859927
2019/09/23,6325842176
2019/09/24,6384371582
2019/09/25,6402076499
2019/09/26,6373622081
2019/09/27,6345374768
2019/09/28,6284166244
2019/09/29,6219224336
2019/09/30,6191148899
2019/10/01,6159587578
2019/10/02,6104063976
2019/10/03,6066344310
2019/10/04,6025309970
2019/10/05,5956361777
2019/10/06,5893134968
2019/10/07,5850401732
2019/10/08,5816194618
2019/10/09,5795559095
2019/10/10,5772927154
2019/10/11,5741998826
2019/10/12,5678873214
2019/10/13,5608838600
2019/10/14,5606197661
2019/10/15,5567429165
2019/10/16,5570949439
2019/10/17,5563982009
2019/10/18,5538210081
2019/10/19,5468345703
2019/10/20,5399130982
2019/10/21,5360527842
2019/10/22,5328339530
2019/10/23,5320798910
2019/10/24,5307427994
2019/10/25,5307448691
2019/10/26,5307769972
2019/10/27,5278440582
2019/10/28,5293577643
2019/10/29,5280004448
2019/10/30,5251329437
2019/10/31,5242353696
2019/11/01,5266865273
2019/11/02,5235311202
2019/11/03,5205675122
2019/11/04,5211045235
2019/11/05,5263165007
2019/11/06,5255343436
2019/11/07,5255673186
2019/11/08,5265506927
2019/11/09,5251763119
2019/11/10,5199060957
2019/11/11,5163337768
2019/11/12,5141157204
2019/11/13,5136237730
2019/11/14,5128119197
2019/11/15,5142193038
2019/11/16,5098390032
2019/11/17,5044602624
2019/11/18,5036664204
2019/11/19,5016617309
2019/11/20,4981645138
2019/11/21,4976309143
2019/11/22,5014600370
2019/11/23,5019505654
2019/11/24,4998749857
2019/11/25,5012963503
2019/11/26,5012563226
2019/11/27,5016203474
2019/11/28,4987598073
2019/11/29,4983574548
2019/11/30,4968418791
2019/12/01,4935444366
2019/12/02,4923224590
2019/12/03,4908332013
2019/12/04,5096971590
2019/12/05,5067052014
2019/12/06,5249241568
2019/12/07,5194824031
2019/12/08,5128620160
2019/12/09,5109087246
2019/12/10,5101359509
2019/12/11,5078552922
2019/12/12,5059881219
2019/12/13,5024116645
2019/12/14,4966161912
2019/12/15,4908531891
2019/12/16,4874282428
2019/12/17,4936607034
2019/12/18,4938519654
2019/12/19,4932673667
2019/12/20,4925773357
2019/12/21,4886486202
2019/12/22,4843705840
2019/12/23,4832138327
2019/12/24,4801351294
2019/12/25,4759294834
2019/12/26,4729376459
2019/12/27,4711289488
2019/12/28,4678389071
2019/12/29,4630333456
2019/12/30,4630766590
2019/12/31,4604379035
2020/01/01,4547623603
2020/01/02,4524495083
2020/01/03,4549561095
2020/01/04,4525856401
2020/01/05,4482213373
2020/01/06,4470850655
2020/01/07,4465865023
2020/01/08,4469193777
2020/01/09,4536508513
2020/01/10,4552332906
2020/01/11,4525554417
2020/01/12,4489339206
2020/01/13,4478362726
2020/01/14,4547096839
2020/01/15,4711937477
2020/01/16,4710615299
2020/01/17,4755719047
2020/01/18,4724282293
2020/01/19,4692246167
2020/01/20,4714511301
2020/01/21,4704596168
2020/01/22,4710714024
2020/01/23,4733595389
2020/01/24,4726409585
2020/01/25,4686781607
2020/01/26,4655254784
2020/01/27,4654202847
2020/01/28,4678374330
2020/01/29,4702519171
2020/01/30,4756457317
2020/01/31,4835892072
2020/02/01,4865787568
2020/02/02,4861761524
2020/02/03,4952049817
2020/02/04,4974438458
2020/02/05,4977158417
2020/02/06,5090776465
2020/02/07,5124531151
2020/02/08,5135899786
2020/02/09,5113565355
2020/02/10,5139156953
2020/02/11,5172178641
2020/02/12,5208259556
2020/02/13,5247781286
2020/02/14,5280283965
2020/02/15,5284244486
2020/02/16,5301080540
2020/02/17,5391091093
2020/02/18,5396962734
2020/02/19,5452190825
2020/02/20,5473265768
2020/02/21,5472548151
2020/02/22,5435080493
2020/02/23,5424312576
2020/02/24,5427048224
2020/02/25,5446984510
2020/02/26,5446057685
2020/02/27,5472318960
2020/02/28,5495913001
2020/02/29,5453443449
2020/03/01,5400758157
2020/03/02,5390946328
2020/03/03,5376288930
2020/03/04,5374964814
2020/03/05,5373602944
2020/03/06,5400115892
2020/03/07,5370824714
2020/03/08,5330894349
2020/03/09,5358991992
2020/03/10,5370304909
2020/03/11,5383486718
2020/03/12,5511684323
2020/03/13,5575105258
2020/03/14,5540419012
2020/03/15,5480195415
2020/03/16,5481447555
2020/03/17,5478399444
2020/03/18,5441374095
2020/03/19,5417437768
2020/03/20,5427422135
2020/03/21,5366651018
2020/03/22,5322343342
2020/03/23,5285678362
2020/03/24,5308844035
2020/03/25,5275603822
2020/03/26,5243422208
2020/03/27,5214719710
2020/03/28,5156704995
2020/03/29,5097840116
2020/03/30,5079839721
2020/03/31,5074464715
2020/04/01,5053464690
2020/04/02,5032836892
2020/04/03,5019558165
2020/04/04,5007845350
2020/04/05,4952804036
2020/04/06,4962224373
2020/04/07,4998721285
2020/04/08,4971357025
2020/04/09,4996352369
2020/04/10,4974659415
2020/04/11,4922927969
2020/04/12,4863818842
2020/04/13,4838713541
2020/04/14,4804873363
2020/04/15,4791391795
2020/04/16,4801355837
2020/04/17,4788710223
2020/04/18,4741621674
2020/04/19,4690813452
2020/04/20,4669337838
2020/04/21,4647614434
2020/04/22,4631297459
2020/04/23,4630987337
2020/04/24,4675345447
2020/04/25,4637060672
2020/04/26,4592876131
2020/04/27,4591404576
2020/04/28,4586803787
2020/04/29,4673442472
2020/04/30,4762629477
2020/05/01,4783570166
2020/05/02,4753111670
2020/05/03,4729340481
2020/05/04,4740491954
2020/05/05,4738295861
2020/05/06,4761634217
2020/05/07,4816047780
2020/05/08,4901407619
2020/05/09,4936315670
2020/05/10,4922930145
2020/05/11,4949555249
2020/05/12,5002263093
2020/05/13,5052986037
2020/05/14,5068668540
2020/05/15,5082082384
2020/05/16,5047427797
2020/05/17,5001516628
2020/05/18,5014115945
2020/05/19,5023449713
2020/05/20,5056233606
2020/05/21,5088844097
2020/05/22,5086617640
2020/05/23,5042569131
2020/05/24,5016105898
2020/05/25,5066913346
2020/05/26,5051767688
2020/05/27,5058326355
2020/05/28,5051040024
2020/05/29,5082803843
2020/05/30,5045217643
2020/05/31,5047426529
2020/06/01,5090630630
2020/06/02,5161280997
2020/06/03,5154765886
2020/06/04,5169449639
2020/06/05,5192230621
2020/06/06,5141481518
2020/06/07,5089395060
2020/06/08,5097146478
2020/06/09,5088218526
2020/06/10,5075108027
2020/06/11,5109672178
2020/06/12,5096640037
2020/06/13,5046180875
2020/06/14,4988344975
2020/06/15,5011160263
2020/06/16,5030826466
2020/06/17,5049533980
2020/06/18,5050245424
2020/06/19,5156161466
2020/06/20,5107767788
2020/06/21,5050687620
2020/06/22,5048114804
2020/06/23,5087690093
2020/06/24,5099494929
2020/06/25,5138730126
2020/06/26,5177585433
2020/06/27,5127749810
2020/06/28,5076760482
2020/06/29,5065162185
2020/06/30,5063481124
2020/07/01,5075505570
2020/07/02,5080863104
2020/07/03,5077556925
2020/07/04,5036602567
2020/07/05,4984959466
2020/07/06,4990335329
2020/07/07,4993047220
2020/07/08,5012521032
2020/07/09,5021721128
2020/07/10,5021539096
2020/07/11,4976975266
2020/07/12,4950689290
2020/07/13,5011929235
2020/07/14,5016193679
2020/07/15,5018631523
2020/07/16,5022423665
2020/07/17,5019573318
2020/07/18,4983385187
2020/07/19,4940442111
2020/07/20,4936353497
2020/07/21,4943855475
2020/07/22,4962708779
2020/07/23,4980648520
2020/07/24,4984192002
2020/07/25,4959928532
2020/07/26,4937262238
2020/07/27,5000514619
2020/07/28,5071023781
2020/07/29,5108704168
2020/07/30,5153422478
2020/07/31,5190126635
2020/08/01,5201369645
2020/08/02,5190538350
2020/08/03,5246992727
2020/08/04,5270236925
2020/08/05,5281570196
2020/08/06,5354750955
2020/08/07,5404528627
2020/08/08,5391355327
2020/08/09,5369991397
2020/08/10,5414461368
2020/08/11,5457377256
2020/08/12,5507225278
2020/08/13,5539930704
2020/08/14,5608551352
2020/08/15,5613791971
2020/08/16,5611385994
2020/08/17,5676433609
2020/08/18,5743198076
2020/08/19,5776435457
2020/08/20,5803032223
2020/08/21,5812707699
2020/08/22,5781558288
2020/08/23,5731069802
2020/08/24,5737526370
2020/08/25,5757879511
2020/08/26,5774478086
2020/08/27,5796823315
2020/08/28,5815098773
2020/08/29,5791525180
2020/08/30,5763450931
2020/08/31,5810991447
2020/09/01,5849362282
2020/09/02,5895081547
2020/09/03,5938674733
2020/09/04,5998508333
2020/09/05,5975935332
2020/09/06,5923428839
2020/09/07,5920990098
2020/09/08,5912864374
2020/09/09,5902216328
2020/09/10,5895421534
2020/09/11,5897848239
2020/09/12,5850398880
2020/09/13,5803375507
2020/09/14,5803515637
2020/09/15,5815684350
2020/09/16,5825849084
2020/09/17,5828105427
2020/09/18,5834951857
2020/09/19,5794168121
2020/09/20,5742311517
2020/09/21,5740812879
2020/09/22,5761509587
2020/09/23,5790260390
2020/09/24,5823840237
2020/09/25,5844205897
2020/09/26,5793739272
2020/09/27,5746209066
2020/09/28,5747280864
2020/09/29,5768375155
2020/09/30,5790080741
2020/10/01,5803510329
2020/10/02,5862718238
2020/10/03,5829326044
2020/10/04,5777235151
2020/10/05,5776292457
2020/10/06,5779166524
2020/10/07,5802925675
2020/10/08,5820398601
2020/10/09,5855158861
2020/10/10,5856520735
2020/10/11,5828549655
2020/10/12,5847517495
2020/10/13,5865929380
2020/10/14,5864009251
2020/10/15,5877753601
2020/10/16,5884704961
2020/10/17,5833793701
2020/10/18,5775863120
2020/10/19,5811355774
2020/10/20,5833053285
2020/10/21,5894538346
2020/10/22,5979925216
2020/10/23,6038521114
2020/10/24,6035991434
2020/10/25,6015643164
2020/10/26,6052943312
2020/10/27,6094347770
2020/10/28,6168558647
2020/10/29,6207138479
2020/10/30,6238848561
2020/10/31,6242436803
2020/11/01,6224005407
2020/11/02,6276383008
2020/11/03,6436312951
2020/11/04,6479608341
2020/11/05,6607277843
2020/11/06,6715676425
2020/11/07,6718753992
2020/11/08,6711382183
2020/11/09,6772417654
2020/11/10,6830487551
2020/11/11,6877465827
2020/11/12,6944556026
2020/11/13,6991265169
2020/11/14,6961736097
2020/11/15,6928719137
2020/11/16,6957232258
2020/11/17,7032737499
2020/11/18,7162743774
2020/11/19,7207862615
2020/11/20,7325866292
2020/11/21,7332630575
2020/11/22,7310536394
2020/11/23,7351870069
2020/11/24,7455977792
2020/11/25,7541353232
2020/11/26,7658955932
2020/11/27,7740531541
2020/11/28,7701707438
2020/11/29,7697092346
2020/11/30,7795732140
2020/12/01,7956405778
2020/12/02,7997778360
2020/12/03,8025758791
2020/12/04,8099306422
2020/12/05,8056524515
2020/12/06,8010218967
2020/12/07,8031004621
2020/12/08,8069796485
2020/12/09,8101534913
2020/12/10,8193491807
2020/12/11,8210757572
2020/12/12,8200920449
2020/12/13,8216855414
2020/12/14,8257110438
2020/12/15,8329689093
2020/12/16,8493770871
2020/12/17,8724747232
2020/12/18,8964783324
2020/12/19,8996715738
2020/12/20,8984885924
2020/12/21,9084201068
2020/12/22,9259226161
2020/12/23,9428078994
2020/12/24,9497653254
2020/12/25,9486118564
2020/12/26,9520724326
2020/12/27,9637923682
2020/12/28,9839033418
2020/12/29,10039597100
2020/12/30,10267825532
2020/12/31,10460016552
2021/01/01,10553870084
2021/01/02,10778816774
2021/01/03,10956824015
2021/01/04,11244736642
2021/01/05,11475453055
2021/01/06,11794180954
2021/01/07,12274409031
2021/01/08,12739583202
2021/01/09,12910695938
2021/01/10,13076498160
2021/01/11,13349591287
2021/01/12,13567166644
2021/01/13,13727285424
2021/01/14,14032902021
2021/01/15,14302341933
2021/01/16,14334222881
2021/01/17,14312325921
2021/01/18,14390069116
2021/01/19,14631590436
2021/01/20,14850210336
2021/01/21,14979591780
2021/01/22,15036363847
2021/01/23,14958216769
2021/01/24,14818371817
2021/01/25,14837119414
2021/01/26,14864095693
2021/01/27,14989669705
2021/01/28,15087672316
2021/01/29,15448442821
2021/01/30,15455543453
2021/01/31,15433642156
2021/02/01,15511776268
2021/02/02,15578639846
2021/02/03,15642642759
2021/02/04,15842149370
2021/02/05,16023878098
2021/02/06,16077360306
2021/02/07,16082291214
2021/02/08,16415851044
2021/02/09,16932968156
2021/02/10,17197610693
2021/02/11,17403317997
2021/02/12,17616121877
2021/02/13,17571307021
2021/02/14,17527372676
2021/02/15,17614242582
2021/02/16,17774020375
2021/02/17,18034351541
2021/02/18,18291324419
2021/02/19,18669939952
2021/02/20,18888987769
2021/02/21,19129722462
2021/02/22,19437091934
2021/02/23,19902037249
2021/02/24,20194249140
2021/02/25,20754379577
2021/02/26,20977883413
2021/02/27,20893596286
2021/02/28,20772526599
2021/03/01,20836344542
2021/03/02,20964360928
2021/03/03,21093113249
2021/03/04,21164499003
2021/03/05,21279895634
2021/03/06,21130013402
2021/03/07,21033479744
2021/03/08,21165433574
2021/03/09,21358773803
2021/03/10,21524398238
2021/03/11,21717862215
2021/03/12,21908285506
2021/03/13,22018998794
2021/03/14,22053800233
2021/03/15,22302502535
2021/03/16,22503235734
2021/03/17,22575680172
2021/03/18,22669460577
2021/03/19,22731220614
2021/03/20,22649253760
2021/03/21,22536823647
2021/03/22,22662345661
2021/03/23,22997711489
2021/03/24,23230169335
2021/03/25,23651184477
2021/03/26,23832543012
2021/03/27,23755483127
2021/03/28,23629443845
2021/03/29,23777258271
2021/03/30,23849895218
2021/03/31,23991532431
2021/04/01,24181305221
2021/04/02,24317667821
2021/04/03,24250083727
2021/04/04,24063064404
2021/04/05,24220006043
2021/04/06,24666857091
2021/04/07,24870324291
2021/04/08,25074902494
2021/04/09,25254296035
2021/04/10,25341811668
2021/04/11,25212498040
2021/04/12,25478292174
2021/04/13,25912386214
2021/04/14,26433634167
2021/04/15,26661674892
2021/04/16,27219396318
2021/04/17,27100125923
2021/04/18,27441785446
2021/04/19,27495645753
2021/04/20,28372828500
2021/04/21,29208000664
2021/04/22,29906896206
2021/04/23,30559442931
2021/04/24,30569190821
2021/04/25,30533589616
2021/04/26,30982089257
2021/04/27,31770380399
2021/04/28,32086807392
2021/04/29,32194682238
2021/04/30,32148927930
2021/05/01,31796255342
2021/05/02,31367224057
2021/05/03,31412120412
2021/05/04,31478604635
2021/05/05,31566791951
2021/05/06,31579016518
2021/05/07,31825225319
2021/05/08,31673768002
2021/05/09,31497797397
2021/05/10,31587334188
2021/05/11,31528828851
2021/05/12,31732235366
2021/05/13,32529777295
2021/05/14,33062593219
2021/05/15,33322878820
2021/05/16,33354564701
2021/05/17,33836740416
2021/05/18,33852284282
2021/05/19,34294125783
2021/05/20,34833925373
2021/05/21,35086895061
2021/05/22,35048450283
2021/05/23,35074667523
2021/05/24,35347247319
2021/05/25,35585268999
2021/05/26,35920279405
2021/05/27,36061670539
2021/05/28,36882053537
2021/05/29,37173533121
2021/05/30,36813737920
2021/05/31,36407456884
2021/06/01,35955259459
2021/06/02,35499801407
2021/06/03,35077872156
2021/06/04,34617830144
2021/06/05,34119066923
2021/06/06,34157747522
2021/06/07,34392182312
2021/06/08,34801229014
2021/06/09,34500156691
2021/06/10,34115335069
2021/06/11,33707701670
2021/06/12,33180365129
2021/06/13,32656535038
2021/06/14,32338944334
2021/06/15,32154630740
2021/06/16,31966370892
2021/06/17,31708091349
2021/06/18,31428209620
2021/06/19,30989836912
2021/06/20,30550281208
2021/06/21,30341184330
2021/06/22,30216330968
2021/06/23,30020796419
2021/06/24,29844386389
2021/06/25,29903960469
2021/06/26,29797556881
2021/06/27,29445913555
2021/06/28,29211143039
2021/06/29,29002447689
2021/06/30,28764743772
2021/07/01,28522679482
2021/07/02,28321846131
2021/07/03,28007259059
2021/07/04,27763399106
2021/07/05,27407576460
2021/07/06,27094058478
2021/07/07,26817726647
2021/07/08,26540086062
2021/07/09,26220032212
2021/07/10,25890085251
2021/07/11,25503422046
2021/07/12,25250350398
2021/07/13,24963361572
2021/07/14,24678161591
2021/07/15,24495428388
2021/07/16,24225881722
2021/07/17,24029796290
2021/07/18,23676287282
2021/07/19,23397714639
2021/07/20,23160437331
2021/07/21,22964913717
2021/07/22,22694231500
2021/07/23,22421556452
2021/07/24,22095463334
2021/07/25,21782051355
2021/07/26,21844105634
2021/07/27,21845052260
2021/07/28,22375668688
2021/07/29,22376241482
2021/07/30,22326393260
2021/07/31,22100852072
2021/08/01,23146811131
2021/08/02,23480195107
2021/08/03,23539257995
2021/08/04,23654871760
2021/08/05,23574337136
2021/08/06,23707863334
2021/08/07,23437099744
2021/08/08,23208365277
2021/08/09,23334771643
2021/08/10,23214543315
2021/08/11,23112828247
2021/08/12,22936653416
2021/08/13,22804802999
2021/08/14,22561054850
2021/08/15,22467029621
2021/08/16,22310642100
2021/08/17,22083502036
2021/08/18,21976234504
2021/08/19,21797036061
2021/08/20,21866427357
2021/08/21,21907760301
2021/08/22,21679920347
2021/08/23,22372483582
2021/08/24,23038338419
2021/08/25,23795789196
2021/08/26,25321042557
2021/08/27,26947460566
2021/08/28,28293538362
2021/08/29,29703634621
2021/08/30,31123685165
2021/08/31,32286615261
2021/09/01,33188882511
2021/09/02,33964348694
2021/09/03,34218371725
2021/09/04,34111740475
2021/09/05,33813036899
2021/09/06,33636959459
2021/09/07,33583342128
2021/09/08,33324362969
2021/09/09,33007456485
2021/09/10,39251575731
2021/09/11,40963872987
2021/09/12,41602864191
2021/09/13,47672831971
2021/09/14,55049900995
2021/09/15,54899985087
2021/09/16,54619491446
2021/09/17,54069914883
2021/09/18,53317447679
2021/09/19,52434314190
2021/09/20,52487967181
2021/09/21,52454720042
2021/09/22,52357570240
2021/09/23,52159907141
2021/09/24,52035848227
2021/09/25,51602930600
2021/09/26,51596054224
2021/09/27,51677060909
2021/09/28,51700684625
2021/09/29,51723537583
2021/09/30,51867952480
2021/10/01,52000765771
2021/10/02,51598635526
2021/10/03,51180267345
2021/10/04,50937210836
2021/10/05,50843233087
2021/10/06,51262352040
2021/10/07,51387683795
2021/10/08,51328972297
2021/10/09,50766596572
2021/10/10,50203550886
2021/10/11,50441492171
2021/10/12,50367265448
2021/10/13,50023585781
2021/10/14,49911343628
2021/10/15,50155009299
2021/10/16,49826856359
2021/10/17,49272712178
2021/10/18,49021273531
2021/10/19,48893627581
2021/10/20,48914375237
2021/10/21,49000027610
2021/10/22,48883325911
2021/10/23,48320602881
2021/10/24,47816490536
2021/10/25,47700688719
2021/10/26,47867968712
2021/10/27,47782748141
2021/10/28,47680758615
2021/10/29,47610533657
2021/10/30,47129071033
2021/10/31,46621732477
2021/11/01,46510044849
2021/11/02,46481611869
2021/11/03,46458002959
2021/11/04,46372234506
2021/11/05,46230272967
2021/11/06,45722535817
2021/11/07,45142601765
2021/11/08,45681752822
2021/11/09,45828469187
2021/11/10,45765017549
2021/11/11,45676711243
2021/11/12,45694390819
2021/11/13,45212532186
2021/11/14,44757901376
2021/11/15,44893549243
2021/11/16,45910210128
2021/11/17,46674421083
2021/11/18,47047261099
2021/11/19,47190064284
2021/11/20,46855102939
2021/11/21,46249858637
2021/11/22,46225376749
2021/11/23,46500842163
2021/11/24,47432194411
2021/11/25,48818024843
2021/11/26,49851760028
2021/11/27,49471916198
2021/11/28,48855532470
2021/11/29,48959547726
2021/11/30,49536936501
2021/12/01,49977923902
2021/12/02,50144454503
2021/12/03,50086359106
2021/12/04,50774785097
2021/12/05,50658330211
2021/12/06,51103669836
2021/12/07,51139232843
2021/12/08,50873556382
2021/12/09,50481384294
2021/12/10,50129771688
2021/12/11,49457018312
2021/12/12,48622421701
2021/12/13,48206575555
