Date,size30mom
2010/07/17,409.071
2010/07/18,512.725
2010/07/19,356.107
2010/07/20,768.404
2010/07/21,229.204
2010/07/22,184.391
2010/07/23,176.187
2010/07/24,1164
2010/07/25,2910
2010/07/26,713.102
2010/07/27,447.771
2010/07/28,3075
2010/07/29,2011
2010/07/30,-587.912
2010/07/31,113.794
2010/08/01,-247.571
2010/08/02,95.605
2010/08/03,351.001
2010/08/04,126.062
2010/08/05,631.115
2010/08/06,335.366
2010/08/07,295.444
2010/08/08,218.814
2010/08/09,1223
2010/08/10,-27.915
2010/08/11,-415.591
2010/08/12,-60.568
2010/08/13,-2010
2010/08/14,-380.087
2010/08/15,-207.866
2010/08/16,319.224
2010/08/17,-170.758
2010/08/18,1168
2010/08/19,-442.055
2010/08/20,-27.649
2010/08/21,-33.481
2010/08/22,-55.603
2010/08/23,-1038
2010/08/24,-2390
2010/08/25,-583.92
2010/08/26,-197.723
2010/08/27,-2950
2010/08/28,-1844
2010/08/29,-205.578
2010/08/30,200.779
2010/08/31,544.831
2010/09/01,457.204
2010/09/02,-216.924
2010/09/03,18.125
2010/09/04,-518.494
2010/09/05,-210.983
2010/09/06,-135.094
2010/09/07,-61.415
2010/09/08,-1003
2010/09/09,238.909
2010/09/10,64.349
2010/09/11,45.894
2010/09/12,-136.92
2010/09/13,284.626
2010/09/14,194.369
2010/09/15,-282.209
2010/09/16,-123.952
2010/09/17,-1279
2010/09/18,-171.044
2010/09/19,-86.15
2010/09/20,152.967
2010/09/21,1083
2010/09/22,755.674
2010/09/23,-2.493
2010/09/24,197.739
2010/09/25,214.708
2010/09/26,110.655
2010/09/27,350.208
2010/09/28,808.313
2010/09/29,1529
2010/09/30,-223.905
2010/10/01,210.512
2010/10/02,1209
2010/10/03,431.288
2010/10/04,503.187
2010/10/05,454.932
2010/10/06,204.793
2010/10/07,200.731
2010/10/08,303.603
2010/10/09,190.198
2010/10/10,69.392
2010/10/11,150.885
2010/10/12,-1.682
2010/10/13,92.868
2010/10/14,-29.506
2010/10/15,-235.923
2010/10/16,17.405
2010/10/17,-239.038
2010/10/18,282.075
2010/10/19,654.851
2010/10/20,176.27
2010/10/21,-583.568
2010/10/22,18.718
2010/10/23,68.905
2010/10/24,174.973
2010/10/25,-120.266
2010/10/26,50.177
2010/10/27,-48.339
2010/10/28,-493.831
2010/10/29,-1470
2010/10/30,-277.177
2010/10/31,-563.975
2010/11/01,-1236
2010/11/02,-489.118
2010/11/03,-391.154
2010/11/04,-487.355
2010/11/05,-5.033
2010/11/06,-139.87
2010/11/07,-336.214
2010/11/08,-60.368
2010/11/09,-84.075
2010/11/10,-107.56
2010/11/11,-188.386
2010/11/12,-401.864
2010/11/13,-123.111
2010/11/14,29.219
2010/11/15,8218
2010/11/16,10466
2010/11/17,-229.683
2010/11/18,210.838
2010/11/19,13712
2010/11/20,18079
2010/11/21,15172
2010/11/22,-274.733
2010/11/23,-34.685
2010/11/24,4844
2010/11/25,8882
2010/11/26,1004
2010/11/27,17.115
2010/11/28,-14.591
2010/11/29,216.223
2010/11/30,104.53
2010/12/01,288.208
2010/12/02,247.239
2010/12/03,164.156
2010/12/04,65.834
2010/12/05,-216.493
2010/12/06,-25.667
2010/12/07,224.859
2010/12/08,-221.098
2010/12/09,104.394
2010/12/10,155.309
2010/12/11,452.518
2010/12/12,586.218
2010/12/13,1308
2010/12/14,473.544
2010/12/15,-7868
2010/12/16,-10068
2010/12/17,481.211
2010/12/18,-503.653
2010/12/19,-13548
2010/12/20,-17362
2010/12/21,-15502
2010/12/22,600.196
2010/12/23,365.135
2010/12/24,-4500
2010/12/25,-8521
2010/12/26,-767.67
2010/12/27,360.38
2010/12/28,398.862
2010/12/29,288.547
2010/12/30,407.158
2010/12/31,81.805
2011/01/01,413.337
2011/01/02,338.083
2011/01/03,1903
2011/01/04,1289
2011/01/05,1955
2011/01/06,788.761
2011/01/07,1053
2011/01/08,1628
2011/01/09,1440
2011/01/10,1325
2011/01/11,1252
2011/01/12,166.666
2011/01/13,985.209
2011/01/14,1128
2011/01/15,1031
2011/01/16,703.703
2011/01/17,463.727
2011/01/18,813.405
2011/01/19,5.557
2011/01/20,488.55
2011/01/21,958.069
2011/01/22,2032
2011/01/23,1215
2011/01/24,1316
2011/01/25,509.207
2011/01/26,581.242
2011/01/27,753.356
2011/01/28,1115
2011/01/29,1960
2011/01/30,5477
2011/01/31,1927
2011/02/01,1557
2011/02/02,-588.739
2011/02/03,-255.112
2011/02/04,-932.236
2011/02/05,22.536
2011/02/06,79.173
2011/02/07,-957.462
2011/02/08,-579.691
2011/02/09,-346.114
2011/02/10,1373
2011/02/11,1923
2011/02/12,1039
2011/02/13,696.923
2011/02/14,1853
2011/02/15,1273
2011/02/16,1256
2011/02/17,1073
2011/02/18,1614
2011/02/19,1668
2011/02/20,689.785
2011/02/21,-269.343
2011/02/22,997.803
2011/02/23,547.068
2011/02/24,1544
2011/02/25,1117
2011/02/26,366.884
2011/02/27,847.663
2011/02/28,739.19
2011/03/01,346.744
2011/03/02,790.364
2011/03/03,2471
2011/03/04,1243
2011/03/05,1514
2011/03/06,830.253
2011/03/07,1452
2011/03/08,2708
2011/03/09,2635
2011/03/10,3369
2011/03/11,2877
2011/03/12,2441
2011/03/13,2952
2011/03/14,4542
2011/03/15,5501
2011/03/16,3201
2011/03/17,3732
2011/03/18,3617
2011/03/19,5165
2011/03/20,6917
2011/03/21,7654
2011/03/22,3153
2011/03/23,6324
2011/03/24,1967
2011/03/25,1460
2011/03/26,4950
2011/03/27,3856
2011/03/28,4145
2011/03/29,2715
2011/03/30,371.916
2011/03/31,-2838
2011/04/01,-314.533
2011/04/02,-1507
2011/04/03,400.282
2011/04/04,1598
2011/04/05,1567
2011/04/06,1491
2011/04/07,-362.148
2011/04/08,188.886
2011/04/09,-913.452
2011/04/10,-951.886
2011/04/11,-1362
2011/04/12,-1178
2011/04/13,-2765
2011/04/14,-1935
2011/04/15,131.699
2011/04/16,-530.883
2011/04/17,-1598
2011/04/18,-666.453
2011/04/19,-1987
2011/04/20,-1642
2011/04/21,-1364
2011/04/22,-4782
2011/04/23,313.547
2011/04/24,1481
2011/04/25,-2149
2011/04/26,-142.129
2011/04/27,4276
2011/04/28,1879
2011/04/29,2628
2011/04/30,5659
2011/05/01,5879
2011/05/02,2254
2011/05/03,2581
2011/05/04,1335
2011/05/05,2734
2011/05/06,1641
2011/05/07,2292
2011/05/08,1229
2011/05/09,2149
2011/05/10,4119
2011/05/11,2368
2011/05/12,2809
2011/05/13,4576
2011/05/14,1377
2011/05/15,655.513
2011/05/16,1858
2011/05/17,2803
2011/05/18,770.525
2011/05/19,3327
2011/05/20,362.524
2011/05/21,4343
2011/05/22,3742
2011/05/23,2684
2011/05/24,1870
2011/05/25,2553
2011/05/26,3116
2011/05/27,658.105
2011/05/28,5228
2011/05/29,3951
2011/05/30,4754
2011/05/31,7765
2011/06/01,8778
2011/06/02,9999
2011/06/03,14087
2011/06/04,10100
2011/06/05,9629
2011/06/06,11910
2011/06/07,15730
2011/06/08,24503
2011/06/09,15557
2011/06/10,14017
2011/06/11,9086
2011/06/12,13302
2011/06/13,14036
2011/06/14,14855
2011/06/15,11405
2011/06/16,22765
2011/06/17,18252
2011/06/18,12724
2011/06/19,12659
2011/06/20,9494
2011/06/21,7683
2011/06/22,8590
2011/06/23,9191
2011/06/24,11369
2011/06/25,18395
2011/06/26,17536
2011/06/27,19657
2011/06/28,17317
2011/06/29,9759
2011/06/30,3999
2011/07/01,11909
2011/07/02,5800
2011/07/03,656.182
2011/07/04,7087
2011/07/05,13121
2011/07/06,11867
2011/07/07,8053
2011/07/08,-8711
2011/07/09,-721.908
2011/07/10,7522
2011/07/11,9718
2011/07/12,2016
2011/07/13,-1899
2011/07/14,3727
2011/07/15,948.766
2011/07/16,-6580
2011/07/17,-4892
2011/07/18,2713
2011/07/19,7175
2011/07/20,7420
2011/07/21,8450
2011/07/22,8559
2011/07/23,5596
2011/07/24,1747
2011/07/25,-1756
2011/07/26,-7316
2011/07/27,-11521
2011/07/28,-3981
2011/07/29,-5369
2011/07/30,-4032
2011/07/31,-6766
2011/08/01,654.055
2011/08/02,4404
2011/08/03,-1675
2011/08/04,-1798
2011/08/05,-7885
2011/08/06,-3095
2011/08/07,464.912
2011/08/08,4381
2011/08/09,-487.216
2011/08/10,-4181
2011/08/11,-2099
2011/08/12,2492
2011/08/13,-2211
2011/08/14,5639
2011/08/15,6146
2011/08/16,6089
2011/08/17,-1409
2011/08/18,-7316
2011/08/19,1126
2011/08/20,-3787
2011/08/21,-5031
2011/08/22,-1602
2011/08/23,-1021
2011/08/24,-2653
2011/08/25,1970
2011/08/26,2066
2011/08/27,908.191
2011/08/28,2495
2011/08/29,7722
2011/08/30,2063
2011/08/31,-3485
2011/09/01,-1309
2011/09/02,-3793
2011/09/03,-9976
2011/09/04,17878
2011/09/05,-6230
2011/09/06,747.095
2011/09/07,-4883
2011/09/08,-6253
2011/09/09,2409
2011/09/10,-800.302
2011/09/11,1139
2011/09/12,-899.087
2011/09/13,-7007
2011/09/14,-11737
2011/09/15,-9399
2011/09/16,-3459
2011/09/17,-4866
2011/09/18,-11318
2011/09/19,3768
2011/09/20,7825
2011/09/21,4784
2011/09/22,-2651
2011/09/23,-3500
2011/09/24,-2669
2011/09/25,-3908
2011/09/26,-6916
2011/09/27,-1338
2011/09/28,-8007
2011/09/29,-3721
2011/09/30,712.849
2011/10/01,-7620
2011/10/02,-1062
2011/10/03,918.186
2011/10/04,-17515
2011/10/05,-2887
2011/10/06,-2860
2011/10/07,-4423
2011/10/08,-2737
2011/10/09,-7252
2011/10/10,-2134
2011/10/11,5568
2011/10/12,-1682
2011/10/13,2938
2011/10/14,932.786
2011/10/15,-836.074
2011/10/16,-4061
2011/10/17,5666
2011/10/18,2011
2011/10/19,-7742
2011/10/20,-11830
2011/10/21,-9426
2011/10/22,4051
2011/10/23,908.386
2011/10/24,-1562
2011/10/25,-2091
2011/10/26,965.079
2011/10/27,-663.257
2011/10/28,4547
2011/10/29,3644
2011/10/30,-1288
2011/10/31,-296.094
2011/11/01,-1890
2011/11/02,-2774
2011/11/03,-3256
2011/11/04,1994
2011/11/05,-3185
2011/11/06,-4594
2011/11/07,-1141
2011/11/08,-190.634
2011/11/09,-2738
2011/11/10,-9204
2011/11/11,-2615
2011/11/12,-6598
2011/11/13,-4166
2011/11/14,998.322
2011/11/15,-1687
2011/11/16,-3375
2011/11/17,-1555
2011/11/18,92.15
2011/11/19,458.24
2011/11/20,676.081
2011/11/21,-5486
2011/11/22,-4175
2011/11/23,-2323
2011/11/24,3156
2011/11/25,-2102
2011/11/26,-1907
2011/11/27,-3312
2011/11/28,-1574
2011/11/29,3279
2011/11/30,4512
2011/12/01,861.291
2011/12/02,3275
2011/12/03,-3033
2011/12/04,-2060
2011/12/05,-620.66
2011/12/06,6510
2011/12/07,1424
2011/12/08,-1158
2011/12/09,-876.762
2011/12/10,-3333
2011/12/11,-1366
2011/12/12,3635
2011/12/13,3874
2011/12/14,-2723
2011/12/15,855.145
2011/12/16,463.791
2011/12/17,-1652
2011/12/18,-3159
2011/12/19,562.065
2011/12/20,8084
2011/12/21,-238.002
2011/12/22,467.039
2011/12/23,-308.304
2011/12/24,-6763
2011/12/25,-4003
2011/12/26,-3585
2011/12/27,-1941
2011/12/28,-5775
2011/12/29,-4985
2011/12/30,-5448
2011/12/31,-43.682
2012/01/01,-1470
2012/01/02,2761
2012/01/03,1333
2012/01/04,2843
2012/01/05,4864
2012/01/06,2282
2012/01/07,-157.685
2012/01/08,4339
2012/01/09,3906
2012/01/10,12104
2012/01/11,8533
2012/01/12,1556
2012/01/13,6082
2012/01/14,2729
2012/01/15,1013
2012/01/16,5172
2012/01/17,6107
2012/01/18,7504
2012/01/19,-3732
2012/01/20,4550
2012/01/21,996.555
2012/01/22,-17.799
2012/01/23,1867
2012/01/24,11208
2012/01/25,11301
2012/01/26,5963
2012/01/27,7024
2012/01/28,2334
2012/01/29,3031
2012/01/30,-450.148
2012/01/31,4853
2012/02/01,1742
2012/02/02,3489
2012/02/03,1420
2012/02/04,-3573
2012/02/05,-480.672
2012/02/06,2049
2012/02/07,1720
2012/02/08,750.014
2012/02/09,-6450
2012/02/10,16.312
2012/02/11,2961
2012/02/12,-2142
2012/02/13,6424
2012/02/14,11008
2012/02/15,10335
2012/02/16,12976
2012/02/17,-6008
2012/02/18,-4906
2012/02/19,-4375
2012/02/20,798.792
2012/02/21,6339
2012/02/22,4355
2012/02/23,-1527
2012/02/24,-2773
2012/02/25,-3929
2012/02/26,-3366
2012/02/27,429.729
2012/02/28,1354
2012/02/29,1252
2012/03/01,761.801
2012/03/02,7174
2012/03/03,-1458
2012/03/04,760.829
2012/03/05,3289
2012/03/06,2116
2012/03/07,483.846
2012/03/08,-2194
2012/03/09,-2430
2012/03/10,-4888
2012/03/11,-8125
2012/03/12,-5263
2012/03/13,5186
2012/03/14,-269.861
2012/03/15,-6808
2012/03/16,-9828
2012/03/17,-14411
2012/03/18,-2433
2012/03/19,4807
2012/03/20,2520
2012/03/21,510.176
2012/03/22,-3723
2012/03/23,1831
2012/03/24,-7762
2012/03/25,-4204
2012/03/26,2934
2012/03/27,1522
2012/03/28,2716
2012/03/29,4506
2012/03/30,3331
2012/03/31,-6512
2012/04/01,-9509
2012/04/02,6214
2012/04/03,5750
2012/04/04,-910.021
2012/04/05,6533
2012/04/06,6196
2012/04/07,1206
2012/04/08,-786.164
2012/04/09,1862
2012/04/10,5931
2012/04/11,8420
2012/04/12,4684
2012/04/13,182.681
2012/04/14,283.551
2012/04/15,9407
2012/04/16,9286
2012/04/17,12659
2012/04/18,11844
2012/04/19,4619
2012/04/20,8603
2012/04/21,2963
2012/04/22,-232.186
2012/04/23,10068
2012/04/24,6974
2012/04/25,6249
2012/04/26,7867
2012/04/27,2755
2012/04/28,-1915
2012/04/29,-1414
2012/04/30,7221
2012/05/01,9648
2012/05/02,5077
2012/05/03,11671
2012/05/04,15614
2012/05/05,4226
2012/05/06,9278
2012/05/07,26500
2012/05/08,26293
2012/05/09,27621
2012/05/10,16435
2012/05/11,33295
2012/05/12,32360
2012/05/13,19646
2012/05/14,64204
2012/05/15,47724
2012/05/16,43279
2012/05/17,38916
2012/05/18,42690
2012/05/19,80971
2012/05/20,71122
2012/05/21,88096
2012/05/22,69541
2012/05/23,68997
2012/05/24,69502
2012/05/25,77052
2012/05/26,43623
2012/05/27,47758
2012/05/28,71420
2012/05/29,86598
2012/05/30,64740
2012/05/31,40731
2012/06/01,48015
2012/06/02,-2723
2012/06/03,56864
2012/06/04,96103
2012/06/05,93451
2012/06/06,186.739
2012/06/07,60299
2012/06/08,30571
2012/06/09,43208
2012/06/10,43095
2012/06/11,38824
2012/06/12,12930
2012/06/13,71561
2012/06/14,102058
2012/06/15,83549
2012/06/16,57388
2012/06/17,38410
2012/06/18,-4768
2012/06/19,13531
2012/06/20,-5037
2012/06/21,1965
2012/06/22,-13201
2012/06/23,-30321
2012/06/24,-26082
2012/06/25,12084
2012/06/26,15754
2012/06/27,-10542
2012/06/28,-20092
2012/06/29,-22498
2012/06/30,3236
2012/07/01,-22869
2012/07/02,32378
2012/07/03,-35503
2012/07/04,-62653
2012/07/05,-60345
2012/07/06,20319
2012/07/07,-40475
2012/07/08,-19124
2012/07/09,-17777
2012/07/10,-967.011
2012/07/11,2561
2012/07/12,12454
2012/07/13,-90334
2012/07/14,-117876
2012/07/15,-72504
2012/07/16,-30947
2012/07/17,-22725
2012/07/18,-2304
2012/07/19,-5581
2012/07/20,5937
2012/07/21,12758
2012/07/22,11131
2012/07/23,33512
2012/07/24,-1708
2012/07/25,-11427
2012/07/26,-9473
2012/07/27,-19894
2012/07/28,8718
2012/07/29,22771
2012/07/30,17411
2012/07/31,80701
2012/08/01,30357
2012/08/02,26658
2012/08/03,5411
2012/08/04,13756
2012/08/05,30234
2012/08/06,38224
2012/08/07,11974
2012/08/08,32164
2012/08/09,-24739
2012/08/10,-29442
2012/08/11,6670
2012/08/12,17678
2012/08/13,66032
2012/08/14,13170
2012/08/15,49724
2012/08/16,36536
2012/08/17,28560
2012/08/18,-6620
2012/08/19,-11023
2012/08/20,-13766
2012/08/21,7214
2012/08/22,2638
2012/08/23,487.585
2012/08/24,15948
2012/08/25,19782
2012/08/26,5390
2012/08/27,965.707
2012/08/28,-4803
2012/08/29,-7726
2012/08/30,-45866
2012/08/31,19438
2012/09/01,16985
2012/09/02,13579
2012/09/03,22184
2012/09/04,17704
2012/09/05,-3044
2012/09/06,32948
2012/09/07,-15924
2012/09/08,15154
2012/09/09,7392
2012/09/10,17196
2012/09/11,22923
2012/09/12,-49423
2012/09/13,5168
2012/09/14,-44198
2012/09/15,-46512
2012/09/16,-44867
2012/09/17,-36082
2012/09/18,-14760
2012/09/19,7967
2012/09/20,-13911
2012/09/21,-18916
2012/09/22,-4603
2012/09/23,-6780
2012/09/24,-13151
2012/09/25,2661
2012/09/26,8097
2012/09/27,-5892
2012/09/28,11493
2012/09/29,-23975
2012/09/30,-54816
2012/10/01,-8993
2012/10/02,17843
2012/10/03,-1772
2012/10/04,3589
2012/10/05,17907
2012/10/06,-4525
2012/10/07,46723
2012/10/08,4869
2012/10/09,33933
2012/10/10,203.925
2012/10/11,-20135
2012/10/12,11607
2012/10/13,2835
2012/10/14,2344
2012/10/15,4882
2012/10/16,23401
2012/10/17,47207
2012/10/18,6739
2012/10/19,-5737
2012/10/20,7659
2012/10/21,33414
2012/10/22,47555
2012/10/23,40459
2012/10/24,9180
2012/10/25,21803
2012/10/26,-37484
2012/10/27,-31487
2012/10/28,-40397
2012/10/29,4864
2012/10/30,33529
2012/10/31,-2662
2012/11/01,-23459
2012/11/02,-9249
2012/11/03,-44659
2012/11/04,-43116
2012/11/05,-3094
2012/11/06,-21320
2012/11/07,9378
2012/11/08,-16192
2012/11/09,-18116
2012/11/10,-2432
2012/11/11,-18398
2012/11/12,-19372
2012/11/13,-14819
2012/11/14,6999
2012/11/15,15935
2012/11/16,11968
2012/11/17,27019
2012/11/18,12026
2012/11/19,21194
2012/11/20,-2392
2012/11/21,1606
2012/11/22,-21721
2012/11/23,5304
2012/11/24,-2321
2012/11/25,52657
2012/11/26,61724
2012/11/27,36208
2012/11/28,27154
2012/11/29,7750
2012/11/30,14192
2012/12/01,10790
2012/12/02,-24565
2012/12/03,-4604
2012/12/04,63308
2012/12/05,38295
2012/12/06,21889
2012/12/07,5209
2012/12/08,6790
2012/12/09,39521
2012/12/10,30653
2012/12/11,46896
2012/12/12,47464
2012/12/13,63450
2012/12/14,74949
2012/12/15,3671
2012/12/16,19465
2012/12/17,12688
2012/12/18,77099
2012/12/19,22987
2012/12/20,42649
2012/12/21,31821
2012/12/22,39928
2012/12/23,34004
2012/12/24,45083
2012/12/25,-17361
2012/12/26,9689
2012/12/27,42209
2012/12/28,27129
2012/12/29,20238
2012/12/30,8466
2012/12/31,-3211
2013/01/01,20948
2013/01/02,43735
2013/01/03,-29217
2013/01/04,7030
2013/01/05,-12414
2013/01/06,-10927
2013/01/07,-231.319
2013/01/08,32572
2013/01/09,28934
2013/01/10,45526
2013/01/11,56240
2013/01/12,12287
2013/01/13,-5767
2013/01/14,2952
2013/01/15,15141
2013/01/16,48958
2013/01/17,17027
2013/01/18,48335
2013/01/19,4596
2013/01/20,-12818
2013/01/21,65.937
2013/01/22,10669
2013/01/23,38847
2013/01/24,49814
2013/01/25,46583
2013/01/26,20836
2013/01/27,35515
2013/01/28,43318
2013/01/29,42274
2013/01/30,38900
2013/01/31,35451
2013/02/01,64968
2013/02/02,50599
2013/02/03,7406
2013/02/04,35222
2013/02/05,41017
2013/02/06,23880
2013/02/07,28418
2013/02/08,31978
2013/02/09,15612
2013/02/10,-33236
2013/02/11,1740
2013/02/12,30088
2013/02/13,31229
2013/02/14,-473.802
2013/02/15,-34881
2013/02/16,-75102
2013/02/17,-59189
2013/02/18,-15702
2013/02/19,19857
2013/02/20,9845
2013/02/21,-2576
2013/02/22,-7325
2013/02/23,12298
2013/02/24,-4753
2013/02/25,-2371
2013/02/26,12567
2013/02/27,-22587
2013/02/28,16285
2013/03/01,69170
2013/03/02,55872
2013/03/03,-21962
2013/03/04,6058
2013/03/05,45279
2013/03/06,41057
2013/03/07,60203
2013/03/08,32153
2013/03/09,-20891
2013/03/10,5041
2013/03/11,-8831
2013/03/12,25970
2013/03/13,2674
2013/03/14,-36498
2013/03/15,14238
2013/03/16,-56874
2013/03/17,-64959
2013/03/18,-17331
2013/03/19,6440
2013/03/20,-39901
2013/03/21,-33413
2013/03/22,-18701
2013/03/23,-17022
2013/03/24,-37037
2013/03/25,5481
2013/03/26,1990
2013/03/27,40965
2013/03/28,571.005
2013/03/29,32066
2013/03/30,14162
2013/03/31,-48709
2013/04/01,-41100
2013/04/02,18361
2013/04/03,19528
2013/04/04,27072
2013/04/05,-4451
2013/04/06,-43262
2013/04/07,43978
2013/04/08,38287
2013/04/09,-6227
2013/04/10,-2022
2013/04/11,36583
2013/04/12,-3736
2013/04/13,-10769
2013/04/14,2592
2013/04/15,60938
2013/04/16,100293
2013/04/17,56254
2013/04/18,11966
2013/04/19,107554
2013/04/20,30384
2013/04/21,-7595
2013/04/22,21863
2013/04/23,44513
2013/04/24,40988
2013/04/25,14255
2013/04/26,-33098
2013/04/27,-28119
2013/04/28,-55882
2013/04/29,-40260
2013/04/30,33581
2013/05/01,31042
2013/05/02,21401
2013/05/03,-1814
2013/05/04,-63682
2013/05/05,-37503
2013/05/06,4535
2013/05/07,-34451
2013/05/08,-38607
2013/05/09,9915
2013/05/10,22118
2013/05/11,-25943
2013/05/12,18319
2013/05/13,23525
2013/05/14,26666
2013/05/15,56024
2013/05/16,19868
2013/05/17,10123
2013/05/18,23047
2013/05/19,-70102
2013/05/20,23483
2013/05/21,50878
2013/05/22,11766
2013/05/23,-12259
2013/05/24,-50635
2013/05/25,-26697
2013/05/26,-24278
2013/05/27,1366
2013/05/28,47571
2013/05/29,12508
2013/05/30,-25172
2013/05/31,-23021
2013/06/01,-72060
2013/06/02,-61135
2013/06/03,-31480
2013/06/04,-22853
2013/06/05,-15364
2013/06/06,-27514
2013/06/07,-1738
2013/06/08,-66202
2013/06/09,-56592
2013/06/10,-71897
2013/06/11,-58978
2013/06/12,-62523
2013/06/13,-93801
2013/06/14,-87299
2013/06/15,-104518
2013/06/16,-67501
2013/06/17,-24319
2013/06/18,7981
2013/06/19,-20651
2013/06/20,-15596
2013/06/21,-26743
2013/06/22,-44586
2013/06/23,-52163
2013/06/24,-13544
2013/06/25,-5373
2013/06/26,-27819
2013/06/27,-42111
2013/06/28,-24658
2013/06/29,-50526
2013/06/30,-54687
2013/07/01,-11494
2013/07/02,-3971
2013/07/03,-40413
2013/07/04,-32479
2013/07/05,-57524
2013/07/06,-59177
2013/07/07,-78706
2013/07/08,-28375
2013/07/09,-30700
2013/07/10,-25700
2013/07/11,-7921
2013/07/12,45754
2013/07/13,7440
2013/07/14,-33283
2013/07/15,8366
2013/07/16,4459
2013/07/17,-42320
2013/07/18,-32431
2013/07/19,-63375
2013/07/20,-75350
2013/07/21,-49096
2013/07/22,-7753
2013/07/23,17422
2013/07/24,-10460
2013/07/25,12253
2013/07/26,-15072
2013/07/27,-32697
2013/07/28,-31369
2013/07/29,5018
2013/07/30,7372
2013/07/31,11744
2013/08/01,18144
2013/08/02,33643
2013/08/03,28087
2013/08/04,23094
2013/08/05,37436
2013/08/06,49778
2013/08/07,40738
2013/08/08,23129
2013/08/09,19127
2013/08/10,-2622
2013/08/11,-71084
2013/08/12,18599
2013/08/13,41389
2013/08/14,40553
2013/08/15,52219
2013/08/16,81633
2013/08/17,12657
2013/08/18,33685
2013/08/19,94893
2013/08/20,68409
2013/08/21,28204
2013/08/22,8522
2013/08/23,8089
2013/08/24,-9066
2013/08/25,37264
2013/08/26,56059
2013/08/27,72041
2013/08/28,49125
2013/08/29,33071
2013/08/30,13859
2013/08/31,-37378
2013/09/01,-24610
2013/09/02,-19249
2013/09/03,17482
2013/09/04,25237
2013/09/05,16676
2013/09/06,11732
2013/09/07,30289
2013/09/08,19271
2013/09/09,10922
2013/09/10,44615
2013/09/11,-26931
2013/09/12,-24419
2013/09/13,-44593
2013/09/14,-73117
2013/09/15,-42687
2013/09/16,31821
2013/09/17,35046
2013/09/18,-13853
2013/09/19,-14591
2013/09/20,-7028
2013/09/21,-8323
2013/09/22,-20340
2013/09/23,7112
2013/09/24,-10924
2013/09/25,-33314
2013/09/26,-15207
2013/09/27,-36468
2013/09/28,-19547
2013/09/29,-24008
2013/09/30,35458
2013/10/01,44505
2013/10/02,55826
2013/10/03,14421
2013/10/04,-16874
2013/10/05,-46248
2013/10/06,-34106
2013/10/07,-11167
2013/10/08,-4002
2013/10/09,9441
2013/10/10,12156
2013/10/11,20463
2013/10/12,-6875
2013/10/13,17463
2013/10/14,23340
2013/10/15,-39024
2013/10/16,-44064
2013/10/17,-32239
2013/10/18,-20912
2013/10/19,-6873
2013/10/20,-9414
2013/10/21,15392
2013/10/22,21780
2013/10/23,-3494
2013/10/24,26954
2013/10/25,9681
2013/10/26,-33976
2013/10/27,-6860
2013/10/28,22091
2013/10/29,30707
2013/10/30,-8949
2013/10/31,-4275
2013/11/01,-55654
2013/11/02,-39623
2013/11/03,-26114
2013/11/04,23777
2013/11/05,43800
2013/11/06,39576
2013/11/07,92012
2013/11/08,96785
2013/11/09,61920
2013/11/10,46400
2013/11/11,43224
2013/11/12,23150
2013/11/13,71702
2013/11/14,82819
2013/11/15,58155
2013/11/16,-15985
2013/11/17,-2935
2013/11/18,125215
2013/11/19,190812
2013/11/20,93401
2013/11/21,139491
2013/11/22,92169
2013/11/23,50463
2013/11/24,56241
2013/11/25,63385
2013/11/26,134778
2013/11/27,129391
2013/11/28,102955
2013/11/29,125396
2013/11/30,64987
2013/12/01,82426
2013/12/02,125388
2013/12/03,81387
2013/12/04,112781
2013/12/05,81529
2013/12/06,-16200
2013/12/07,-54653
2013/12/08,-109253
2013/12/09,-27037
2013/12/10,17676
2013/12/11,45195
2013/12/12,29011
2013/12/13,-7865
2013/12/14,-16354
2013/12/15,-3683
2013/12/16,62303
2013/12/17,28656
2013/12/18,-51146
2013/12/19,-164082
2013/12/20,-50045
2013/12/21,-100118
2013/12/22,-64915
2013/12/23,-40936
2013/12/24,-16147
2013/12/25,-13966
2013/12/26,-85133
2013/12/27,-118758
2013/12/28,-70857
2013/12/29,-75278
2013/12/30,-25167
2013/12/31,-44232
2014/01/01,-125881
2014/01/02,27632
2014/01/03,-36271
2014/01/04,-53231
2014/01/05,-2816
2014/01/06,38300
2014/01/07,55966
2014/01/08,-14695
2014/01/09,-49922
2014/01/10,-49191
2014/01/11,-30221
2014/01/12,-50820
2014/01/13,-818.095
2014/01/14,2543
2014/01/15,-17532
2014/01/16,-9376
2014/01/17,-14134
2014/01/18,-3872
2014/01/19,-40619
2014/01/20,10394
2014/01/21,57913
2014/01/22,3310
2014/01/23,18189
2014/01/24,-5387
2014/01/25,-28.531
2014/01/26,31760
2014/01/27,9632
2014/01/28,41063
2014/01/29,17371
2014/01/30,30039
2014/01/31,62377
2014/02/01,-61439
2014/02/02,-38100
2014/02/03,-4170
2014/02/04,54976
2014/02/05,17851
2014/02/06,33505
2014/02/07,87261
2014/02/08,45017
2014/02/09,63779
2014/02/10,70281
2014/02/11,72910
2014/02/12,84426
2014/02/13,43173
2014/02/14,62520
2014/02/15,20596
2014/02/16,-44415
2014/02/17,72196
2014/02/18,82993
2014/02/19,21478
2014/02/20,6503
2014/02/21,83688
2014/02/22,-520.341
2014/02/23,39565
2014/02/24,59726
2014/02/25,103593
2014/02/26,45620
2014/02/27,-7971
2014/02/28,44105
2014/03/01,86685
2014/03/02,71710
2014/03/03,180786
2014/03/04,198811
2014/03/05,102632
2014/03/06,23935
2014/03/07,28100
2014/03/08,1071
2014/03/09,-45391
2014/03/10,91321
2014/03/11,40899
2014/03/12,28929
2014/03/13,57487
2014/03/14,54952
2014/03/15,-31627
2014/03/16,-57253
2014/03/17,31405
2014/03/18,29967
2014/03/19,6126
2014/03/20,-8931
2014/03/21,28438
2014/03/22,16533
2014/03/23,-110599
2014/03/24,32329
2014/03/25,36033
2014/03/26,17786
2014/03/27,-42785
2014/03/28,-12959
2014/03/29,-34874
2014/03/30,-4184
2014/03/31,-51766
2014/04/01,-21242
2014/04/02,-136157
2014/04/03,-182153
2014/04/04,-85410
2014/04/05,-53015
2014/04/06,-36594
2014/04/07,32608
2014/04/08,92908
2014/04/09,-34355
2014/04/10,3005
2014/04/11,-15824
2014/04/12,-86774
2014/04/13,-143513
2014/04/14,30033
2014/04/15,74130
2014/04/16,59526
2014/04/17,48220
2014/04/18,-17316
2014/04/19,-23336
2014/04/20,-64634
2014/04/21,-52333
2014/04/22,143207
2014/04/23,24733
2014/04/24,33302
2014/04/25,-17060
2014/04/26,-58819
2014/04/27,-39061
2014/04/28,65993
2014/04/29,-5224
2014/04/30,60855
2014/05/01,-26042
2014/05/02,15303
2014/05/03,28325
2014/05/04,3503
2014/05/05,106982
2014/05/06,6770
2014/05/07,526.947
2014/05/08,-61404
2014/05/09,-26736
2014/05/10,-83661
2014/05/11,-5758
2014/05/12,86546
2014/05/13,69476
2014/05/14,47182
2014/05/15,5713
2014/05/16,-61043
2014/05/17,-34696
2014/05/18,-20096
2014/05/19,47320
2014/05/20,79351
2014/05/21,46100
2014/05/22,-43348
2014/05/23,8990
2014/05/24,-86914
2014/05/25,-7329
2014/05/26,69827
2014/05/27,115754
2014/05/28,10107
2014/05/29,44571
2014/05/30,-50203
2014/05/31,16417
2014/06/01,-6514
2014/06/02,-3900
2014/06/03,33259
2014/06/04,-94608
2014/06/05,43737
2014/06/06,29022
2014/06/07,-46846
2014/06/08,11283
2014/06/09,61866
2014/06/10,21070
2014/06/11,-4816
2014/06/12,-1401
2014/06/13,-32254
2014/06/14,-71794
2014/06/15,-38221
2014/06/16,27433
2014/06/17,29155
2014/06/18,-5782
2014/06/19,-22579
2014/06/20,-58363
2014/06/21,-76637
2014/06/22,-74143
2014/06/23,11437
2014/06/24,-17296
2014/06/25,-46302
2014/06/26,-90996
2014/06/27,-65034
2014/06/28,-93458
2014/06/29,-23274
2014/06/30,117355
2014/07/01,124368
2014/07/02,92054
2014/07/03,32446
2014/07/04,-6657
2014/07/05,-78815
2014/07/06,-40764
2014/07/07,69851
2014/07/08,57024
2014/07/09,23967
2014/07/10,14772
2014/07/11,-18301
2014/07/12,-36515
2014/07/13,-18172
2014/07/14,87496
2014/07/15,86859
2014/07/16,43042
2014/07/17,11626
2014/07/18,-10342
2014/07/19,-34971
2014/07/20,35603
2014/07/21,75700
2014/07/22,94669
2014/07/23,56255
2014/07/24,67978
2014/07/25,27100
2014/07/26,22518
2014/07/27,34612
2014/07/28,75814
2014/07/29,44707
2014/07/30,-95049
2014/07/31,-63970
2014/08/01,-48392
2014/08/02,-77065
2014/08/03,711.284
2014/08/04,117162
2014/08/05,91439
2014/08/06,33317
2014/08/07,-35607
2014/08/08,-3913
2014/08/09,-62660
2014/08/10,-26898
2014/08/11,53528
2014/08/12,43658
2014/08/13,53725
2014/08/14,661.751
2014/08/15,-792.966
2014/08/16,84446
2014/08/17,-12191
2014/08/18,19215
2014/08/19,7692
2014/08/20,-833.635
2014/08/21,-19968
2014/08/22,-12633
2014/08/23,-74505
2014/08/24,11486
2014/08/25,62249
2014/08/26,26008
2014/08/27,-343.066
2014/08/28,-17055
2014/08/29,-19029
2014/08/30,-79100
2014/08/31,-63685
2014/09/01,106160
2014/09/02,83977
2014/09/03,-62759
2014/09/04,-74013
2014/09/05,-14832
2014/09/06,-54105
2014/09/07,-285.426
2014/09/08,105608
2014/09/09,145976
2014/09/10,59617
2014/09/11,-40203
2014/09/12,-74376
2014/09/13,-77973
2014/09/14,16122
2014/09/15,-21690
2014/09/16,83989
2014/09/17,30035
2014/09/18,14972
2014/09/19,-21651
2014/09/20,-43182
2014/09/21,-29987
2014/09/22,65617
2014/09/23,67421
2014/09/24,-5022
2014/09/25,38910
2014/09/26,56305
2014/09/27,67918
2014/09/28,116920
2014/09/29,136353
2014/09/30,117547
2014/10/01,3872
2014/10/02,16487
2014/10/03,52391
2014/10/04,26909
2014/10/05,-4577
2014/10/06,84355
2014/10/07,84888
2014/10/08,11480
2014/10/09,-51993
2014/10/10,-21630
2014/10/11,32547
2014/10/12,43823
2014/10/13,115038
2014/10/14,93361
2014/10/15,8117
2014/10/16,-11368
2014/10/17,49819
2014/10/18,-11657
2014/10/19,90652
2014/10/20,129665
2014/10/21,94194
2014/10/22,28404
2014/10/23,-1546
2014/10/24,-15814
2014/10/25,-17732
2014/10/26,23115
2014/10/27,22841
2014/10/28,25212
2014/10/29,-3089
2014/10/30,1542
2014/10/31,-46014
2014/11/01,-56213
2014/11/02,24756
2014/11/03,26935
2014/11/04,35770
2014/11/05,70432
2014/11/06,12554
2014/11/07,30368
2014/11/08,-34977
2014/11/09,30638
2014/11/10,97758
2014/11/11,99609
2014/11/12,75184
2014/11/13,12939
2014/11/14,27368
2014/11/15,3112
2014/11/16,26088
2014/11/17,142669
2014/11/18,12230
2014/11/19,542.822
2014/11/20,48513
2014/11/21,77786
2014/11/22,-42395
2014/11/23,63969
2014/11/24,81016
2014/11/25,45344
2014/11/26,26818
2014/11/27,-7579
2014/11/28,8452
2014/11/29,-25034
2014/11/30,107212
2014/12/01,172636
2014/12/02,75676
2014/12/03,170270
2014/12/04,74731
2014/12/05,-26444
2014/12/06,-23150
2014/12/07,12213
2014/12/08,86583
2014/12/09,42976
2014/12/10,1674
2014/12/11,-58466
2014/12/12,-38355
2014/12/13,-96755
2014/12/14,43223
2014/12/15,122621
2014/12/16,117345
2014/12/17,94102
2014/12/18,102722
2014/12/19,59893
2014/12/20,23439
2014/12/21,-14778
2014/12/22,86862
2014/12/23,58070
2014/12/24,-55686
2014/12/25,-143224
2014/12/26,-67163
2014/12/27,-55258
2014/12/28,-48029
2014/12/29,10508
2014/12/30,-60217
2014/12/31,-145625
2015/01/01,-203885
2015/01/02,-208891
2015/01/03,-83541
2015/01/04,-41781
2015/01/05,34279
2015/01/06,-36666
2015/01/07,-9360
2015/01/08,31743
2015/01/09,58036
2015/01/10,71042
2015/01/11,104.611
2015/01/12,104054
2015/01/13,105939
2015/01/14,9828
2015/01/15,-11193
2015/01/16,-67642
2015/01/17,-35882
2015/01/18,-77682
2015/01/19,18633
2015/01/20,97664
2015/01/21,1656
2015/01/22,4780
2015/01/23,99243
2015/01/24,136989
2015/01/25,182668
2015/01/26,200487
2015/01/27,104666
2015/01/28,-10532
2015/01/29,-18870
2015/01/30,42999
2015/01/31,127374
2015/02/01,35320
2015/02/02,13279
2015/02/03,121821
2015/02/04,-49888
2015/02/05,-16080
2015/02/06,-81897
2015/02/07,-105831
2015/02/08,298.525
2015/02/09,-32142
2015/02/10,64230
2015/02/11,-40609
2015/02/12,-52290
2015/02/13,80736
2015/02/14,-6674
2015/02/15,74673
2015/02/16,23878
2015/02/17,124862
2015/02/18,-41717
2015/02/19,-134292
2015/02/20,28396
2015/02/21,4998
2015/02/22,-34143
2015/02/23,32382
2015/02/24,-21955
2015/02/25,-135660
2015/02/26,-20650
2015/02/27,101974
2015/02/28,159761
2015/03/01,81987
2015/03/02,93688
2015/03/03,105881
2015/03/04,93281
2015/03/05,72835
2015/03/06,80607
2015/03/07,89414
2015/03/08,91000
2015/03/09,161268
2015/03/10,-6148
2015/03/11,41069
2015/03/12,64288
2015/03/13,25536
2015/03/14,-27197
2015/03/15,-150975
2015/03/16,14429
2015/03/17,-57356
2015/03/18,-37332
2015/03/19,11456
2015/03/20,48925
2015/03/21,29540
2015/03/22,7942
2015/03/23,14623
2015/03/24,-63469
2015/03/25,-92168
2015/03/26,-67598
2015/03/27,-54690
2015/03/28,-22143
2015/03/29,-22884
2015/03/30,-26636
2015/03/31,5687
2015/04/01,60823
2015/04/02,-39150
2015/04/03,8132
2015/04/04,-136882
2015/04/05,-13695
2015/04/06,81421
2015/04/07,42093
2015/04/08,16169
2015/04/09,38690
2015/04/10,-31981
2015/04/11,-69596
2015/04/12,-2035
2015/04/13,19907
2015/04/14,46104
2015/04/15,17922
2015/04/16,-46328
2015/04/17,45134
2015/04/18,-89092
2015/04/19,-42204
2015/04/20,46879
2015/04/21,-9345
2015/04/22,-22879
2015/04/23,165004
2015/04/24,180793
2015/04/25,-39350
2015/04/26,77612
2015/04/27,94557
2015/04/28,33363
2015/04/29,79583
2015/04/30,38043
2015/05/01,-130744
2015/05/02,4212
2015/05/03,-64022
2015/05/04,97776
2015/05/05,7774
2015/05/06,-105628
2015/05/07,26888
2015/05/08,-62642
2015/05/09,-57870
2015/05/10,46977
2015/05/11,1214
2015/05/12,31412
2015/05/13,-58832
2015/05/14,-57093
2015/05/15,-78380
2015/05/16,23855
2015/05/17,-110904
2015/05/18,7209
2015/05/19,82570
2015/05/20,-1997
2015/05/21,-46803
2015/05/22,18916
2015/05/23,-24219
2015/05/24,-94467
2015/05/25,97082
2015/05/26,40393
2015/05/27,1456
2015/05/28,66820
2015/05/29,-72799
2015/05/30,41601
2015/05/31,41084
2015/06/01,159685
2015/06/02,123023
2015/06/03,34059
2015/06/04,46872
2015/06/05,58597
2015/06/06,-133397
2015/06/07,-43587
2015/06/08,-9068
2015/06/09,-2697
2015/06/10,97028
2015/06/11,56467
2015/06/12,123972
2015/06/13,35869
2015/06/14,37004
2015/06/15,123913
2015/06/16,261924
2015/06/17,135982
2015/06/18,34068
2015/06/19,125560
2015/06/20,105847
2015/06/21,47679
2015/06/22,155647
2015/06/23,122742
2015/06/24,-40205
2015/06/25,-60282
2015/06/26,-21030
2015/06/27,32500
2015/06/28,-9517
2015/06/29,7049
2015/06/30,218724
2015/07/01,103386
2015/07/02,8094
2015/07/03,-41589
2015/07/04,-44544
2015/07/05,20327
2015/07/06,220265
2015/07/07,412860
2015/07/08,364891
2015/07/09,325115
2015/07/10,153959
2015/07/11,287291
2015/07/12,297652
2015/07/13,342780
2015/07/14,309000
2015/07/15,149867
2015/07/16,125590
2015/07/17,165365
2015/07/18,170239
2015/07/19,124005
2015/07/20,-1162
2015/07/21,75617
2015/07/22,-126149
2015/07/23,-120255
2015/07/24,-9271
2015/07/25,-4123
2015/07/26,16894
2015/07/27,46697
2015/07/28,161730
2015/07/29,353111
2015/07/30,178667
2015/07/31,121625
2015/08/01,252908
2015/08/02,-2083
2015/08/03,66886
2015/08/04,355361
2015/08/05,293209
2015/08/06,16152
2015/08/07,-238949
2015/08/08,-394324
2015/08/09,-275892
2015/08/10,-296077
2015/08/11,-366445
2015/08/12,-214724
2015/08/13,-271957
2015/08/14,-229431
2015/08/15,-307887
2015/08/16,-298019
2015/08/17,-229289
2015/08/18,-160546
2015/08/19,-24593
2015/08/20,-128030
2015/08/21,-97044
2015/08/22,-23126
2015/08/23,32484
2015/08/24,109890
2015/08/25,52277
2015/08/26,-147355
2015/08/27,-135877
2015/08/28,-427219
2015/08/29,-426054
2015/08/30,-383989
2015/08/31,-275557
2015/09/01,23662
2015/09/02,300721
2015/09/03,-302882
2015/09/04,-445500
2015/09/05,-336749
2015/09/06,-86882
2015/09/07,127168
2015/09/08,323728
2015/09/09,277949
2015/09/10,288222
2015/09/11,194878
2015/09/12,218081
2015/09/13,190025
2015/09/14,351115
2015/09/15,319198
2015/09/16,250481
2015/09/17,225900
2015/09/18,142309
2015/09/19,61824
2015/09/20,113194
2015/09/21,224140
2015/09/22,77530
2015/09/23,-4815
2015/09/24,1661
2015/09/25,44090
2015/09/26,-872.153
2015/09/27,29057
2015/09/28,163671
2015/09/29,92633
2015/09/30,59774
2015/10/01,5392
2015/10/02,-227655
2015/10/03,-101947
2015/10/04,17238
2015/10/05,-25162
2015/10/06,131329
2015/10/07,208922
2015/10/08,-34057
2015/10/09,-133299
2015/10/10,-66005
2015/10/11,-156907
2015/10/12,-87031
2015/10/13,-68197
2015/10/14,-216468
2015/10/15,-159691
2015/10/16,-97883
2015/10/17,-105488
2015/10/18,-24071
2015/10/19,41267
2015/10/20,210115
2015/10/21,-37090
2015/10/22,60427
2015/10/23,95897
2015/10/24,37688
2015/10/25,98406
2015/10/26,39712
2015/10/27,104546
2015/10/28,78074
2015/10/29,126921
2015/10/30,3516
2015/10/31,83025
2015/11/01,13905
2015/11/02,233079
2015/11/03,310897
2015/11/04,360872
2015/11/05,187329
2015/11/06,-28443
2015/11/07,-122094
2015/11/08,-47041
2015/11/09,-9132
2015/11/10,65637
2015/11/11,-50564
2015/11/12,-30570
2015/11/13,-32828
2015/11/14,3727
2015/11/15,-79571
2015/11/16,-78328
2015/11/17,24930
2015/11/18,87877
2015/11/19,-79482
2015/11/20,-59961
2015/11/21,-77866
2015/11/22,-118512
2015/11/23,-9675
2015/11/24,-4214
2015/11/25,81183
2015/11/26,-9724
2015/11/27,56771
2015/11/28,-40433
2015/11/29,-64069
2015/11/30,132251
2015/12/01,25130
2015/12/02,30154
2015/12/03,-40416
2015/12/04,-195395
2015/12/05,-155838
2015/12/06,-63650
2015/12/07,152053
2015/12/08,69023
2015/12/09,64223
2015/12/10,-74584
2015/12/11,112720
2015/12/12,164548
2015/12/13,195533
2015/12/14,88146
2015/12/15,122998
2015/12/16,154861
2015/12/17,119002
2015/12/18,13451
2015/12/19,43384
2015/12/20,94735
2015/12/21,297659
2015/12/22,312628
2015/12/23,171209
2015/12/24,206600
2015/12/25,-30369
2015/12/26,5951
2015/12/27,-202258
2015/12/28,104887
2015/12/29,167567
2015/12/30,-118433
2015/12/31,-12179
2016/01/01,-162578
2016/01/02,-63442
2016/01/03,-34076
2016/01/04,-17168
2016/01/05,47372
2016/01/06,-25804
2016/01/07,87678
2016/01/08,-104074
2016/01/09,106437
2016/01/10,-114834
2016/01/11,-32794
2016/01/12,-81913
2016/01/13,46392
2016/01/14,97174
2016/01/15,109191
2016/01/16,69269
2016/01/17,142207
2016/01/18,12253
2016/01/19,173772
2016/01/20,95567
2016/01/21,90406
2016/01/22,-25075
2016/01/23,-158130
2016/01/24,90842
2016/01/25,176521
2016/01/26,295469
2016/01/27,87901
2016/01/28,175995
2016/01/29,132919
2016/01/30,12653
2016/01/31,61130
2016/02/01,197226
2016/02/02,249235
2016/02/03,88793
2016/02/04,16048
2016/02/05,-15586
2016/02/06,-101566
2016/02/07,116535
2016/02/08,180390
2016/02/09,173735
2016/02/10,82052
2016/02/11,32381
2016/02/12,-61265
2016/02/13,-88023
2016/02/14,-160792
2016/02/15,16691
2016/02/16,6369
2016/02/17,108452
2016/02/18,-122943
2016/02/19,-94979
2016/02/20,-102429
2016/02/21,183907
2016/02/22,326738
2016/02/23,264104
2016/02/24,198808
2016/02/25,56249
2016/02/26,21218
2016/02/27,-123170
2016/02/28,89569
2016/02/29,345751
2016/03/01,350499
2016/03/02,123311
2016/03/03,116942
2016/03/04,140808
2016/03/05,122210
2016/03/06,-17938
2016/03/07,105190
2016/03/08,-19818
2016/03/09,-74929
2016/03/10,-19170
2016/03/11,-124112
2016/03/12,-65249
2016/03/13,22874
2016/03/14,95677
2016/03/15,39486
2016/03/16,-93687
2016/03/17,-13673
2016/03/18,-34362
2016/03/19,-10804
2016/03/20,-106412
2016/03/21,16509
2016/03/22,-131715
2016/03/23,-223446
2016/03/24,-209070
2016/03/25,-294149
2016/03/26,-173731
2016/03/27,-135778
2016/03/28,633.672
2016/03/29,59883
2016/03/30,-164392
2016/03/31,-59844
2016/04/01,-131853
2016/04/02,-121973
2016/04/03,-59519
2016/04/04,-110351
2016/04/05,112823
2016/04/06,-1904
2016/04/07,77876
2016/04/08,-26071
2016/04/09,-41722
2016/04/10,-61021
2016/04/11,196921
2016/04/12,197715
2016/04/13,-18955
2016/04/14,50074
2016/04/15,123699
2016/04/16,-72030
2016/04/17,-80308
2016/04/18,197537
2016/04/19,89163
2016/04/20,-57353
2016/04/21,17743
2016/04/22,100118
2016/04/23,-19459
2016/04/24,104024
2016/04/25,249190
2016/04/26,183723
2016/04/27,200810
2016/04/28,61030
2016/04/29,63940
2016/04/30,-87644
2016/05/01,-142709
2016/05/02,-47774
2016/05/03,51177
2016/05/04,37363
2016/05/05,-37154
2016/05/06,-20548
2016/05/07,-111720
2016/05/08,-139900
2016/05/09,2978
2016/05/10,173609
2016/05/11,42045
2016/05/12,-55686
2016/05/13,55429
2016/05/14,98071
2016/05/15,-14882
2016/05/16,232032
2016/05/17,208641
2016/05/18,36103
2016/05/19,205616
2016/05/20,84732
2016/05/21,159507
2016/05/22,-171330
2016/05/23,-8391
2016/05/24,121928
2016/05/25,-3947
2016/05/26,7299
2016/05/27,72787
2016/05/28,-34115
2016/05/29,-132769
2016/05/30,134194
2016/05/31,241302
2016/06/01,88226
2016/06/02,48609
2016/06/03,125509
2016/06/04,136031
2016/06/05,-74664
2016/06/06,58934
2016/06/07,225448
2016/06/08,163997
2016/06/09,-6288
2016/06/10,9637
2016/06/11,-83873
2016/06/12,67354
2016/06/13,103260
2016/06/14,177503
2016/06/15,10387
2016/06/16,89771
2016/06/17,57022
2016/06/18,-87755
2016/06/19,-58551
2016/06/20,-111005
2016/06/21,311328
2016/06/22,299373
2016/06/23,69828
2016/06/24,72138
2016/06/25,-27881
2016/06/26,-185899
2016/06/27,-86157
2016/06/28,79954
2016/06/29,-127183
2016/06/30,-69509
2016/07/01,-89961
2016/07/02,-132021
2016/07/03,-217909
2016/07/04,-101229
2016/07/05,177934
2016/07/06,92091
2016/07/07,17898
2016/07/08,-22395
2016/07/09,-62568
2016/07/10,-236839
2016/07/11,97166
2016/07/12,-54222
2016/07/13,-95580
2016/07/14,-156763
2016/07/15,-126933
2016/07/16,-269225
2016/07/17,-221397
2016/07/18,-48632
2016/07/19,137682
2016/07/20,18491
2016/07/21,-105637
2016/07/22,-81655
2016/07/23,-93494
2016/07/24,-151125
2016/07/25,117397
2016/07/26,160815
2016/07/27,144580
2016/07/28,115211
2016/07/29,57813
2016/07/30,72650
2016/07/31,45221
2016/08/01,119365
2016/08/02,244693
2016/08/03,51726
2016/08/04,-8417
2016/08/05,-96502
2016/08/06,-202256
2016/08/07,-11524
2016/08/08,181193
2016/08/09,294721
2016/08/10,41335
2016/08/11,84647
2016/08/12,-14749
2016/08/13,-133322
2016/08/14,-150464
2016/08/15,121291
2016/08/16,210718
2016/08/17,130705
2016/08/18,-61930
2016/08/19,-7982
2016/08/20,-95224
2016/08/21,-249079
2016/08/22,-41423
2016/08/23,37420
2016/08/24,-153706
2016/08/25,-54991
2016/08/26,-77375
2016/08/27,-188341
2016/08/28,-213844
2016/08/29,-61238
2016/08/30,-11344
2016/08/31,20563
2016/09/01,-10097
2016/09/02,-64402
2016/09/03,-10800
2016/09/04,-121690
2016/09/05,261054
2016/09/06,98628
2016/09/07,-29914
2016/09/08,-66428
2016/09/09,-21588
2016/09/10,-213870
2016/09/11,-213557
2016/09/12,25713
2016/09/13,141118
2016/09/14,-45563
2016/09/15,-167096
2016/09/16,-175174
2016/09/17,-44475
2016/09/18,-112495
2016/09/19,120993
2016/09/20,167747
2016/09/21,-73527
2016/09/22,-66389
2016/09/23,48972
2016/09/24,-232169
2016/09/25,-273506
2016/09/26,83932
2016/09/27,155711
2016/09/28,-26616
2016/09/29,49589
2016/09/30,8611
2016/10/01,-137968
2016/10/02,-8119
2016/10/03,94612
2016/10/04,244583
2016/10/05,-91387
2016/10/06,-39549
2016/10/07,58164
2016/10/08,-52865
2016/10/09,-130781
2016/10/10,211818
2016/10/11,331371
2016/10/12,173718
2016/10/13,131168
2016/10/14,94488
2016/10/15,28673
2016/10/16,-15729
2016/10/17,175289
2016/10/18,163541
2016/10/19,-27639
2016/10/20,194775
2016/10/21,79734
2016/10/22,31291
2016/10/23,-12924
2016/10/24,250483
2016/10/25,373022
2016/10/26,203564
2016/10/27,213386
2016/10/28,34208
2016/10/29,-59777
2016/10/30,-216953
2016/10/31,99707
2016/11/01,138519
2016/11/02,39155
2016/11/03,8674
2016/11/04,167196
2016/11/05,-34947
2016/11/06,-136707
2016/11/07,125477
2016/11/08,184013
2016/11/09,33377
2016/11/10,-118552
2016/11/11,-109733
2016/11/12,-201636
2016/11/13,-85295
2016/11/14,8576
2016/11/15,95514
2016/11/16,-138325
2016/11/17,56550
2016/11/18,124991
2016/11/19,-124558
2016/11/20,111220
2016/11/21,128620
2016/11/22,166548
2016/11/23,64706
2016/11/24,7786
2016/11/25,-31615
2016/11/26,-32628
2016/11/27,4990
2016/11/28,136072
2016/11/29,279772
2016/11/30,101263
2016/12/01,42458
2016/12/02,72860
2016/12/03,48250
2016/12/04,-99109
2016/12/05,90234
2016/12/06,231972
2016/12/07,-2525
2016/12/08,-16088
2016/12/09,38525
2016/12/10,93945
2016/12/11,-70773
2016/12/12,95611
2016/12/13,41502
2016/12/14,111400
2016/12/15,101015
2016/12/16,175268
2016/12/17,-81365
2016/12/18,-70976
2016/12/19,61901
2016/12/20,68073
2016/12/21,41473
2016/12/22,-39049
2016/12/23,-63087
2016/12/24,-96825
2016/12/25,-294657
2016/12/26,-89134
2016/12/27,55135
2016/12/28,-40631
2016/12/29,34221
2016/12/30,-40540
2016/12/31,-95594
2017/01/01,-278029
2017/01/02,64016
2017/01/03,49574
2017/01/04,103375
2017/01/05,21436
2017/01/06,100137
2017/01/07,137068
2017/01/08,-119904
2017/01/09,24521
2017/01/10,275680
2017/01/11,117002
2017/01/12,-13223
2017/01/13,-61140
2017/01/14,-212660
2017/01/15,-289549
2017/01/16,-58699
2017/01/17,38825
2017/01/18,-20932
2017/01/19,-136011
2017/01/20,-241693
2017/01/21,-226747
2017/01/22,-213430
2017/01/23,53794
2017/01/24,325532
2017/01/25,131977
2017/01/26,116499
2017/01/27,-30800
2017/01/28,-62932
2017/01/29,-9216
2017/01/30,151196
2017/01/31,261006
2017/02/01,17412
2017/02/02,7383
2017/02/03,-15244
2017/02/04,-32040
2017/02/05,-26386
2017/02/06,-8044
2017/02/07,135261
2017/02/08,38126
2017/02/09,-3690
2017/02/10,44529
2017/02/11,161983
2017/02/12,31971
2017/02/13,167695
2017/02/14,207666
2017/02/15,181753
2017/02/16,73706
2017/02/17,75233
2017/02/18,127610
2017/02/19,208609
2017/02/20,258240
2017/02/21,275107
2017/02/22,68477
2017/02/23,-12945
2017/02/24,-16661
2017/02/25,-26805
2017/02/26,84071
2017/02/27,67684
2017/02/28,105742
2017/03/01,24034
2017/03/02,-3934
2017/03/03,23001
2017/03/04,71947
2017/03/05,12482
2017/03/06,13376
2017/03/07,16917
2017/03/08,225.745
2017/03/09,46117
2017/03/10,30693
2017/03/11,41546
2017/03/12,-7399
2017/03/13,19211
2017/03/14,89990
2017/03/15,73521
2017/03/16,103527
2017/03/17,55460
2017/03/18,-31901
2017/03/19,-80019
2017/03/20,15408
2017/03/21,51121
2017/03/22,30768
2017/03/23,15421
2017/03/24,-107223
2017/03/25,-20787
2017/03/26,-296384
2017/03/27,-65382
2017/03/28,63933
2017/03/29,28021
2017/03/30,-5684
2017/03/31,-18618
2017/04/01,11543
2017/04/02,-161016
2017/04/03,-107616
2017/04/04,-5440
2017/04/05,1326
2017/04/06,2883
2017/04/07,-1841
2017/04/08,-17369
2017/04/09,-66359
2017/04/10,-80010
2017/04/11,2685
2017/04/12,-304.986
2017/04/13,10531
2017/04/14,11126
2017/04/15,3441
2017/04/16,-68129
2017/04/17,-11260
2017/04/18,66484
2017/04/19,6826
2017/04/20,-8014
2017/04/21,-6158
2017/04/22,7944
2017/04/23,77694
2017/04/24,23165
2017/04/25,291215
2017/04/26,70905
2017/04/27,-18066
2017/04/28,23504
2017/04/29,9020
2017/04/30,11366
2017/05/01,10266
2017/05/02,155964
2017/05/03,117003
2017/05/04,-6815
2017/05/05,-5613
2017/05/06,-12812
2017/05/07,-12750
2017/05/08,-6285
2017/05/09,62325
2017/05/10,42600
2017/05/11,-1589
2017/05/12,-27987
2017/05/13,-17890
2017/05/14,-20024
2017/05/15,-20989
2017/05/16,46542
2017/05/17,51095
2017/05/18,19070
2017/05/19,-12952
2017/05/20,-6777
2017/05/21,14424
2017/05/22,-6232
2017/05/23,31054
2017/05/24,7458
2017/05/25,10865
2017/05/26,-13080
2017/05/27,23843
2017/05/28,-18692
2017/05/29,6330
2017/05/30,8710
2017/05/31,-724.447
2017/06/01,-2491
2017/06/02,-13302
2017/06/03,10006
2017/06/04,21113
2017/06/05,-503.001
2017/06/06,25208
2017/06/07,23979
2017/06/08,-17972
2017/06/09,13374
2017/06/10,5213
2017/06/11,-9106
2017/06/12,12505
2017/06/13,2062
2017/06/14,-1356
2017/06/15,20399
2017/06/16,1206
2017/06/17,11096
2017/06/18,-34623
2017/06/19,19103
2017/06/20,-24925
2017/06/21,16258
2017/06/22,13893
2017/06/23,-21668
2017/06/24,-27037
2017/06/25,-31051
2017/06/26,-4237
2017/06/27,11967
2017/06/28,-5313
2017/06/29,-13766
2017/06/30,-20382
2017/07/01,-95014
2017/07/02,-202405
2017/07/03,-165283
2017/07/04,-85329
2017/07/05,-54890
2017/07/06,-33740
2017/07/07,-55063
2017/07/08,-110919
2017/07/09,-223923
2017/07/10,-219797
2017/07/11,-55367
2017/07/12,-86030
2017/07/13,-121812
2017/07/14,-69147
2017/07/15,-19372
2017/07/16,-142818
2017/07/17,-40418
2017/07/18,22790
2017/07/19,-47016
2017/07/20,-35982
2017/07/21,-6541
2017/07/22,-66824
2017/07/23,-265528
2017/07/24,-55415
2017/07/25,6530
2017/07/26,-19886
2017/07/27,-66342
2017/07/28,-55724
2017/07/29,-94634
2017/07/30,-145977
2017/07/31,43989
2017/08/01,-54292
2017/08/02,62314
2017/08/03,-28175
2017/08/04,14608
2017/08/05,-75073
2017/08/06,-150626
2017/08/07,84802
2017/08/08,229631
2017/08/09,207508
2017/08/10,91174
2017/08/11,85607
2017/08/12,124580
2017/08/13,83111
2017/08/14,-19725
2017/08/15,134800
2017/08/16,21440
2017/08/17,19254
2017/08/18,20687
2017/08/19,36999
2017/08/20,-15068
2017/08/21,50733
2017/08/22,314823
2017/08/23,92086
2017/08/24,4061
2017/08/25,-39255
2017/08/26,74183
2017/08/27,72560
2017/08/28,107854
2017/08/29,185965
2017/08/30,54288
2017/08/31,253223
2017/09/01,90850
2017/09/02,-63090
2017/09/03,-163037
2017/09/04,41874
2017/09/05,-27412
2017/09/06,-45951
2017/09/07,-176080
2017/09/08,-48581
2017/09/09,-260954
2017/09/10,-191477
2017/09/11,-162087
2017/09/12,-284482
2017/09/13,-254190
2017/09/14,-190560
2017/09/15,-138833
2017/09/16,-290986
2017/09/17,-390902
2017/09/18,-73924
2017/09/19,-31435
2017/09/20,-53954
2017/09/21,-250286
2017/09/22,-206318
2017/09/23,-335394
2017/09/24,-291598
2017/09/25,-109463
2017/09/26,-59782
2017/09/27,-162468
2017/09/28,-180613
2017/09/29,-186427
2017/09/30,-225855
2017/10/01,-90420
2017/10/02,149426
2017/10/03,79224
2017/10/04,-131016
2017/10/05,207735
2017/10/06,-25639
2017/10/07,-6217
2017/10/08,-183483
2017/10/09,144673
2017/10/10,127357
2017/10/11,134105
2017/10/12,214751
2017/10/13,250596
2017/10/14,164067
2017/10/15,3413
2017/10/16,154952
2017/10/17,331495
2017/10/18,28944
2017/10/19,-24100
2017/10/20,-22431
2017/10/21,183570
2017/10/22,150419
2017/10/23,300810
2017/10/24,333277
2017/10/25,33215
2017/10/26,-232279
2017/10/27,145576
2017/10/28,138753
2017/10/29,156919
2017/10/30,214233
2017/10/31,97047
2017/11/01,11446
2017/11/02,113257
2017/11/03,166888
2017/11/04,-10144
2017/11/05,86869
2017/11/06,162160
2017/11/07,225429
2017/11/08,89051
2017/11/09,45747
2017/11/10,6047
2017/11/11,42461
2017/11/12,9839
2017/11/13,12734
2017/11/14,116718
2017/11/15,118754
2017/11/16,44792
2017/11/17,38101
2017/11/18,66209
2017/11/19,65966
2017/11/20,14485
2017/11/21,31558
2017/11/22,64164
2017/11/23,-7923
2017/11/24,35302
2017/11/25,269715
2017/11/26,-5138
2017/11/27,4093
2017/11/28,12332
2017/11/29,-317.785
2017/11/30,-565.195
2017/12/01,6132
2017/12/02,8076
2017/12/03,11326
2017/12/04,18351
2017/12/05,4156
2017/12/06,4825
2017/12/07,174.851
2017/12/08,9499
2017/12/09,24281
2017/12/10,12819
2017/12/11,13851
2017/12/12,7325
2017/12/13,17525
2017/12/14,21288
2017/12/15,9122
2017/12/16,25807
2017/12/17,10051
2017/12/18,-3272
2017/12/19,2055
2017/12/20,27592
2017/12/21,-7772
2017/12/22,9124
2017/12/23,15872
2017/12/24,19603
2017/12/25,3850
2017/12/26,13599
2017/12/27,-378.285
2017/12/28,6158
2017/12/29,7236
2017/12/30,-16762
2017/12/31,-11910
2018/01/01,4584
2018/01/02,-1889
2018/01/03,1001
2018/01/04,12664
2018/01/05,11041
2018/01/06,23908
2018/01/07,10021
2018/01/08,-17506
2018/01/09,581.299
2018/01/10,491.197
2018/01/11,-11307
2018/01/12,699.101
2018/01/13,-21445
2018/01/14,1657
2018/01/15,-2628
2018/01/16,-5333
2018/01/17,-7761
2018/01/18,-2746
2018/01/19,-8030
2018/01/20,-7159
2018/01/21,-28606
2018/01/22,-7027
2018/01/23,-3140
2018/01/24,-4076
2018/01/25,-18283
2018/01/26,2382
2018/01/27,-30071
2018/01/28,-37805
2018/01/29,-32759
2018/01/30,-59712
2018/01/31,-21464
2018/02/01,-9658
2018/02/02,-34640
2018/02/03,-59068
2018/02/04,-85088
2018/02/05,-72347
2018/02/06,-12379
2018/02/07,-9961
2018/02/08,-26583
2018/02/09,-13025
2018/02/10,-9976
2018/02/11,-32657
2018/02/12,-6058
2018/02/13,-25881
2018/02/14,-27966
2018/02/15,-18578
2018/02/16,-64064
2018/02/17,-52496
2018/02/18,-48349
2018/02/19,-9640
2018/02/20,-31170
2018/02/21,-65047
2018/02/22,-132291
2018/02/23,-45519
2018/02/24,12675
2018/02/25,-299902
2018/02/26,-30925
2018/02/27,-19270
2018/02/28,-4700
2018/03/01,14181
2018/03/02,-196518
2018/03/03,-61573
2018/03/04,-33992
2018/03/05,-14233
2018/03/06,31184
2018/03/07,8450
2018/03/08,-49363
2018/03/09,-41718
2018/03/10,-42611
2018/03/11,-39758
2018/03/12,-113356
2018/03/13,-146093
2018/03/14,-299030
2018/03/15,-285397
2018/03/16,-356402
2018/03/17,-512192
2018/03/18,-296633
2018/03/19,-347972
2018/03/20,-244463
2018/03/21,-362058
2018/03/22,-231936
2018/03/23,-221040
2018/03/24,-356951
2018/03/25,-452581
2018/03/26,-362123
2018/03/27,-35146
2018/03/28,-305670
2018/03/29,-352104
2018/03/30,-396569
2018/03/31,-359713
2018/04/01,-372940
2018/04/02,-422127
2018/04/03,-341744
2018/04/04,-309355
2018/04/05,-381337
2018/04/06,-208864
2018/04/07,-445057
2018/04/08,-541953
2018/04/09,-283733
2018/04/10,-334628
2018/04/11,-300712
2018/04/12,-112813
2018/04/13,-43254
2018/04/14,26992
2018/04/15,140106
2018/04/16,309480
2018/04/17,16669
2018/04/18,-8711
2018/04/19,-152488
2018/04/20,99687
2018/04/21,-55351
2018/04/22,-228903
2018/04/23,146233
2018/04/24,333386
2018/04/25,283281
2018/04/26,108704
2018/04/27,208593
2018/04/28,148479
2018/04/29,-3361
2018/04/30,60216
2018/05/01,182198
2018/05/02,226173
2018/05/03,167625
2018/05/04,229516
2018/05/05,72169
2018/05/06,-68172
2018/05/07,256920
2018/05/08,420247
2018/05/09,1696
2018/05/10,34954
2018/05/11,304876
2018/05/12,-166249
2018/05/13,-127971
2018/05/14,37764
2018/05/15,-83213
2018/05/16,-241396
2018/05/17,102188
2018/05/18,139968
2018/05/19,-41705
2018/05/20,-217917
2018/05/21,-1688
2018/05/22,110872
2018/05/23,-19180
2018/05/24,-206454
2018/05/25,-381494
2018/05/26,-337140
2018/05/27,-444155
2018/05/28,-132462
2018/05/29,155689
2018/05/30,-99974
2018/05/31,-3991
2018/06/01,-112694
2018/06/02,-229407
2018/06/03,-150270
2018/06/04,321254
2018/06/05,94806
2018/06/06,127290
2018/06/07,159344
2018/06/08,132484
2018/06/09,-104591
2018/06/10,-242962
2018/06/11,120630
2018/06/12,405659
2018/06/13,25129
2018/06/14,-60670
2018/06/15,160350
2018/06/16,-337416
2018/06/17,-297543
2018/06/18,30554
2018/06/19,301341
2018/06/20,310167
2018/06/21,-75088
2018/06/22,18671
2018/06/23,-157023
2018/06/24,-118142
2018/06/25,394222
2018/06/26,563441
2018/06/27,345777
2018/06/28,-114760
2018/06/29,74052
2018/06/30,288396
2018/07/01,-1589
2018/07/02,323178
2018/07/03,263844
2018/07/04,-153158
2018/07/05,-87980
2018/07/06,-295954
2018/07/07,-506465
2018/07/08,-271866
2018/07/09,396176
2018/07/10,220065
2018/07/11,195704
2018/07/12,-8913
2018/07/13,117565
2018/07/14,312609
2018/07/15,-26703
2018/07/16,360635
2018/07/17,322137
2018/07/18,381920
2018/07/19,-162326
2018/07/20,-289091
2018/07/21,78068
2018/07/22,-268161
2018/07/23,269116
2018/07/24,363190
2018/07/25,13517
2018/07/26,-309693
2018/07/27,-185163
2018/07/28,32749
2018/07/29,-173258
2018/07/30,-114585
2018/07/31,178749
2018/08/01,-4914
2018/08/02,-295275
2018/08/03,-123881
2018/08/04,-180924
2018/08/05,-87326
2018/08/06,386808
2018/08/07,338506
2018/08/08,-268623
2018/08/09,-167954
2018/08/10,-193389
2018/08/11,-371532
2018/08/12,-393682
2018/08/13,-157302
2018/08/14,168046
2018/08/15,-125928
2018/08/16,-121744
2018/08/17,-242719
2018/08/18,-128683
2018/08/19,-164163
2018/08/20,58822
2018/08/21,237630
2018/08/22,-111574
2018/08/23,-167971
2018/08/24,-174548
2018/08/25,-25189
2018/08/26,-290257
2018/08/27,-29607
2018/08/28,290227
2018/08/29,-12268
2018/08/30,-134765
2018/08/31,-188267
2018/09/01,-31618
2018/09/02,-143896
2018/09/03,210975
2018/09/04,284292
2018/09/05,-63299
2018/09/06,-123615
2018/09/07,62013
2018/09/08,-92967
2018/09/09,-155569
2018/09/10,214938
2018/09/11,283506
2018/09/12,-182518
2018/09/13,-160662
2018/09/14,155920
2018/09/15,6573
2018/09/16,-156259
2018/09/17,235551
2018/09/18,210465
2018/09/19,-10937
2018/09/20,23882
2018/09/21,176769
2018/09/22,-24497
2018/09/23,-128651
2018/09/24,18708
2018/09/25,131964
2018/09/26,115949
2018/09/27,-43704
2018/09/28,-65215
2018/09/29,-98708
2018/09/30,-149624
2018/10/01,22866
2018/10/02,274773
2018/10/03,-27836
2018/10/04,-143322
2018/10/05,-46437
2018/10/06,-1350
2018/10/07,-118550
2018/10/08,174065
2018/10/09,255965
2018/10/10,-15275
2018/10/11,-54166
2018/10/12,247379
2018/10/13,-14686
2018/10/14,-64867
2018/10/15,120241
2018/10/16,301525
2018/10/17,105692
2018/10/18,60232
2018/10/19,158219
2018/10/20,45653
2018/10/21,-118490
2018/10/22,146774
2018/10/23,208909
2018/10/24,256997
2018/10/25,202594
2018/10/26,97492
2018/10/27,30887
2018/10/28,8225
2018/10/29,223532
2018/10/30,252067
2018/10/31,81860
2018/11/01,-46558
2018/11/02,195381
2018/11/03,53783
2018/11/04,71180
2018/11/05,104608
2018/11/06,238960
2018/11/07,117012
2018/11/08,124272
2018/11/09,155951
2018/11/10,19798
2018/11/11,-106883
2018/11/12,202295
2018/11/13,137517
2018/11/14,98154
2018/11/15,115641
2018/11/16,51621
2018/11/17,-54543
2018/11/18,-28411
2018/11/19,173085
2018/11/20,235051
2018/11/21,208976
2018/11/22,192631
2018/11/23,1044
2018/11/24,-32447
2018/11/25,28446
2018/11/26,217085
2018/11/27,184130
2018/11/28,112081
2018/11/29,175653
2018/11/30,200665
2018/12/01,89478
2018/12/02,-45355
2018/12/03,178644
2018/12/04,22671
2018/12/05,5856
2018/12/06,17561
2018/12/07,68396
2018/12/08,-122684
2018/12/09,-107043
2018/12/10,126869
2018/12/11,122493
2018/12/12,24262
2018/12/13,-30791
2018/12/14,-37742
2018/12/15,-197117
2018/12/16,-91672
2018/12/17,62467
2018/12/18,76257
2018/12/19,-13029
2018/12/20,-31277
2018/12/21,-107865
2018/12/22,-283548
2018/12/23,-282193
2018/12/24,-17277
2018/12/25,-133856
2018/12/26,-205428
2018/12/27,-148901
2018/12/28,-151102
2018/12/29,-166472
2018/12/30,-300294
2018/12/31,-142032
2019/01/01,-136619
2019/01/02,-108205
2019/01/03,-70362
2019/01/04,-70187
2019/01/05,-202492
2019/01/06,-273205
2019/01/07,3322
2019/01/08,-75748
2019/01/09,-173025
2019/01/10,-65358
2019/01/11,-112645
2019/01/12,-133957
2019/01/13,-118121
2019/01/14,35672
2019/01/15,37452
2019/01/16,90597
2019/01/17,8079
2019/01/18,-34119
2019/01/19,-120128
2019/01/20,-181052
2019/01/21,115466
2019/01/22,202894
2019/01/23,24234
2019/01/24,19325
2019/01/25,54886
2019/01/26,24978
2019/01/27,-37781
2019/01/28,24781
2019/01/29,163830
2019/01/30,141737
2019/01/31,130650
2019/02/01,51262
2019/02/02,21850
2019/02/03,-10342
2019/02/04,146157
2019/02/05,161840
2019/02/06,50246
2019/02/07,43653
2019/02/08,51691
2019/02/09,-45391
2019/02/10,-36438
2019/02/11,103913
2019/02/12,221918
2019/02/13,109981
2019/02/14,53798
2019/02/15,-46443
2019/02/16,-64734
2019/02/17,-104372
2019/02/18,71386
2019/02/19,187637
2019/02/20,158225
2019/02/21,101418
2019/02/22,53372
2019/02/23,65075
2019/02/24,49677
2019/02/25,125788
2019/02/26,147271
2019/02/27,77752
2019/02/28,86099
2019/03/01,-23688
2019/03/02,105616
2019/03/03,8512
2019/03/04,51134
2019/03/05,9846
2019/03/06,32667
2019/03/07,-74968
2019/03/08,-78016
2019/03/09,-70878
2019/03/10,-151816
2019/03/11,77278
2019/03/12,22382
2019/03/13,37182
2019/03/14,-140107
2019/03/15,-135782
2019/03/16,-290870
2019/03/17,-263995
2019/03/18,-88524
2019/03/19,-26616
2019/03/20,-125168
2019/03/21,-69704
2019/03/22,-220256
2019/03/23,-299380
2019/03/24,-274377
2019/03/25,18828
2019/03/26,104802
2019/03/27,60402
2019/03/28,90108
2019/03/29,62849
2019/03/30,65246
2019/03/31,124471
2019/04/01,30150
2019/04/02,124924
2019/04/03,106438
2019/04/04,164244
2019/04/05,90741
2019/04/06,190020
2019/04/07,146002
2019/04/08,276054
2019/04/09,336596
2019/04/10,133007
2019/04/11,194328
2019/04/12,62628
2019/04/13,119874
2019/04/14,175871
2019/04/15,343825
2019/04/16,353087
2019/04/17,223896
2019/04/18,262547
2019/04/19,233971
2019/04/20,164440
2019/04/21,204431
2019/04/22,274316
2019/04/23,373615
2019/04/24,143585
2019/04/25,9603
2019/04/26,8183
2019/04/27,9034
2019/04/28,-139765
2019/04/29,-73657
2019/04/30,-30924
2019/05/01,-40677
2019/05/02,-66248
2019/05/03,-10792
2019/05/04,10360
2019/05/05,23186
2019/05/06,-8624
2019/05/07,40373
2019/05/08,-10356
2019/05/09,-2409
2019/05/10,-25590
2019/05/11,-4408
2019/05/12,27055
2019/05/13,28502
2019/05/14,-3014
2019/05/15,-3386
2019/05/16,10003
2019/05/17,8504
2019/05/18,-26538
2019/05/19,-47189
2019/05/20,-38445
2019/05/21,34187
2019/05/22,23852
2019/05/23,1127
2019/05/24,-32864
2019/05/25,-35244
2019/05/26,-117099
2019/05/27,-44066
2019/05/28,132737
2019/05/29,14698
2019/05/30,-36818
2019/05/31,21685
2019/06/01,64953
2019/06/02,-8181
2019/06/03,-26263
2019/06/04,-17607
2019/06/05,-8148
2019/06/06,-47115
2019/06/07,-60494
2019/06/08,-65117
2019/06/09,-161866
2019/06/10,-69948
2019/06/11,742.497
2019/06/12,12908
2019/06/13,15033
2019/06/14,-24292
2019/06/15,-654.021
2019/06/16,-37706
2019/06/17,277.406
2019/06/18,39934
2019/06/19,2580
2019/06/20,-39615
2019/06/21,15416
2019/06/22,4855
2019/06/23,-4576
2019/06/24,-3026
2019/06/25,93905
2019/06/26,36405
2019/06/27,16450
2019/06/28,42116
2019/06/29,-14907
2019/06/30,-131551
2019/07/01,-40622
2019/07/02,21872
2019/07/03,-3853
2019/07/04,-50252
2019/07/05,-115210
2019/07/06,-164648
2019/07/07,-110291
2019/07/08,-33438
2019/07/09,127579
2019/07/10,49753
2019/07/11,-8576
2019/07/12,1179
2019/07/13,-114424
2019/07/14,-161742
2019/07/15,-48196
2019/07/16,-46520
2019/07/17,-64578
2019/07/18,-146.396
2019/07/19,38701
2019/07/20,-50304
2019/07/21,-222250
2019/07/22,-168337
2019/07/23,-60250
2019/07/24,-105942
2019/07/25,-60240
2019/07/26,-203009
2019/07/27,-271510
2019/07/28,-368028
2019/07/29,-134604
2019/07/30,54594
2019/07/31,-131636
2019/08/01,-71278
2019/08/02,-98872
2019/08/03,-206640
2019/08/04,-158035
2019/08/05,180628
2019/08/06,110554
2019/08/07,72282
2019/08/08,39385
2019/08/09,-69667
2019/08/10,-216741
2019/08/11,-312980
2019/08/12,-10982
2019/08/13,153729
2019/08/14,-23078
2019/08/15,-44932
2019/08/16,-71249
2019/08/17,-155560
2019/08/18,-180068
2019/08/19,-109808
2019/08/20,102116
2019/08/21,106506
2019/08/22,62868
2019/08/23,20881
2019/08/24,-137221
2019/08/25,-85883
2019/08/26,205847
2019/08/27,306097
2019/08/28,65860
2019/08/29,-84060
2019/08/30,5749
2019/08/31,-175590
2019/09/01,-115624
2019/09/02,136724
2019/09/03,165526
2019/09/04,-6093
2019/09/05,-82634
2019/09/06,-82529
2019/09/07,-210814
2019/09/08,-314063
2019/09/09,91376
2019/09/10,60160
2019/09/11,-136203
2019/09/12,-162172
2019/09/13,-69748
2019/09/14,-137761
2019/09/15,-120503
2019/09/16,12665
2019/09/17,100637
2019/09/18,10463
2019/09/19,-19953
2019/09/20,-114507
2019/09/21,-270930
2019/09/22,-215538
2019/09/23,179127
2019/09/24,186755
2019/09/25,-55302
2019/09/26,-152753
2019/09/27,1606
2019/09/28,-119823
2019/09/29,-117181
2019/09/30,136857
2019/10/01,127217
2019/10/02,-95166
2019/10/03,-84368
2019/10/04,-137188
2019/10/05,-158544
2019/10/06,-233976
2019/10/07,28077
2019/10/08,173545
2019/10/09,-31737
2019/10/10,23824
2019/10/11,73645
2019/10/12,-27199
2019/10/13,-186846
2019/10/14,111329
2019/10/15,69646
2019/10/16,7052
2019/10/17,-91194
2019/10/18,-53651
2019/10/19,-74348
2019/10/20,-145356
2019/10/21,117784
2019/10/22,104840
2019/10/23,-167874
2019/10/24,-32735
2019/10/25,61633
2019/10/26,170814
2019/10/27,39506
2019/10/28,241460
2019/10/29,187198
2019/10/30,1366
2019/10/31,-2962
2019/11/01,192453
2019/11/02,-2678
2019/11/03,-28424
2019/11/04,212395
2019/11/05,243493
2019/11/06,176429
2019/11/07,152700
2019/11/08,81380
2019/11/09,79386
2019/11/10,-105293
2019/11/11,44187
2019/11/12,164783
2019/11/13,90677
2019/11/14,-20715
2019/11/15,80247
2019/11/16,183094
2019/11/17,183656
2019/11/18,47348
2019/11/19,233835
2019/11/20,13496
2019/11/21,155631
2019/11/22,204750
2019/11/23,-205608
2019/11/24,-242384
2019/11/25,-120114
2019/11/26,93154
2019/11/27,-42511
2019/11/28,-201212
2019/11/29,-60162
2019/11/30,-27177
2019/12/01,-274960
2019/12/02,14774
2019/12/03,-23848
2019/12/04,-147451
2019/12/05,-93802
2019/12/06,-148473
2019/12/07,-246516
2019/12/08,-246225
2019/12/09,-12354
2019/12/10,132368
2019/12/11,75574
2019/12/12,25946
2019/12/13,-158463
2019/12/14,-57475
2019/12/15,-148794
2019/12/16,-205341
2019/12/17,-2396
2019/12/18,97370
2019/12/19,-126312
2019/12/20,-65533
2019/12/21,-319473
2019/12/22,-390282
2019/12/23,168091
2019/12/24,174228
2019/12/25,-123456
2019/12/26,-310115
2019/12/27,-109306
2019/12/28,6652
2019/12/29,-196180
2019/12/30,-99751
2019/12/31,71456
2020/01/01,-279219
2020/01/02,14320
2020/01/03,-42365
2020/01/04,-179407
2020/01/05,-185230
2020/01/06,209642
2020/01/07,93636
2020/01/08,10655
2020/01/09,-5260
2020/01/10,-27247
2020/01/11,-172777
2020/01/12,-108352
2020/01/13,61450
2020/01/14,178259
2020/01/15,41045
2020/01/16,-166823
2020/01/17,-159555
2020/01/18,-26851
2020/01/19,-71609
2020/01/20,171880
2020/01/21,174378
2020/01/22,3475
2020/01/23,-78461
2020/01/24,104849
2020/01/25,-11690
2020/01/26,-141084
2020/01/27,108012
2020/01/28,301799
2020/01/29,45542
2020/01/30,17819
2020/01/31,328850
2020/02/01,-45358
2020/02/02,54976
2020/02/03,252118
2020/02/04,243877
2020/02/05,-38143
2020/02/06,138750
2020/02/07,142557
2020/02/08,56635
2020/02/09,-109488
2020/02/10,230456
2020/02/11,306514
2020/02/12,107063
2020/02/13,-19711
2020/02/14,-9109
2020/02/15,87494
2020/02/16,-30119
2020/02/17,44133
2020/02/18,159765
2020/02/19,120851
2020/02/20,158614
2020/02/21,1221
2020/02/22,-45597
2020/02/23,-90736
2020/02/24,208554
2020/02/25,177708
2020/02/26,78811
2020/02/27,-86531
2020/02/28,40773
2020/02/29,-16030
2020/03/01,-188336
2020/03/02,125852
2020/03/03,102930
2020/03/04,130857
2020/03/05,-95273
2020/03/06,-4128
2020/03/07,-179748
2020/03/08,-299252
2020/03/09,-7372
2020/03/10,181184
2020/03/11,-12415
2020/03/12,-10295
2020/03/13,95482
2020/03/14,38396
2020/03/15,11335
2020/03/16,84612
2020/03/17,260060
2020/03/18,85488
2020/03/19,127922
2020/03/20,90484
2020/03/21,-63119
2020/03/22,-156127
2020/03/23,163857
2020/03/24,195722
2020/03/25,-407.684
2020/03/26,7460
2020/03/27,-82008
2020/03/28,-125281
2020/03/29,-205333
2020/03/30,40471
2020/03/31,122060
2020/04/01,14286
2020/04/02,24996
2020/04/03,-105084
2020/04/04,140275
2020/04/05,-184639
2020/04/06,176699
2020/04/07,172043
2020/04/08,15604
2020/04/09,-45363
2020/04/10,-182020
2020/04/11,-319819
2020/04/12,-339377
2020/04/13,-262047
2020/04/14,-63573
2020/04/15,-97670
2020/04/16,-128933
2020/04/17,67918
2020/04/18,-147912
2020/04/19,-286863
2020/04/20,-43194
2020/04/21,175519
2020/04/22,-100811
2020/04/23,67101
2020/04/24,107244
2020/04/25,164682
2020/04/26,76060
2020/04/27,212545
2020/04/28,301471
2020/04/29,131537
2020/04/30,194357
2020/05/01,114096
2020/05/02,63097
2020/05/03,5489
2020/05/04,-67411
2020/05/05,282145
2020/05/06,42006
2020/05/07,116958
2020/05/08,88489
2020/05/09,84118
2020/05/10,275587
2020/05/11,320318
2020/05/12,344956
2020/05/13,257827
2020/05/14,193078
2020/05/15,128387
2020/05/16,108090
2020/05/17,13735
2020/05/18,122339
2020/05/19,263795
2020/05/20,144345
2020/05/21,130083
2020/05/22,167358
2020/05/23,2886
2020/05/24,-46380
2020/05/25,-13162
2020/05/26,78767
2020/05/27,18458
2020/05/28,60348
2020/05/29,36413
2020/05/30,-50122
2020/05/31,-222686
2020/06/01,6415
2020/06/02,68895
2020/06/03,107801
2020/06/04,6959
2020/06/05,-147713
2020/06/06,-345676
2020/06/07,-289453
2020/06/08,-113122
2020/06/09,-101931
2020/06/10,-131086
2020/06/11,-61968
2020/06/12,-74765
2020/06/13,-202020
2020/06/14,-320936
2020/06/15,-81217
2020/06/16,-25794
2020/06/17,34117
2020/06/18,-44338
2020/06/19,14376
2020/06/20,-138117
2020/06/21,-219406
2020/06/22,-124600
2020/06/23,35098
2020/06/24,-5982
2020/06/25,12366
2020/06/26,-75476
2020/06/27,-155251
2020/06/28,-269105
2020/06/29,-20515
2020/06/30,141995
2020/07/01,17787
2020/07/02,-102794
2020/07/03,-92049
2020/07/04,-159561
2020/07/05,-63623
2020/07/06,308457
2020/07/07,171532
2020/07/08,94510
2020/07/09,74391
2020/07/10,83574
2020/07/11,-93192
2020/07/12,-151926
2020/07/13,84597
2020/07/14,346782
2020/07/15,85826
2020/07/16,42947
2020/07/17,5832
2020/07/18,53406
2020/07/19,-15714
2020/07/20,122047
2020/07/21,200529
2020/07/22,121701
2020/07/23,4689
2020/07/24,-5315
2020/07/25,-31736
2020/07/26,59949
2020/07/27,145345
2020/07/28,267344
2020/07/29,67015
2020/07/30,58473
2020/07/31,-18449
2020/08/01,84481
2020/08/02,88114
2020/08/03,158996
2020/08/04,253229
2020/08/05,52898
2020/08/06,118510
2020/08/07,7815
2020/08/08,8519
2020/08/09,-20057
2020/08/10,123563
2020/08/11,204754
2020/08/12,125495
2020/08/13,-66875
2020/08/14,-25923
2020/08/15,-44921
2020/08/16,-159254
2020/08/17,-32625
2020/08/18,19737
2020/08/19,7071
2020/08/20,11386
2020/08/21,-27265
2020/08/22,-8046
2020/08/23,-62740
2020/08/24,-44213
2020/08/25,23426
2020/08/26,-6094
2020/08/27,2911
2020/08/28,-5604
2020/08/29,-12277
2020/08/30,7940
2020/08/31,-47980
2020/09/01,26411
2020/09/02,35509
2020/09/03,5220
2020/09/04,-30486
2020/09/05,-794.397
2020/09/06,-22343
2020/09/07,-52593
2020/09/08,18499
2020/09/09,-49703
2020/09/10,1467
2020/09/11,-9427
2020/09/12,-123826
2020/09/13,-241659
2020/09/14,-80728
2020/09/15,95603
2020/09/16,23213
2020/09/17,-88001
2020/09/18,-119059
2020/09/19,-61082
2020/09/20,-140136
2020/09/21,-98071
2020/09/22,61594
2020/09/23,81012
2020/09/24,30369
2020/09/25,-13793
2020/09/26,-46424
2020/09/27,-216359
2020/09/28,-36667
2020/09/29,-1010
2020/09/30,65017
2020/10/01,-9044
2020/10/02,-8787
2020/10/03,-9535
2020/10/04,-103415
2020/10/05,-114269
2020/10/06,40103
2020/10/07,60134
2020/10/08,-22276
2020/10/09,70321
2020/10/10,10753
2020/10/11,-162035
2020/10/12,77629
2020/10/13,276470
2020/10/14,29640
2020/10/15,20226
2020/10/16,-62168
2020/10/17,-129265
2020/10/18,-44035
2020/10/19,47538
2020/10/20,106991
2020/10/21,105088
2020/10/22,11016
2020/10/23,1262
2020/10/24,-26548
2020/10/25,-667
2020/10/26,32770
2020/10/27,225437
2020/10/28,55069
2020/10/29,10858
2020/10/30,9985
2020/10/31,7084
2020/11/01,13914
2020/11/02,-698.026
2020/11/03,119543
2020/11/04,84960
2020/11/05,-11656
2020/11/06,-6385
2020/11/07,74221
2020/11/08,-19386
2020/11/09,-21982
2020/11/10,99083
2020/11/11,77666
2020/11/12,-68665
2020/11/13,39982
2020/11/14,-45656
2020/11/15,-41990
2020/11/16,128670
2020/11/17,151794
2020/11/18,-6024
2020/11/19,46450
2020/11/20,-25543
2020/11/21,-139765
2020/11/22,-283339
2020/11/23,-82152
2020/11/24,24427
2020/11/25,10440
2020/11/26,-7987
2020/11/27,5752
2020/11/28,-15800
2020/11/29,-169110
2020/11/30,-12925
2020/12/01,658.069
2020/12/02,13216
2020/12/03,-8332
2020/12/04,14544
2020/12/05,-2069
2020/12/06,-37414
2020/12/07,-88941
2020/12/08,-2606
2020/12/09,19608
2020/12/10,70243
2020/12/11,13242
2020/12/12,55524
2020/12/13,-76165
2020/12/14,-17475
2020/12/15,101848
2020/12/16,67329
2020/12/17,8862
2020/12/18,27363
2020/12/19,13046
2020/12/20,1174
2020/12/21,109664
2020/12/22,277555
2020/12/23,95521
2020/12/24,10068
2020/12/25,-1538
2020/12/26,-20329
2020/12/27,2286
2020/12/28,8179
2020/12/29,175066
2020/12/30,-10174
2020/12/31,-8223
2021/01/01,-39785
2021/01/02,-19952
2021/01/03,3277
2021/01/04,7783
2021/01/05,39442
2021/01/06,110834
2021/01/07,12990
2021/01/08,12942
2021/01/09,-23013
2021/01/10,14564
2021/01/11,-3653
2021/01/12,107261
2021/01/13,106318
2021/01/14,-2819
2021/01/15,-1213
2021/01/16,3637
2021/01/17,-19398
2021/01/18,-16998
2021/01/19,3855
2021/01/20,23056
2021/01/21,-14086
2021/01/22,-4344
2021/01/23,-23547
2021/01/24,2200
2021/01/25,1253
2021/01/26,-18809
2021/01/27,11529
2021/01/28,-13129
2021/01/29,3360
2021/01/30,-126.946
2021/01/31,22331
2021/02/01,16671
2021/02/02,3620
2021/02/03,5739
2021/02/04,2150
2021/02/05,-11216
2021/02/06,9826
2021/02/07,-50046
2021/02/08,-20138
2021/02/09,1048
2021/02/10,15633
2021/02/11,16451
2021/02/12,-11953
2021/02/13,10423
2021/02/14,5878
2021/02/15,-18380
2021/02/16,19349
2021/02/17,16951
2021/02/18,8294
2021/02/19,-7615
2021/02/20,-1536
2021/02/21,-44994
2021/02/22,-7973
2021/02/23,-7627
2021/02/24,15216
2021/02/25,2814
2021/02/26,-11875
2021/02/27,-414.38
2021/02/28,-8469
2021/03/01,-15334
2021/03/02,9826
2021/03/03,14990
2021/03/04,3163
2021/03/05,-16221
2021/03/06,-13446
2021/03/07,-14115
2021/03/08,-41655
2021/03/09,25462
2021/03/10,45514
2021/03/11,-12015
2021/03/12,-17058
2021/03/13,-44263
2021/03/14,-5080
2021/03/15,-21328
2021/03/16,-9050
2021/03/17,27401
2021/03/18,-14423
2021/03/19,-10458
2021/03/20,-17483
2021/03/21,-42051
2021/03/22,-11609
2021/03/23,23039
2021/03/24,3865
2021/03/25,4668
2021/03/26,-14049
2021/03/27,18054
2021/03/28,-14094
2021/03/29,-14899
2021/03/30,8362
2021/03/31,956.459
2021/04/01,-9080
2021/04/02,-13947
2021/04/03,-7915
2021/04/04,-6424
2021/04/05,-18759
2021/04/06,8947
2021/04/07,35701
2021/04/08,8322
2021/04/09,-9677
2021/04/10,-11862
2021/04/11,-20831
2021/04/12,29932
2021/04/13,-16499
2021/04/14,31630
2021/04/15,11119
2021/04/16,-21060
2021/04/17,-5162
2021/04/18,9566
2021/04/19,-14090
2021/04/20,31196
2021/04/21,25470
2021/04/22,15011
2021/04/23,12712
2021/04/24,-12370
2021/04/25,11610
2021/04/26,-5565
2021/04/27,6749
2021/04/28,7351
2021/04/29,-8083
2021/04/30,-14512
2021/05/01,-3014
2021/05/02,-57666
2021/05/03,-47508
2021/05/04,11198
2021/05/05,11763
2021/05/06,-14003
2021/05/07,-12173
2021/05/08,10877
2021/05/09,-32193
2021/05/10,-7827
2021/05/11,2847
2021/05/12,-16393
2021/05/13,1534
2021/05/14,-19013
2021/05/15,-10149
2021/05/16,-5230
2021/05/17,7437
2021/05/18,-26124
2021/05/19,24847
2021/05/20,19086
2021/05/21,5620
2021/05/22,-8617
2021/05/23,-43891
2021/05/24,2546
2021/05/25,-5702
2021/05/26,4954
2021/05/27,16139
2021/05/28,-12582
2021/05/29,-9301
2021/05/30,-46142
2021/05/31,-31715
2021/06/01,50084
2021/06/02,-14132
2021/06/03,-45194
2021/06/04,-57594
2021/06/05,-191837
2021/06/06,-320593
2021/06/07,-97278
2021/06/08,-27306
2021/06/09,-212910
2021/06/10,27998
2021/06/11,-15218
2021/06/12,-63042
2021/06/13,-231016
2021/06/14,-135393
2021/06/15,-101364
2021/06/16,-54073
2021/06/17,-146350
2021/06/18,-138864
2021/06/19,-103336
2021/06/20,9300
2021/06/21,1392
2021/06/22,18029
2021/06/23,-15677
2021/06/24,-19745
2021/06/25,-44184
2021/06/26,-41523
2021/06/27,-15869
2021/06/28,6757
2021/06/29,41936
2021/06/30,27153
2021/07/01,-8946
2021/07/02,26212
2021/07/03,6540
2021/07/04,34937
2021/07/05,124789
2021/07/06,173680
2021/07/07,-77105
2021/07/08,-199442
2021/07/09,37327
2021/07/10,-420863
2021/07/11,-237347
2021/07/12,-107531
2021/07/13,38694
2021/07/14,-221847
2021/07/15,-33132
2021/07/16,-270298
2021/07/17,-252796
2021/07/18,-260821
2021/07/19,-236456
2021/07/20,-93002
2021/07/21,-168522
2021/07/22,-306232
2021/07/23,-229323
2021/07/24,-351875
2021/07/25,-390859
2021/07/26,-160335
2021/07/27,-262297
2021/07/28,-278258
2021/07/29,-261985
2021/07/30,-316684
2021/07/31,-370708
2021/08/01,-381799
2021/08/02,-146333
2021/08/03,-322239
2021/08/04,-135278
2021/08/05,-158972
2021/08/06,-121374
2021/08/07,-158465
2021/08/08,-230358
2021/08/09,167234
2021/08/10,-28575
2021/08/11,-50454
2021/08/12,-78192
2021/08/13,185112
2021/08/14,-277015
2021/08/15,-105495
2021/08/16,192303
2021/08/17,252092
2021/08/18,184679
2021/08/19,-137291
2021/08/20,-22895
2021/08/21,-28125
2021/08/22,-138165
2021/08/23,35974
2021/08/24,193089
2021/08/25,-123259
2021/08/26,9091
2021/08/27,12106
2021/08/28,-43420
2021/08/29,-85386
2021/08/30,195170
2021/08/31,202382
2021/09/01,61258
2021/09/02,215655
2021/09/03,79427
2021/09/04,-47660
2021/09/05,-128978
2021/09/06,141082
2021/09/07,201503
2021/09/08,25707
2021/09/09,104571
2021/09/10,45044
2021/09/11,-12116
2021/09/12,-218918
2021/09/13,158674
2021/09/14,142151
2021/09/15,69379
2021/09/16,84988
2021/09/17,-21853
2021/09/18,-117385
2021/09/19,-226776
2021/09/20,153337
2021/09/21,215423
2021/09/22,180105
2021/09/23,-70400
2021/09/24,115845
2021/09/25,-96739
2021/09/26,-63177
2021/09/27,40003
2021/09/28,155159
2021/09/29,-29158
2021/09/30,88489
2021/10/01,-50405
2021/10/02,-201529
2021/10/03,-187754
2021/10/04,163743
2021/10/05,254475
2021/10/06,83651
2021/10/07,185890
2021/10/08,178314
2021/10/09,17575
2021/10/10,-183788
2021/10/11,125254
2021/10/12,246845
2021/10/13,5840
2021/10/14,151966
2021/10/15,14971
2021/10/16,-81897
2021/10/17,-210330
2021/10/18,109284
2021/10/19,271376
2021/10/20,-4350
2021/10/21,111939
2021/10/22,-73556
2021/10/23,6956
2021/10/24,-201728
2021/10/25,97637
2021/10/26,136895
2021/10/27,36534
2021/10/28,67403
2021/10/29,-53798
2021/10/30,-173794
2021/10/31,-88719
2021/11/01,212482
2021/11/02,202737
2021/11/03,-41130
2021/11/04,8151
2021/11/05,-5679
2021/11/06,-329428
2021/11/07,-292758
2021/11/08,20194
2021/11/09,322260
2021/11/10,67359
2021/11/11,-54660
2021/11/12,68322
2021/11/13,-207958
2021/11/14,-268056
2021/11/15,-935.488
2021/11/16,181849
2021/11/17,59818
2021/11/18,-43824
2021/11/19,23825
2021/11/20,-241371
2021/11/21,-31197
2021/11/22,86295
2021/11/23,152044
2021/11/24,24055
2021/11/25,3490
2021/11/26,84661
2021/11/27,-196485
2021/11/28,-100258
2021/11/29,78366
2021/11/30,40163
2021/12/01,97329
2021/12/02,60314
2021/12/03,-63688
2021/12/04,-155231
2021/12/05,-107545
2021/12/06,63919
2021/12/07,147838
2021/12/08,-178490
2021/12/09,-26112
2021/12/10,-238844
2021/12/11,-206116
2021/12/12,-223207
2021/12/13,89946
