Date,size30var
2010/07/17,227260
2010/07/18,228390
2010/07/19,230471
2010/07/20,235153
2010/07/21,233658
2010/07/22,232025
2010/07/23,229916
2010/07/24,253396
2010/07/25,459180
2010/07/26,453122
2010/07/27,445563
2010/07/28,658525
2010/07/29,727276
2010/07/30,728983
2010/07/31,724924
2010/08/01,731375
2010/08/02,727840
2010/08/03,720769
2010/08/04,716286
2010/08/05,701148
2010/08/06,692231
2010/08/07,682275
2010/08/08,673704
2010/08/09,667286
2010/08/10,668331
2010/08/11,677730
2010/08/12,679934
2010/08/13,567292
2010/08/14,574371
2010/08/15,580523
2010/08/16,579174
2010/08/17,581396
2010/08/18,616333
2010/08/19,620465
2010/08/20,621142
2010/08/21,622079
2010/08/22,623837
2010/08/23,620306
2010/08/24,440023
2010/08/25,445559
2010/08/26,447868
2010/08/27,218644
2010/08/28,117217
2010/08/29,119322
2010/08/30,117998
2010/08/31,118797
2010/09/01,117787
2010/09/02,117595
2010/09/03,117351
2010/09/04,118140
2010/09/05,118530
2010/09/06,119432
2010/09/07,120135
2010/09/08,92715
2010/09/09,92005
2010/09/10,91508
2010/09/11,91007
2010/09/12,89878
2010/09/13,89629
2010/09/14,87627
2010/09/15,82837
2010/09/16,83116
2010/09/17,19850
2010/09/18,20553
2010/09/19,20799
2010/09/20,20995
2010/09/21,49638
2010/09/22,60622
2010/09/23,60593
2010/09/24,58623
2010/09/25,58613
2010/09/26,57538
2010/09/27,59847
2010/09/28,66035
2010/09/29,136742
2010/09/30,135232
2010/10/01,138549
2010/10/02,172823
2010/10/03,170187
2010/10/04,164517
2010/10/05,162320
2010/10/06,158925
2010/10/07,154968
2010/10/08,151739
2010/10/09,150844
2010/10/10,149508
2010/10/11,146417
2010/10/12,146438
2010/10/13,146010
2010/10/14,146620
2010/10/15,150384
2010/10/16,150007
2010/10/17,154384
2010/10/18,148954
2010/10/19,146294
2010/10/20,144750
2010/10/21,130800
2010/10/22,131246
2010/10/23,131112
2010/10/24,128773
2010/10/25,130256
2010/10/26,129285
2010/10/27,129181
2010/10/28,126444
2010/10/29,67069
2010/10/30,71055
2010/10/31,70790
2010/11/01,36773
2010/11/02,38841
2010/11/03,39510
2010/11/04,38555
2010/11/05,38559
2010/11/06,39667
2010/11/07,39962
2010/11/08,39271
2010/11/09,39898
2010/11/10,40575
2010/11/11,41677
2010/11/12,42045
2010/11/13,43411
2010/11/14,43166
2010/11/15,2162331
2010/11/16,5371613
2010/11/17,5381900
2010/11/18,5381599
2010/11/19,11050840
2010/11/20,20642985
2010/11/21,26955813
2010/11/22,26994102
2010/11/23,26998911
2010/11/24,27046778
2010/11/25,28182071
2010/11/26,28053996
2010/11/27,28051024
2010/11/28,28053571
2010/11/29,28013775
2010/11/30,27994565
2010/12/01,27944010
2010/12/02,27897982
2010/12/03,27867680
2010/12/04,27855262
2010/12/05,27895331
2010/12/06,27900215
2010/12/07,27859255
2010/12/08,27898154
2010/12/09,27878860
2010/12/10,27850400
2010/12/11,27770488
2010/12/12,27667239
2010/12/13,27463664
2010/12/14,27379488
2010/12/15,26586474
2010/12/16,24655019
2010/12/17,24586477
2010/12/18,24645513
2010/12/19,19985345
2010/12/20,10450306
2010/12/21,3113684
2010/12/22,3097342
2010/12/23,3087207
2010/12/24,2496991
2010/12/25,116357
2010/12/26,84716
2010/12/27,85212
2010/12/28,85136
2010/12/29,83353
2010/12/30,80873
2010/12/31,80664
2011/01/01,79184
2011/01/02,76595
2011/01/03,143084
2011/01/04,149414
2011/01/05,197124
2011/01/06,196472
2011/01/07,193633
2011/01/08,218554
2011/01/09,231794
2011/01/10,257700
2011/01/11,283122
2011/01/12,287987
2011/01/13,295139
2011/01/14,297364
2011/01/15,291285
2011/01/16,282826
2011/01/17,269401
2011/01/18,262955
2011/01/19,262999
2011/01/20,249855
2011/01/21,256365
2011/01/22,321341
2011/01/23,313193
2011/01/24,304684
2011/01/25,291751
2011/01/26,276113
2011/01/27,259474
2011/01/28,236050
2011/01/29,252784
2011/01/30,859333
2011/01/31,849245
2011/02/01,806931
2011/02/02,808421
2011/02/03,817967
2011/02/04,830443
2011/02/05,829505
2011/02/06,827065
2011/02/07,850299
2011/02/08,861276
2011/02/09,861454
2011/02/10,939432
2011/02/11,1027522
2011/02/12,1047937
2011/02/13,1053620
2011/02/14,1118747
2011/02/15,1115215
2011/02/16,1077819
2011/02/17,1073152
2011/02/18,1073981
2011/02/19,1041429
2011/02/20,1038821
2011/02/21,1031258
2011/02/22,1038450
2011/02/23,1036743
2011/02/24,1012025
2011/02/25,977298
2011/02/26,960528
2011/02/27,947127
2011/02/28,976630
2011/03/01,1064474
2011/03/02,1096695
2011/03/03,1251817
2011/03/04,1216898
2011/03/05,1146008
2011/03/06,1086167
2011/03/07,1011705
2011/03/08,1008274
2011/03/09,906544
2011/03/10,891045
2011/03/11,883103
2011/03/12,1109058
2011/03/13,1447397
2011/03/14,1933219
2011/03/15,2520491
2011/03/16,2804775
2011/03/17,2972813
2011/03/18,3002780
2011/03/19,3374787
2011/03/20,4363201
2011/03/21,5409395
2011/03/22,5284416
2011/03/23,5638027
2011/03/24,5487809
2011/03/25,5311539
2011/03/26,5366792
2011/03/27,5129933
2011/03/28,4720912
2011/03/29,4431249
2011/03/30,4381281
2011/03/31,4486414
2011/04/01,4532324
2011/04/02,4686061
2011/04/03,4620053
2011/04/04,4406176
2011/04/05,4118094
2011/04/06,3900907
2011/04/07,3941547
2011/04/08,3917467
2011/04/09,4007250
2011/04/10,4107311
2011/04/11,4147531
2011/04/12,4118653
2011/04/13,4036588
2011/04/14,3832515
2011/04/15,3844556
2011/04/16,3817263
2011/04/17,3839976
2011/04/18,3743705
2011/04/19,3254772
2011/04/20,2768461
2011/04/21,2776116
2011/04/22,2302201
2011/04/23,2303957
2011/04/24,2281928
2011/04/25,2023717
2011/04/26,2010880
2011/04/27,2926999
2011/04/28,3076429
2011/04/29,3068852
2011/04/30,3501884
2011/05/01,3753075
2011/05/02,3561521
2011/05/03,3355058
2011/05/04,3284740
2011/05/05,3126057
2011/05/06,3026971
2011/05/07,2866368
2011/05/08,2735458
2011/05/09,2546460
2011/05/10,2384097
2011/05/11,2275971
2011/05/12,2333962
2011/05/13,2422025
2011/05/14,2427842
2011/05/15,2447999
2011/05/16,2458214
2011/05/17,2257080
2011/05/18,2290780
2011/05/19,2886650
2011/05/20,2935120
2011/05/21,2784371
2011/05/22,2485833
2011/05/23,2349542
2011/05/24,2232617
2011/05/25,2152551
2011/05/26,2201052
2011/05/27,2336129
2011/05/28,3084929
2011/05/29,3235225
2011/05/30,4398846
2011/05/31,6865060
2011/06/01,7685906
2011/06/02,9031946
2011/06/03,12331857
2011/06/04,13546367
2011/06/05,14015453
2011/06/06,15411273
2011/06/07,17705720
2011/06/08,28647050
2011/06/09,32148338
2011/06/10,33317759
2011/06/11,33137235
2011/06/12,35285978
2011/06/13,35854936
2011/06/14,36456512
2011/06/15,35475052
2011/06/16,40348306
2011/06/17,41621611
2011/06/18,42591505
2011/06/19,41398055
2011/06/20,38978118
2011/06/21,35978062
2011/06/22,32736106
2011/06/23,28958926
2011/06/24,25521492
2011/06/25,24983306
2011/06/26,25231390
2011/06/27,27990895
2011/06/28,25977157
2011/06/29,24463308
2011/06/30,23762275
2011/07/01,22556507
2011/07/02,21269510
2011/07/03,21179048
2011/07/04,20100892
2011/07/05,19592179
2011/07/06,20305163
2011/07/07,21090658
2011/07/08,19546354
2011/07/09,19561568
2011/07/10,20208887
2011/07/11,19218557
2011/07/12,19168469
2011/07/13,19589493
2011/07/14,19676046
2011/07/15,19403798
2011/07/16,18185767
2011/07/17,18161532
2011/07/18,18480284
2011/07/19,19274822
2011/07/20,18245081
2011/07/21,15718887
2011/07/22,13554854
2011/07/23,11534022
2011/07/24,11021296
2011/07/25,10792808
2011/07/26,10722861
2011/07/27,9241256
2011/07/28,8829019
2011/07/29,9865406
2011/07/30,11215492
2011/07/31,11612289
2011/08/01,11540927
2011/08/02,11232719
2011/08/03,11344885
2011/08/04,10859900
2011/08/05,9579224
2011/08/06,8753655
2011/08/07,8711131
2011/08/08,9110513
2011/08/09,8957504
2011/08/10,8537328
2011/08/11,8515831
2011/08/12,8106245
2011/08/13,7856348
2011/08/14,7705823
2011/08/15,8885277
2011/08/16,9127783
2011/08/17,8918830
2011/08/18,8084463
2011/08/19,8284020
2011/08/20,8631805
2011/08/21,8907733
2011/08/22,9107238
2011/08/23,9265165
2011/08/24,8995086
2011/08/25,8878247
2011/08/26,8666174
2011/08/27,8724764
2011/08/28,8126970
2011/08/29,6702754
2011/08/30,6267702
2011/08/31,6979211
2011/09/01,6922318
2011/09/02,7795482
2011/09/03,8716014
2011/09/04,17769377
2011/09/05,18132867
2011/09/06,18086430
2011/09/07,17728402
2011/09/08,17072050
2011/09/09,17207276
2011/09/10,17271694
2011/09/11,17229140
2011/09/12,17215326
2011/09/13,17591321
2011/09/14,16909833
2011/09/15,16730272
2011/09/16,16401234
2011/09/17,17293435
2011/09/18,17777587
2011/09/19,17900802
2011/09/20,19002264
2011/09/21,19302058
2011/09/22,19835665
2011/09/23,19922253
2011/09/24,19916605
2011/09/25,20180548
2011/09/26,20346107
2011/09/27,20448248
2011/09/28,20828166
2011/09/29,21184315
2011/09/30,21095641
2011/10/01,21702634
2011/10/02,21929325
2011/10/03,21717358
2011/10/04,9298060
2011/10/05,9690857
2011/10/06,9422328
2011/10/07,9452890
2011/10/08,9368407
2011/10/09,8446814
2011/10/10,8305330
2011/10/11,10685200
2011/10/12,10405272
2011/10/13,10515843
2011/10/14,10422305
2011/10/15,10542574
2011/10/16,10486281
2011/10/17,10495650
2011/10/18,10050870
2011/10/19,9818380
2011/10/20,7787271
2011/10/21,6750481
2011/10/22,6976428
2011/10/23,7055380
2011/10/24,6972576
2011/10/25,7137482
2011/10/26,7094624
2011/10/27,7077809
2011/10/28,7036380
2011/10/29,7157648
2011/10/30,7180802
2011/10/31,7247080
2011/11/01,7623962
2011/11/02,8110126
2011/11/03,7711339
2011/11/04,7549158
2011/11/05,7638816
2011/11/06,8684063
2011/11/07,8706902
2011/11/08,8716862
2011/11/09,8811349
2011/11/10,5268827
2011/11/11,4956715
2011/11/12,4802386
2011/11/13,5152430
2011/11/14,5141662
2011/11/15,5234071
2011/11/16,4530649
2011/11/17,4626466
2011/11/18,4618605
2011/11/19,4577342
2011/11/20,4517014
2011/11/21,3969881
2011/11/22,3610581
2011/11/23,3522264
2011/11/24,3731091
2011/11/25,3678909
2011/11/26,3580523
2011/11/27,3070249
2011/11/28,2694315
2011/11/29,3303062
2011/11/30,3499659
2011/12/01,3400386
2011/12/02,3237090
2011/12/03,3192937
2011/12/04,3146782
2011/12/05,3176183
2011/12/06,2712632
2011/12/07,2807593
2011/12/08,2832726
2011/12/09,2903329
2011/12/10,2793702
2011/12/11,2732738
2011/12/12,2623108
2011/12/13,2356404
2011/12/14,2487581
2011/12/15,2435352
2011/12/16,2493656
2011/12/17,2755285
2011/12/18,3303758
2011/12/19,3282040
2011/12/20,4994217
2011/12/21,5017083
2011/12/22,4992068
2011/12/23,5014607
2011/12/24,5479183
2011/12/25,6200358
2011/12/26,6662637
2011/12/27,6697922
2011/12/28,6698732
2011/12/29,5957877
2011/12/30,5672075
2011/12/31,5673641
2012/01/01,5572607
2012/01/02,5745930
2012/01/03,5806222
2012/01/04,5994352
2012/01/05,7674157
2012/01/06,8195608
2012/01/07,8200232
2012/01/08,8478725
2012/01/09,8742215
2012/01/10,13523490
2012/01/11,16488702
2012/01/12,16615253
2012/01/13,16772034
2012/01/14,16795256
2012/01/15,16919148
2012/01/16,16392736
2012/01/17,15452294
2012/01/18,16454729
2012/01/19,15463430
2012/01/20,15300750
2012/01/21,15206974
2012/01/22,15210075
2012/01/23,14590033
2012/01/24,13843243
2012/01/25,13483471
2012/01/26,13068977
2012/01/27,11896709
2012/01/28,11498707
2012/01/29,10660929
2012/01/30,10800294
2012/01/31,10400591
2012/02/01,10301521
2012/02/02,10074571
2012/02/03,9984336
2012/02/04,9528705
2012/02/05,9509418
2012/02/06,9070754
2012/02/07,9103110
2012/02/08,9089397
2012/02/09,6724407
2012/02/10,6731678
2012/02/11,6888815
2012/02/12,6919111
2012/02/13,7865887
2012/02/14,11626306
2012/02/15,13867029
2012/02/16,17376206
2012/02/17,17501190
2012/02/18,18532655
2012/02/19,19436699
2012/02/20,19276259
2012/02/21,18408174
2012/02/22,17067377
2012/02/23,16938813
2012/02/24,16632855
2012/02/25,17093333
2012/02/26,17557410
2012/02/27,17489668
2012/02/28,17211282
2012/02/29,16762851
2012/03/01,16787337
2012/03/02,17979598
2012/03/03,18084589
2012/03/04,18039451
2012/03/05,18179887
2012/03/06,18198440
2012/03/07,18093606
2012/03/08,18264472
2012/03/09,18622368
2012/03/10,19025513
2012/03/11,18119455
2012/03/12,18484703
2012/03/13,18705412
2012/03/14,18622547
2012/03/15,15467730
2012/03/16,12935160
2012/03/17,8620345
2012/03/18,9104157
2012/03/19,8503113
2012/03/20,8003136
2012/03/21,7954921
2012/03/22,7863721
2012/03/23,7838968
2012/03/24,8829032
2012/03/25,8895507
2012/03/26,8748932
2012/03/27,8578515
2012/03/28,8650808
2012/03/29,8935260
2012/03/30,8475949
2012/03/31,9037440
2012/04/01,7247142
2012/04/02,8467972
2012/04/03,9925867
2012/04/04,9728410
2012/04/05,12288218
2012/04/06,12842578
2012/04/07,12797418
2012/04/08,12944223
2012/04/09,12711655
2012/04/10,13148578
2012/04/11,13488341
2012/04/12,15181018
2012/04/13,15234739
2012/04/14,15299221
2012/04/15,17142547
2012/04/16,17450092
2012/04/17,17494248
2012/04/18,20655148
2012/04/19,20037391
2012/04/20,20249758
2012/04/21,19651650
2012/04/22,19690280
2012/04/23,16927969
2012/04/24,15676971
2012/04/25,15577868
2012/04/26,14934463
2012/04/27,14711747
2012/04/28,14966898
2012/04/29,15453960
2012/04/30,12977830
2012/05/01,11781589
2012/05/02,12979632
2012/05/03,18722479
2012/05/04,24030541
2012/05/05,25583599
2012/05/06,27638117
2012/05/07,40112856
2012/05/08,45107537
2012/05/09,54101801
2012/05/10,58155495
2012/05/11,85424346
2012/05/12,115388348
2012/05/13,119954393
2012/05/14,220225323
2012/05/15,276132176
2012/05/16,309721614
2012/05/17,334881706
2012/05/18,375229001
2012/05/19,493496321
2012/05/20,583764057
2012/05/21,694449715
2012/05/22,721901100
2012/05/23,754258370
2012/05/24,778078626
2012/05/25,823199497
2012/05/26,794446187
2012/05/27,757171864
2012/05/28,733511076
2012/05/29,716272703
2012/05/30,664476020
2012/05/31,607493040
2012/06/01,557996919
2012/06/02,564199993
2012/06/03,544740886
2012/06/04,589504915
2012/06/05,608578401
2012/06/06,608177731
2012/06/07,581759585
2012/06/08,542317628
2012/06/09,483821898
2012/06/10,472450849
2012/06/11,458920328
2012/06/12,428810605
2012/06/13,603389149
2012/06/14,853223369
2012/06/15,952009782
2012/06/16,950288860
2012/06/17,940534675
2012/06/18,939589007
2012/06/19,945648550
2012/06/20,942881268
2012/06/21,941861712
2012/06/22,952446178
2012/06/23,991246066
2012/06/24,1002156616
2012/06/25,985776157
2012/06/26,967720350
2012/06/27,974658130
2012/06/28,977243006
2012/06/29,1007006636
2012/06/30,1001421321
2012/07/01,1044063138
2012/07/02,949466425
2012/07/03,992025210
2012/07/04,973777261
2012/07/05,951728773
2012/07/06,905892842
2012/07/07,925379501
2012/07/08,953023606
2012/07/09,969380544
2012/07/10,968565211
2012/07/11,970673135
2012/07/12,950127174
2012/07/13,785084116
2012/07/14,507111692
2012/07/15,332681655
2012/07/16,271463028
2012/07/17,235972633
2012/07/18,232930304
2012/07/19,221269302
2012/07/20,232934545
2012/07/21,249946582
2012/07/22,254973193
2012/07/23,256687726
2012/07/24,257060376
2012/07/25,259439172
2012/07/26,257138634
2012/07/27,266182436
2012/07/28,272185431
2012/07/29,267636709
2012/07/30,267819903
2012/07/31,346936398
2012/08/01,346145262
2012/08/02,325991856
2012/08/03,320451378
2012/08/04,310097485
2012/08/05,303168030
2012/08/06,291189867
2012/08/07,272476918
2012/08/08,259306593
2012/08/09,259596678
2012/08/10,259864103
2012/08/11,253818126
2012/08/12,243167188
2012/08/13,262845230
2012/08/14,260164511
2012/08/15,349055524
2012/08/16,387428080
2012/08/17,419526677
2012/08/18,415703167
2012/08/19,407873449
2012/08/20,404252945
2012/08/21,404686433
2012/08/22,405456460
2012/08/23,404875576
2012/08/24,388564227
2012/08/25,379824921
2012/08/26,368899579
2012/08/27,368805970
2012/08/28,372023929
2012/08/29,377256051
2012/08/30,317648386
2012/08/31,336010281
2012/09/01,336562264
2012/09/02,322228811
2012/09/03,316954765
2012/09/04,329174556
2012/09/05,328442294
2012/09/06,306646848
2012/09/07,313560906
2012/09/08,300101875
2012/09/09,289854571
2012/09/10,276000579
2012/09/11,276883253
2012/09/12,263947409
2012/09/13,263714890
2012/09/14,191564812
2012/09/15,164824755
2012/09/16,137394096
2012/09/17,162669466
2012/09/18,162180682
2012/09/19,164028623
2012/09/20,164050640
2012/09/21,164840213
2012/09/22,169856632
2012/09/23,172892065
2012/09/24,171437830
2012/09/25,167745440
2012/09/26,172370719
2012/09/27,176300857
2012/09/28,173859745
2012/09/29,191479281
2012/09/30,185059710
2012/10/01,178207254
2012/10/02,186754763
2012/10/03,185068483
2012/10/04,192072619
2012/10/05,214990432
2012/10/06,211152978
2012/10/07,263793488
2012/10/08,265036370
2012/10/09,280276883
2012/10/10,280322087
2012/10/11,267325050
2012/10/12,261466860
2012/10/13,263311430
2012/10/14,264758056
2012/10/15,262112723
2012/10/16,262904679
2012/10/17,245905840
2012/10/18,243337438
2012/10/19,242472469
2012/10/20,239606159
2012/10/21,246127758
2012/10/22,245146600
2012/10/23,253320794
2012/10/24,248069689
2012/10/25,222595638
2012/10/26,259151933
2012/10/27,334748684
2012/10/28,398480239
2012/10/29,389977051
2012/10/30,353136561
2012/10/31,353770057
2012/11/01,360357864
2012/11/02,359748073
2012/11/03,354127498
2012/11/04,349626982
2012/11/05,348620816
2012/11/06,310703196
2012/11/07,316385300
2012/11/08,300729924
2012/11/09,307487129
2012/11/10,307739182
2012/11/11,320880665
2012/11/12,317505926
2012/11/13,312767638
2012/11/14,312693945
2012/11/15,336376315
2012/11/16,357930304
2012/11/17,383583871
2012/11/18,389878079
2012/11/19,405048378
2012/11/20,401741909
2012/11/21,404732002
2012/11/22,378870921
2012/11/23,380717581
2012/11/24,380834722
2012/11/25,376918428
2012/11/26,302751680
2012/11/27,240670975
2012/11/28,219274683
2012/11/29,220622180
2012/11/30,221373632
2012/12/01,212166380
2012/12/02,242441028
2012/12/03,250337450
2012/12/04,276671872
2012/12/05,313928441
2012/12/06,339709349
2012/12/07,341944407
2012/12/08,341737428
2012/12/09,324623180
2012/12/10,323479956
2012/12/11,288401349
2012/12/12,287459576
2012/12/13,328643737
2012/12/14,423597272
2012/12/15,425886827
2012/12/16,451932342
2012/12/17,461700138
2012/12/18,610863210
2012/12/19,623613139
2012/12/20,667894489
2012/12/21,706289839
2012/12/22,703332524
2012/12/23,692672531
2012/12/24,661945995
2012/12/25,678077200
2012/12/26,671131149
2012/12/27,631231256
2012/12/28,608720429
2012/12/29,593374200
2012/12/30,584363175
2012/12/31,592235379
2013/01/01,524392348
2013/01/02,419402223
2013/01/03,430753966
2013/01/04,435537347
2013/01/05,438477902
2013/01/06,454168776
2013/01/07,454506633
2013/01/08,465479431
2013/01/09,474893289
2013/01/10,507335249
2013/01/11,609053109
2013/01/12,628618807
2013/01/13,616286848
2013/01/14,614811544
2013/01/15,632268157
2013/01/16,703285126
2013/01/17,766701741
2013/01/18,845148533
2013/01/19,851205967
2013/01/20,843041767
2013/01/21,843051647
2013/01/22,844509324
2013/01/23,887629713
2013/01/24,841738056
2013/01/25,840309258
2013/01/26,839256964
2013/01/27,841601936
2013/01/28,847361766
2013/01/29,819310562
2013/01/30,716749756
2013/01/31,617611133
2013/02/01,601070828
2013/02/02,537037411
2013/02/03,533206932
2013/02/04,490631386
2013/02/05,397285649
2013/02/06,335207683
2013/02/07,347155190
2013/02/08,360186324
2013/02/09,373177661
2013/02/10,346931179
2013/02/11,347601473
2013/02/12,385097257
2013/02/13,349671306
2013/02/14,349740578
2013/02/15,341290226
2013/02/16,318259714
2013/02/17,318200391
2013/02/18,320874288
2013/02/19,315704147
2013/02/20,308823355
2013/02/21,310803906
2013/02/22,303101835
2013/02/23,304736375
2013/02/24,302615823
2013/02/25,303255211
2013/02/26,314380694
2013/02/27,311233766
2013/02/28,322727923
2013/03/01,348904500
2013/03/02,326777903
2013/03/03,313399058
2013/03/04,314607047
2013/03/05,351855824
2013/03/06,387533056
2013/03/07,423991673
2013/03/08,383640252
2013/03/09,379592023
2013/03/10,385885832
2013/03/11,379506042
2013/03/12,384003436
2013/03/13,384247538
2013/03/14,360002133
2013/03/15,361507960
2013/03/16,489567457
2013/03/17,696363728
2013/03/18,746676006
2013/03/19,733648928
2013/03/20,826834629
2013/03/21,858168991
2013/03/22,879277236
2013/03/23,904962876
2013/03/24,922185760
2013/03/25,926177301
2013/03/26,926887475
2013/03/27,966376706
2013/03/28,967082242
2013/03/29,977352384
2013/03/30,998982296
2013/03/31,950253968
2013/04/01,938951276
2013/04/02,952368214
2013/04/03,976467593
2013/04/04,1069093010
2013/04/05,1058645352
2013/04/06,989697975
2013/04/07,1069205906
2013/04/08,1115915801
2013/04/09,1105939032
2013/04/10,1104405178
2013/04/11,1200875592
2013/04/12,1199269405
2013/04/13,1205285576
2013/04/14,1207887412
2013/04/15,1092275268
2013/04/16,881535271
2013/04/17,770912856
2013/04/18,748677366
2013/04/19,673483395
2013/04/20,615987546
2013/04/21,638331148
2013/04/22,587173278
2013/04/23,527439771
2013/04/24,569291902
2013/04/25,563434416
2013/04/26,563910451
2013/04/27,586661859
2013/04/28,668831992
2013/04/29,676130246
2013/04/30,663589308
2013/05/01,629397073
2013/05/02,649330348
2013/05/03,648023769
2013/05/04,570251787
2013/05/05,566266094
2013/05/06,563745037
2013/05/07,518930088
2013/05/08,497415358
2013/05/09,508723669
2013/05/10,526402064
2013/05/11,464009278
2013/05/12,470866244
2013/05/13,453510212
2013/05/14,488438430
2013/05/15,561888575
2013/05/16,587886156
2013/05/17,585771523
2013/05/18,560254137
2013/05/19,537941521
2013/05/20,535062099
2013/05/21,454550173
2013/05/22,438595756
2013/05/23,442635052
2013/05/24,402038836
2013/05/25,417420140
2013/05/26,457276140
2013/05/27,455284730
2013/05/28,376673606
2013/05/29,361851949
2013/05/30,366007834
2013/05/31,383980210
2013/06/01,422887484
2013/06/02,483478706
2013/06/03,531757757
2013/06/04,566960723
2013/06/05,575347274
2013/06/06,585784251
2013/06/07,586567790
2013/06/08,610094972
2013/06/09,598636661
2013/06/10,610532901
2013/06/11,619568088
2013/06/12,683870241
2013/06/13,654722977
2013/06/14,497550505
2013/06/15,464508468
2013/06/16,469081819
2013/06/17,443716316
2013/06/18,446957020
2013/06/19,403743795
2013/06/20,375089217
2013/06/21,361579090
2013/06/22,352006818
2013/06/23,359737657
2013/06/24,352339628
2013/06/25,353424516
2013/06/26,350655845
2013/06/27,304288249
2013/06/28,276607927
2013/06/29,271875717
2013/06/30,300619157
2013/07/01,306502036
2013/07/02,308403591
2013/07/03,360988142
2013/07/04,384870822
2013/07/05,400311309
2013/07/06,428716711
2013/07/07,446234650
2013/07/08,461975099
2013/07/09,456596939
2013/07/10,472437079
2013/07/11,469972619
2013/07/12,512515792
2013/07/13,510406342
2013/07/14,513969236
2013/07/15,505917317
2013/07/16,503919328
2013/07/17,483482582
2013/07/18,440766992
2013/07/19,370413135
2013/07/20,314805416
2013/07/21,314768280
2013/07/22,311066375
2013/07/23,321222227
2013/07/24,304961739
2013/07/25,327175376
2013/07/26,320822312
2013/07/27,309883581
2013/07/28,279171907
2013/07/29,280408947
2013/07/30,276253741
2013/07/31,287303910
2013/08/01,312479037
2013/08/02,304413474
2013/08/03,311598353
2013/08/04,301542853
2013/08/05,285783403
2013/08/06,253267364
2013/08/07,260251557
2013/08/08,262571258
2013/08/09,247889593
2013/08/10,247963400
2013/08/11,232211290
2013/08/12,247795455
2013/08/13,261093404
2013/08/14,289789175
2013/08/15,362468152
2013/08/16,489255953
2013/08/17,492166606
2013/08/18,476485243
2013/08/19,524544057
2013/08/20,486360471
2013/08/21,480324968
2013/08/22,480703689
2013/08/23,481201585
2013/08/24,476594398
2013/08/25,466006296
2013/08/26,438601865
2013/08/27,476000168
2013/08/28,479523501
2013/08/29,437435352
2013/08/30,433364896
2013/08/31,481293929
2013/09/01,526599520
2013/09/02,550363280
2013/09/03,536219711
2013/09/04,535255577
2013/09/05,533686591
2013/09/06,537598133
2013/09/07,547235127
2013/09/08,526836902
2013/09/09,512228189
2013/09/10,405583252
2013/09/11,439178579
2013/09/12,458639639
2013/09/13,500702312
2013/09/14,543628660
2013/09/15,464810100
2013/09/16,491046871
2013/09/17,523100835
2013/09/18,489628090
2013/09/19,480037941
2013/09/20,479723522
2013/09/21,482538306
2013/09/22,496486724
2013/09/23,497323951
2013/09/24,494002445
2013/09/25,489592928
2013/09/26,451987715
2013/09/27,424820264
2013/09/28,432970218
2013/09/29,436007996
2013/09/30,404815798
2013/10/01,366145295
2013/10/02,373588950
2013/10/03,378247486
2013/10/04,372182965
2013/10/05,411229600
2013/10/06,413140252
2013/10/07,397406207
2013/10/08,397502948
2013/10/09,396502607
2013/10/10,397627348
2013/10/11,379432771
2013/10/12,388633055
2013/10/13,363586433
2013/10/14,316694165
2013/10/15,346014476
2013/10/16,318580058
2013/10/17,274300864
2013/10/18,238641210
2013/10/19,235967886
2013/10/20,236552589
2013/10/21,241400706
2013/10/22,235010731
2013/10/23,233096983
2013/10/24,263215774
2013/10/25,258702446
2013/10/26,224871876
2013/10/27,228638541
2013/10/28,222871427
2013/10/29,224738709
2013/10/30,225128330
2013/10/31,222870055
2013/11/01,202097348
2013/11/02,206017587
2013/11/03,221296872
2013/11/04,193419052
2013/11/05,216353349
2013/11/06,314085067
2013/11/07,577237503
2013/11/08,885176217
2013/11/09,1018684173
2013/11/10,1058122677
2013/11/11,1027828695
2013/11/12,1011237403
2013/11/13,1044412972
2013/11/14,1029766871
2013/11/15,1027323480
2013/11/16,1051300991
2013/11/17,1052456344
2013/11/18,1410943248
2013/11/19,2201773633
2013/11/20,2369176143
2013/11/21,2747998627
2013/11/22,2830937464
2013/11/23,2879480589
2013/11/24,2818587627
2013/11/25,2755341943
2013/11/26,2819426743
2013/11/27,2984062046
2013/11/28,3066502581
2013/11/29,3053085964
2013/11/30,2947851266
2013/12/01,2689365790
2013/12/02,2441284736
2013/12/03,2133328520
2013/12/04,1921296745
2013/12/05,1864301415
2013/12/06,1898833116
2013/12/07,1956222891
2013/12/08,2174443154
2013/12/09,2204638179
2013/12/10,2181321884
2013/12/11,2089630685
2013/12/12,1994999771
2013/12/13,2007674308
2013/12/14,2039806761
2013/12/15,2047359039
2013/12/16,1810680654
2013/12/17,1710353424
2013/12/18,1632206813
2013/12/19,1333281492
2013/12/20,1304382707
2013/12/21,1124794181
2013/12/22,1123839907
2013/12/23,1133584309
2013/12/24,1151052007
2013/12/25,1158309490
2013/12/26,1048366901
2013/12/27,893031955
2013/12/28,749852220
2013/12/29,589531271
2013/12/30,574499147
2013/12/31,606905622
2014/01/01,662906699
2014/01/02,710961430
2014/01/03,609960200
2014/01/04,467626956
2014/01/05,468192714
2014/01/06,500794645
2014/01/07,410460596
2014/01/08,418478255
2014/01/09,436965394
2014/01/10,434918640
2014/01/11,462961719
2014/01/12,517835625
2014/01/13,517851067
2014/01/14,518881994
2014/01/15,514158513
2014/01/16,515579777
2014/01/17,486465114
2014/01/18,491450846
2014/01/19,497312580
2014/01/20,507395896
2014/01/21,605219832
2014/01/22,605980916
2014/01/23,617279725
2014/01/24,615003862
2014/01/25,615005693
2014/01/26,603235769
2014/01/27,612333088
2014/01/28,683582892
2014/01/29,699335969
2014/01/30,676322941
2014/01/31,525761655
2014/02/01,485831391
2014/02/02,468901814
2014/02/03,465370633
2014/02/04,548125486
2014/02/05,595410990
2014/02/06,640376192
2014/02/07,793837409
2014/02/08,754798309
2014/02/09,752468288
2014/02/10,724764684
2014/02/11,623115293
2014/02/12,748498610
2014/02/13,770364013
2014/02/14,783626831
2014/02/15,753624172
2014/02/16,823376205
2014/02/17,769952957
2014/02/18,713238508
2014/02/19,711763528
2014/02/20,723339097
2014/02/21,810483347
2014/02/22,810976080
2014/02/23,786267060
2014/02/24,763761332
2014/02/25,939084699
2014/02/26,949014121
2014/02/27,946749543
2014/02/28,965571651
2014/03/01,1009149006
2014/03/02,963294566
2014/03/03,1262196806
2014/03/04,1718317740
2014/03/05,1742916799
2014/03/06,1746804425
2014/03/07,1753281814
2014/03/08,1751748921
2014/03/09,1778427284
2014/03/10,1781281706
2014/03/11,1772308260
2014/03/12,1752406401
2014/03/13,1718757785
2014/03/14,1864008628
2014/03/15,1942462003
2014/03/16,2100943076
2014/03/17,2014328692
2014/03/18,1859056224
2014/03/19,1851289854
2014/03/20,1861807576
2014/03/21,1825593868
2014/03/22,1819978510
2014/03/23,2100735307
2014/03/24,2023467208
2014/03/25,2000385404
2014/03/26,1995431383
2014/03/27,1933685857
2014/03/28,1943303211
2014/03/29,2051325040
2014/03/30,2051795777
2014/03/31,2051577438
2014/04/01,2059278770
2014/04/02,1760948093
2014/04/03,1273676816
2014/04/04,1165077704
2014/04/05,1167977765
2014/04/06,1136617415
2014/04/07,1157426217
2014/04/08,1320375639
2014/04/09,1228516620
2014/04/10,1235035581
2014/04/11,1222911890
2014/04/12,1251917275
2014/04/13,1065450105
2014/04/14,1042215858
2014/04/15,993298610
2014/04/16,1091006290
2014/04/17,1030331657
2014/04/18,1035842747
2014/04/19,1056577175
2014/04/20,1120946014
2014/04/21,1114087662
2014/04/22,1115086792
2014/04/23,1132326200
2014/04/24,1227805821
2014/04/25,1211021452
2014/04/26,1249190614
2014/04/27,1293507355
2014/04/28,1240597895
2014/04/29,1236829325
2014/04/30,1317814899
2014/05/01,1344766848
2014/05/02,1327985829
2014/05/03,1268110953
2014/05/04,1263022128
2014/05/05,1420672354
2014/05/06,1416382342
2014/05/07,1417032379
2014/05/08,1263395586
2014/05/09,1250066564
2014/05/10,1297765214
2014/05/11,1297300283
2014/05/12,1253018405
2014/05/13,1130212675
2014/05/14,1174821600
2014/05/15,1181698293
2014/05/16,1120466807
2014/05/17,1161030887
2014/05/18,1197842872
2014/05/19,1177451293
2014/05/20,1091300370
2014/05/21,1048590925
2014/05/22,936588055
2014/05/23,948221861
2014/05/24,887029633
2014/05/25,887633045
2014/05/26,839526894
2014/05/27,920553419
2014/05/28,929680445
2014/05/29,983520264
2014/05/30,936887825
2014/05/31,903454467
2014/06/01,913273480
2014/06/02,920852416
2014/06/03,891975024
2014/06/04,756109737
2014/06/05,790349873
2014/06/06,844875407
2014/06/07,914859592
2014/06/08,909639629
2014/06/09,789208850
2014/06/10,783934247
2014/06/11,776984900
2014/06/12,777108117
2014/06/13,744191576
2014/06/14,833723923
2014/06/15,929012375
2014/06/16,882568602
2014/06/17,826142844
2014/06/18,822948733
2014/06/19,809904387
2014/06/20,887814262
2014/06/21,984548695
2014/06/22,1028658740
2014/06/23,1010977013
2014/06/24,1023699412
2014/06/25,1005039900
2014/06/26,805598034
2014/06/27,802223898
2014/06/28,727929845
2014/06/29,732127594
2014/06/30,1157001849
2014/07/01,1575065532
2014/07/02,1730033166
2014/07/03,1791825848
2014/07/04,1801503479
2014/07/05,1790639038
2014/07/06,1699927231
2014/07/07,1697043479
2014/07/08,1829313375
2014/07/09,1863132061
2014/07/10,1885144804
2014/07/11,1862451838
2014/07/12,1889111177
2014/07/13,1889388144
2014/07/14,1865655878
2014/07/15,1801783627
2014/07/16,1829170839
2014/07/17,1822268572
2014/07/18,1822043596
2014/07/19,1868027833
2014/07/20,1791176165
2014/07/21,1667624699
2014/07/22,1610236574
2014/07/23,1597724956
2014/07/24,1589326239
2014/07/25,1548926845
2014/07/26,1513974451
2014/07/27,1421893549
2014/07/28,1286169844
2014/07/29,1208979864
2014/07/30,993809554
2014/07/31,755849603
2014/08/01,666360198
2014/08/02,712188750
2014/08/03,710374824
2014/08/04,744563520
2014/08/05,966351986
2014/08/06,1026402989
2014/08/07,970082554
2014/08/08,967101732
2014/08/09,1048994463
2014/08/10,1085895794
2014/08/11,1013166876
2014/08/12,990019856
2014/08/13,1153371231
2014/08/14,1153979819
2014/08/15,1153244958
2014/08/16,1276420778
2014/08/17,1300293777
2014/08/18,1240203899
2014/08/19,1224575940
2014/08/20,1224856733
2014/08/21,1206964759
2014/08/22,1201308142
2014/08/23,1267628201
2014/08/24,1260989548
2014/08/25,1315342617
2014/08/26,1287396578
2014/08/27,1287264539
2014/08/28,1304186219
2014/08/29,1337334905
2014/08/30,1441741459
2014/08/31,1576989389
2014/09/01,1571843612
2014/09/02,1534305200
2014/09/03,1440611594
2014/09/04,1235017791
2014/09/05,1199015572
2014/09/06,1270754068
2014/09/07,1270548262
2014/09/08,1274030017
2014/09/09,1584469195
2014/09/10,1688395810
2014/09/11,1728524984
2014/09/12,1579439014
2014/09/13,1717866758
2014/09/14,1740250226
2014/09/15,1662161445
2014/09/16,1703804533
2014/09/17,1657442898
2014/09/18,1637165626
2014/09/19,1662052108
2014/09/20,1714868948
2014/09/21,1743117056
2014/09/22,1658344433
2014/09/23,1774910856
2014/09/24,1762506319
2014/09/25,1795153881
2014/09/26,1903407602
2014/09/27,1918229777
2014/09/28,2010661801
2014/09/29,1938066840
2014/09/30,1715905173
2014/10/01,1723531896
2014/10/02,1747290874
2014/10/03,1728095121
2014/10/04,1713400541
2014/10/05,1713844490
2014/10/06,1514755140
2014/10/07,1620872406
2014/10/08,1639869220
2014/10/09,1468142371
2014/10/10,1438656988
2014/10/11,1344589001
2014/10/12,1306771544
2014/10/13,992184604
2014/10/14,1229575505
2014/10/15,1233908541
2014/10/16,1229641904
2014/10/17,1162935055
2014/10/18,1205988435
2014/10/19,1079600820
2014/10/20,923743922
2014/10/21,735973306
2014/10/22,694895910
2014/10/23,693729888
2014/10/24,714387775
2014/10/25,740308668
2014/10/26,778748474
2014/10/27,788421801
2014/10/28,860535425
2014/10/29,855907088
2014/10/30,855833518
2014/10/31,919235434
2014/11/01,1014235049
2014/11/02,1026855780
2014/11/03,1015652843
2014/11/04,988226096
2014/11/05,1062920840
2014/11/06,1098765320
2014/11/07,1143286702
2014/11/08,1185948418
2014/11/09,1184812966
2014/11/10,1147882830
2014/11/11,1342375644
2014/11/12,1464391308
2014/11/13,1519207926
2014/11/14,1517430733
2014/11/15,1512081322
2014/11/16,1495971382
2014/11/17,1313319485
2014/11/18,1313282335
2014/11/19,1314004627
2014/11/20,1369798507
2014/11/21,1406818113
2014/11/22,1505905371
2014/11/23,1418178032
2014/11/24,1319259510
2014/11/25,1407312492
2014/11/26,1408563229
2014/11/27,1397590066
2014/11/28,1395061258
2014/11/29,1464922319
2014/11/30,1310696451
2014/12/01,1252984630
2014/12/02,1330293694
2014/12/03,1859122397
2014/12/04,1833886587
2014/12/05,1851424491
2014/12/06,1863942123
2014/12/07,1862752766
2014/12/08,1637877021
2014/12/09,1602218113
2014/12/10,1601855216
2014/12/11,1575373024
2014/12/12,1564584615
2014/12/13,1649593002
2014/12/14,1652667463
2014/12/15,1665518367
2014/12/16,1848818145
2014/12/17,2221755189
2014/12/18,2338153224
2014/12/19,2367086902
2014/12/20,2382283669
2014/12/21,2385139843
2014/12/22,2066773158
2014/12/23,2052214821
2014/12/24,2228486469
2014/12/25,2765313206
2014/12/26,2994449630
2014/12/27,3138268058
2014/12/28,3304386888
2014/12/29,3250882080
2014/12/30,3343771853
2014/12/31,3426016781
2015/01/01,4184196218
2015/01/02,3748920013
2015/01/03,3729614810
2015/01/04,3808247870
2015/01/05,3837000904
2015/01/06,3833825033
2015/01/07,3823184202
2015/01/08,3916508592
2015/01/09,4090756653
2015/01/10,4225348542
2015/01/11,4225332018
2015/01/12,4218527966
2015/01/13,4782152981
2015/01/14,4829846084
2015/01/15,4766030133
2015/01/16,4375832748
2015/01/17,4210119839
2015/01/18,4097159964
2015/01/19,4167459789
2015/01/20,4574936335
2015/01/21,4576356421
2015/01/22,4593422103
2015/01/23,4583472755
2015/01/24,4196320731
2015/01/25,4375227413
2015/01/26,4819792987
2015/01/27,4605697903
2015/01/28,4665873346
2015/01/29,4756868651
2015/01/30,4546831582
2015/01/31,3560228382
2015/02/01,3354732016
2015/02/02,3293569211
2015/02/03,3050119869
2015/02/04,3177540894
2015/02/05,3249474346
2015/02/06,3630237133
2015/02/07,3846179798
2015/02/08,3846971810
2015/02/09,3812380903
2015/02/10,3806916968
2015/02/11,3804183826
2015/02/12,3518522164
2015/02/13,4028997451
2015/02/14,4005814240
2015/02/15,4319991525
2015/02/16,4372478874
2015/02/17,4461792200
2015/02/18,4439515555
2015/02/19,4331196731
2015/02/20,4329573230
2015/02/21,4339318869
2015/02/22,4330064361
2015/02/23,4371686926
2015/02/24,4258710905
2015/02/25,3744758959
2015/02/26,3730758949
2015/02/27,3452531998
2015/02/28,3370693849
2015/03/01,3260291176
2015/03/02,3165573462
2015/03/03,2976436021
2015/03/04,2799547927
2015/03/05,3062731717
2015/03/06,2861417935
2015/03/07,2570054113
2015/03/08,2034548341
2015/03/09,1676491583
2015/03/10,1675626031
2015/03/11,1633828404
2015/03/12,1744787589
2015/03/13,1668649261
2015/03/14,1664146923
2015/03/15,1428140212
2015/03/16,1450471198
2015/03/17,1294256634
2015/03/18,1297864669
2015/03/19,1339184823
2015/03/20,1297465203
2015/03/21,1161731588
2015/03/22,1154465203
2015/03/23,1162462024
2015/03/24,1480936462
2015/03/25,1717962465
2015/03/26,1685128262
2015/03/27,1918696861
2015/03/28,1975183919
2015/03/29,2015329709
2015/03/30,1945839598
2015/03/31,1948975484
2015/04/01,2145810772
2015/04/02,2156284342
2015/04/03,2164695949
2015/04/04,1979033117
2015/04/05,1979737782
2015/04/06,2204887193
2015/04/07,2160447685
2015/04/08,2230011503
2015/04/09,2305264206
2015/04/10,2304112709
2015/04/11,2128048863
2015/04/12,2130161738
2015/04/13,2151283073
2015/04/14,2102167234
2015/04/15,2160778148
2015/04/16,2165614154
2015/04/17,2196650494
2015/04/18,2057361893
2015/04/19,2051932352
2015/04/20,1995290588
2015/04/21,1996435008
2015/04/22,1969625510
2015/04/23,1813636259
2015/04/24,1906435763
2015/04/25,2035626438
2015/04/26,1733796087
2015/04/27,1658513171
2015/04/28,1583242828
2015/04/29,1849220818
2015/04/30,1880548296
2015/05/01,1894040794
2015/05/02,1884454514
2015/05/03,1989494254
2015/05/04,1897612736
2015/05/05,1885749116
2015/05/06,1794365200
2015/05/07,1804453119
2015/05/08,1679841091
2015/05/09,1637217185
2015/05/10,1636572070
2015/05/11,1636006762
2015/05/12,1608028191
2015/05/13,1667919878
2015/05/14,1782733792
2015/05/15,1712399998
2015/05/16,1684199702
2015/05/17,1876946092
2015/05/18,1867337760
2015/05/19,1954995810
2015/05/20,1955413354
2015/05/21,2067506638
2015/05/22,2079498839
2015/05/23,1994599971
2015/05/24,1648382326
2015/05/25,1558066935
2015/05/26,1572716591
2015/05/27,1576890616
2015/05/28,1684640978
2015/05/29,1376727038
2015/05/30,1555817415
2015/05/31,1454749857
2015/06/01,2006499944
2015/06/02,2032780924
2015/06/03,2141952753
2015/06/04,2145396410
2015/06/05,2077977437
2015/06/06,2561873480
2015/06/07,2642384373
2015/06/08,2659301466
2015/06/09,2656355067
2015/06/10,2888059951
2015/06/11,2971809149
2015/06/12,3017296940
2015/06/13,2880591655
2015/06/14,2813757215
2015/06/15,3083862709
2015/06/16,3399993768
2015/06/17,3507918921
2015/06/18,3583342812
2015/06/19,3719727268
2015/06/20,3342734584
2015/06/21,3319726097
2015/06/22,3991854231
2015/06/23,4065267730
2015/06/24,4191211454
2015/06/25,4440418501
2015/06/26,4471589206
2015/06/27,4513494614
2015/06/28,4534244994
2015/06/29,4549954360
2015/06/30,5062502193
2015/07/01,5913634874
2015/07/02,5919969780
2015/07/03,5946393915
2015/07/04,6091297994
2015/07/05,6055120905
2015/07/06,5098659824
2015/07/07,7555768259
2015/07/08,9220397341
2015/07/09,11049714500
2015/07/10,11683070513
2015/07/11,13401516709
2015/07/12,15488472743
2015/07/13,15785567648
2015/07/14,16137970461
2015/07/15,16495836479
2015/07/16,17165079294
2015/07/17,17522616645
2015/07/18,17550496707
2015/07/19,17599485649
2015/07/20,17609898979
2015/07/21,17218640997
2015/07/22,17624571966
2015/07/23,18497053432
2015/07/24,18612779856
2015/07/25,18670821324
2015/07/26,18509957303
2015/07/27,18321738776
2015/07/28,17469023848
2015/07/29,19408753804
2015/07/30,20571696919
2015/07/31,21383716702
2015/08/01,21417599332
2015/08/02,21442084027
2015/08/03,20616658761
2015/08/04,20764040755
2015/08/05,21348019911
2015/08/06,21506792224
2015/08/07,21638282877
2015/08/08,23420741755
2015/08/09,25217809168
2015/08/10,25143359176
2015/08/11,24898888851
2015/08/12,24374654501
2015/08/13,24117287374
2015/08/14,24260946205
2015/08/15,24324559713
2015/08/16,24539736888
2015/08/17,24381092172
2015/08/18,23990392343
2015/08/19,24143389386
2015/08/20,24536468986
2015/08/21,25178183312
2015/08/22,25366195755
2015/08/23,25107683003
2015/08/24,24341157223
2015/08/25,24142241903
2015/08/26,24701928925
2015/08/27,24739531843
2015/08/28,21170273748
2015/08/29,18983183277
2015/08/30,16665713564
2015/08/31,14287024688
2015/09/01,14258047356
2015/09/02,17095738336
2015/09/03,13412982687
2015/09/04,9642951406
2015/09/05,5634527902
2015/09/06,5497959819
2015/09/07,5346547099
2015/09/08,7311584435
2015/09/09,9905485571
2015/09/10,11744223727
2015/09/11,13482002978
2015/09/12,14635266465
2015/09/13,15240972307
2015/09/14,17053856691
2015/09/15,17850202413
2015/09/16,18524067268
2015/09/17,19640375325
2015/09/18,19272844685
2015/09/19,18904452713
2015/09/20,18089401076
2015/09/21,17402638243
2015/09/22,16918036440
2015/09/23,16943821199
2015/09/24,16937668052
2015/09/25,16536666915
2015/09/26,16542817774
2015/09/27,16316411589
2015/09/28,15064431302
2015/09/29,14240170567
2015/09/30,13960181708
2015/10/01,13923882128
2015/10/02,12557207892
2015/10/03,13254517666
2015/10/04,13046711640
2015/10/05,13229459330
2015/10/06,12620388970
2015/10/07,13035703449
2015/10/08,12762974090
2015/10/09,11791133778
2015/10/10,11278003912
2015/10/11,10500581866
2015/10/12,10051662957
2015/10/13,9821433590
2015/10/14,8371850595
2015/10/15,7410582886
2015/10/16,6734811487
2015/10/17,5802548701
2015/10/18,5759365075
2015/10/19,5681809332
2015/10/20,6550555679
2015/10/21,6405469388
2015/10/22,6369098653
2015/10/23,6238516909
2015/10/24,6178648420
2015/10/25,5820405003
2015/10/26,5615552031
2015/10/27,5315708130
2015/10/28,5385226245
2015/10/29,5253104228
2015/10/30,5246032603
2015/10/31,4976567153
2015/11/01,4963537204
2015/11/02,4281809043
2015/11/03,3575510388
2015/11/04,4303626966
2015/11/05,4974874972
2015/11/06,4809779959
2015/11/07,4691950783
2015/11/08,4718130689
2015/11/09,4688228706
2015/11/10,4662430010
2015/11/11,4764642384
2015/11/12,4843871949
2015/11/13,4992736984
2015/11/14,4983470338
2015/11/15,5184002947
2015/11/16,5250503334
2015/11/17,5205096110
2015/11/18,5088678160
2015/11/19,4690569289
2015/11/20,4837852483
2015/11/21,5160000703
2015/11/22,5714360092
2015/11/23,5742670100
2015/11/24,5753649454
2015/11/25,5496679238
2015/11/26,5512851219
2015/11/27,5716100257
2015/11/28,5706135625
2015/11/29,6049823119
2015/11/30,6395817216
2015/12/01,6370255283
2015/12/02,6511416766
2015/12/03,6261171907
2015/12/04,4700056035
2015/12/05,3751265581
2015/12/06,3457807260
2015/12/07,4001244337
2015/12/08,4094625812
2015/12/09,4484926766
2015/12/10,4458876259
2015/12/11,4578959085
2015/12/12,4988830443
2015/12/13,5191207698
2015/12/14,5224255319
2015/12/15,5028337342
2015/12/16,5136380247
2015/12/17,5327777139
2015/12/18,5336695080
2015/12/19,5439160328
2015/12/20,5150286493
2015/12/21,5402700613
2015/12/22,4951057708
2015/12/23,4701238709
2015/12/24,4657459288
2015/12/25,4837689392
2015/12/26,4801115436
2015/12/27,5884318775
2015/12/28,5720182852
2015/12/29,4665675190
2015/12/30,4817351680
2015/12/31,4873654325
2016/01/01,5445062364
2016/01/02,5496595179
2016/01/03,5610931573
2016/01/04,5674586079
2016/01/05,5663278352
2016/01/06,5571673049
2016/01/07,5792696712
2016/01/08,5703220927
2016/01/09,5437956404
2016/01/10,5766006541
2016/01/11,5651121857
2016/01/12,5489719463
2016/01/13,5599309072
2016/01/14,5922320398
2016/01/15,6703767492
2016/01/16,7094949628
2016/01/17,7596518013
2016/01/18,7618370485
2016/01/19,8211750558
2016/01/20,9320909078
2016/01/21,10235069375
2016/01/22,10184946218
2016/01/23,10087843094
2016/01/24,9684691093
2016/01/25,9524710710
2016/01/26,8391771066
2016/01/27,8632736815
2016/01/28,9169256142
2016/01/29,8744314781
2016/01/30,8651781481
2016/01/31,8047912133
2016/02/01,8072919613
2016/02/02,7996111216
2016/02/03,7474228241
2016/02/04,7429857072
2016/02/05,7467988283
2016/02/06,7707679495
2016/02/07,7337372480
2016/02/08,7750227868
2016/02/09,6694580223
2016/02/10,6654711567
2016/02/11,6474467060
2016/02/12,6721152397
2016/02/13,6891792518
2016/02/14,6831532537
2016/02/15,6895112484
2016/02/16,6920497644
2016/02/17,7067646520
2016/02/18,6959249513
2016/02/19,6205140206
2016/02/20,5544365123
2016/02/21,6282835700
2016/02/22,6996934681
2016/02/23,7687171204
2016/02/24,9000761818
2016/02/25,9177006611
2016/02/26,9218641511
2016/02/27,9120179452
2016/02/28,9173017969
2016/02/29,9408936172
2016/03/01,9128391683
2016/03/02,9859504397
2016/03/03,10706693611
2016/03/04,10314102672
2016/03/05,9960170900
2016/03/06,10111190804
2016/03/07,9341054491
2016/03/08,9442407989
2016/03/09,9361573739
2016/03/10,9460322438
2016/03/11,10164251700
2016/03/12,10823800289
2016/03/13,10623938558
2016/03/14,10106102603
2016/03/15,9797154327
2016/03/16,10079413581
2016/03/17,10084452502
2016/03/18,10087993855
2016/03/19,10168718341
2016/03/20,10464613163
2016/03/21,10455702025
2016/03/22,10212433196
2016/03/23,9613071600
2016/03/24,9061378929
2016/03/25,8269059975
2016/03/26,8393313429
2016/03/27,8577824531
2016/03/28,8576081466
2016/03/29,8935466753
2016/03/30,7660231295
2016/03/31,7005510561
2016/04/01,5893178281
2016/04/02,4622502002
2016/04/03,4399282334
2016/04/04,4199646084
2016/04/05,4105637380
2016/04/06,4104650901
2016/04/07,4200301870
2016/04/08,4149295381
2016/04/09,4273039435
2016/04/10,4741244759
2016/04/11,4365028005
2016/04/12,4748304428
2016/04/13,4740698562
2016/04/14,4667231202
2016/04/15,4804048590
2016/04/16,4824472431
2016/04/17,4894158581
2016/04/18,5216079358
2016/04/19,5133406557
2016/04/20,5110928328
2016/04/21,5115489162
2016/04/22,5141020912
2016/04/23,5216236935
2016/04/24,4885067515
2016/04/25,5221002094
2016/04/26,5030354743
2016/04/27,5454007079
2016/04/28,5939434531
2016/04/29,6072166061
2016/04/30,5768182808
2016/05/01,6228968562
2016/05/02,6125006321
2016/05/03,6159991888
2016/05/04,6021761785
2016/05/05,6073193870
2016/05/06,6137221986
2016/05/07,6422608709
2016/05/08,7247096535
2016/05/09,7227744138
2016/05/10,6104340263
2016/05/11,6247942610
2016/05/12,5998086070
2016/05/13,5977575620
2016/05/14,6109770411
2016/05/15,6069426851
2016/05/16,6729228779
2016/05/17,6842917024
2016/05/18,7074368277
2016/05/19,8296114205
2016/05/20,8131771878
2016/05/21,8547425692
2016/05/22,9495588554
2016/05/23,9562041968
2016/05/24,9707117188
2016/05/25,9680966763
2016/05/26,9702208477
2016/05/27,10368085692
2016/05/28,10128678644
2016/05/29,10358042072
2016/05/30,10825446774
2016/05/31,10306015963
2016/06/01,10370999755
2016/06/02,10423183685
2016/06/03,10259781943
2016/06/04,10067965543
2016/06/05,10795471639
2016/06/06,10330037016
2016/06/07,8702109436
2016/06/08,7767970456
2016/06/09,7803411165
2016/06/10,7809493293
2016/06/11,8195714430
2016/06/12,8148639654
2016/06/13,8522266346
2016/06/14,9138453045
2016/06/15,9203853524
2016/06/16,9764262833
2016/06/17,10070728756
2016/06/18,9541319880
2016/06/19,9800079671
2016/06/20,9652466492
2016/06/21,8408379182
2016/06/22,7741612700
2016/06/23,7971408218
2016/06/24,8301910323
2016/06/25,8361545944
2016/06/26,8112172077
2016/06/27,8170983178
2016/06/28,7582701495
2016/06/29,7595281351
2016/06/30,7567900079
2016/07/01,7744025960
2016/07/02,8264815220
2016/07/03,9580450638
2016/07/04,9708043126
2016/07/05,8403985552
2016/07/06,8016442887
2016/07/07,8011779965
2016/07/08,8049615924
2016/07/09,8573648858
2016/07/10,10243287886
2016/07/11,9835535688
2016/07/12,9855162723
2016/07/13,9460462184
2016/07/14,8675029886
2016/07/15,8194816204
2016/07/16,7606864859
2016/07/17,7047483134
2016/07/18,6834293204
2016/07/19,6951861362
2016/07/20,6961471816
2016/07/21,6385388272
2016/07/22,5690519446
2016/07/23,5074711309
2016/07/24,4098024876
2016/07/25,4737337345
2016/07/26,5470564168
2016/07/27,6146815146
2016/07/28,6407737634
2016/07/29,6434388760
2016/07/30,6652873093
2016/07/31,6596412995
2016/08/01,6286597045
2016/08/02,5266962410
2016/08/03,5131608599
2016/08/04,5142949672
2016/08/05,5491107825
2016/08/06,6543673446
2016/08/07,6559644174
2016/08/08,5967147201
2016/08/09,4543507278
2016/08/10,4551008153
2016/08/11,4578194531
2016/08/12,4580011806
2016/08/13,5293310678
2016/08/14,6219307611
2016/08/15,5752830315
2016/08/16,5786109099
2016/08/17,6364797713
2016/08/18,6320864730
2016/08/19,6333223281
2016/08/20,6680074620
2016/08/21,7860874075
2016/08/22,7861225923
2016/08/23,7872727571
2016/08/24,7571167155
2016/08/25,7221733451
2016/08/26,6782907417
2016/08/27,6940195685
2016/08/28,7958763688
2016/08/29,7725122812
2016/08/30,7719225818
2016/08/31,7778459807
2016/09/01,7729413369
2016/09/02,7821023710
2016/09/03,7823610894
2016/09/04,8931209540
2016/09/05,8421660362
2016/09/06,8635949991
2016/09/07,8559969518
2016/09/08,8282140634
2016/09/09,8223551212
2016/09/10,8589337993
2016/09/11,9636816414
2016/09/12,9480879915
2016/09/13,8903170825
2016/09/14,8861628006
2016/09/15,8117947148
2016/09/16,6971712378
2016/09/17,6923622086
2016/09/18,7097849028
2016/09/19,7231887799
2016/09/20,6516655325
2016/09/21,6596040119
2016/09/22,6446448673
2016/09/23,6508763894
2016/09/24,6611899397
2016/09/25,7387701968
2016/09/26,7285984129
2016/09/27,6614788181
2016/09/28,6539516377
2016/09/29,6719510742
2016/09/30,6768024250
2016/10/01,6511669257
2016/10/02,6526479524
2016/10/03,6941835092
2016/10/04,6038465251
2016/10/05,5581517166
2016/10/06,5344871721
2016/10/07,5657723845
2016/10/08,5552504037
2016/10/09,5614539443
2016/10/10,5563749670
2016/10/11,5392330755
2016/10/12,5439889291
2016/10/13,6032712716
2016/10/14,6215564171
2016/10/15,6182761658
2016/10/16,6201562408
2016/10/17,6840526119
2016/10/18,6481607255
2016/10/19,6433774997
2016/10/20,7498488235
2016/10/21,7225240360
2016/10/22,7170488995
2016/10/23,7175642420
2016/10/24,6380594201
2016/10/25,4845880360
2016/10/26,5441307330
2016/10/27,5942655487
2016/10/28,5850507010
2016/10/29,5995813941
2016/10/30,7440691348
2016/10/31,6964134076
2016/11/01,6511611450
2016/11/02,6627446179
2016/11/03,6620346893
2016/11/04,6943879958
2016/11/05,7027195451
2016/11/06,7425335587
2016/11/07,7269241049
2016/11/08,6367096304
2016/11/09,6419805841
2016/11/10,6310653803
2016/11/11,6577804448
2016/11/12,6978206532
2016/11/13,7092950095
2016/11/14,7064929533
2016/11/15,6873728196
2016/11/16,6647406214
2016/11/17,6781311227
2016/11/18,7050174772
2016/11/19,6406507716
2016/11/20,6475315828
2016/11/21,6619108754
2016/11/22,6944187185
2016/11/23,7239835427
2016/11/24,7289885409
2016/11/25,7063115413
2016/11/26,6820833164
2016/11/27,6810700308
2016/11/28,6713252162
2016/11/29,4988764090
2016/11/30,4965248748
2016/12/01,4995778320
2016/12/02,5339298975
2016/12/03,5292021655
2016/12/04,5054382809
2016/12/05,4856659574
2016/12/06,4407643669
2016/12/07,4406663424
2016/12/08,4429295993
2016/12/09,4509849089
2016/12/10,4319481092
2016/12/11,5087907638
2016/12/12,4294355946
2016/12/13,4043018303
2016/12/14,3733987617
2016/12/15,3827188800
2016/12/16,3632040758
2016/12/17,3846479529
2016/12/18,3836095486
2016/12/19,3791797856
2016/12/20,3971592735
2016/12/21,4095121741
2016/12/22,3988989325
2016/12/23,3893752463
2016/12/24,3835153741
2016/12/25,5647186243
2016/12/26,5533522054
2016/12/27,5417136335
2016/12/28,5395958659
2016/12/29,5492728271
2016/12/30,5462425526
2016/12/31,5633118135
2017/01/01,6276571473
2017/01/02,6465064203
2017/01/03,6502048703
2017/01/04,6924030332
2017/01/05,7064440105
2017/01/06,7445032498
2017/01/07,7787766308
2017/01/08,7876648174
2017/01/09,7927066400
2017/01/10,6768763509
2017/01/11,6558678882
2017/01/12,6633510742
2017/01/13,6718623268
2017/01/14,7261322982
2017/01/15,8364767662
2017/01/16,8699419809
2017/01/17,8720019800
2017/01/18,8676565029
2017/01/19,8388030961
2017/01/20,8728636984
2017/01/21,9484281304
2017/01/22,10449547109
2017/01/23,10576259849
2017/01/24,9667287454
2017/01/25,10207961079
2017/01/26,10754308633
2017/01/27,10780777647
2017/01/28,10593981342
2017/01/29,10591588941
2017/01/30,10732114841
2017/01/31,9976950874
2017/02/01,10065752210
2017/02/02,10081881269
2017/02/03,9979160968
2017/02/04,9783501076
2017/02/05,9615449634
2017/02/06,9557425840
2017/02/07,9565547779
2017/02/08,9723201248
2017/02/09,9704193799
2017/02/10,9894144642
2017/02/11,9871837119
2017/02/12,9804709159
2017/02/13,9081589927
2017/02/14,7466624687
2017/02/15,6802246510
2017/02/16,6943735409
2017/02/17,7047438912
2017/02/18,6911413954
2017/02/19,5615406226
2017/02/20,3801898841
2017/02/21,1521754623
2017/02/22,1525219102
2017/02/23,1504423317
2017/02/24,1463419882
2017/02/25,1395755535
2017/02/26,1042042187
2017/02/27,888414831
2017/02/28,656613973
2017/03/01,683405848
2017/03/02,681612826
2017/03/03,716465219
2017/03/04,703453526
2017/03/05,722601199
2017/03/06,726492245
2017/03/07,739368713
2017/03/08,739730544
2017/03/09,778762515
2017/03/10,817948336
2017/03/11,868565584
2017/03/12,866223403
2017/03/13,884118562
2017/03/14,622187707
2017/03/15,540742892
2017/03/16,331663852
2017/03/17,325668614
2017/03/18,350840234
2017/03/19,558365341
2017/03/20,561234051
2017/03/21,521849338
2017/03/22,516411979
2017/03/23,503297818
2017/03/24,825359219
2017/03/25,847742835
2017/03/26,3578374113
2017/03/27,3672147041
2017/03/28,3666123231
2017/03/29,3670787111
2017/03/30,3667620595
2017/03/31,3651228714
2017/04/01,3654977096
2017/04/02,4183534530
2017/04/03,4308717387
2017/04/04,4296778066
2017/04/05,4298422575
2017/04/06,4303927771
2017/04/07,4300144330
2017/04/08,4258743034
2017/04/09,4202653957
2017/04/10,4127724203
2017/04/11,4131171186
2017/04/12,4130348838
2017/04/13,4148089882
2017/04/14,4182758185
2017/04/15,4193524300
2017/04/16,4104895255
2017/04/17,4108071291
2017/04/18,4022662363
2017/04/19,4039959324
2017/04/20,4021139299
2017/04/21,4006161422
2017/04/22,4020193649
2017/04/23,3837839647
2017/04/24,3846851891
2017/04/25,1313107974
2017/04/26,1215996524
2017/04/27,1193325834
2017/04/28,1235640188
2017/04/29,1240811866
2017/04/30,1246427148
2017/05/01,1255411597
2017/05/02,634933078
2017/05/03,403334965
2017/05/04,400546742
2017/05/05,402064948
2017/05/06,399044447
2017/05/07,395785017
2017/05/08,394013568
2017/05/09,346775289
2017/05/10,259087304
2017/05/11,259975990
2017/05/12,262511054
2017/05/13,268632932
2017/05/14,246524957
2017/05/15,227839128
2017/05/16,173266573
2017/05/17,127037089
2017/05/18,119408563
2017/05/19,113744179
2017/05/20,113855672
2017/05/21,125564165
2017/05/22,126060996
2017/05/23,108737431
2017/05/24,106077890
2017/05/25,105331656
2017/05/26,111541196
2017/05/27,122546669
2017/05/28,104319447
2017/05/29,105264786
2017/05/30,107298275
2017/05/31,107096425
2017/06/01,106072154
2017/06/02,91814635
2017/06/03,94177385
2017/06/04,92454754
2017/06/05,92746092
2017/06/06,98895180
2017/06/07,107738996
2017/06/08,102827718
2017/06/09,95898318
2017/06/10,92046103
2017/06/11,107126148
2017/06/12,95802053
2017/06/13,95932358
2017/06/14,96397492
2017/06/15,108177162
2017/06/16,108710006
2017/06/17,111738564
2017/06/18,161877902
2017/06/19,163599895
2017/06/20,159303289
2017/06/21,159041212
2017/06/22,168264091
2017/06/23,191130370
2017/06/24,211633230
2017/06/25,274798769
2017/06/26,270232649
2017/06/27,278737503
2017/06/28,278089833
2017/06/29,277518591
2017/06/30,285702709
2017/07/01,541388827
2017/07/02,1686490736
2017/07/03,2359842855
2017/07/04,2448863619
2017/07/05,2507490680
2017/07/06,2458803297
2017/07/07,2405420242
2017/07/08,2648908669
2017/07/09,3845008594
2017/07/10,4984290017
2017/07/11,5028323000
2017/07/12,5044293170
2017/07/13,5106483951
2017/07/14,5041644858
2017/07/15,4957141148
2017/07/16,5003412633
2017/07/17,4863266531
2017/07/18,4916203680
2017/07/19,4759417644
2017/07/20,4672955480
2017/07/21,4642825846
2017/07/22,4421445866
2017/07/23,5975975931
2017/07/24,5888985268
2017/07/25,5903446401
2017/07/26,5797741879
2017/07/27,5529419297
2017/07/28,5341258339
2017/07/29,5164919589
2017/07/30,5206116916
2017/07/31,5261449545
2017/08/01,5743739969
2017/08/02,5582160656
2017/08/03,5588637307
2017/08/04,5618514616
2017/08/05,5450292580
2017/08/06,5647590015
2017/08/07,5766306733
2017/08/08,5443200980
2017/08/09,4856480173
2017/08/10,5086801549
2017/08/11,5221599005
2017/08/12,5332672763
2017/08/13,5521343818
2017/08/14,5447237862
2017/08/15,5420120592
2017/08/16,5481176494
2017/08/17,5551882689
2017/08/18,5600164795
2017/08/19,5679981475
2017/08/20,5626721396
2017/08/21,5743623035
2017/08/22,4024988672
2017/08/23,4092741866
2017/08/24,4094163626
2017/08/25,4048982901
2017/08/26,4195711049
2017/08/27,4290856034
2017/08/28,4216425639
2017/08/29,3744584462
2017/08/30,3775286067
2017/08/31,2110688849
2017/09/01,1912429670
2017/09/02,2414609303
2017/09/03,3613555956
2017/09/04,3477469001
2017/09/05,3803548739
2017/09/06,3893041425
2017/09/07,4538989260
2017/09/08,4579845919
2017/09/09,6085146965
2017/09/10,6830100587
2017/09/11,7100532745
2017/09/12,8530081158
2017/09/13,9874073971
2017/09/14,10131647972
2017/09/15,10106327751
2017/09/16,11158205375
2017/09/17,14064188213
2017/09/18,13762611290
2017/09/19,13596658191
2017/09/20,13293116928
2017/09/21,13076498341
2017/09/22,12651324073
2017/09/23,14278947478
2017/09/24,15264097578
2017/09/25,14411888137
2017/09/26,13869561262
2017/09/27,13013128864
2017/09/28,11905834916
2017/09/29,10913057103
2017/09/30,9941250698
2017/10/01,9169971116
2017/10/02,10003971556
2017/10/03,10004785051
2017/10/04,9499126930
2017/10/05,10356448840
2017/10/06,10218155777
2017/10/07,10219576819
2017/10/08,10054231014
2017/10/09,9986569249
2017/10/10,10285087256
2017/10/11,10967326950
2017/10/12,10850337348
2017/10/13,10920992812
2017/10/14,11331067333
2017/10/15,11330557074
2017/10/16,10614562180
2017/10/17,8233153350
2017/10/18,8345853263
2017/10/19,8234533883
2017/10/20,8139701764
2017/10/21,8006136330
2017/10/22,7998581761
2017/10/23,5785640543
2017/10/24,4205481481
2017/10/25,4259914820
2017/10/26,5243716538
2017/10/27,5387239716
2017/10/28,5431065910
2017/10/29,5303294920
2017/10/30,4851039278
2017/10/31,5047767677
2017/11/01,5095439236
2017/11/02,5068612775
2017/11/03,4738717022
2017/11/04,4702276772
2017/11/05,4739719826
2017/11/06,4359226999
2017/11/07,3083749951
2017/11/08,2992312823
2017/11/09,2988500634
2017/11/10,2999351815
2017/11/11,3016260772
2017/11/12,3033884690
2017/11/13,3054980814
2017/11/14,2723610733
2017/11/15,2453234447
2017/11/16,2405677155
2017/11/17,2406292840
2017/11/18,2393031059
2017/11/19,2344040895
2017/11/20,2337412879
2017/11/21,2337531964
2017/11/22,2285709060
2017/11/23,2276763318
2017/11/24,2252923304
2017/11/25,55909956
2017/11/26,55299887
2017/11/27,54669800
2017/11/28,53515391
2017/11/29,53357321
2017/11/30,52753683
2017/12/01,56985996
2017/12/02,55932299
2017/12/03,59503962
2017/12/04,66090379
2017/12/05,66166303
2017/12/06,66357257
2017/12/07,66201126
2017/12/08,64698378
2017/12/09,63406316
2017/12/10,65144824
2017/12/11,65307091
2017/12/12,66291728
2017/12/13,73893246
2017/12/14,66022763
2017/12/15,66778085
2017/12/16,54688020
2017/12/17,53817900
2017/12/18,52842317
2017/12/19,52993300
2017/12/20,40583621
2017/12/21,45005626
2017/12/22,48422255
2017/12/23,51087528
2017/12/24,49514944
2017/12/25,49710942
2017/12/26,46353653
2017/12/27,46616037
2017/12/28,45822057
2017/12/29,46363680
2017/12/30,48930952
2017/12/31,50216859
2018/01/01,48887101
2018/01/02,48760795
2018/01/03,49235958
2018/01/04,49991768
2018/01/05,50354169
2018/01/06,34596972
2018/01/07,33560720
2018/01/08,40166642
2018/01/09,40220308
2018/01/10,40234191
2018/01/11,45031963
2018/01/12,45489616
2018/01/13,60402302
2018/01/14,60696401
2018/01/15,60487731
2018/01/16,61049679
2018/01/17,62785326
2018/01/18,63041308
2018/01/19,62209513
2018/01/20,70274854
2018/01/21,78671894
2018/01/22,75077469
2018/01/23,73293683
2018/01/24,72572558
2018/01/25,76690013
2018/01/26,75697555
2018/01/27,96106788
2018/01/28,119035270
2018/01/29,164845888
2018/01/30,285408450
2018/01/31,291726240
2018/02/01,289041941
2018/02/02,289118882
2018/02/03,331860469
2018/02/04,458248009
2018/02/05,538545956
2018/02/06,524760785
2018/02/07,524569497
2018/02/08,509695923
2018/02/09,496806387
2018/02/10,494223487
2018/02/11,460991298
2018/02/12,461984395
2018/02/13,440458574
2018/02/14,424236050
2018/02/15,411957487
2018/02/16,474559205
2018/02/17,483807963
2018/02/18,479803428
2018/02/19,477686874
2018/02/20,489357524
2018/02/21,483628232
2018/02/22,716379465
2018/02/23,675399262
2018/02/24,700444791
2018/02/25,2993018055
2018/02/26,2983290891
2018/02/27,2973698099
2018/02/28,2972250547
2018/03/01,2962394659
2018/03/02,3867601982
2018/03/03,3799260780
2018/03/04,3766174188
2018/03/05,3765522140
2018/03/06,3757776342
2018/03/07,3754185106
2018/03/08,3664260711
2018/03/09,3616741151
2018/03/10,3567797335
2018/03/11,3481393338
2018/03/12,3568052373
2018/03/13,3803572539
2018/03/14,5763222807
2018/03/15,7233059443
2018/03/16,9793782339
2018/03/17,15464105057
2018/03/18,17312972049
2018/03/19,19460242714
2018/03/20,19894674888
2018/03/21,21219951398
2018/03/22,21224590765
2018/03/23,21208481157
2018/03/24,24108173364
2018/03/25,26396934727
2018/03/26,25729772082
2018/03/27,25981969659
2018/03/28,25754962409
2018/03/29,25599419474
2018/03/30,25575374221
2018/03/31,24939982398
2018/04/01,28295534400
2018/04/02,28222165436
2018/04/03,26725807623
2018/04/04,24913230309
2018/04/05,22828922176
2018/04/06,20535532564
2018/04/07,18707277854
2018/04/08,17923765928
2018/04/09,14843401177
2018/04/10,11204194504
2018/04/11,9053900049
2018/04/12,7740045914
2018/04/13,7584130052
2018/04/14,7777731585
2018/04/15,8568288130
2018/04/16,8798846467
2018/04/17,8827961280
2018/04/18,8840798708
2018/04/19,8673267251
2018/04/20,8980909248
2018/04/21,8693820010
2018/04/22,8769300152
2018/04/23,8608104910
2018/04/24,9802442558
2018/04/25,12702275209
2018/04/26,13291617489
2018/04/27,14735258860
2018/04/28,15023422178
2018/04/29,15043509701
2018/04/30,14933500983
2018/05/01,13102574330
2018/05/02,12562336142
2018/05/03,12773157097
2018/05/04,13855622762
2018/05/05,13536339689
2018/05/06,13433996633
2018/05/07,12574825441
2018/05/08,10204193436
2018/05/09,10199170990
2018/05/10,10050347880
2018/05/11,10374138480
2018/05/12,11121714117
2018/05/13,12246625165
2018/05/14,12349559265
2018/05/15,12252211569
2018/05/16,12854359464
2018/05/17,12927600358
2018/05/18,12598605642
2018/05/19,13053808795
2018/05/20,14397366491
2018/05/21,14400290168
2018/05/22,13322775630
2018/05/23,13371021850
2018/05/24,12762199298
2018/05/25,11451107152
2018/05/26,12963209103
2018/05/27,13852693084
2018/05/28,13529397125
2018/05/29,13405170320
2018/05/30,13710032469
2018/05/31,13724483417
2018/06/01,13446691752
2018/06/02,13197342781
2018/06/03,11678170633
2018/06/04,15400559109
2018/06/05,15858306708
2018/06/06,17368598055
2018/06/07,20000103006
2018/06/08,20595283830
2018/06/09,20970614710
2018/06/10,19299053338
2018/06/11,19061011793
2018/06/12,20520677819
2018/06/13,20706021129
2018/06/14,20771774654
2018/06/15,20270691882
2018/06/16,21961514632
2018/06/17,23305011243
2018/06/18,23066905195
2018/06/19,22901650813
2018/06/20,26147091365
2018/06/21,26654147614
2018/06/22,26643040389
2018/06/23,27793462271
2018/06/24,29178651449
2018/06/25,28313478925
2018/06/26,28555246354
2018/06/27,30752923770
2018/06/28,31081120896
2018/06/29,30545534736
2018/06/30,31128546561
2018/07/01,31137491839
2018/07/02,30875559331
2018/07/03,32933056446
2018/07/04,31223811169
2018/07/05,31245297493
2018/07/06,30766978685
2018/07/07,29993424957
2018/07/08,30640767836
2018/07/09,32144762526
2018/07/10,32741397817
2018/07/11,33635327217
2018/07/12,33517701326
2018/07/13,34559779486
2018/07/14,35662810410
2018/07/15,35733912830
2018/07/16,32561211015
2018/07/17,29430021420
2018/07/18,28991807721
2018/07/19,29461462216
2018/07/20,27909517916
2018/07/21,26976176162
2018/07/22,30747787728
2018/07/23,28353111961
2018/07/24,24767293489
2018/07/25,24834451342
2018/07/26,23641483607
2018/07/27,22116775679
2018/07/28,21833740558
2018/07/29,24168859876
2018/07/30,23527229667
2018/07/31,23224594762
2018/08/01,23185307830
2018/08/02,21433699030
2018/08/03,21223621180
2018/08/04,22918260989
2018/08/05,23917902169
2018/08/06,22381124686
2018/08/07,21249751782
2018/08/08,19926504733
2018/08/09,19507290959
2018/08/10,18819562933
2018/08/11,18722258990
2018/08/12,18573683148
2018/08/13,16919966272
2018/08/14,17619394475
2018/08/15,17435085272
2018/08/16,17382593907
2018/08/17,15404117097
2018/08/18,16340697724
2018/08/19,17096007217
2018/08/20,16956549593
2018/08/21,14437362978
2018/08/22,14359796655
2018/08/23,14025626219
2018/08/24,13021099556
2018/08/25,13052923818
2018/08/26,13565232510
2018/08/27,13639369674
2018/08/28,12481233095
2018/08/29,12403566774
2018/08/30,11734144737
2018/08/31,10359578723
2018/09/01,10337672608
2018/09/02,10602971656
2018/09/03,9887412441
2018/09/04,9672251450
2018/09/05,8974527562
2018/09/06,7856251851
2018/09/07,8067763295
2018/09/08,8186790741
2018/09/09,8697068252
2018/09/10,8513111910
2018/09/11,8343812706
2018/09/12,8132224202
2018/09/13,7043725271
2018/09/14,7804958828
2018/09/15,7795462338
2018/09/16,8330407337
2018/09/17,7743368217
2018/09/18,7184628326
2018/09/19,7192401188
2018/09/20,7156453857
2018/09/21,7715842611
2018/09/22,7828766004
2018/09/23,8439300308
2018/09/24,8402383931
2018/09/25,7339653341
2018/09/26,7192567745
2018/09/27,7070472355
2018/09/28,6891484584
2018/09/29,7266550274
2018/09/30,8019084107
2018/10/01,8001476093
2018/10/02,8227351125
2018/10/03,8204630430
2018/10/04,7805343207
2018/10/05,7495839021
2018/10/06,7490405067
2018/10/07,7403087683
2018/10/08,7496601899
2018/10/09,7093910576
2018/10/10,7033447272
2018/10/11,6717261116
2018/10/12,7214167465
2018/10/13,7229181212
2018/10/14,6836872203
2018/10/15,6960974868
2018/10/16,6669532428
2018/10/17,7317733333
2018/10/18,7554446756
2018/10/19,7829625006
2018/10/20,7744754814
2018/10/21,7420163442
2018/10/22,7014503277
2018/10/23,5998005637
2018/10/24,6969902401
2018/10/25,6832211589
2018/10/26,7028149512
2018/10/27,6980822614
2018/10/28,6954351872
2018/10/29,6028518255
2018/10/30,4283713832
2018/10/31,4030084782
2018/11/01,3894992607
2018/11/02,4086939242
2018/11/03,3759705281
2018/11/04,3848999706
2018/11/05,3952004765
2018/11/06,3414696432
2018/11/07,3754882148
2018/11/08,4249299166
2018/11/09,4480242652
2018/11/10,4425846554
2018/11/11,4472432126
2018/11/12,4119644129
2018/11/13,4261070491
2018/11/14,4326879046
2018/11/15,4966201227
2018/11/16,5184705900
2018/11/17,5339420020
2018/11/18,5355192540
2018/11/19,5160764108
2018/11/20,5051416997
2018/11/21,5373776986
2018/11/22,5550228526
2018/11/23,5555532301
2018/11/24,5612734742
2018/11/25,5606781147
2018/11/26,5647215234
2018/11/27,4955627293
2018/11/28,4958330465
2018/11/29,5050184041
2018/11/30,4941762539
2018/12/01,4690291303
2018/12/02,4737598713
2018/12/03,3802507653
2018/12/04,3743573976
2018/12/05,3730972852
2018/12/06,3728147209
2018/12/07,3928173532
2018/12/08,4149397067
2018/12/09,4380277523
2018/12/10,4005590916
2018/12/11,3346074695
2018/12/12,3352924741
2018/12/13,3370010221
2018/12/14,3449971738
2018/12/15,3744003206
2018/12/16,3826486958
2018/12/17,3430395835
2018/12/18,3203532871
2018/12/19,3199784324
2018/12/20,3108900489
2018/12/21,2878133543
2018/12/22,4014298715
2018/12/23,5520531701
2018/12/24,5592594540
2018/12/25,6169541909
2018/12/26,6038614019
2018/12/27,6288716078
2018/12/28,6245211940
2018/12/29,5734809081
2018/12/30,5941258100
2018/12/31,6022862661
2019/01/01,6400282684
2019/01/02,6196859480
2019/01/03,6126550522
2019/01/04,6050747400
2019/01/05,6176271798
2019/01/06,5513204456
2019/01/07,5515818856
2019/01/08,5656385257
2019/01/09,5275592779
2019/01/10,5030175131
2019/01/11,4474647105
2019/01/12,4231424043
2019/01/13,4142591000
2019/01/14,4179105625
2019/01/15,4358410048
2019/01/16,4909355556
2019/01/17,4967526368
2019/01/18,4756678697
2019/01/19,4102619499
2019/01/20,4052898064
2019/01/21,3798189227
2019/01/22,3481781438
2019/01/23,3527754865
2019/01/24,3479290552
2019/01/25,3522092767
2019/01/26,3493810535
2019/01/27,3556117219
2019/01/28,3614689357
2019/01/29,3296221127
2019/01/30,3562264282
2019/01/31,3416930296
2019/02/01,3486484860
2019/02/02,3496919673
2019/02/03,3503930078
2019/02/04,3207932029
2019/02/05,2935489351
2019/02/06,3017837333
2019/02/07,2841299614
2019/02/08,2668413409
2019/02/09,2746009122
2019/02/10,2815875528
2019/02/11,2668896816
2019/02/12,2966533410
2019/02/13,3246721341
2019/02/14,3483287693
2019/02/15,3285659337
2019/02/16,3140169855
2019/02/17,3280266429
2019/02/18,3335918144
2019/02/19,2741355659
2019/02/20,3183934284
2019/02/21,3643306921
2019/02/22,3670505462
2019/02/23,3426332487
2019/02/24,3434413216
2019/02/25,3394714258
2019/02/26,3022714710
2019/02/27,3099719880
2019/02/28,3239514390
2019/03/01,3208276137
2019/03/02,3470364251
2019/03/03,3463069622
2019/03/04,3397567713
2019/03/05,3348922020
2019/03/06,3342157527
2019/03/07,3532656814
2019/03/08,3738196698
2019/03/09,4307326638
2019/03/10,5735425119
2019/03/11,5481842987
2019/03/12,5364956642
2019/03/13,5382098079
2019/03/14,5141543698
2019/03/15,5139971631
2019/03/16,6456157246
2019/03/17,8168925948
2019/03/18,8433454381
2019/03/19,8590372848
2019/03/20,8724077206
2019/03/21,8639619799
2019/03/22,8224398887
2019/03/23,8238656011
2019/03/24,9343331288
2019/03/25,9386469654
2019/03/26,10282393665
2019/03/27,10834400170
2019/03/28,11624739916
2019/03/29,12199276292
2019/03/30,12863003432
2019/03/31,13863860490
2019/04/01,14174075441
2019/04/02,15026963992
2019/04/03,15773837972
2019/04/04,16377423750
2019/04/05,16965704046
2019/04/06,17632981093
2019/04/07,17823639448
2019/04/08,17782066292
2019/04/09,16726589009
2019/04/10,17156895624
2019/04/11,17400841950
2019/04/12,17577631794
2019/04/13,17548880755
2019/04/14,17448702829
2019/04/15,15478997715
2019/04/16,12697379386
2019/04/17,11831253418
2019/04/18,10756831573
2019/04/19,9768815777
2019/04/20,9263805632
2019/04/21,7870615531
2019/04/22,5082189034
2019/04/23,838835273
2019/04/24,294218822
2019/04/25,302203487
2019/04/26,302678411
2019/04/27,310418872
2019/04/28,915048502
2019/04/29,961595939
2019/04/30,931851695
2019/05/01,932168638
2019/05/02,989912960
2019/05/03,980274632
2019/05/04,985290608
2019/05/05,1020436551
2019/05/06,1011043932
2019/05/07,986310199
2019/05/08,975844157
2019/05/09,973427088
2019/05/10,964004705
2019/05/11,957236664
2019/05/12,957834189
2019/05/13,930953047
2019/05/14,931424974
2019/05/15,928530304
2019/05/16,930807923
2019/05/17,935072500
2019/05/18,909638200
2019/05/19,918103555
2019/05/20,937944127
2019/05/21,934823180
2019/05/22,911237467
2019/05/23,912435488
2019/05/24,898072887
2019/05/25,871218688
2019/05/26,1175470888
2019/05/27,1137506403
2019/05/28,655451279
2019/05/29,625033804
2019/05/30,656700362
2019/05/31,650899471
2019/06/01,601760611
2019/06/02,599549985
2019/06/03,599511693
2019/06/04,567200260
2019/06/05,561429660
2019/06/06,587931492
2019/06/07,643782304
2019/06/08,688994878
2019/06/09,1515488447
2019/06/10,1511611126
2019/06/11,1513132679
2019/06/12,1533582190
2019/06/13,1554455571
2019/06/14,1528224649
2019/06/15,1527098441
2019/06/16,1497917568
2019/06/17,1498292181
2019/06/18,1527028028
2019/06/19,1525188064
2019/06/20,1494978292
2019/06/21,1517274215
2019/06/22,1528897943
2019/06/23,1527594314
2019/06/24,1526036273
2019/06/25,1280662109
2019/06/26,1318549603
2019/06/27,1348415788
2019/06/28,1365147379
2019/06/29,1395944160
2019/06/30,1825531481
2019/07/01,1784656818
2019/07/02,1823200293
2019/07/03,1823296759
2019/07/04,1795057126
2019/07/05,2055411774
2019/07/06,3080795330
2019/07/07,3636292429
2019/07/08,3715873422
2019/07/09,3077189133
2019/07/10,3085668180
2019/07/11,3064625227
2019/07/12,3067858675
2019/07/13,3191297711
2019/07/14,3834865390
2019/07/15,3765390478
2019/07/16,3794380385
2019/07/17,3749215051
2019/07/18,3748680006
2019/07/19,3836772218
2019/07/20,3869451845
2019/07/21,4666698895
2019/07/22,4790897904
2019/07/23,4748973266
2019/07/24,4788100688
2019/07/25,4695159680
2019/07/26,4906648673
2019/07/27,5620584770
2019/07/28,7694008421
2019/07/29,7913194439
2019/07/30,7886807758
2019/07/31,7820192558
2019/08/01,7423759958
2019/08/02,7205619858
2019/08/03,7632599555
2019/08/04,8456246448
2019/08/05,8478833477
2019/08/06,8496876871
2019/08/07,8767436936
2019/08/08,8978859447
2019/08/09,8662148599
2019/08/10,8587054627
2019/08/11,9108747469
2019/08/12,9098216623
2019/08/13,9329793636
2019/08/14,9227334041
2019/08/15,9152172848
2019/08/16,9043746198
2019/08/17,8422337105
2019/08/18,7790328347
2019/08/19,7760861532
2019/08/20,7594323310
2019/08/21,7860177582
2019/08/22,8214497805
2019/08/23,8243112781
2019/08/24,8314399718
2019/08/25,8846568115
2019/08/26,8639958548
2019/08/27,7059543174
2019/08/28,6904344982
2019/08/29,6901894624
2019/08/30,6889280309
2019/08/31,7101364983
2019/09/01,7488674317
2019/09/02,7055823074
2019/09/03,6315562354
2019/09/04,6277290834
2019/09/05,6124096432
2019/09/06,5748737554
2019/09/07,5485124324
2019/09/08,7400488068
2019/09/09,7239947462
2019/09/10,6711999214
2019/09/11,7107560336
2019/09/12,6660270524
2019/09/13,6431388297
2019/09/14,6751818813
2019/09/15,7067668914
2019/09/16,7084743721
2019/09/17,7334325990
2019/09/18,7314752247
2019/09/19,7269215224
2019/09/20,6835806761
2019/09/21,6599411842
2019/09/22,7097868269
2019/09/23,7741675520
2019/09/24,7597560573
2019/09/25,7262207003
2019/09/26,6834817577
2019/09/27,6840153881
2019/09/28,7226584508
2019/09/29,7483232526
2019/09/30,7621288720
2019/10/01,7612052721
2019/10/02,7507567848
2019/10/03,7368618199
2019/10/04,6635777832
2019/10/05,6971601848
2019/10/06,7365182508
2019/10/07,7347827130
2019/10/08,6069289765
2019/10/09,5966417289
2019/10/10,5899981232
2019/10/11,5753083202
2019/10/12,5778720973
2019/10/13,6279437935
2019/10/14,6194614184
2019/10/15,6030302382
2019/10/16,6056799619
2019/10/17,5622148803
2019/10/18,5678728893
2019/10/19,5565244166
2019/10/20,5913352937
2019/10/21,5660382236
2019/10/22,5167021230
2019/10/23,4278040503
2019/10/24,4071216763
2019/10/25,4585524947
2019/10/26,5436204748
2019/10/27,5668187856
2019/10/28,6045978460
2019/10/29,6072026675
2019/10/30,6079436820
2019/10/31,6067079618
2019/11/01,6888636735
2019/11/02,6893287301
2019/11/03,6918086277
2019/11/04,6588860963
2019/11/05,5728232808
2019/11/06,6316409297
2019/11/07,6392917078
2019/11/08,6538347633
2019/11/09,6328378483
2019/11/10,6982148385
2019/11/11,6831191512
2019/11/12,5690022043
2019/11/13,5879884213
2019/11/14,5972744170
2019/11/15,6208034943
2019/11/16,6886980461
2019/11/17,6627847836
2019/11/18,6416563319
2019/11/19,5226140275
2019/11/20,5175902380
2019/11/21,4877899971
2019/11/22,4911267795
2019/11/23,6599400783
2019/11/24,7504492449
2019/11/25,7351062850
2019/11/26,7832198780
2019/11/27,7690934567
2019/11/28,8587163076
2019/11/29,8596913029
2019/11/30,8606788069
2019/12/01,9009897501
2019/12/02,8953483670
2019/12/03,9075684680
2019/12/04,9296821355
2019/12/05,9286001624
2019/12/06,8742357372
2019/12/07,9340325432
2019/12/08,10005066885
2019/12/09,9991928719
2019/12/10,9463159761
2019/12/11,9583221057
2019/12/12,9597871208
2019/12/13,9376388890
2019/12/14,9675711274
2019/12/15,9255579623
2019/12/16,8058624886
2019/12/17,8039144836
2019/12/18,8429942321
2019/12/19,8115450883
2019/12/20,8179189131
2019/12/21,8906299763
2019/12/22,8801775798
2019/12/23,8309970582
2019/12/24,8249178604
2019/12/25,8452108666
2019/12/26,7341091993
2019/12/27,6856386621
2019/12/28,6823632532
2019/12/29,7367328401
2019/12/30,7210434679
2019/12/31,7039893373
2020/01/01,8946563440
2020/01/02,8955831355
2020/01/03,9036208067
2020/01/04,9589420356
2020/01/05,9852051180
2020/01/06,10255239230
2020/01/07,9965671442
2020/01/08,10022113501
2020/01/09,9997600565
2020/01/10,9782769539
2020/01/11,9663516265
2020/01/12,9913925918
2020/01/13,9909122611
2020/01/14,11389997987
2020/01/15,11563091111
2020/01/16,10517989919
2020/01/17,9531563193
2020/01/18,9483204328
2020/01/19,9571367753
2020/01/20,8983184578
2020/01/21,8228357438
2020/01/22,8245557214
2020/01/23,7816939805
2020/01/24,7857057530
2020/01/25,7916476617
2020/01/26,8219369032
2020/01/27,8282618066
2020/01/28,8817111278
2020/01/29,8820432772
2020/01/30,8834587373
2020/01/31,6997950666
2020/02/01,7061792980
2020/02/02,6922216916
2020/02/03,6339960881
2020/02/04,5835416117
2020/02/05,5651090550
2020/02/06,5938516446
2020/02/07,7025572667
2020/02/08,7216900325
2020/02/09,7178028420
2020/02/10,7013168432
2020/02/11,7030677313
2020/02/12,7115264737
2020/02/13,6937609520
2020/02/14,6928702780
2020/02/15,6849057868
2020/02/16,7002583587
2020/02/17,6878891227
2020/02/18,6270441157
2020/02/19,6345310462
2020/02/20,6524403888
2020/02/21,6523773297
2020/02/22,6721134456
2020/02/23,7140520150
2020/02/24,6301451904
2020/02/25,5052603054
2020/02/26,5083322464
2020/02/27,4824825452
2020/02/28,4719939823
2020/02/29,4794089162
2020/03/01,5880517625
2020/03/02,5476871288
2020/03/03,5270830622
2020/03/04,6031294715
2020/03/05,6150274557
2020/03/06,6151805683
2020/03/07,6650309309
2020/03/08,6719513200
2020/03/09,6697773377
2020/03/10,6774153387
2020/03/11,6722305631
2020/03/12,6638130648
2020/03/13,7225523091
2020/03/14,7540147496
2020/03/15,7534744347
2020/03/16,7812134761
2020/03/17,7994186115
2020/03/18,7932819127
2020/03/19,8384999582
2020/03/20,8881467416
2020/03/21,8729024204
2020/03/22,9846251190
2020/03/23,9531614392
2020/03/24,8903868532
2020/03/25,8903565212
2020/03/26,8884132588
2020/03/27,8974221738
2020/03/28,9629830481
2020/03/29,11457541536
2020/03/30,11277700517
2020/03/31,10176933490
2020/04/01,10179827070
2020/04/02,10210111579
2020/04/03,9582927326
2020/04/04,9519744249
2020/04/05,10890857661
2020/04/06,10213521550
2020/04/07,9121121217
2020/04/08,9133542854
2020/04/09,9008889495
2020/04/10,9748949435
2020/04/11,11046059795
2020/04/12,11853550819
2020/04/13,11550942832
2020/04/14,11639008225
2020/04/15,11252082478
2020/04/16,10372226327
2020/04/17,10820525868
2020/04/18,10021886995
2020/04/19,9391498722
2020/04/20,9282423052
2020/04/21,8712638098
2020/04/22,8372895410
2020/04/23,8988824924
2020/04/24,9841873377
2020/04/25,10910329893
2020/04/26,11040213520
2020/04/27,11067661946
2020/04/28,9807017036
2020/04/29,10088570942
2020/04/30,10515793935
2020/05/01,11081693106
2020/05/02,11363908950
2020/05/03,11379321768
2020/05/04,11227931472
2020/05/05,10043990218
2020/05/06,10172840371
2020/05/07,10536016428
2020/05/08,10895940429
2020/05/09,11200151053
2020/05/10,10642780350
2020/05/11,8613752746
2020/05/12,6557722239
2020/05/13,5502998456
2020/05/14,4916780891
2020/05/15,4721808414
2020/05/16,4625692881
2020/05/17,4654546023
2020/05/18,4297942431
2020/05/19,2465786184
2020/05/20,1989852364
2020/05/21,1676143891
2020/05/22,1004836992
2020/05/23,1009702814
2020/05/24,991199456
2020/05/25,960626771
2020/05/26,791067299
2020/05/27,772990724
2020/05/28,746073828
2020/05/29,738333233
2020/05/30,766808385
2020/05/31,2011185590
2020/06/01,2013102267
2020/06/02,1929673011
2020/06/03,1587778889
2020/06/04,1579344467
2020/06/05,2553091677
2020/06/06,5985632971
2020/06/07,8043215873
2020/06/08,8177654624
2020/06/09,8119904516
2020/06/10,8422073326
2020/06/11,8288971011
2020/06/12,8176213885
2020/06/13,8788092098
2020/06/14,10936182934
2020/06/15,10777011085
2020/06/16,10676252525
2020/06/17,10834888841
2020/06/18,10694792317
2020/06/19,10770558312
2020/06/20,10626960817
2020/06/21,10912045534
2020/06/22,10582227033
2020/06/23,10760950687
2020/06/24,10721134329
2020/06/25,10794360492
2020/06/26,10618134436
2020/06/27,10315511489
2020/06/28,10808306909
2020/06/29,10736059686
2020/06/30,10413513800
2020/07/01,10532575223
2020/07/02,10180448117
2020/07/03,9855252364
2020/07/04,9809351950
2020/07/05,10252082761
2020/07/06,8613302624
2020/07/07,7511981709
2020/07/08,7707330781
2020/07/09,7937776439
2020/07/10,7864726028
2020/07/11,7884586975
2020/07/12,8358115417
2020/07/13,7999063940
2020/07/14,6544869896
2020/07/15,6787262336
2020/07/16,6998853070
2020/07/17,7036091673
2020/07/18,7238431480
2020/07/19,7152364795
2020/07/20,7213371727
2020/07/21,6674267350
2020/07/22,6802091236
2020/07/23,6824029093
2020/07/24,6799730561
2020/07/25,6684928165
2020/07/26,6688355883
2020/07/27,6597437462
2020/07/28,5243450829
2020/07/29,5324111278
2020/07/30,5355589528
2020/07/31,5301488777
2020/08/01,5209230399
2020/08/02,5128714919
2020/08/03,4397215174
2020/08/04,2823634514
2020/08/05,2881222180
2020/08/06,2637891635
2020/08/07,2640487842
2020/08/08,2648029885
2020/08/09,2719123174
2020/08/10,2210767022
2020/08/11,796640632
2020/08/12,390853342
2020/08/13,420364646
2020/08/14,424858995
2020/08/15,420886905
2020/08/16,933733648
2020/08/17,924960099
2020/08/18,953677022
2020/08/19,958880828
2020/08/20,966229474
2020/08/21,943222051
2020/08/22,932022501
2020/08/23,981783518
2020/08/24,1067259075
2020/08/25,1064255445
2020/08/26,1056574231
2020/08/27,1061377366
2020/08/28,1053915765
2020/08/29,1050007446
2020/08/30,1056927416
2020/08/31,1127365122
2020/09/01,1167690175
2020/09/02,1192957954
2020/09/03,1201530761
2020/09/04,1157463303
2020/09/05,1156108392
2020/09/06,1159481738
2020/09/07,1184795863
2020/09/08,1120622432
2020/09/09,1188959681
2020/09/10,1189932843
2020/09/11,1173842902
2020/09/12,1856543640
2020/09/13,3670244267
2020/09/14,3850494426
2020/09/15,3495009361
2020/09/16,3523645927
2020/09/17,3478271458
2020/09/18,3645079220
2020/09/19,3595877235
2020/09/20,3976151338
2020/09/21,3966083445
2020/09/22,4050993778
2020/09/23,4150311635
2020/09/24,4255107632
2020/09/25,4222222782
2020/09/26,4127065784
2020/09/27,4976992222
2020/09/28,4937132837
2020/09/29,4933556910
2020/09/30,5025976068
2020/10/01,4986713313
2020/10/02,4952210428
2020/10/03,4915136843
2020/10/04,4970016769
2020/10/05,4905524544
2020/10/06,5033531020
2020/10/07,5173423130
2020/10/08,5198337620
2020/10/09,5317930612
2020/10/10,5353579345
2020/10/11,5613585551
2020/10/12,5248444044
2020/10/13,3922838205
2020/10/14,3831428318
2020/10/15,3850753812
2020/10/16,3793147041
2020/10/17,4516303309
2020/10/18,4769188848
2020/10/19,4828359280
2020/10/20,4472821369
2020/10/21,4507668947
2020/10/22,4547593563
2020/10/23,4552562544
2020/10/24,4454326367
2020/10/25,4452943729
2020/10/26,4507436805
2020/10/27,3574957019
2020/10/28,3607836743
2020/10/29,3636604748
2020/10/30,3664072210
2020/10/31,3686376418
2020/11/01,3727099662
2020/11/02,3725465079
2020/11/03,3551393551
2020/11/04,3352181552
2020/11/05,3328354411
2020/11/06,3314604555
2020/11/07,3211817892
2020/11/08,3184812949
2020/11/09,3161260124
2020/11/10,2583980642
2020/11/11,2433269484
2020/11/12,2426254178
2020/11/13,2329452043
2020/11/14,2397406550
2020/11/15,2569176931
2020/11/16,1608185029
2020/11/17,923672732
2020/11/18,922999229
2020/11/19,895208382
2020/11/20,874631453
2020/11/21,1228525197
2020/11/22,3167949740
2020/11/23,3244031955
2020/11/24,3290338387
2020/11/25,3312586609
2020/11/26,3293227442
2020/11/27,3306172220
2020/11/28,3271486125
2020/11/29,3713559700
2020/11/30,3673309666
2020/12/01,3675685193
2020/12/02,3714745840
2020/12/03,3693299277
2020/12/04,3715341606
2020/12/05,3710793586
2020/12/06,3661096592
2020/12/07,3752245998
2020/12/08,3747884598
2020/12/09,3785939441
2020/12/10,3838783843
2020/12/11,3866959723
2020/12/12,3902255259
2020/12/13,4105210378
2020/12/14,4149465291
2020/12/15,4024573330
2020/12/16,4013951674
2020/12/17,4030347680
2020/12/18,4083687317
2020/12/19,4116447178
2020/12/20,4117769705
2020/12/21,3820738933
2020/12/22,1846995493
2020/12/23,1715693588
2020/12/24,1735528083
2020/12/25,1733403029
2020/12/26,1724035441
2020/12/27,1727502501
2020/12/28,1735000590
2020/12/29,1061141656
2020/12/30,1055798850
2020/12/31,1043090739
2021/01/01,1030103275
2021/01/02,1030908460
2021/01/03,1032426949
2021/01/04,1038213317
2021/01/05,1024600929
2021/01/06,764866314
2021/01/07,761381797
2021/01/08,770805578
2021/01/09,767582877
2021/01/10,781712283
2021/01/11,780453736
2021/01/12,374324742
2021/01/13,154185373
2021/01/14,155443125
2021/01/15,155785521
2021/01/16,155859876
2021/01/17,155351844
2021/01/18,150658250
2021/01/19,147657895
2021/01/20,141566288
2021/01/21,139992213
2021/01/22,137645318
2021/01/23,124820612
2021/01/24,125833824
2021/01/25,124397493
2021/01/26,124502620
2021/01/27,131671708
2021/01/28,121138709
2021/01/29,120284132
2021/01/30,120196450
2021/01/31,99880447
2021/02/01,84645514
2021/02/02,84240262
2021/02/03,86483624
2021/02/04,87089396
2021/02/05,82663602
2021/02/06,83143644
2021/02/07,127111714
2021/02/08,159361948
2021/02/09,160618857
2021/02/10,167593471
2021/02/11,169552918
2021/02/12,156536076
2021/02/13,155890792
2021/02/14,155781577
2021/02/15,162145409
2021/02/16,164674536
2021/02/17,169759332
2021/02/18,166519194
2021/02/19,164521343
2021/02/20,165100318
2021/02/21,211940489
2021/02/22,215248515
2021/02/23,212469171
2021/02/24,204603466
2021/02/25,203201793
2021/02/26,195448931
2021/02/27,195280981
2021/02/28,198424233
2021/03/01,194455230
2021/03/02,197171137
2021/03/03,201242411
2021/03/04,202022403
2021/03/05,198796943
2021/03/06,197395237
2021/03/07,200644128
2021/03/08,231138555
2021/03/09,194354216
2021/03/10,164355572
2021/03/11,153881389
2021/03/12,145564864
2021/03/13,172798696
2021/03/14,168868310
2021/03/15,171966933
2021/03/16,170087211
2021/03/17,176998063
2021/03/18,168642881
2021/03/19,159557438
2021/03/20,164549505
2021/03/21,203017718
2021/03/22,206353203
2021/03/23,176185156
2021/03/24,175500438
2021/03/25,178365208
2021/03/26,179929787
2021/03/27,190395116
2021/03/28,188210169
2021/03/29,184019931
2021/03/30,184095725
2021/03/31,184216781
2021/04/01,178304363
2021/04/02,168410079
2021/04/03,164169921
2021/04/04,164857538
2021/04/05,174712204
2021/04/06,174907172
2021/04/07,152848616
2021/04/08,152242690
2021/04/09,143905237
2021/04/10,138411930
2021/04/11,146412928
2021/04/12,123068200
2021/04/13,118155956
2021/04/14,130657105
2021/04/15,135022003
2021/04/16,122156075
2021/04/17,121550194
2021/04/18,131091111
2021/04/19,148078462
2021/04/20,109724047
2021/04/21,112253006
2021/04/22,110018981
2021/04/23,113409959
2021/04/24,110225622
2021/04/25,106722222
2021/04/26,101799628
2021/04/27,100462814
2021/04/28,99532666
2021/04/29,100698454
2021/04/30,107263982
2021/05/01,106868131
2021/05/02,207933043
2021/05/03,269411352
2021/05/04,270466281
2021/05/05,261409961
2021/05/06,263741660
2021/05/07,260998906
2021/05/08,268356189
2021/05/09,281319449
2021/05/10,281642373
2021/05/11,279186844
2021/05/12,282174814
2021/05/13,282139037
2021/05/14,262559132
2021/05/15,255263975
2021/05/16,255083259
2021/05/17,258516097
2021/05/18,239197721
2021/05/19,225366758
2021/05/20,238864828
2021/05/21,246910733
2021/05/22,243388722
2021/05/23,258267044
2021/05/24,259310422
2021/05/25,257156623
2021/05/26,263865691
2021/05/27,280534491
2021/05/28,278285080
2021/05/29,280335680
2021/05/30,369597425
2021/05/31,382903052
2021/06/01,308457333
2021/06/02,350663777
2021/06/03,380099978
2021/06/04,482054798
2021/06/05,1676386789
2021/06/06,4729900351
2021/06/07,4768657709
2021/06/08,4781383863
2021/06/09,5900608099
2021/06/10,5970831438
2021/06/11,5954440407
2021/06/12,5934903321
2021/06/13,7000750142
2021/06/14,7145221383
2021/06/15,7166213117
2021/06/16,7036777527
2021/06/17,7230114911
2021/06/18,7279151572
2021/06/19,7049653200
2021/06/20,7109014120
2021/06/21,7115427022
2021/06/22,7172358803
2021/06/23,7105224929
2021/06/24,7028700294
2021/06/25,6831506617
2021/06/26,6635447270
2021/06/27,6574620369
2021/06/28,6603561554
2021/06/29,6704127721
2021/06/30,6805622919
2021/07/01,6768099421
2021/07/02,6813879403
2021/07/03,6828845093
2021/07/04,6882731995
2021/07/05,6277822316
2021/07/06,4244126870
2021/07/07,4557986281
2021/07/08,5697771642
2021/07/09,5366054112
2021/07/10,8793546516
2021/07/11,9779202729
2021/07/12,9982509445
2021/07/13,9681101797
2021/07/14,11887095888
2021/07/15,11941389157
2021/07/16,13347651576
2021/07/17,16141392066
2021/07/18,18709872275
2021/07/19,19890679498
2021/07/20,19149804661
2021/07/21,18524347197
2021/07/22,18899226815
2021/07/23,18454738549
2021/07/24,19187613840
2021/07/25,20303620103
2021/07/26,19390763577
2021/07/27,18691194408
2021/07/28,17597671936
2021/07/29,16441220284
2021/07/30,15124553587
2021/07/31,14236994823
2021/08/01,13624690948
2021/08/02,12166936376
2021/08/03,10599020452
2021/08/04,9464207065
2021/08/05,8983277003
2021/08/06,8500607222
2021/08/07,8972555053
2021/08/08,9065266811
2021/08/09,8724864481
2021/08/10,8705990886
2021/08/11,8391907849
2021/08/12,8052376356
2021/08/13,8414797914
2021/08/14,8146653522
2021/08/15,8642082937
2021/08/16,8505033103
2021/08/17,8795451283
2021/08/18,9447950898
2021/08/19,8058026977
2021/08/20,7896559540
2021/08/21,7984271867
2021/08/22,8187507191
2021/08/23,8032652920
2021/08/24,7604152740
2021/08/25,7261658824
2021/08/26,7265499490
2021/08/27,7273121457
2021/08/28,7306119820
2021/08/29,7710725975
2021/08/30,7742608763
2021/08/31,7330913973
2021/09/01,7857053647
2021/09/02,8277016324
2021/09/03,8779420759
2021/09/04,8990385012
2021/09/05,9641401504
2021/09/06,8997888788
2021/09/07,8356996094
2021/09/08,8415017822
2021/09/09,8526299939
2021/09/10,8691213750
2021/09/11,8706129437
2021/09/12,9003121884
2021/09/13,8178092811
2021/09/14,7260305282
2021/09/15,7599531676
2021/09/16,8414534179
2021/09/17,8270796521
2021/09/18,8334323911
2021/09/19,9069401677
2021/09/20,8932704887
2021/09/21,8623196863
2021/09/22,8587884444
2021/09/23,8664690353
2021/09/24,8618029574
2021/09/25,9157986436
2021/09/26,9407783936
2021/09/27,9257208628
2021/09/28,8378547296
2021/09/29,8307727124
2021/09/30,8729738886
2021/10/01,8411741328
2021/10/02,8338372030
2021/10/03,8071633435
2021/10/04,7778727566
2021/10/05,7077132583
2021/10/06,7133581825
2021/10/07,8538667975
2021/10/08,9739016923
2021/10/09,9787115065
2021/10/10,10340618068
2021/10/11,10414986880
2021/10/12,9664006031
2021/10/13,9648353770
2021/10/14,9730744063
2021/10/15,9804780420
2021/10/16,9216535988
2021/10/17,9905802783
2021/10/18,9581367253
2021/10/19,8301114784
2021/10/20,8297923539
2021/10/21,9017059945
2021/10/22,8965467000
2021/10/23,8926067874
2021/10/24,10026873206
2021/10/25,9284237161
2021/10/26,8738107556
2021/10/27,8594745112
2021/10/28,8537177034
2021/10/29,8688954716
2021/10/30,8730761481
2021/10/31,8745025680
2021/11/01,8421966036
2021/11/02,8173950568
2021/11/03,8217195188
2021/11/04,8242860208
2021/11/05,8238326094
2021/11/06,7918614703
2021/11/07,7271836911
2021/11/08,7348748227
2021/11/09,7623248470
2021/11/10,8011502892
2021/11/11,7874146844
2021/11/12,7819951276
2021/11/13,8148327589
2021/11/14,8960881454
2021/11/15,8956105084
2021/11/16,8216326732
2021/11/17,8362616048
2021/11/18,8228945254
2021/11/19,8273840975
2021/11/20,7556272751
2021/11/21,7605624872
2021/11/22,7477694287
2021/11/23,6486208820
2021/11/24,6407571430
2021/11/25,6411761998
2021/11/26,6472813757
2021/11/27,7320003542
2021/11/28,7998400470
2021/11/29,7805613307
2021/11/30,7755759033
2021/12/01,8663781466
2021/12/02,9167646344
2021/12/03,9393934635
2021/12/04,9480092578
2021/12/05,9639483280
2021/12/06,9210580916
2021/12/07,8858982047
2021/12/08,9125572386
2021/12/09,8830361450
2021/12/10,8506190589
2021/12/11,9405194589
2021/12/12,10218981418
2021/12/13,9930285098
