Date,size3wma
2010/07/17,633.649
2010/07/18,687.663
2010/07/19,741.391
2010/07/20,871.914
2010/07/21,725.484
2010/07/22,590.897
2010/07/23,477.962
2010/07/24,953.812
2010/07/25,2129
2010/07/26,1748
2010/07/27,1170
2010/07/28,2051
2010/07/29,2413
2010/07/30,1617
2010/07/31,769.326
2010/08/01,395.13
2010/08/02,360.156
2010/08/03,549.251
2010/08/04,511.387
2010/08/05,683.452
2010/08/06,688.372
2010/08/07,646.513
2010/08/08,523.443
2010/08/09,984.309
2010/08/10,766.495
2010/08/11,586.726
2010/08/12,393.824
2010/08/13,573.75
2010/08/14,520.854
2010/08/15,424.603
2010/08/16,660.624
2010/08/17,674.048
2010/08/18,1322
2010/08/19,1012
2010/08/20,759.052
2010/08/21,491.264
2010/08/22,434.391
2010/08/23,410.477
2010/08/24,578.525
2010/08/25,486.789
2010/08/26,478.114
2010/08/27,413.256
2010/08/28,474.822
2010/08/29,407.5
2010/08/30,493.883
2010/08/31,700.208
2010/09/01,803.831
2010/09/02,683.995
2010/09/03,524.342
2010/09/04,394.093
2010/09/05,413.07
2010/09/06,422.222
2010/09/07,412.54
2010/09/08,439.643
2010/09/09,541.262
2010/09/10,531.311
2010/09/11,478.039
2010/09/12,531.312
2010/09/13,625.176
2010/09/14,593.843
2010/09/15,631.747
2010/09/16,550.397
2010/09/17,594.072
2010/09/18,479.413
2010/09/19,445.801
2010/09/20,510.524
2010/09/21,1012
2010/09/22,1175
2010/09/23,1010
2010/09/24,710.773
2010/09/25,650.966
2010/09/26,573.109
2010/09/27,722.595
2010/09/28,946.835
2010/09/29,1586
2010/09/30,1233
2010/10/01,1089
2010/10/02,1321
2010/10/03,1178
2010/10/04,990.929
2010/10/05,880.146
2010/10/06,760.127
2010/10/07,656.992
2010/10/08,692.487
2010/10/09,771.017
2010/10/10,680.007
2010/10/11,608.312
2010/10/12,592.332
2010/10/13,696.197
2010/10/14,609.766
2010/10/15,519.429
2010/10/16,475.541
2010/10/17,441.035
2010/10/18,543.671
2010/10/19,827.412
2010/10/20,863.955
2010/10/21,888.594
2010/10/22,1019
2010/10/23,953.086
2010/10/24,824.348
2010/10/25,660.642
2010/10/26,587.271
2010/10/27,695.107
2010/10/28,692.169
2010/10/29,678.195
2010/10/30,521.53
2010/10/31,469.796
2010/11/01,469.309
2010/11/02,427.616
2010/11/03,426.383
2010/11/04,424.564
2010/11/05,529.966
2010/11/06,504.154
2010/11/07,476.918
2010/11/08,605.45
2010/11/09,561.812
2010/11/10,516.445
2010/11/11,448.273
2010/11/12,414.543
2010/11/13,382.858
2010/11/14,426.024
2010/11/15,4574
2010/11/16,8418
2010/11/17,5287
2010/11/18,2601
2010/11/19,7752
2010/11/20,14534
2010/11/21,16917
2010/11/22,8886
2010/11/23,3244
2010/11/24,3025
2010/11/25,6637
2010/11/26,4965
2010/11/27,2516
2010/11/28,844.004
2010/11/29,627.63
2010/11/30,591.704
2010/12/01,684.293
2010/12/02,664.726
2010/12/03,638.908
2010/12/04,553.406
2010/12/05,471.024
2010/12/06,430.128
2010/12/07,544.71
2010/12/08,565.576
2010/12/09,577.786
2010/12/10,592.048
2010/12/11,743.701
2010/12/12,884.376
2010/12/13,1308
2010/12/14,1196
2010/12/15,1016
2010/12/16,840.36
2010/12/17,860.352
2010/12/18,831.149
2010/12/19,890.711
2010/12/20,1253
2010/12/21,1121
2010/12/22,1126
2010/12/23,1043
2010/12/24,996.983
2010/12/25,937.205
2010/12/26,990.938
2010/12/27,1020
2010/12/28,1036
2010/12/29,964.921
2010/12/30,957.942
2010/12/31,909.006
2011/01/01,966.523
2011/01/02,959.363
2011/01/03,1686
2011/01/04,1806
2011/01/05,2154
2011/01/06,1805
2011/01/07,1681
2011/01/08,1874
2011/01/09,2030
2011/01/10,2158
2011/01/11,2192
2011/01/12,2029
2011/01/13,1953
2011/01/14,1936
2011/01/15,1896
2011/01/16,1744
2011/01/17,1469
2011/01/18,1569
2011/01/19,1604
2011/01/20,1502
2011/01/21,1768
2011/01/22,2460
2011/01/23,2442
2011/01/24,2339
2011/01/25,1887
2011/01/26,1700
2011/01/27,1691
2011/01/28,1871
2011/01/29,2435
2011/01/30,4486
2011/01/31,4082
2011/02/01,3293
2011/02/02,2232
2011/02/03,1742
2011/02/04,1505
2011/02/05,1463
2011/02/06,1573
2011/02/07,1426
2011/02/08,1434
2011/02/09,1632
2011/02/10,2666
2011/02/11,3391
2011/02/12,3343
2011/02/13,2951
2011/02/14,3228
2011/02/15,3114
2011/02/16,2831
2011/02/17,2737
2011/02/18,2979
2011/02/19,3053
2011/02/20,2938
2011/02/21,2833
2011/02/22,2966
2011/02/23,2900
2011/02/24,3007
2011/02/25,2864
2011/02/26,2504
2011/02/27,2603
2011/02/28,3148
2011/03/01,5047
2011/03/02,4716
2011/03/03,4850
2011/03/04,3809
2011/03/05,3325
2011/03/06,2632
2011/03/07,2719
2011/03/08,3549
2011/03/09,3888
2011/03/10,4449
2011/03/11,4633
2011/03/12,5408
2011/03/13,6160
2011/03/14,7005
2011/03/15,7708
2011/03/16,7419
2011/03/17,6964
2011/03/18,6417
2011/03/19,7147
2011/03/20,8762
2011/03/21,10047
2011/03/22,8219
2011/03/23,8322
2011/03/24,6583
2011/03/25,5340
2011/03/26,6297
2011/03/27,6685
2011/03/28,6687
2011/03/29,5985
2011/03/30,4930
2011/03/31,4205
2011/04/01,3675
2011/04/02,3518
2011/04/03,3454
2011/04/04,4006
2011/04/05,4015
2011/04/06,4253
2011/04/07,4126
2011/04/08,4110
2011/04/09,3994
2011/04/10,3884
2011/04/11,4257
2011/04/12,4958
2011/04/13,5003
2011/04/14,5623
2011/04/15,6380
2011/04/16,6420
2011/04/17,5463
2011/04/18,6193
2011/04/19,7280
2011/04/20,8453
2011/04/21,6658
2011/04/22,5202
2011/04/23,4918
2011/04/24,5388
2011/04/25,5769
2011/04/26,6145
2011/04/27,8419
2011/04/28,8326
2011/04/29,7583
2011/04/30,8224
2011/05/01,8939
2011/05/02,7548
2011/05/03,6476
2011/05/04,5910
2011/05/05,6257
2011/05/06,6207
2011/05/07,6275
2011/05/08,5762
2011/05/09,5861
2011/05/10,6864
2011/05/11,7172
2011/05/12,7839
2011/05/13,8622
2011/05/14,8304
2011/05/15,7929
2011/05/16,7797
2011/05/17,7593
2011/05/18,7822
2011/05/19,9667
2011/05/20,9872
2011/05/21,9505
2011/05/22,8581
2011/05/23,8231
2011/05/24,7842
2011/05/25,8116
2011/05/26,8866
2011/05/27,10212
2011/05/28,11678
2011/05/29,11411
2011/05/30,12789
2011/05/31,15064
2011/06/01,15318
2011/06/02,15696
2011/06/03,17750
2011/06/04,17669
2011/06/05,16736
2011/06/06,17123
2011/06/07,19202
2011/06/08,25340
2011/06/09,25432
2011/06/10,23450
2011/06/11,19647
2011/06/12,20638
2011/06/13,21271
2011/06/14,22252
2011/06/15,20791
2011/06/16,25253
2011/06/17,26437
2011/06/18,25908
2011/06/19,23484
2011/06/20,20592
2011/06/21,17697
2011/06/22,16669
2011/06/23,16581
2011/06/24,18296
2011/06/25,23385
2011/06/26,27007
2011/06/27,30418
2011/06/28,29544
2011/06/29,26717
2011/06/30,23203
2011/07/01,24232
2011/07/02,23232
2011/07/03,21996
2011/07/04,22398
2011/07/05,25768
2011/07/06,28611
2011/07/07,29371
2011/07/08,25646
2011/07/09,23510
2011/07/10,25519
2011/07/11,26893
2011/07/12,26139
2011/07/13,22613
2011/07/14,23818
2011/07/15,22191
2011/07/16,22900
2011/07/17,21956
2011/07/18,24537
2011/07/19,27161
2011/07/20,27146
2011/07/21,25591
2011/07/22,25002
2011/07/23,23640
2011/07/24,22461
2011/07/25,24022
2011/07/26,23055
2011/07/27,21927
2011/07/28,22494
2011/07/29,20785
2011/07/30,18734
2011/07/31,18610
2011/08/01,20632
2011/08/02,23288
2011/08/03,23138
2011/08/04,25045
2011/08/05,23790
2011/08/06,24895
2011/08/07,23533
2011/08/08,25339
2011/08/09,26813
2011/08/10,25370
2011/08/11,23614
2011/08/12,22462
2011/08/13,23194
2011/08/14,24689
2011/08/15,27484
2011/08/16,27989
2011/08/17,26886
2011/08/18,24048
2011/08/19,25035
2011/08/20,22853
2011/08/21,21412
2011/08/22,20530
2011/08/23,20578
2011/08/24,22088
2011/08/25,22985
2011/08/26,23174
2011/08/27,23966
2011/08/28,22680
2011/08/29,23578
2011/08/30,22632
2011/08/31,20864
2011/09/01,21816
2011/09/02,20224
2011/09/03,18575
2011/09/04,28771
2011/09/05,26077
2011/09/06,24810
2011/09/07,22109
2011/09/08,22183
2011/09/09,23677
2011/09/10,22975
2011/09/11,23166
2011/09/12,22991
2011/09/13,21076
2011/09/14,19130
2011/09/15,18209
2011/09/16,20068
2011/09/17,18896
2011/09/18,17178
2011/09/19,20154
2011/09/20,24694
2011/09/21,26159
2011/09/22,22151
2011/09/23,20251
2011/09/24,20042
2011/09/25,19747
2011/09/26,18760
2011/09/27,19054
2011/09/28,17975
2011/09/29,17879
2011/09/30,18646
2011/10/01,17623
2011/10/02,17272
2011/10/03,17410
2011/10/04,20143
2011/10/05,18948
2011/10/06,19498
2011/10/07,18463
2011/10/08,18864
2011/10/09,18401
2011/10/10,19035
2011/10/11,24031
2011/10/12,23650
2011/10/13,22912
2011/10/14,20296
2011/10/15,18592
2011/10/16,17914
2011/10/17,20236
2011/10/18,19396
2011/10/19,17898
2011/10/20,16533
2011/10/21,16212
2011/10/22,19063
2011/10/23,20485
2011/10/24,20239
2011/10/25,18332
2011/10/26,18285
2011/10/27,18695
2011/10/28,20188
2011/10/29,21106
2011/10/30,19974
2011/10/31,17653
2011/11/01,16014
2011/11/02,15343
2011/11/03,17275
2011/11/04,18397
2011/11/05,18028
2011/11/06,15436
2011/11/07,16231
2011/11/08,17160
2011/11/09,17412
2011/11/10,18484
2011/11/11,18818
2011/11/12,17207
2011/11/13,15577
2011/11/14,16603
2011/11/15,16709
2011/11/16,18152
2011/11/17,17212
2011/11/18,16863
2011/11/19,16534
2011/11/20,16718
2011/11/21,16622
2011/11/22,16681
2011/11/23,16771
2011/11/24,18440
2011/11/25,17899
2011/11/26,17567
2011/11/27,17546
2011/11/28,18897
2011/11/29,20537
2011/11/30,20740
2011/12/01,18495
2011/12/02,18020
2011/12/03,16994
2011/12/04,16902
2011/12/05,16525
2011/12/06,18141
2011/12/07,19010
2011/12/08,18141
2011/12/09,16825
2011/12/10,16332
2011/12/11,16878
2011/12/12,18014
2011/12/13,18498
2011/12/14,17138
2011/12/15,16875
2011/12/16,18215
2011/12/17,16683
2011/12/18,14810
2011/12/19,15487
2011/12/20,20421
2011/12/21,19291
2011/12/22,18182
2011/12/23,16733
2011/12/24,15033
2011/12/25,13592
2011/12/26,13313
2011/12/27,14714
2011/12/28,14766
2011/12/29,15796
2011/12/30,15392
2011/12/31,15827
2012/01/01,16362
2012/01/02,17877
2012/01/03,18244
2012/01/04,18852
2012/01/05,21743
2012/01/06,22246
2012/01/07,19633
2012/01/08,19322
2012/01/09,19705
2012/01/10,24955
2012/01/11,26966
2012/01/12,24138
2012/01/13,22120
2012/01/14,20525
2012/01/15,20645
2012/01/16,20061
2012/01/17,19756
2012/01/18,22136
2012/01/19,22074
2012/01/20,21573
2012/01/21,19575
2012/01/22,17815
2012/01/23,16127
2012/01/24,19815
2012/01/25,23011
2012/01/26,23330
2012/01/27,22149
2012/01/28,20298
2012/01/29,18856
2012/01/30,17001
2012/01/31,19144
2012/02/01,20291
2012/02/02,21378
2012/02/03,21015
2012/02/04,21011
2012/02/05,21052
2012/02/06,19902
2012/02/07,20785
2012/02/08,20995
2012/02/09,22267
2012/02/10,24949
2012/02/11,24549
2012/02/12,22038
2012/02/13,23517
2012/02/14,27933
2012/02/15,29968
2012/02/16,31523
2012/02/17,25180
2012/02/18,19781
2012/02/19,16749
2012/02/20,17699
2012/02/21,20522
2012/02/22,20551
2012/02/23,21559
2012/02/24,21841
2012/02/25,20187
2012/02/26,18694
2012/02/27,18736
2012/02/28,19115
2012/02/29,18150
2012/03/01,20168
2012/03/02,24341
2012/03/03,23168
2012/03/04,22105
2012/03/05,22667
2012/03/06,23332
2012/03/07,21397
2012/03/08,20202
2012/03/09,19130
2012/03/10,18647
2012/03/11,18852
2012/03/12,18394
2012/03/13,21523
2012/03/14,24234
2012/03/15,25303
2012/03/16,22740
2012/03/17,19907
2012/03/18,17522
2012/03/19,18972
2012/03/20,19206
2012/03/21,19595
2012/03/22,19250
2012/03/23,20310
2012/03/24,17668
2012/03/25,17457
2012/03/26,18959
2012/03/27,19732
2012/03/28,21091
2012/03/29,22527
2012/03/30,21770
2012/03/31,18773
2012/04/01,17971
2012/04/02,22020
2012/04/03,25467
2012/04/04,25164
2012/04/05,27254
2012/04/06,26521
2012/04/07,23959
2012/04/08,20171
2012/04/09,19517
2012/04/10,22307
2012/04/11,24892
2012/04/12,27660
2012/04/13,27290
2012/04/14,26287
2012/04/15,27568
2012/04/16,27733
2012/04/17,28515
2012/04/18,30662
2012/04/19,27573
2012/04/20,27410
2012/04/21,24370
2012/04/22,22616
2012/04/23,23119
2012/04/24,24261
2012/04/25,26086
2012/04/26,26911
2012/04/27,26132
2012/04/28,23799
2012/04/29,20884
2012/04/30,21593
2012/05/01,24966
2012/05/02,28978
2012/05/03,34603
2012/05/04,37707
2012/05/05,36517
2012/05/06,35171
2012/05/07,41006
2012/05/08,43697
2012/05/09,46509
2012/05/10,44114
2012/05/11,51621
2012/05/12,57677
2012/05/13,53448
2012/05/14,70330
2012/05/15,76106
2012/05/16,75981
2012/05/17,70353
2012/05/18,72192
2012/05/19,88775
2012/05/20,97077
2012/05/21,105620
2012/05/22,98605
2012/05/23,95480
2012/05/24,93601
2012/05/25,99279
2012/05/26,85990
2012/05/27,77393
2012/05/28,82699
2012/05/29,95949
2012/05/30,94732
2012/05/31,81344
2012/06/01,77352
2012/06/02,56034
2012/06/03,73234
2012/06/04,103069
2012/06/05,123408
2012/06/06,88267
2012/06/07,89484
2012/06/08,81925
2012/06/09,85958
2012/06/10,92666
2012/06/11,98655
2012/06/12,80037
2012/06/13,116892
2012/06/14,153144
2012/06/15,163702
2012/06/16,143907
2012/06/17,124451
2012/06/18,108759
2012/06/19,108655
2012/06/20,106817
2012/06/21,100164
2012/06/22,88695
2012/06/23,74368
2012/06/24,73931
2012/06/25,78284
2012/06/26,84951
2012/06/27,84693
2012/06/28,85014
2012/06/29,75029
2012/06/30,72115
2012/07/01,63247
2012/07/02,65140
2012/07/03,62464
2012/07/04,65305
2012/07/05,66434
2012/07/06,67869
2012/07/07,65962
2012/07/08,62258
2012/07/09,63949
2012/07/10,83070
2012/07/11,96651
2012/07/12,86956
2012/07/13,76303
2012/07/14,66170
2012/07/15,73102
2012/07/16,84619
2012/07/17,90689
2012/07/18,94874
2012/07/19,101309
2012/07/20,107541
2012/07/21,107592
2012/07/22,99503
2012/07/23,96961
2012/07/24,86103
2012/07/25,77587
2012/07/26,76121
2012/07/27,69684
2012/07/28,81163
2012/07/29,86005
2012/07/30,89863
2012/07/31,113196
2012/08/01,110121
2012/08/02,99362
2012/08/03,81956
2012/08/04,79559
2012/08/05,88473
2012/08/06,97445
2012/08/07,86026
2012/08/08,90393
2012/08/09,83417
2012/08/10,79044
2012/08/11,76354
2012/08/12,82458
2012/08/13,106190
2012/08/14,104644
2012/08/15,124876
2012/08/16,127726
2012/08/17,129620
2012/08/18,113608
2012/08/19,104583
2012/08/20,95931
2012/08/21,96684
2012/08/22,98391
2012/08/23,88429
2012/08/24,86163
2012/08/25,91409
2012/08/26,81631
2012/08/27,86739
2012/08/28,84823
2012/08/29,84560
2012/08/30,86887
2012/08/31,103264
2012/09/01,106690
2012/09/02,97647
2012/09/03,98008
2012/09/04,106983
2012/09/05,105522
2012/09/06,104436
2012/09/07,92906
2012/09/08,91177
2012/09/09,85137
2012/09/10,89942
2012/09/11,100883
2012/09/12,91985
2012/09/13,94574
2012/09/14,96263
2012/09/15,90599
2012/09/16,84316
2012/09/17,72859
2012/09/18,77698
2012/09/19,88981
2012/09/20,89924
2012/09/21,85623
2012/09/22,77504
2012/09/23,78086
2012/09/24,81806
2012/09/25,77447
2012/09/26,89483
2012/09/27,85020
2012/09/28,89692
2012/09/29,77748
2012/09/30,69779
2012/10/01,79926
2012/10/02,94435
2012/10/03,101571
2012/10/04,111161
2012/10/05,115376
2012/10/06,108740
2012/10/07,117744
2012/10/08,108432
2012/10/09,111514
2012/10/10,102166
2012/10/11,96539
2012/10/12,91111
2012/10/13,96505
2012/10/14,100314
2012/10/15,94294
2012/10/16,98035
2012/10/17,105077
2012/10/18,100703
2012/10/19,96227
2012/10/20,92965
2012/10/21,103927
2012/10/22,113696
2012/10/23,119737
2012/10/24,107809
2012/10/25,98152
2012/10/26,79539
2012/10/27,60415
2012/10/28,52750
2012/10/29,61467
2012/10/30,81432
2012/10/31,90582
2012/11/01,87406
2012/11/02,88683
2012/11/03,81838
2012/11/04,77390
2012/11/05,85378
2012/11/06,98867
2012/11/07,105499
2012/11/08,102991
2012/11/09,89274
2012/11/10,86586
2012/11/11,78082
2012/11/12,80281
2012/11/13,83381
2012/11/14,89625
2012/11/15,105865
2012/11/16,117539
2012/11/17,120858
2012/11/18,113240
2012/11/19,112074
2012/11/20,111800
2012/11/21,117234
2012/11/22,109013
2012/11/23,103488
2012/11/24,95140
2012/11/25,105978
2012/11/26,108443
2012/11/27,100204
2012/11/28,97400
2012/11/29,100393
2012/11/30,104787
2012/12/01,98823
2012/12/02,82362
2012/12/03,73146
2012/12/04,103415
2012/12/05,124861
2012/12/06,133128
2012/12/07,121783
2012/12/08,111770
2012/12/09,112166
2012/12/10,116217
2012/12/11,118334
2012/12/12,124754
2012/12/13,138744
2012/12/14,156160
2012/12/15,143259
2012/12/16,140986
2012/12/17,134302
2012/12/18,159263
2012/12/19,151381
2012/12/20,153637
2012/12/21,151192
2012/12/22,146692
2012/12/23,139103
2012/12/24,135671
2012/12/25,117992
2012/12/26,115014
2012/12/27,121645
2012/12/28,126649
2012/12/29,126590
2012/12/30,120287
2012/12/31,103413
2013/01/01,93177
2013/01/02,101461
2013/01/03,106876
2013/01/04,125926
2013/01/05,124394
2013/01/06,113353
2013/01/07,105943
2013/01/08,126554
2013/01/09,141503
2013/01/10,156171
2013/01/11,172872
2013/01/12,171222
2013/01/13,166746
2013/01/14,144860
2013/01/15,148579
2013/01/16,164319
2013/01/17,186619
2013/01/18,189384
2013/01/19,174885
2013/01/20,154370
2013/01/21,143218
2013/01/22,142323
2013/01/23,158662
2013/01/24,157627
2013/01/25,161385
2013/01/26,155893
2013/01/27,159116
2013/01/28,163560
2013/01/29,161782
2013/01/30,144173
2013/01/31,130915
2013/02/01,152245
2013/02/02,159740
2013/02/03,157323
2013/02/04,152907
2013/02/05,146836
2013/02/06,137426
2013/02/07,155559
2013/02/08,170945
2013/02/09,179373
2013/02/10,166788
2013/02/11,163615
2013/02/12,176830
2013/02/13,170794
2013/02/14,163767
2013/02/15,151926
2013/02/16,137363
2013/02/17,128943
2013/02/18,134787
2013/02/19,149200
2013/02/20,152143
2013/02/21,147627
2013/02/22,155782
2013/02/23,160905
2013/02/24,161887
2013/02/25,155173
2013/02/26,163817
2013/02/27,156060
2013/02/28,164490
2013/03/01,180422
2013/03/02,184621
2013/03/03,171416
2013/03/04,164761
2013/03/05,178322
2013/03/06,189538
2013/03/07,198170
2013/03/08,180413
2013/03/09,165865
2013/03/10,171860
2013/03/11,173155
2013/03/12,177669
2013/03/13,172137
2013/03/14,163801
2013/03/15,166193
2013/03/16,133993
2013/03/17,102861
2013/03/18,97565
2013/03/19,115559
2013/03/20,114094
2013/03/21,120267
2013/03/22,125004
2013/03/23,127313
2013/03/24,128473
2013/03/25,148463
2013/03/26,158536
2013/03/27,177233
2013/03/28,178089
2013/03/29,179111
2013/03/30,182355
2013/03/31,166133
2013/04/01,150195
2013/04/02,158778
2013/04/03,173795
2013/04/04,201427
2013/04/05,199591
2013/04/06,179567
2013/04/07,187239
2013/04/08,192457
2013/04/09,188839
2013/04/10,176450
2013/04/11,194249
2013/04/12,182126
2013/04/13,163269
2013/04/14,163277
2013/04/15,163531
2013/04/16,173752
2013/04/17,169279
2013/04/18,157009
2013/04/19,181236
2013/04/20,173304
2013/04/21,149261
2013/04/22,140777
2013/04/23,156751
2013/04/24,187439
2013/04/25,186745
2013/04/26,172267
2013/04/27,155372
2013/04/28,136281
2013/04/29,138911
2013/04/30,160190
2013/05/01,170200
2013/05/02,185423
2013/05/03,185195
2013/05/04,172548
2013/05/05,159310
2013/05/06,158720
2013/05/07,165275
2013/05/08,162426
2013/05/09,175186
2013/05/10,184379
2013/05/11,190303
2013/05/12,186324
2013/05/13,176814
2013/05/14,187504
2013/05/15,204352
2013/05/16,206805
2013/05/17,190301
2013/05/18,175218
2013/05/19,155554
2013/05/20,165520
2013/05/21,170844
2013/05/22,167534
2013/05/23,163023
2013/05/24,159996
2013/05/25,154475
2013/05/26,142790
2013/05/27,143513
2013/05/28,156475
2013/05/29,161250
2013/05/30,159702
2013/05/31,152384
2013/06/01,137525
2013/06/02,126771
2013/06/03,124420
2013/06/04,127201
2013/06/05,138174
2013/06/06,142587
2013/06/07,149825
2013/06/08,136920
2013/06/09,133727
2013/06/10,124457
2013/06/11,123438
2013/06/12,113910
2013/06/13,109933
2013/06/14,119015
2013/06/15,109813
2013/06/16,107161
2013/06/17,123138
2013/06/18,140188
2013/06/19,153801
2013/06/20,157492
2013/06/21,145521
2013/06/22,129216
2013/06/23,114595
2013/06/24,122884
2013/06/25,126895
2013/06/26,125555
2013/06/27,125251
2013/06/28,130247
2013/06/29,119201
2013/06/30,104088
2013/07/01,105127
2013/07/02,111839
2013/07/03,100974
2013/07/04,96829
2013/07/05,91850
2013/07/06,88411
2013/07/07,81159
2013/07/08,86633
2013/07/09,95800
2013/07/10,96644
2013/07/11,105794
2013/07/12,129863
2013/07/13,127584
2013/07/14,112479
2013/07/15,104142
2013/07/16,106632
2013/07/17,104859
2013/07/18,110609
2013/07/19,104250
2013/07/20,93286
2013/07/21,85294
2013/07/22,96416
2013/07/23,112539
2013/07/24,122170
2013/07/25,132438
2013/07/26,120360
2013/07/27,105921
2013/07/28,101152
2013/07/29,105804
2013/07/30,104219
2013/07/31,114293
2013/08/01,126055
2013/08/02,125801
2013/08/03,125110
2013/08/04,118366
2013/08/05,119508
2013/08/06,122376
2013/08/07,129835
2013/08/08,129240
2013/08/09,120707
2013/08/10,114714
2013/08/11,96635
2013/08/12,112752
2013/08/13,127526
2013/08/14,141314
2013/08/15,153157
2013/08/16,169841
2013/08/17,152852
2013/08/18,138917
2013/08/19,154071
2013/08/20,156744
2013/08/21,149137
2013/08/22,137603
2013/08/23,133756
2013/08/24,132022
2013/08/25,137319
2013/08/26,144861
2013/08/27,162069
2013/08/28,163723
2013/08/29,149136
2013/08/30,140434
2013/08/31,117498
2013/09/01,103347
2013/09/02,101053
2013/09/03,116589
2013/09/04,134746
2013/09/05,142040
2013/09/06,145465
2013/09/07,151075
2013/09/08,142394
2013/09/09,131647
2013/09/10,125795
2013/09/11,115978
2013/09/12,113775
2013/09/13,106390
2013/09/14,97665
2013/09/15,116693
2013/09/16,142347
2013/09/17,159933
2013/09/18,164130
2013/09/19,150672
2013/09/20,138451
2013/09/21,128667
2013/09/22,119640
2013/09/23,127411
2013/09/24,130837
2013/09/25,125748
2013/09/26,141540
2013/09/27,134868
2013/09/28,124672
2013/09/29,115837
2013/09/30,123966
2013/10/01,133417
2013/10/02,149711
2013/10/03,149826
2013/10/04,140420
2013/10/05,115695
2013/10/06,110184
2013/10/07,126414
2013/10/08,130987
2013/10/09,133172
2013/10/10,134354
2013/10/11,131836
2013/10/12,119185
2013/10/13,116240
2013/10/14,114010
2013/10/15,107871
2013/10/16,111197
2013/10/17,122621
2013/10/18,135584
2013/10/19,134892
2013/10/20,127967
2013/10/21,132080
2013/10/22,134092
2013/10/23,135490
2013/10/24,146779
2013/10/25,138990
2013/10/26,132271
2013/10/27,121726
2013/10/28,127769
2013/10/29,137411
2013/10/30,133409
2013/10/31,133414
2013/11/01,118967
2013/11/02,110751
2013/11/03,104880
2013/11/04,112275
2013/11/05,135657
2013/11/06,164766
2013/11/07,197485
2013/11/08,218831
2013/11/09,212910
2013/11/10,191807
2013/11/11,166584
2013/11/12,149956
2013/11/13,164781
2013/11/14,177040
2013/11/15,179831
2013/11/16,147816
2013/11/17,138480
2013/11/18,193856
2013/11/19,264623
2013/11/20,263253
2013/11/21,266773
2013/11/22,243638
2013/11/23,225983
2013/11/24,199294
2013/11/25,191122
2013/11/26,219617
2013/11/27,247954
2013/11/28,254482
2013/11/29,251991
2013/11/30,224866
2013/12/01,202742
2013/12/02,211752
2013/12/03,201107
2013/12/04,216692
2013/12/05,227580
2013/12/06,202639
2013/12/07,178347
2013/12/08,143287
2013/12/09,153865
2013/12/10,173423
2013/12/11,190567
2013/12/12,182473
2013/12/13,178052
2013/12/14,171076
2013/12/15,171227
2013/12/16,175014
2013/12/17,172962
2013/12/18,188219
2013/12/19,170309
2013/12/20,175012
2013/12/21,172685
2013/12/22,169467
2013/12/23,167190
2013/12/24,166756
2013/12/25,171934
2013/12/26,169704
2013/12/27,157870
2013/12/28,165278
2013/12/29,170939
2013/12/30,175380
2013/12/31,159691
2014/01/01,129873
2014/01/02,165591
2014/01/03,186787
2014/01/04,193479
2014/01/05,177442
2014/01/06,187686
2014/01/07,183568
2014/01/08,171557
2014/01/09,152892
2014/01/10,146882
2014/01/11,142645
2014/01/12,134369
2014/01/13,148690
2014/01/14,163756
2014/01/15,166960
2014/01/16,162854
2014/01/17,175105
2014/01/18,162099
2014/01/19,151056
2014/01/20,163697
2014/01/21,195118
2014/01/22,189881
2014/01/23,186605
2014/01/24,175855
2014/01/25,170926
2014/01/26,172843
2014/01/27,180676
2014/01/28,199975
2014/01/29,199359
2014/01/30,187345
2014/01/31,173969
2014/02/01,160670
2014/02/02,157654
2014/02/03,168454
2014/02/04,197190
2014/02/05,214242
2014/02/06,215434
2014/02/07,229331
2014/02/08,210071
2014/02/09,208320
2014/02/10,206548
2014/02/11,204881
2014/02/12,226920
2014/02/13,225637
2014/02/14,226682
2014/02/15,201187
2014/02/16,170183
2014/02/17,186825
2014/02/18,209216
2014/02/19,214133
2014/02/20,219361
2014/02/21,237473
2014/02/22,215325
2014/02/23,209412
2014/02/24,213890
2014/02/25,251143
2014/02/26,247972
2014/02/27,228462
2014/02/28,226358
2014/03/01,244060
2014/03/02,246070
2014/03/03,289414
2014/03/04,329273
2014/03/05,316172
2014/03/06,276504
2014/03/07,253376
2014/03/08,229325
2014/03/09,211676
2014/03/10,240780
2014/03/11,251645
2014/03/12,249866
2014/03/13,250084
2014/03/14,278379
2014/03/15,237722
2014/03/16,196671
2014/03/17,192534
2014/03/18,186093
2014/03/19,205111
2014/03/20,211786
2014/03/21,226396
2014/03/22,235619
2014/03/23,192424
2014/03/24,197379
2014/03/25,219772
2014/03/26,240182
2014/03/27,241684
2014/03/28,230195
2014/03/29,199574
2014/03/30,210481
2014/03/31,210970
2014/04/01,217496
2014/04/02,205627
2014/04/03,189271
2014/04/04,190056
2014/04/05,191167
2014/04/06,203172
2014/04/07,224595
2014/04/08,262900
2014/04/09,260007
2014/04/10,257181
2014/04/11,237229
2014/04/12,201923
2014/04/13,175061
2014/04/14,190438
2014/04/15,219829
2014/04/16,252013
2014/04/17,242400
2014/04/18,222447
2014/04/19,202383
2014/04/20,183414
2014/04/21,184018
2014/04/22,235811
2014/04/23,248759
2014/04/24,268535
2014/04/25,246875
2014/04/26,212138
2014/04/27,188215
2014/04/28,209747
2014/04/29,223357
2014/04/30,250656
2014/05/01,223890
2014/05/02,214741
2014/05/03,204194
2014/05/04,203800
2014/05/05,250546
2014/05/06,242802
2014/05/07,244946
2014/05/08,233502
2014/05/09,226258
2014/05/10,196204
2014/05/11,202008
2014/05/12,229333
2014/05/13,237688
2014/05/14,251612
2014/05/15,249992
2014/05/16,231259
2014/05/17,205656
2014/05/18,190660
2014/05/19,213562
2014/05/20,235514
2014/05/21,241405
2014/05/22,242729
2014/05/23,246488
2014/05/24,220850
2014/05/25,215738
2014/05/26,230123
2014/05/27,268146
2014/05/28,265023
2014/05/29,268304
2014/05/30,242096
2014/05/31,222792
2014/06/01,208588
2014/06/02,202809
2014/06/03,218043
2014/06/04,213678
2014/06/05,238677
2014/06/06,258268
2014/06/07,227043
2014/06/08,221121
2014/06/09,223090
2014/06/10,235045
2014/06/11,244259
2014/06/12,238894
2014/06/13,234216
2014/06/14,203110
2014/06/15,182842
2014/06/16,194667
2014/06/17,208011
2014/06/18,224961
2014/06/19,227156
2014/06/20,203733
2014/06/21,181193
2014/06/22,174144
2014/06/23,189082
2014/06/24,198545
2014/06/25,203113
2014/06/26,204332
2014/06/27,194458
2014/06/28,184731
2014/06/29,188467
2014/06/30,258135
2014/07/01,306012
2014/07/02,309851
2014/07/03,285679
2014/07/04,236507
2014/07/05,202458
2014/07/06,210505
2014/07/07,235244
2014/07/08,266123
2014/07/09,265723
2014/07/10,259924
2014/07/11,244027
2014/07/12,216998
2014/07/13,209907
2014/07/14,234715
2014/07/15,252408
2014/07/16,259724
2014/07/17,242648
2014/07/18,230839
2014/07/19,208161
2014/07/20,208154
2014/07/21,225082
2014/07/22,252646
2014/07/23,261383
2014/07/24,267064
2014/07/25,248698
2014/07/26,235953
2014/07/27,223786
2014/07/28,237928
2014/07/29,241860
2014/07/30,238148
2014/07/31,249795
2014/08/01,248490
2014/08/02,220354
2014/08/03,203109
2014/08/04,248433
2014/08/05,295397
2014/08/06,301910
2014/08/07,274665
2014/08/08,257451
2014/08/09,221355
2014/08/10,209039
2014/08/11,224353
2014/08/12,245096
2014/08/13,285051
2014/08/14,277923
2014/08/15,268502
2014/08/16,284717
2014/08/17,252760
2014/08/18,227779
2014/08/19,216374
2014/08/20,230432
2014/08/21,243666
2014/08/22,248271
2014/08/23,222273
2014/08/24,227501
2014/08/25,258489
2014/08/26,259454
2014/08/27,256800
2014/08/28,237553
2014/08/29,222892
2014/08/30,201059
2014/08/31,187109
2014/09/01,239022
2014/09/02,269870
2014/09/03,262739
2014/09/04,251467
2014/09/05,259363
2014/09/06,230333
2014/09/07,236801
2014/09/08,265046
2014/09/09,317182
2014/09/10,320421
2014/09/11,269197
2014/09/12,244399
2014/09/13,207444
2014/09/14,238176
2014/09/15,266251
2014/09/16,290212
2014/09/17,267178
2014/09/18,247870
2014/09/19,229603
2014/09/20,217354
2014/09/21,215275
2014/09/22,237889
2014/09/23,278086
2014/09/24,289388
2014/09/25,288472
2014/09/26,297086
2014/09/27,296765
2014/09/28,313375
2014/09/29,319529
2014/09/30,310820
2014/10/01,302866
2014/10/02,298996
2014/10/03,295075
2014/10/04,285133
2014/10/05,274776
2014/10/06,275469
2014/10/07,306600
2014/10/08,313141
2014/10/09,309160
2014/10/10,294189
2014/10/11,269595
2014/10/12,273554
2014/10/13,284996
2014/10/14,330507
2014/10/15,320603
2014/10/16,302794
2014/10/17,289652
2014/10/18,256753
2014/10/19,279347
2014/10/20,310461
2014/10/21,320703
2014/10/22,305100
2014/10/23,302481
2014/10/24,285700
2014/10/25,274077
2014/10/26,300097
2014/10/27,312935
2014/10/28,337447
2014/10/29,330196
2014/10/30,314764
2014/10/31,279859
2014/11/01,255808
2014/11/02,281046
2014/11/03,297484
2014/11/04,305765
2014/11/05,327098
2014/11/06,342316
2014/11/07,344249
2014/11/08,303887
2014/11/09,302910
2014/11/10,322857
2014/11/11,361051
2014/11/12,372083
2014/11/13,378639
2014/11/14,351131
2014/11/15,315629
2014/11/16,308294
2014/11/17,337302
2014/11/18,337366
2014/11/19,338587
2014/11/20,347179
2014/11/21,360254
2014/11/22,315297
2014/11/23,316517
2014/11/24,328842
2014/11/25,360435
2014/11/26,354961
2014/11/27,350154
2014/11/28,336365
2014/11/29,303801
2014/11/30,326528
2014/12/01,373691
2014/12/02,394298
2014/12/03,436617
2014/12/04,412500
2014/12/05,367164
2014/12/06,334382
2014/12/07,338231
2014/12/08,347391
2014/12/09,355295
2014/12/10,352450
2014/12/11,339539
2014/12/12,333696
2014/12/13,307732
2014/12/14,334098
2014/12/15,375221
2014/12/16,415044
2014/12/17,443905
2014/12/18,439652
2014/12/19,418457
2014/12/20,395983
2014/12/21,370660
2014/12/22,357709
2014/12/23,372043
2014/12/24,334833
2014/12/25,279940
2014/12/26,264358
2014/12/27,276267
2014/12/28,282738
2014/12/29,283836
2014/12/30,291917
2014/12/31,282558
2015/01/01,233778
2015/01/02,239939
2015/01/03,267119
2015/01/04,283612
2015/01/05,323671
2015/01/06,324361
2015/01/07,336202
2015/01/08,361935
2015/01/09,390489
2015/01/10,399695
2015/01/11,367102
2015/01/12,371634
2015/01/13,421769
2015/01/14,432790
2015/01/15,430381
2015/01/16,407991
2015/01/17,397298
2015/01/18,356382
2015/01/19,373425
2015/01/20,412756
2015/01/21,394197
2015/01/22,391262
2015/01/23,386323
2015/01/24,382312
2015/01/25,417895
2015/01/26,460232
2015/01/27,432344
2015/01/28,346873
2015/01/29,296416
2015/01/30,296012
2015/01/31,308653
2015/02/01,307224
2015/02/02,306760
2015/02/03,354835
2015/02/04,341547
2015/02/05,319996
2015/02/06,281580
2015/02/07,279041
2015/02/08,341712
2015/02/09,366085
2015/02/10,388553
2015/02/11,367383
2015/02/12,392793
2015/02/13,448960
2015/02/14,445240
2015/02/15,456559
2015/02/16,433015
2015/02/17,439218
2015/02/18,398167
2015/02/19,352514
2015/02/20,356678
2015/02/21,380845
2015/02/22,375650
2015/02/23,387955
2015/02/24,412021
2015/02/25,390481
2015/02/26,373141
2015/02/27,368367
2015/02/28,406847
2015/03/01,407255
2015/03/02,409453
2015/03/03,405058
2015/03/04,404309
2015/03/05,439993
2015/03/06,421675
2015/03/07,403711
2015/03/08,370319
2015/03/09,404911
2015/03/10,407560
2015/03/11,411448
2015/03/12,433362
2015/03/13,408425
2015/03/14,398421
2015/03/15,368663
2015/03/16,397597
2015/03/17,407528
2015/03/18,397635
2015/03/19,422942
2015/03/20,420226
2015/03/21,385502
2015/03/22,378650
2015/03/23,395727
2015/03/24,350114
2015/03/25,323152
2015/03/26,336922
2015/03/27,325242
2015/03/28,332573
2015/03/29,340429
2015/03/30,382210
2015/03/31,397406
2015/04/01,437321
2015/04/02,406705
2015/04/03,405462
2015/04/04,367738
2015/04/05,370556
2015/04/06,417043
2015/04/07,416223
2015/04/08,440596
2015/04/09,439310
2015/04/10,411049
2015/04/11,394352
2015/04/12,378879
2015/04/13,396097
2015/04/14,398012
2015/04/15,425244
2015/04/16,398022
2015/04/17,407747
2015/04/18,385720
2015/04/19,376949
2015/04/20,380025
2015/04/21,382570
2015/04/22,388986
2015/04/23,423432
2015/04/24,464737
2015/04/25,405011
2015/04/26,381063
2015/04/27,399164
2015/04/28,401565
2015/04/29,448882
2015/04/30,448515
2015/05/01,397894
2015/05/02,371570
2015/05/03,353064
2015/05/04,395988
2015/05/05,396365
2015/05/06,383116
2015/05/07,395753
2015/05/08,400633
2015/05/09,393976
2015/05/10,404807
2015/05/11,400973
2015/05/12,402818
2015/05/13,377353
2015/05/14,355090
2015/05/15,357218
2015/05/16,374308
2015/05/17,347183
2015/05/18,356332
2015/05/19,402153
2015/05/20,407751
2015/05/21,372264
2015/05/22,382510
2015/05/23,409828
2015/05/24,412583
2015/05/25,418027
2015/05/26,417876
2015/05/27,429536
2015/05/28,442192
2015/05/29,434999
2015/05/30,456186
2015/05/31,420170
2015/06/01,472041
2015/06/02,474652
2015/06/03,480639
2015/06/04,451658
2015/06/05,433715
2015/06/06,356399
2015/06/07,344140
2015/06/08,352680
2015/06/09,393171
2015/06/10,447076
2015/06/11,462945
2015/06/12,474333
2015/06/13,423759
2015/06/14,408338
2015/06/15,454577
2015/06/16,525617
2015/06/17,532283
2015/06/18,508168
2015/06/19,504551
2015/06/20,472719
2015/06/21,462559
2015/06/22,521186
2015/06/23,533783
2015/06/24,464780
2015/06/25,394791
2015/06/26,392227
2015/06/27,441385
2015/06/28,437568
2015/06/29,461954
2015/06/30,530295
2015/07/01,597817
2015/07/02,549614
2015/07/03,479773
2015/07/04,416871
2015/07/05,422099
2015/07/06,465884
2015/07/07,627380
2015/07/08,709457
2015/07/09,746170
2015/07/10,693243
2015/07/11,712096
2015/07/12,744583
2015/07/13,742248
2015/07/14,726707
2015/07/15,689641
2015/07/16,689868
2015/07/17,681807
2015/07/18,669341
2015/07/19,650860
2015/07/20,541846
2015/07/21,520647
2015/07/22,483123
2015/07/23,444209
2015/07/24,399035
2015/07/25,369596
2015/07/26,397754
2015/07/27,469678
2015/07/28,536815
2015/07/29,700203
2015/07/30,764287
2015/07/31,777037
2015/08/01,746388
2015/08/02,583306
2015/08/03,491772
2015/08/04,621728
2015/08/05,742089
2015/08/06,792419
2015/08/07,644234
2015/08/08,472050
2015/08/09,384031
2015/08/10,406373
2015/08/11,416686
2015/08/12,463392
2015/08/13,458079
2015/08/14,448486
2015/08/15,414121
2015/08/16,391930
2015/08/17,404042
2015/08/18,444488
2015/08/19,437819
2015/08/20,421677
2015/08/21,387826
2015/08/22,378960
2015/08/23,391394
2015/08/24,431515
2015/08/25,465936
2015/08/26,431741
2015/08/27,428470
2015/08/28,416742
2015/08/29,386208
2015/08/30,371821
2015/08/31,409604
2015/09/01,439286
2015/09/02,604093
2015/09/03,574472
2015/09/04,468499
2015/09/05,425065
2015/09/06,414294
2015/09/07,450549
2015/09/08,573804
2015/09/09,674452
2015/09/10,707401
2015/09/11,703230
2015/09/12,680116
2015/09/13,648671
2015/09/14,689367
2015/09/15,700238
2015/09/16,694201
2015/09/17,694131
2015/09/18,626021
2015/09/19,537675
2015/09/20,488749
2015/09/21,539065
2015/09/22,523738
2015/09/23,492307
2015/09/24,478083
2015/09/25,453537
2015/09/26,443008
2015/09/27,438327
2015/09/28,477583
2015/09/29,477537
2015/09/30,497647
2015/10/01,477345
2015/10/02,502025
2015/10/03,448512
2015/10/04,405193
2015/10/05,401239
2015/10/06,474444
2015/10/07,594592
2015/10/08,648304
2015/10/09,631270
2015/10/10,624289
2015/10/11,580558
2015/10/12,573297
2015/10/13,559411
2015/10/14,543896
2015/10/15,536870
2015/10/16,555951
2015/10/17,582144
2015/10/18,562509
2015/10/19,532704
2015/10/20,603550
2015/10/21,597436
2015/10/22,576607
2015/10/23,554216
2015/10/24,538964
2015/10/25,531285
2015/10/26,501947
2015/10/27,520239
2015/10/28,558088
2015/10/29,584447
2015/10/30,554725
2015/10/31,541183
2015/11/01,537239
2015/11/02,583524
2015/11/03,640652
2015/11/04,724153
2015/11/05,740215
2015/11/06,702959
2015/11/07,608998
2015/11/08,562311
2015/11/09,583694
2015/11/10,602492
2015/11/11,568373
2015/11/12,538211
2015/11/13,508864
2015/11/14,522696
2015/11/15,511936
2015/11/16,517077
2015/11/17,535603
2015/11/18,571898
2015/11/19,597256
2015/11/20,555608
2015/11/21,504440
2015/11/22,459011
2015/11/23,481645
2015/11/24,506201
2015/11/25,539521
2015/11/26,541736
2015/11/27,596763
2015/11/28,581534
2015/11/29,518675
2015/11/30,579214
2015/12/01,583209
2015/12/02,629020
2015/12/03,634684
2015/12/04,618009
2015/12/05,590428
2015/12/06,586622
2015/12/07,637835
2015/12/08,636899
2015/12/09,664156
2015/12/10,598112
2015/12/11,610575
2015/12/12,645628
2015/12/13,680267
2015/12/14,659372
2015/12/15,635406
2015/12/16,650198
2015/12/17,667224
2015/12/18,644101
2015/12/19,643266
2015/12/20,619679
2015/12/21,692079
2015/12/22,730334
2015/12/23,721068
2015/12/24,718675
2015/12/25,621738
2015/12/26,569022
2015/12/27,492556
2015/12/28,567550
2015/12/29,603711
2015/12/30,593334
2015/12/31,565570
2016/01/01,523932
2016/01/02,546741
2016/01/03,552728
2016/01/04,559912
2016/01/05,598906
2016/01/06,637862
2016/01/07,680032
2016/01/08,637044
2016/01/09,631252
2016/01/10,571292
2016/01/11,608693
2016/01/12,609240
2016/01/13,649798
2016/01/14,685805
2016/01/15,744917
2016/01/16,754451
2016/01/17,756493
2016/01/18,708340
2016/01/19,734350
2016/01/20,799829
2016/01/21,836355
2016/01/22,754594
2016/01/23,646320
2016/01/24,610270
2016/01/25,661207
2016/01/26,714271
2016/01/27,739410
2016/01/28,770253
2016/01/29,733108
2016/01/30,645535
2016/01/31,580868
2016/02/01,667839
2016/02/02,753275
2016/02/03,720257
2016/02/04,678067
2016/02/05,650217
2016/02/06,626728
2016/02/07,658859
2016/02/08,743365
2016/02/09,737712
2016/02/10,737695
2016/02/11,681737
2016/02/12,643634
2016/02/13,626769
2016/02/14,624969
2016/02/15,694529
2016/02/16,738443
2016/02/17,767471
2016/02/18,710091
2016/02/19,729434
2016/02/20,732990
2016/02/21,796574
2016/02/22,853920
2016/02/23,881886
2016/02/24,903103
2016/02/25,852683
2016/02/26,801904
2016/02/27,725116
2016/02/28,740373
2016/02/29,827739
2016/03/01,886296
2016/03/02,903953
2016/03/03,911266
2016/03/04,850194
2016/03/05,805598
2016/03/06,705453
2016/03/07,693712
2016/03/08,681023
2016/03/09,716826
2016/03/10,699847
2016/03/11,656761
2016/03/12,604547
2016/03/13,612636
2016/03/14,671357
2016/03/15,680417
2016/03/16,676793
2016/03/17,706958
2016/03/18,730117
2016/03/19,690956
2016/03/20,666899
2016/03/21,703973
2016/03/22,718484
2016/03/23,701043
2016/03/24,680916
2016/03/25,649097
2016/03/26,632923
2016/03/27,627080
2016/03/28,651218
2016/03/29,747896
2016/03/30,765609
2016/03/31,811557
2016/04/01,790679
2016/04/02,796354
2016/04/03,757801
2016/04/04,710255
2016/04/05,715161
2016/04/06,711976
2016/04/07,738131
2016/04/08,729432
2016/04/09,683275
2016/04/10,607998
2016/04/11,675713
2016/04/12,766964
2016/04/13,760605
2016/04/14,732088
2016/04/15,752175
2016/04/16,720521
2016/04/17,686570
2016/04/18,750951
2016/04/19,763942
2016/04/20,737940
2016/04/21,723099
2016/04/22,747458
2016/04/23,707517
2016/04/24,711310
2016/04/25,788950
2016/04/26,819342
2016/04/27,854396
2016/04/28,875968
2016/04/29,851391
2016/04/30,799221
2016/05/01,700767
2016/05/02,710291
2016/05/03,743680
2016/05/04,738033
2016/05/05,717568
2016/05/06,695545
2016/05/07,669229
2016/05/08,618817
2016/05/09,619511
2016/05/10,672479
2016/05/11,755102
2016/05/12,782071
2016/05/13,776765
2016/05/14,790319
2016/05/15,786662
2016/05/16,847922
2016/05/17,865754
2016/05/18,877221
2016/05/19,913558
2016/05/20,854862
2016/05/21,865366
2016/05/22,729084
2016/05/23,672796
2016/05/24,740921
2016/05/25,826221
2016/05/26,841997
2016/05/27,892565
2016/05/28,884390
2016/05/29,785766
2016/05/30,816375
2016/05/31,844021
2016/06/01,857203
2016/06/02,837610
2016/06/03,831694
2016/06/04,835521
2016/06/05,724475
2016/06/06,696480
2016/06/07,738742
2016/06/08,786481
2016/06/09,761575
2016/06/10,785157
2016/06/11,742299
2016/06/12,784090
2016/06/13,850421
2016/06/14,921059
2016/06/15,929493
2016/06/16,943686
2016/06/17,937387
2016/06/18,903650
2016/06/19,805839
2016/06/20,775721
2016/06/21,837988
2016/06/22,907758
2016/06/23,927515
2016/06/24,935461
2016/06/25,863741
2016/06/26,802345
2016/06/27,774698
2016/06/28,766041
2016/06/29,765076
2016/06/30,780198
2016/07/01,767856
2016/07/02,730028
2016/07/03,663739
2016/07/04,690266
2016/07/05,743381
2016/07/06,784965
2016/07/07,808043
2016/07/08,796598
2016/07/09,725809
2016/07/10,642149
2016/07/11,701507
2016/07/12,749895
2016/07/13,800752
2016/07/14,801781
2016/07/15,797842
2016/07/16,740635
2016/07/17,715791
2016/07/18,760664
2016/07/19,821570
2016/07/20,822755
2016/07/21,814280
2016/07/22,834800
2016/07/23,835943
2016/07/24,815125
2016/07/25,856482
2016/07/26,896697
2016/07/27,920159
2016/07/28,898642
2016/07/29,856482
2016/07/30,854995
2016/07/31,824319
2016/08/01,816892
2016/08/02,833411
2016/08/03,817588
2016/08/04,797196
2016/08/05,742530
2016/08/06,673345
2016/08/07,707334
2016/08/08,778855
2016/08/09,847987
2016/08/10,850614
2016/08/11,855117
2016/08/12,828482
2016/08/13,744312
2016/08/14,675711
2016/08/15,728906
2016/08/16,836503
2016/08/17,916471
2016/08/18,869293
2016/08/19,819905
2016/08/20,753685
2016/08/21,677189
2016/08/22,716335
2016/08/23,778514
2016/08/24,785199
2016/08/25,824203
2016/08/26,837523
2016/08/27,769515
2016/08/28,673884
2016/08/29,721705
2016/08/30,762593
2016/08/31,813186
2016/09/01,833326
2016/09/02,785449
2016/09/03,768646
2016/09/04,667351
2016/09/05,761509
2016/09/06,823384
2016/09/07,840283
2016/09/08,821240
2016/09/09,812692
2016/09/10,729915
2016/09/11,646816
2016/09/12,650338
2016/09/13,719248
2016/09/14,757449
2016/09/15,761287
2016/09/16,765591
2016/09/17,760815
2016/09/18,719637
2016/09/19,769271
2016/09/20,782644
2016/09/21,755652
2016/09/22,748768
2016/09/23,775300
2016/09/24,713378
2016/09/25,631543
2016/09/26,681618
2016/09/27,734133
2016/09/28,774289
2016/09/29,804467
2016/09/30,829586
2016/10/01,775478
2016/10/02,736835
2016/10/03,790251
2016/10/04,819827
2016/10/05,813112
2016/10/06,813911
2016/10/07,840950
2016/10/08,807603
2016/10/09,739373
2016/10/10,783419
2016/10/11,861311
2016/10/12,882957
2016/10/13,897967
2016/10/14,877369
2016/10/15,828981
2016/10/16,783032
2016/10/17,847995
2016/10/18,857215
2016/10/19,839180
2016/10/20,898075
2016/10/21,855838
2016/10/22,823454
2016/10/23,792558
2016/10/24,839527
2016/10/25,899394
2016/10/26,949487
2016/10/27,970851
2016/10/28,896449
2016/10/29,821546
2016/10/30,706885
2016/10/31,743051
2016/11/01,803172
2016/11/02,872620
2016/11/03,860302
2016/11/04,906127
2016/11/05,853616
2016/11/06,788814
2016/11/07,818948
2016/11/08,850421
2016/11/09,882358
2016/11/10,843830
2016/11/11,794136
2016/11/12,740812
2016/11/13,749220
2016/11/14,771231
2016/11/15,819432
2016/11/16,812100
2016/11/17,855301
2016/11/18,897471
2016/11/19,886885
2016/11/20,890760
2016/11/21,904078
2016/11/22,937242
2016/11/23,948832
2016/11/24,952614
2016/11/25,947059
2016/11/26,945296
2016/11/27,882799
2016/11/28,885807
2016/11/29,892960
2016/11/30,909618
2016/12/01,904784
2016/12/02,940079
2016/12/03,915789
2016/12/04,884799
2016/12/05,873738
2016/12/06,918360
2016/12/07,910049
2016/12/08,880197
2016/12/09,895837
2016/12/10,900962
2016/12/11,796485
2016/12/12,780685
2016/12/13,790046
2016/12/14,856701
2016/12/15,913990
2016/12/16,951972
2016/12/17,889877
2016/12/18,864073
2016/12/19,880616
2016/12/20,933601
2016/12/21,957822
2016/12/22,942887
2016/12/23,911185
2016/12/24,876664
2016/12/25,756942
2016/12/26,786372
2016/12/27,831545
2016/12/28,869014
2016/12/29,905716
2016/12/30,893984
2016/12/31,849177
2017/01/01,762444
2017/01/02,839188
2017/01/03,884586
2017/01/04,952619
2017/01/05,971799
2017/01/06,984492
2017/01/07,985683
2017/01/08,898264
2017/01/09,896099
2017/01/10,922515
2017/01/11,935166
2017/01/12,868382
2017/01/13,841223
2017/01/14,785076
2017/01/15,726121
2017/01/16,728568
2017/01/17,815661
2017/01/18,873308
2017/01/19,865089
2017/01/20,788150
2017/01/21,726281
2017/01/22,688606
2017/01/23,794627
2017/01/24,902067
2017/01/25,969837
2017/01/26,988042
2017/01/27,914443
2017/01/28,883399
2017/01/29,863265
2017/01/30,911214
2017/01/31,941809
2017/02/01,960096
2017/02/02,937583
2017/02/03,950360
2017/02/04,951928
2017/02/05,958078
2017/02/06,967525
2017/02/07,958815
2017/02/08,958909
2017/02/09,955922
2017/02/10,962555
2017/02/11,963601
2017/02/12,918625
2017/02/13,906578
2017/02/14,891181
2017/02/15,916616
2017/02/16,947709
2017/02/17,965785
2017/02/18,966256
2017/02/19,947530
2017/02/20,946206
2017/02/21,947008
2017/02/22,963608
2017/02/23,964271
2017/02/24,968604
2017/02/25,966928
2017/02/26,944766
2017/02/27,940797
2017/02/28,952709
2017/03/01,969760
2017/03/02,965478
2017/03/03,974290
2017/03/04,980568
2017/03/05,984417
2017/03/06,974768
2017/03/07,973076
2017/03/08,975507
2017/03/09,984769
2017/03/10,989665
2017/03/11,994612
2017/03/12,977819
2017/03/13,977665
2017/03/14,968790
2017/03/15,976537
2017/03/16,982450
2017/03/17,991109
2017/03/18,967500
2017/03/19,924385
2017/03/20,941970
2017/03/21,964891
2017/03/22,981198
2017/03/23,973495
2017/03/24,920265
2017/03/25,920707
2017/03/26,795612
2017/03/27,831978
2017/03/28,905541
2017/03/29,965222
2017/03/30,969863
2017/03/31,963226
2017/04/01,964096
2017/04/02,894527
2017/04/03,875011
2017/04/04,918989
2017/04/05,955681
2017/04/06,974053
2017/04/07,975768
2017/04/08,975951
2017/04/09,950389
2017/04/10,929592
2017/04/11,941432
2017/04/12,965072
2017/04/13,974402
2017/04/14,985560
2017/04/15,989634
2017/04/16,960045
2017/04/17,939734
2017/04/18,942519
2017/04/19,965668
2017/04/20,974240
2017/04/21,976586
2017/04/22,974078
2017/04/23,960733
2017/04/24,959511
2017/04/25,961891
2017/04/26,968363
2017/04/27,968679
2017/04/28,982769
2017/04/29,979197
2017/04/30,975833
2017/05/01,974520
2017/05/02,977825
2017/05/03,987212
2017/05/04,980577
2017/05/05,970104
2017/05/06,964640
2017/05/07,964187
2017/05/08,966423
2017/05/09,977331
2017/05/10,970619
2017/05/11,965225
2017/05/12,957649
2017/05/13,955863
2017/05/14,964920
2017/05/15,969483
2017/05/16,972982
2017/05/17,977297
2017/05/18,976843
2017/05/19,974064
2017/05/20,969712
2017/05/21,979380
2017/05/22,974641
2017/05/23,976587
2017/05/24,972553
2017/05/25,974985
2017/05/26,966688
2017/05/27,978052
2017/05/28,979191
2017/05/29,980105
2017/05/30,979183
2017/05/31,978116
2017/06/01,977790
2017/06/02,979610
2017/06/03,980731
2017/06/04,981779
2017/06/05,973094
2017/06/06,980142
2017/06/07,986732
2017/06/08,980539
2017/06/09,975312
2017/06/10,969294
2017/06/11,957063
2017/06/12,959949
2017/06/13,968602
2017/06/14,971577
2017/06/15,983074
2017/06/16,984474
2017/06/17,986192
2017/06/18,960652
2017/06/19,969572
2017/06/20,967515
2017/06/21,977645
2017/06/22,984798
2017/06/23,969059
2017/06/24,956560
2017/06/25,938539
2017/06/26,961077
2017/06/27,978587
2017/06/28,980731
2017/06/29,972523
2017/06/30,962451
2017/07/01,921194
2017/07/02,843339
2017/07/03,814785
2017/07/04,850286
2017/07/05,889659
2017/07/06,930754
2017/07/07,938805
2017/07/08,901102
2017/07/09,817201
2017/07/10,766268
2017/07/11,818793
2017/07/12,861845
2017/07/13,869791
2017/07/14,882061
2017/07/15,930036
2017/07/16,895083
2017/07/17,915149
2017/07/18,934772
2017/07/19,946924
2017/07/20,937650
2017/07/21,954544
2017/07/22,943209
2017/07/23,812931
2017/07/24,829205
2017/07/25,879078
2017/07/26,944075
2017/07/27,939876
2017/07/28,927441
2017/07/29,895574
2017/07/30,848631
2017/07/31,878758
2017/08/01,806527
2017/08/02,835176
2017/08/03,847921
2017/08/04,897956
2017/08/05,893391
2017/08/06,840903
2017/08/07,880783
2017/08/08,935179
2017/08/09,960699
2017/08/10,971821
2017/08/11,969624
2017/08/12,975812
2017/08/13,979411
2017/08/14,968641
2017/08/15,969760
2017/08/16,967515
2017/08/17,974012
2017/08/18,967259
2017/08/19,966254
2017/08/20,962791
2017/08/21,969719
2017/08/22,984742
2017/08/23,988645
2017/08/24,964274
2017/08/25,941149
2017/08/26,964559
2017/08/27,981906
2017/08/28,986052
2017/08/29,989658
2017/08/30,985865
2017/08/31,982228
2017/09/01,974057
2017/09/02,888863
2017/09/03,810549
2017/09/04,849468
2017/09/05,813982
2017/09/06,855649
2017/09/07,827253
2017/09/08,870056
2017/09/09,795804
2017/09/10,778804
2017/09/11,787451
2017/09/12,751228
2017/09/13,719704
2017/09/14,742336
2017/09/15,792213
2017/09/16,750481
2017/09/17,651674
2017/09/18,750494
2017/09/19,857282
2017/09/20,919944
2017/09/21,836375
2017/09/22,793065
2017/09/23,686090
2017/09/24,649166
2017/09/25,756729
2017/09/26,866928
2017/09/27,866647
2017/09/28,835232
2017/09/29,805369
2017/09/30,777056
2017/10/01,822491
2017/10/02,895794
2017/10/03,884900
2017/10/04,835272
2017/10/05,887381
2017/10/06,890238
2017/10/07,850221
2017/10/08,771970
2017/10/09,805943
2017/10/10,860126
2017/10/11,921068
2017/10/12,924531
2017/10/13,938937
2017/10/14,943693
2017/10/15,890374
2017/10/16,856439
2017/10/17,869641
2017/10/18,901289
2017/10/19,910129
2017/10/20,905518
2017/10/21,916666
2017/10/22,925726
2017/10/23,917230
2017/10/24,941144
2017/10/25,934564
2017/10/26,817406
2017/10/27,867544
2017/10/28,914421
2017/10/29,954343
2017/10/30,959604
2017/10/31,968578
2017/11/01,969571
2017/11/02,961519
2017/11/03,958376
2017/11/04,956815
2017/11/05,958106
2017/11/06,958567
2017/11/07,953216
2017/11/08,952639
2017/11/09,950255
2017/11/10,954182
2017/11/11,955402
2017/11/12,959017
2017/11/13,960417
2017/11/14,954617
2017/11/15,956845
2017/11/16,951075
2017/11/17,955063
2017/11/18,963399
2017/11/19,966921
2017/11/20,956933
2017/11/21,957328
2017/11/22,962245
2017/11/23,963830
2017/11/24,960268
2017/11/25,962710
2017/11/26,960764
2017/11/27,959707
2017/11/28,961017
2017/11/29,964238
2017/11/30,970245
2017/12/01,972396
2017/12/02,967506
2017/12/03,967753
2017/12/04,971112
2017/12/05,968188
2017/12/06,965423
2017/12/07,955604
2017/12/08,958250
2017/12/09,965591
2017/12/10,970268
2017/12/11,970648
2017/12/12,969433
2017/12/13,973929
2017/12/14,972324
2017/12/15,971422
2017/12/16,970567
2017/12/17,970211
2017/12/18,969414
2017/12/19,968533
2017/12/20,970868
2017/12/21,962982
2017/12/22,968815
2017/12/23,973512
2017/12/24,976881
2017/12/25,973815
2017/12/26,972114
2017/12/27,964692
2017/12/28,966236
2017/12/29,969846
2017/12/30,965302
2017/12/31,962059
2018/01/01,963035
2018/01/02,966351
2018/01/03,971746
2018/01/04,974539
2018/01/05,975332
2018/01/06,973349
2018/01/07,973071
2018/01/08,964164
2018/01/09,966394
2018/01/10,968169
2018/01/11,964040
2018/01/12,970592
2018/01/13,959950
2018/01/14,965219
2018/01/15,966231
2018/01/16,966945
2018/01/17,963318
2018/01/18,963684
2018/01/19,964645
2018/01/20,956268
2018/01/21,950788
2018/01/22,959270
2018/01/23,968201
2018/01/24,969559
2018/01/25,961091
2018/01/26,959110
2018/01/27,948948
2018/01/28,941316
2018/01/29,931309
2018/01/30,914982
2018/01/31,926939
2018/02/01,944416
2018/02/02,947630
2018/02/03,931849
2018/02/04,907325
2018/02/05,898969
2018/02/06,928584
2018/02/07,942999
2018/02/08,947719
2018/02/09,951135
2018/02/10,950280
2018/02/11,948767
2018/02/12,944373
2018/02/13,944817
2018/02/14,942611
2018/02/15,944021
2018/02/16,920433
2018/02/17,912985
2018/02/18,912294
2018/02/19,926583
2018/02/20,923931
2018/02/21,914750
2018/02/22,875178
2018/02/23,891862
2018/02/24,930207
2018/02/25,805797
2018/02/26,835630
2018/02/27,871389
2018/02/28,917382
2018/03/01,917294
2018/03/02,832623
2018/03/03,850487
2018/03/04,877356
2018/03/05,903140
2018/03/06,912508
2018/03/07,911217
2018/03/08,911917
2018/03/09,907094
2018/03/10,904280
2018/03/11,910100
2018/03/12,873248
2018/03/13,831309
2018/03/14,727267
2018/03/15,678093
2018/03/16,619440
2018/03/17,521558
2018/03/18,541985
2018/03/19,554756
2018/03/20,624633
2018/03/21,606070
2018/03/22,646533
2018/03/23,666575
2018/03/24,584367
2018/03/25,509748
2018/03/26,538793
2018/03/27,592087
2018/03/28,610726
2018/03/29,587590
2018/03/30,550784
2018/03/31,546564
2018/04/01,460154
2018/04/02,455158
2018/04/03,503618
2018/04/04,564193
2018/04/05,561764
2018/04/06,628113
2018/04/07,556211
2018/04/08,452955
2018/04/09,507587
2018/04/10,557883
2018/04/11,564060
2018/04/12,618894
2018/04/13,617917
2018/04/14,658369
2018/04/15,691281
2018/04/16,727498
2018/04/17,676830
2018/04/18,607537
2018/04/19,548264
2018/04/20,603633
2018/04/21,626672
2018/04/22,550288
2018/04/23,571957
2018/04/24,687035
2018/04/25,815934
2018/04/26,796430
2018/04/27,798470
2018/04/28,749477
2018/04/29,633362
2018/04/30,600298
2018/05/01,570765
2018/05/02,639013
2018/05/03,693188
2018/05/04,772522
2018/05/05,702291
2018/05/06,656336
2018/05/07,673975
2018/05/08,737356
2018/05/09,691337
2018/05/10,645967
2018/05/11,728433
2018/05/12,643220
2018/05/13,549328
2018/05/14,606885
2018/05/15,640933
2018/05/16,585357
2018/05/17,633590
2018/05/18,671351
2018/05/19,591099
2018/05/20,504101
2018/05/21,546238
2018/05/22,568842
2018/05/23,599043
2018/05/24,595893
2018/05/25,553173
2018/05/26,466286
2018/05/27,400430
2018/05/28,479004
2018/05/29,593026
2018/05/30,580131
2018/05/31,561394
2018/06/01,564674
2018/06/02,540255
2018/06/03,602135
2018/06/04,774594
2018/06/05,785779
2018/06/06,822765
2018/06/07,875259
2018/06/08,831909
2018/06/09,664390
2018/06/10,594169
2018/06/11,605116
2018/06/12,751874
2018/06/13,774775
2018/06/14,686585
2018/06/15,649497
2018/06/16,508221
2018/06/17,436833
2018/06/18,450959
2018/06/19,615365
2018/06/20,806861
2018/06/21,684910
2018/06/22,635043
2018/06/23,511090
2018/06/24,444873
2018/06/25,597846
2018/06/26,793868
2018/06/27,905410
2018/06/28,744812
2018/06/29,636533
2018/06/30,711149
2018/07/01,672353
2018/07/02,749380
2018/07/03,841518
2018/07/04,839826
2018/07/05,734711
2018/07/06,619935
2018/07/07,508712
2018/07/08,477828
2018/07/09,687445
2018/07/10,790949
2018/07/11,842353
2018/07/12,849329
2018/07/13,863203
2018/07/14,880592
2018/07/15,759942
2018/07/16,731739
2018/07/17,713663
2018/07/18,809403
2018/07/19,715198
2018/07/20,671860
2018/07/21,600526
2018/07/22,478803
2018/07/23,569273
2018/07/24,671479
2018/07/25,770520
2018/07/26,704058
2018/07/27,711850
2018/07/28,647850
2018/07/29,529960
2018/07/30,601562
2018/07/31,694656
2018/08/01,787409
2018/08/02,722034
2018/08/03,678642
2018/08/04,553743
2018/08/05,495317
2018/08/06,642853
2018/08/07,761463
2018/08/08,730436
2018/08/09,673848
2018/08/10,644903
2018/08/11,571108
2018/08/12,510286
2018/08/13,608792
2018/08/14,725918
2018/08/15,698573
2018/08/16,638822
2018/08/17,626475
2018/08/18,549660
2018/08/19,506431
2018/08/20,553769
2018/08/21,589865
2018/08/22,602499
2018/08/23,589907
2018/08/24,608660
2018/08/25,605285
2018/08/26,529234
2018/08/27,532095
2018/08/28,616828
2018/08/29,687236
2018/08/30,671556
2018/08/31,646309
2018/09/01,621009
2018/09/02,564776
2018/09/03,605995
2018/09/04,683805
2018/09/05,741130
2018/09/06,725937
2018/09/07,709688
2018/09/08,627433
2018/09/09,546465
2018/09/10,611226
2018/09/11,697757
2018/09/12,647858
2018/09/13,631998
2018/09/14,692559
2018/09/15,667305
2018/09/16,576523
2018/09/17,616445
2018/09/18,664137
2018/09/19,657713
2018/09/20,633237
2018/09/21,697021
2018/09/22,640562
2018/09/23,565631
2018/09/24,567673
2018/09/25,580010
2018/09/26,637176
2018/09/27,655620
2018/09/28,659385
2018/09/29,593179
2018/09/30,527725
2018/10/01,566116
2018/10/02,684848
2018/10/03,687479
2018/10/04,648661
2018/10/05,665498
2018/10/06,685897
2018/10/07,642223
2018/10/08,674724
2018/10/09,712710
2018/10/10,717921
2018/10/11,708243
2018/10/12,750946
2018/10/13,698087
2018/10/14,696460
2018/10/15,703356
2018/10/16,756555
2018/10/17,789840
2018/10/18,779738
2018/10/19,774515
2018/10/20,718842
2018/10/21,679363
2018/10/22,682061
2018/10/23,699262
2018/10/24,790270
2018/10/25,801791
2018/10/26,796286
2018/10/27,737326
2018/10/28,690042
2018/10/29,712835
2018/10/30,729640
2018/10/31,728323
2018/11/01,730866
2018/11/02,783293
2018/11/03,732919
2018/11/04,751579
2018/11/05,770891
2018/11/06,808436
2018/11/07,830318
2018/11/08,853677
2018/11/09,856822
2018/11/10,790838
2018/11/11,730096
2018/11/12,766907
2018/11/13,814837
2018/11/14,831988
2018/11/15,870013
2018/11/16,870556
2018/11/17,788947
2018/11/18,750733
2018/11/19,786824
2018/11/20,849849
2018/11/21,893747
2018/11/22,904411
2018/11/23,889832
2018/11/24,818020
2018/11/25,799868
2018/11/26,849943
2018/11/27,859210
2018/11/28,866433
2018/11/29,885515
2018/11/30,905887
2018/12/01,871769
2018/12/02,823886
2018/12/03,822036
2018/12/04,814903
2018/12/05,811150
2018/12/06,822946
2018/12/07,871346
2018/12/08,818061
2018/12/09,773806
2018/12/10,798144
2018/12/11,815792
2018/12/12,841014
2018/12/13,827944
2018/12/14,806897
2018/12/15,753741
2018/12/16,752724
2018/12/17,756770
2018/12/18,794405
2018/12/19,816140
2018/12/20,842577
2018/12/21,827217
2018/12/22,721469
2018/12/23,636242
2018/12/24,668060
2018/12/25,680149
2018/12/26,699731
2018/12/27,693974
2018/12/28,707010
2018/12/29,727095
2018/12/30,675065
2018/12/31,672910
2019/01/01,658183
2019/01/02,698721
2019/01/03,720884
2019/01/04,734568
2019/01/05,686578
2019/01/06,655548
2019/01/07,694905
2019/01/08,691505
2019/01/09,686936
2019/01/10,712813
2019/01/11,734068
2019/01/12,712524
2019/01/13,684410
2019/01/14,709878
2019/01/15,763654
2019/01/16,820499
2019/01/17,834885
2019/01/18,816873
2019/01/19,772486
2019/01/20,690962
2019/01/21,698830
2019/01/22,746002
2019/01/23,767052
2019/01/24,731704
2019/01/25,737654
2019/01/26,727979
2019/01/27,705593
2019/01/28,731055
2019/01/29,758944
2019/01/30,802518
2019/01/31,798058
2019/02/01,791525
2019/02/02,770671
2019/02/03,745224
2019/02/04,759851
2019/02/05,783464
2019/02/06,798334
2019/02/07,757053
2019/02/08,735707
2019/02/09,714623
2019/02/10,709334
2019/02/11,744769
2019/02/12,823933
2019/02/13,856160
2019/02/14,864199
2019/02/15,833540
2019/02/16,796003
2019/02/17,735368
2019/02/18,762599
2019/02/19,791180
2019/02/20,852386
2019/02/21,880725
2019/02/22,853915
2019/02/23,798936
2019/02/24,793080
2019/02/25,818278
2019/02/26,829438
2019/02/27,839986
2019/02/28,852456
2019/03/01,832332
2019/03/02,857320
2019/03/03,827038
2019/03/04,816678
2019/03/05,768610
2019/03/06,787989
2019/03/07,758510
2019/03/08,739781
2019/03/09,683114
2019/03/10,623170
2019/03/11,690844
2019/03/12,720981
2019/03/13,783700
2019/03/14,770004
2019/03/15,747763
2019/03/16,650153
2019/03/17,581955
2019/03/18,615265
2019/03/19,648553
2019/03/20,676389
2019/03/21,710169
2019/03/22,698161
2019/03/23,645999
2019/03/24,580224
2019/03/25,666994
2019/03/26,806027
2019/03/27,886551
2019/03/28,912093
2019/03/29,911513
2019/03/30,921047
2019/03/31,926792
2019/04/01,924760
2019/04/02,920295
2019/04/03,916563
2019/04/04,907032
2019/04/05,905847
2019/04/06,911141
2019/04/07,891246
2019/04/08,901479
2019/04/09,907820
2019/04/10,915555
2019/04/11,918580
2019/04/12,901958
2019/04/13,883205
2019/04/14,886095
2019/04/15,900668
2019/04/16,902419
2019/04/17,902213
2019/04/18,913306
2019/04/19,918207
2019/04/20,914138
2019/04/21,894185
2019/04/22,878708
2019/04/23,892542
2019/04/24,909044
2019/04/25,920960
2019/04/26,917774
2019/04/27,920938
2019/04/28,846006
2019/04/29,839136
2019/04/30,863484
2019/05/01,881838
2019/05/02,868459
2019/05/03,882305
2019/05/04,897573
2019/05/05,919094
2019/05/06,916284
2019/05/07,912422
2019/05/08,908321
2019/05/09,909892
2019/05/10,900231
2019/05/11,907445
2019/05/12,909752
2019/05/13,905740
2019/05/14,898597
2019/05/15,902720
2019/05/16,905790
2019/05/17,909235
2019/05/18,904539
2019/05/19,887183
2019/05/20,874762
2019/05/21,890599
2019/05/22,895622
2019/05/23,906754
2019/05/24,896963
2019/05/25,892571
2019/05/26,841999
2019/05/27,853998
2019/05/28,878170
2019/05/29,883386
2019/05/30,872097
2019/05/31,882858
2019/06/01,902027
2019/06/02,903480
2019/06/03,892541
2019/06/04,900173
2019/06/05,901964
2019/06/06,883214
2019/06/07,861011
2019/06/08,849316
2019/06/09,787510
2019/06/10,807663
2019/06/11,859829
2019/06/12,900783
2019/06/13,910540
2019/06/14,897737
2019/06/15,899871
2019/06/16,886115
2019/06/17,892000
2019/06/18,900959
2019/06/19,889410
2019/06/20,878307
2019/06/21,890555
2019/06/22,907718
2019/06/23,898863
2019/06/24,890342
2019/06/25,887181
2019/06/26,902998
2019/06/27,914181
2019/06/28,915995
2019/06/29,881424
2019/06/30,819132
2019/07/01,835381
2019/07/02,878950
2019/07/03,891135
2019/07/04,877408
2019/07/05,826966
2019/07/06,754111
2019/07/07,731781
2019/07/08,768392
2019/07/09,821772
2019/07/10,869493
2019/07/11,893389
2019/07/12,906806
2019/07/13,852292
2019/07/14,778921
2019/07/15,802788
2019/07/16,819833
2019/07/17,836171
2019/07/18,871606
2019/07/19,897949
2019/07/20,866031
2019/07/21,769112
2019/07/22,741082
2019/07/23,775584
2019/07/24,789231
2019/07/25,811705
2019/07/26,763757
2019/07/27,700716
2019/07/28,607643
2019/07/29,646194
2019/07/30,740223
2019/07/31,765327
2019/08/01,808531
2019/08/02,796000
2019/08/03,729251
2019/08/04,662590
2019/08/05,757307
2019/08/06,820928
2019/08/07,871490
2019/08/08,883984
2019/08/09,859835
2019/08/10,768360
2019/08/11,666458
2019/08/12,706351
2019/08/13,799962
2019/08/14,840662
2019/08/15,815295
2019/08/16,781723
2019/08/17,762588
2019/08/18,744187
2019/08/19,725178
2019/08/20,753556
2019/08/21,810073
2019/08/22,859540
2019/08/23,838379
2019/08/24,760533
2019/08/25,678555
2019/08/26,752142
2019/08/27,814993
2019/08/28,815464
2019/08/29,771163
2019/08/30,751159
2019/08/31,708643
2019/09/01,680616
2019/09/02,729807
2019/09/03,771657
2019/09/04,832223
2019/09/05,805168
2019/09/06,801665
2019/09/07,737296
2019/09/08,618778
2019/09/09,674225
2019/09/10,674653
2019/09/11,673532
2019/09/12,683501
2019/09/13,729030
2019/09/14,696137
2019/09/15,663926
2019/09/16,705792
2019/09/17,778643
2019/09/18,766066
2019/09/19,763840
2019/09/20,747912
2019/09/21,682580
2019/09/22,621215
2019/09/23,733095
2019/09/24,795719
2019/09/25,816597
2019/09/26,751308
2019/09/27,756132
2019/09/28,686328
2019/09/29,652895
2019/09/30,718041
2019/10/01,770313
2019/10/02,747439
2019/10/03,718954
2019/10/04,719645
2019/10/05,666106
2019/10/06,608964
2019/10/07,646918
2019/10/08,675913
2019/10/09,720885
2019/10/10,704910
2019/10/11,713007
2019/10/12,698421
2019/10/13,638815
2019/10/14,684986
2019/10/15,704718
2019/10/16,751088
2019/10/17,747005
2019/10/18,710018
2019/10/19,693584
2019/10/20,641510
2019/10/21,680629
2019/10/22,688671
2019/10/23,703736
2019/10/24,740866
2019/10/25,808523
2019/10/26,851803
2019/10/27,843095
2019/10/28,848695
2019/10/29,833565
2019/10/30,821366
2019/10/31,800488
2019/11/01,842906
2019/11/02,781273
2019/11/03,736616
2019/11/04,762382
2019/11/05,796772
2019/11/06,851697
2019/11/07,851655
2019/11/08,841879
2019/11/09,797179
2019/11/10,700386
2019/11/11,698648
2019/11/12,718386
2019/11/13,792616
2019/11/14,752049
2019/11/15,799419
2019/11/16,861848
2019/11/17,876252
2019/11/18,808992
2019/11/19,804819
2019/11/20,773213
2019/11/21,809957
2019/11/22,860237
2019/11/23,732251
2019/11/24,652920
2019/11/25,676684
2019/11/26,809237
2019/11/27,838472
2019/11/28,734314
2019/11/29,717130
2019/11/30,733310
2019/12/01,686340
2019/12/02,692477
2019/12/03,683790
2019/12/04,683169
2019/12/05,696746
2019/12/06,721617
2019/12/07,663272
2019/12/08,611849
2019/12/09,667841
2019/12/10,721414
2019/12/11,778499
2019/12/12,778612
2019/12/13,734629
2019/12/14,674815
2019/12/15,679453
2019/12/16,700000
2019/12/17,781808
2019/12/18,822655
2019/12/19,773721
2019/12/20,714571
2019/12/21,607324
2019/12/22,547683
2019/12/23,632957
2019/12/24,731018
2019/12/25,701047
2019/12/26,642066
2019/12/27,659871
2019/12/28,649518
2019/12/29,603039
2019/12/30,619149
2019/12/31,656121
2020/01/01,560060
2020/01/02,609786
2020/01/03,620224
2020/01/04,595307
2020/01/05,562139
2020/01/06,676449
2020/01/07,697676
2020/01/08,739321
2020/01/09,737942
2020/01/10,764897
2020/01/11,682264
2020/01/12,618320
2020/01/13,640627
2020/01/14,771007
2020/01/15,790184
2020/01/16,741788
2020/01/17,694110
2020/01/18,679307
2020/01/19,643223
2020/01/20,664919
2020/01/21,680230
2020/01/22,721467
2020/01/23,722009
2020/01/24,727898
2020/01/25,658094
2020/01/26,602907
2020/01/27,654548
2020/01/28,766428
2020/01/29,760522
2020/01/30,730510
2020/01/31,738015
2020/02/01,699694
2020/02/02,687401
2020/02/03,732132
2020/02/04,777279
2020/02/05,780689
2020/02/06,794983
2020/02/07,850492
2020/02/08,836903
2020/02/09,752791
2020/02/10,770435
2020/02/11,830147
2020/02/12,834739
2020/02/13,847925
2020/02/14,796903
2020/02/15,779213
2020/02/16,706697
2020/02/17,705915
2020/02/18,732797
2020/02/19,785956
2020/02/20,826449
2020/02/21,795091
2020/02/22,726053
2020/02/23,667534
2020/02/24,724526
2020/02/25,746157
2020/02/26,787949
2020/02/27,779051
2020/02/28,765200
2020/02/29,721665
2020/03/01,645299
2020/03/02,697170
2020/03/03,749427
2020/03/04,852846
2020/03/05,790417
2020/03/06,768677
2020/03/07,687854
2020/03/08,640262
2020/03/09,703508
2020/03/10,791050
2020/03/11,823394
2020/03/12,851059
2020/03/13,876979
2020/03/14,897234
2020/03/15,831283
2020/03/16,831697
2020/03/17,866821
2020/03/18,849448
2020/03/19,868597
2020/03/20,888086
2020/03/21,846371
2020/03/22,711069
2020/03/23,745419
2020/03/24,793993
2020/03/25,816872
2020/03/26,782371
2020/03/27,749363
2020/03/28,690318
2020/03/29,607105
2020/03/30,652575
2020/03/31,685598
2020/04/01,751744
2020/04/02,787030
2020/04/03,811017
2020/04/04,829692
2020/04/05,705602
2020/04/06,738036
2020/04/07,754410
2020/04/08,798107
2020/04/09,802244
2020/04/10,719863
2020/04/11,622915
2020/04/12,570347
2020/04/13,599782
2020/04/14,655585
2020/04/15,717996
2020/04/16,759202
2020/04/17,824151
2020/04/18,795791
2020/04/19,706670
2020/04/20,704501
2020/04/21,736620
2020/04/22,746321
2020/04/23,823193
2020/04/24,876059
2020/04/25,911644
2020/04/26,860162
2020/04/27,849391
2020/04/28,841366
2020/04/29,854258
2020/04/30,876867
2020/05/01,895501
2020/05/02,889004
2020/05/03,853810
2020/05/04,808333
2020/05/05,825119
2020/05/06,841852
2020/05/07,873915
2020/05/08,888339
2020/05/09,893292
2020/05/10,900444
2020/05/11,888956
2020/05/12,895530
2020/05/13,897067
2020/05/14,895558
2020/05/15,889520
2020/05/16,888222
2020/05/17,888447
2020/05/18,879554
2020/05/19,881637
2020/05/20,884995
2020/05/21,893742
2020/05/22,897418
2020/05/23,902102
2020/05/24,881724
2020/05/25,890084
2020/05/26,887428
2020/05/27,882682
2020/05/28,890820
2020/05/29,895657
2020/05/30,874001
2020/05/31,773519
2020/06/01,809629
2020/06/02,853282
2020/06/03,886267
2020/06/04,876015
2020/06/05,788282
2020/06/06,652999
2020/06/07,603768
2020/06/08,682634
2020/06/09,763529
2020/06/10,770583
2020/06/11,803862
2020/06/12,817181
2020/06/13,759299
2020/06/14,649251
2020/06/15,706965
2020/06/16,794988
2020/06/17,874479
2020/06/18,866541
2020/06/19,883090
2020/06/20,822086
2020/06/21,744072
2020/06/22,743647
2020/06/23,821172
2020/06/24,878025
2020/06/25,897466
2020/06/26,848069
2020/06/27,790097
2020/06/28,696775
2020/06/29,748167
2020/06/30,792827
2020/07/01,862435
2020/07/02,831479
2020/07/03,808942
2020/07/04,748418
2020/07/05,687942
2020/07/06,759427
2020/07/07,781750
2020/07/08,838476
2020/07/09,860817
2020/07/10,852918
2020/07/11,797522
2020/07/12,724083
2020/07/13,735423
2020/07/14,825520
2020/07/15,879571
2020/07/16,902867
2020/07/17,906014
2020/07/18,902346
2020/07/19,894007
2020/07/20,886773
2020/07/21,882400
2020/07/22,891682
2020/07/23,897505
2020/07/24,897214
2020/07/25,880608
2020/07/26,866579
2020/07/27,877463
2020/07/28,888887
2020/07/29,895013
2020/07/30,888959
2020/07/31,883871
2020/08/01,877316
2020/08/02,878085
2020/08/03,871368
2020/08/04,882241
2020/08/05,896785
2020/08/06,900842
2020/08/07,890703
2020/08/08,887432
2020/08/09,847032
2020/08/10,854038
2020/08/11,864305
2020/08/12,887016
2020/08/13,868040
2020/08/14,865234
2020/08/15,860619
2020/08/16,807093
2020/08/17,825461
2020/08/18,866458
2020/08/19,891450
2020/08/20,893740
2020/08/21,883024
2020/08/22,886291
2020/08/23,858618
2020/08/24,836247
2020/08/25,853098
2020/08/26,874856
2020/08/27,892215
2020/08/28,892166
2020/08/29,881438
2020/08/30,882814
2020/08/31,853926
2020/09/01,876621
2020/09/02,889930
2020/09/03,901089
2020/09/04,889200
2020/09/05,891153
2020/09/06,874186
2020/09/07,853556
2020/09/08,835027
2020/09/09,826588
2020/09/10,851554
2020/09/11,874508
2020/09/12,803230
2020/09/13,701558
2020/09/14,719065
2020/09/15,787709
2020/09/16,855481
2020/09/17,846129
2020/09/18,806456
2020/09/19,808845
2020/09/20,772752
2020/09/21,780363
2020/09/22,833369
2020/09/23,880939
2020/09/24,905552
2020/09/25,891585
2020/09/26,869467
2020/09/27,766213
2020/09/28,783247
2020/09/29,834027
2020/09/30,879986
2020/10/01,893603
2020/10/02,893358
2020/10/03,891886
2020/10/04,832850
2020/10/05,797957
2020/10/06,838912
2020/10/07,877945
2020/10/08,850617
2020/10/09,864345
2020/10/10,876659
2020/10/11,808795
2020/10/12,789825
2020/10/13,838664
2020/10/14,838980
2020/10/15,853780
2020/10/16,836079
2020/10/17,764145
2020/10/18,730989
2020/10/19,796392
2020/10/20,834754
2020/10/21,876493
2020/10/22,891738
2020/10/23,902757
2020/10/24,894534
2020/10/25,882612
2020/10/26,881205
2020/10/27,889743
2020/10/28,891389
2020/10/29,895385
2020/10/30,897776
2020/10/31,902282
2020/11/01,904340
2020/11/02,897355
2020/11/03,894708
2020/11/04,880169
2020/11/05,881327
2020/11/06,885027
2020/11/07,883656
2020/11/08,878328
2020/11/09,871576
2020/11/10,847778
2020/11/11,858022
2020/11/12,846734
2020/11/13,849027
2020/11/14,832835
2020/11/15,806529
2020/11/16,806874
2020/11/17,842777
2020/11/18,865423
2020/11/19,881270
2020/11/20,878201
2020/11/21,821082
2020/11/22,710242
2020/11/23,735718
2020/11/24,820218
2020/11/25,880876
2020/11/26,893301
2020/11/27,893343
2020/11/28,888071
2020/11/29,808913
2020/11/30,836817
2020/12/01,872176
2020/12/02,902028
2020/12/03,895057
2020/12/04,886866
2020/12/05,883752
2020/12/06,868054
2020/12/07,826370
2020/12/08,841143
2020/12/09,865688
2020/12/10,889001
2020/12/11,891325
2020/12/12,890617
2020/12/13,831659
2020/12/14,807963
2020/12/15,838934
2020/12/16,871576
2020/12/17,886626
2020/12/18,893280
2020/12/19,898391
2020/12/20,887697
2020/12/21,878480
2020/12/22,885769
2020/12/23,894274
2020/12/24,903352
2020/12/25,899383
2020/12/26,884302
2020/12/27,887454
2020/12/28,889534
2020/12/29,899553
2020/12/30,891448
2020/12/31,893851
2021/01/01,877699
2021/01/02,870449
2021/01/03,875224
2021/01/04,885410
2021/01/05,890916
2021/01/06,896231
2021/01/07,891156
2021/01/08,894961
2021/01/09,883973
2021/01/10,893093
2021/01/11,889810
2021/01/12,886499
2021/01/13,896267
2021/01/14,890840
2021/01/15,887749
2021/01/16,887570
2021/01/17,884591
2021/01/18,884032
2021/01/19,880725
2021/01/20,888460
2021/01/21,887054
2021/01/22,891250
2021/01/23,887783
2021/01/24,891910
2021/01/25,881738
2021/01/26,878833
2021/01/27,889238
2021/01/28,893697
2021/01/29,890674
2021/01/30,892719
2021/01/31,889382
2021/02/01,886207
2021/02/02,886313
2021/02/03,892265
2021/02/04,894508
2021/02/05,892296
2021/02/06,892688
2021/02/07,871344
2021/02/08,858860
2021/02/09,878564
2021/02/10,894619
2021/02/11,900111
2021/02/12,898379
2021/02/13,894809
2021/02/14,892170
2021/02/15,882077
2021/02/16,889118
2021/02/17,895894
2021/02/18,893748
2021/02/19,890242
2021/02/20,885130
2021/02/21,866972
2021/02/22,868543
2021/02/23,877940
2021/02/24,885474
2021/02/25,884041
2021/02/26,886774
2021/02/27,890000
2021/02/28,884322
2021/03/01,882160
2021/03/02,887773
2021/03/03,894422
2021/03/04,894528
2021/03/05,887708
2021/03/06,882905
2021/03/07,878054
2021/03/08,864915
2021/03/09,867837
2021/03/10,883162
2021/03/11,891971
2021/03/12,889671
2021/03/13,870291
2021/03/14,878242
2021/03/15,875074
2021/03/16,879689
2021/03/17,889206
2021/03/18,889533
2021/03/19,890424
2021/03/20,879116
2021/03/21,861646
2021/03/22,862395
2021/03/23,867613
2021/03/24,876220
2021/03/25,885402
2021/03/26,880650
2021/03/27,889163
2021/03/28,883403
2021/03/29,880862
2021/03/30,881187
2021/03/31,882943
2021/04/01,884945
2021/04/02,884581
2021/04/03,884408
2021/04/04,879533
2021/04/05,870065
2021/04/06,875203
2021/04/07,882622
2021/04/08,885390
2021/04/09,887048
2021/04/10,884201
2021/04/11,873689
2021/04/12,876336
2021/04/13,876498
2021/04/14,890378
2021/04/15,893042
2021/04/16,887654
2021/04/17,881785
2021/04/18,889977
2021/04/19,874400
2021/04/20,874141
2021/04/21,883180
2021/04/22,888808
2021/04/23,891824
2021/04/24,885956
2021/04/25,884450
2021/04/26,888189
2021/04/27,886858
2021/04/28,885859
2021/04/29,880721
2021/04/30,874217
2021/05/01,877254
2021/05/02,852324
2021/05/03,840930
2021/05/04,859684
2021/05/05,871761
2021/05/06,873989
2021/05/07,873828
2021/05/08,884437
2021/05/09,872548
2021/05/10,871369
2021/05/11,867138
2021/05/12,867784
2021/05/13,872275
2021/05/14,878651
2021/05/15,881885
2021/05/16,878487
2021/05/17,882069
2021/05/18,878522
2021/05/19,879355
2021/05/20,887613
2021/05/21,896493
2021/05/22,889554
2021/05/23,867943
2021/05/24,871162
2021/05/25,875132
2021/05/26,889189
2021/05/27,895628
2021/05/28,885773
2021/05/29,874566
2021/05/30,845949
2021/05/31,844465
2021/06/01,859104
2021/06/02,845273
2021/06/03,840724
2021/06/04,825543
2021/06/05,751340
2021/06/06,639987
2021/06/07,696961
2021/06/08,773036
2021/06/09,739599
2021/06/10,805616
2021/06/11,834023
2021/06/12,840348
2021/06/13,739592
2021/06/14,726676
2021/06/15,744171
2021/06/16,798678
2021/06/17,770429
2021/06/18,752127
2021/06/19,765266
2021/06/20,843554
2021/06/21,876127
2021/06/22,878971
2021/06/23,869566
2021/06/24,863039
2021/06/25,857903
2021/06/26,856848
2021/06/27,856634
2021/06/28,865735
2021/06/29,866525
2021/06/30,873147
2021/07/01,870672
2021/07/02,859922
2021/07/03,851240
2021/07/04,849561
2021/07/05,826471
2021/07/06,774246
2021/07/07,737100
2021/07/08,676560
2021/07/09,678931
2021/07/10,574386
2021/07/11,581283
2021/07/12,637323
2021/07/13,683538
2021/07/14,610729
2021/07/15,660106
2021/07/16,615511
2021/07/17,548410
2021/07/18,492402
2021/07/19,517964
2021/07/20,674764
2021/07/21,721456
2021/07/22,654181
2021/07/23,624740
2021/07/24,559622
2021/07/25,506961
2021/07/26,587748
2021/07/27,606897
2021/07/28,612451
2021/07/29,599063
2021/07/30,581100
2021/07/31,536092
2021/08/01,492673
2021/08/02,589023
2021/08/03,576030
2021/08/04,627030
2021/08/05,595961
2021/08/06,600876
2021/08/07,530374
2021/08/08,490701
2021/08/09,554806
2021/08/10,584347
2021/08/11,630444
2021/08/12,622861
2021/08/13,668812
2021/08/14,570270
2021/08/15,501277
2021/08/16,563227
2021/08/17,664966
2021/08/18,726385
2021/08/19,709693
2021/08/20,695025
2021/08/21,609605
2021/08/22,542466
2021/08/23,526866
2021/08/24,592469
2021/08/25,596477
2021/08/26,602537
2021/08/27,600991
2021/08/28,582904
2021/08/29,525951
2021/08/30,597978
2021/08/31,644690
2021/09/01,719641
2021/09/02,738008
2021/09/03,748838
2021/09/04,634549
2021/09/05,533738
2021/09/06,549979
2021/09/07,616983
2021/09/08,658341
2021/09/09,678786
2021/09/10,692107
2021/09/11,649246
2021/09/12,562821
2021/09/13,574615
2021/09/14,588758
2021/09/15,671746
2021/09/16,754279
2021/09/17,755351
2021/09/18,657881
2021/09/19,538866
2021/09/20,591118
2021/09/21,663494
2021/09/22,714282
2021/09/23,653208
2021/09/24,660951
2021/09/25,581049
2021/09/26,556463
2021/09/27,565723
2021/09/28,606335
2021/09/29,641786
2021/09/30,705075
2021/10/01,719075
2021/10/02,635190
2021/10/03,579384
2021/10/04,620248
2021/10/05,684265
2021/10/06,703920
2021/10/07,780225
2021/10/08,823403
2021/10/09,777993
2021/10/10,635791
2021/10/11,653540
2021/10/12,697363
2021/10/13,680692
2021/10/14,707829
2021/10/15,730861
2021/10/16,743648
2021/10/17,625382
2021/10/18,628763
2021/10/19,675927
2021/10/20,697615
2021/10/21,763243
2021/10/22,714093
2021/10/23,650824
2021/10/24,550146
2021/10/25,563784
2021/10/26,623835
2021/10/27,645894
2021/10/28,675031
2021/10/29,643444
2021/10/30,611479
2021/10/31,607818
2021/11/01,682892
2021/11/02,736793
2021/11/03,702676
2021/11/04,708419
2021/11/05,696943
2021/11/06,614976
2021/11/07,566269
2021/11/08,635599
2021/11/09,754859
2021/11/10,798005
2021/11/11,746196
2021/11/12,707859
2021/11/13,617514
2021/11/14,538901
2021/11/15,619169
2021/11/16,671319
2021/11/17,719133
2021/11/18,704262
2021/11/19,704889
2021/11/20,643195
2021/11/21,622008
2021/11/22,643344
2021/11/23,649734
2021/11/24,640876
2021/11/25,658939
2021/11/26,693397
2021/11/27,605590
2021/11/28,541930
2021/11/29,584495
2021/11/30,637312
2021/12/01,758005
2021/12/02,806087
2021/12/03,707158
2021/12/04,619627
2021/12/05,580812
2021/12/06,585216
2021/12/07,643570
2021/12/08,606287
2021/12/09,706946
2021/12/10,640131
2021/12/11,559172
2021/12/12,487743
2021/12/13,553732
