Date,size7ema
2010/07/17,806.424
2010/07/18,796.139
2010/07/19,786.115
2010/07/20,835.763
2010/07/21,762.443
2010/07/22,694.808
2010/07/23,632.896
2010/07/24,836.059
2010/07/25,1413
2010/07/26,1290
2010/07/27,1137
2010/07/28,1689
2010/07/29,1859
2010/07/30,1529
2010/07/31,1244
2010/08/01,1021
2010/08/02,854.702
2010/08/03,827.001
2010/08/04,722.262
2010/08/05,753.424
2010/08/06,734.098
2010/08/07,690.567
2010/08/08,629.974
2010/08/09,843.272
2010/08/10,731.158
2010/08/11,652.332
2010/08/12,583.951
2010/08/13,627.049
2010/08/14,573.089
2010/08/15,510.555
2010/08/16,625.136
2010/08/17,617.483
2010/08/18,944.239
2010/08/19,843.842
2010/08/20,761.59
2010/08/21,685.798
2010/08/22,612.238
2010/08/23,560.955
2010/08/24,609.498
2010/08/25,540.738
2010/08/26,525.94
2010/08/27,492.954
2010/08/28,501.332
2010/08/29,459.171
2010/08/30,491.999
2010/08/31,592.966
2010/09/01,648.122
2010/09/02,617.835
2010/09/03,569.919
2010/09/04,509.543
2010/09/05,498.442
2010/09/06,480.051
2010/09/07,456.734
2010/09/08,462.502
2010/09/09,505.308
2010/09/10,499.032
2010/09/11,480.449
2010/09/12,515.193
2010/09/13,560.353
2010/09/14,549.595
2010/09/15,583.864
2010/09/16,555.541
2010/09/17,578.041
2010/09/18,526.432
2010/09/19,501.995
2010/09/20,529.344
2010/09/21,765.626
2010/09/22,864.915
2010/09/23,836.844
2010/09/24,760.682
2010/09/25,744.576
2010/09/26,684.594
2010/09/27,732.614
2010/09/28,834.711
2010/09/29,1156
2010/09/30,1035
2010/10/01,1032
2010/10/02,1208
2010/10/03,1120
2010/10/04,1048
2010/10/05,1016
2010/10/06,919.556
2010/10/07,836.545
2010/10/08,823.261
2010/10/09,823.427
2010/10/10,754.969
2010/10/11,710.123
2010/10/12,687.028
2010/10/13,712.447
2010/10/14,656.289
2010/10/15,604.903
2010/10/16,575.672
2010/10/17,533.379
2010/10/18,563.455
2010/10/19,693.475
2010/10/20,717.021
2010/10/21,760.492
2010/10/22,865.744
2010/10/23,854.692
2010/10/24,817.812
2010/10/25,757.356
2010/10/26,706.724
2010/10/27,737.126
2010/10/28,714.638
2010/10/29,698.186
2010/10/30,622.335
2010/10/31,581.783
2010/11/01,561.405
2010/11/02,513.139
2010/11/03,494.966
2010/11/04,479.404
2010/11/05,515.713
2010/11/06,498.695
2010/11/07,485.82
2010/11/08,555.254
2010/11/09,532.821
2010/11/10,516.622
2010/11/11,494.805
2010/11/12,467.814
2010/11/13,442.037
2010/11/14,451.519
2010/11/15,2515
2010/11/16,4604
2010/11/17,3559
2010/11/18,2993
2010/11/19,5870
2010/11/20,9145
2010/11/21,10947
2010/11/22,8347
2010/11/23,6428
2010/11/24,6176
2010/11/25,6991
2010/11/26,5702
2010/11/27,4442
2010/11/28,3490
2010/11/29,2771
2010/11/30,2219
2010/12/01,1861
2010/12/02,1550
2010/12/03,1314
2010/12/04,1110
2010/12/05,934.421
2010/12/06,806.309
2010/12/07,772.746
2010/12/08,715.174
2010/12/09,678.859
2010/12/10,664.978
2010/12/11,719.202
2010/12/12,782.666
2010/12/13,1005
2010/12/14,992.241
2010/12/15,953.645
2010/12/16,916.312
2010/12/17,913.537
2010/12/18,882.833
2010/12/19,900.259
2010/12/20,1077
2010/12/21,1021
2010/12/22,1052
2010/12/23,1049
2010/12/24,1017
2010/12/25,991.202
2010/12/26,1010
2010/12/27,1013
2010/12/28,1018
2010/12/29,988.642
2010/12/30,984.435
2010/12/31,955.897
2011/01/01,974.152
2011/01/02,966.286
2011/01/03,1325
2011/01/04,1418
2011/01/05,1658
2011/01/06,1608
2011/01/07,1605
2011/01/08,1753
2011/01/09,1831
2011/01/10,1925
2011/01/11,2000
2011/01/12,1960
2011/01/13,1955
2011/01/14,1957
2011/01/15,1927
2011/01/16,1847
2011/01/17,1699
2011/01/18,1716
2011/01/19,1690
2011/01/20,1603
2011/01/21,1728
2011/01/22,2064
2011/01/23,2082
2011/01/24,2119
2011/01/25,1983
2011/01/26,1889
2011/01/27,1863
2011/01/28,1901
2011/01/29,2159
2011/01/30,3206
2011/01/31,3143
2011/02/01,2982
2011/02/02,2690
2011/02/03,2378
2011/02/04,2145
2011/02/05,1979
2011/02/06,1903
2011/02/07,1737
2011/02/08,1674
2011/02/09,1721
2011/02/10,2190
2011/02/11,2583
2011/02/12,2682
2011/02/13,2677
2011/02/14,2930
2011/02/15,2918
2011/02/16,2816
2011/02/17,2822
2011/02/18,2923
2011/02/19,2945
2011/02/20,2907
2011/02/21,2880
2011/02/22,2944
2011/02/23,2902
2011/02/24,2956
2011/02/25,2898
2011/02/26,2712
2011/02/27,2750
2011/02/28,2980
2011/03/01,3908
2011/03/02,3868
2011/03/03,4143
2011/03/04,3871
2011/03/05,3643
2011/03/06,3301
2011/03/07,3209
2011/03/08,3503
2011/03/09,3596
2011/03/10,3910
2011/03/11,4117
2011/03/12,4598
2011/03/13,5127
2011/03/14,5725
2011/03/15,6335
2011/03/16,6474
2011/03/17,6509
2011/03/18,6414
2011/03/19,6811
2011/03/20,7645
2011/03/21,8399
2011/03/22,7786
2011/03/23,8121
2011/03/24,7366
2011/03/25,6584
2011/03/26,6955
2011/03/27,6861
2011/03/28,6720
2011/03/29,6435
2011/03/30,5837
2011/03/31,5341
2011/04/01,4864
2011/04/02,4514
2011/04/03,4249
2011/04/04,4326
2011/04/05,4205
2011/04/06,4260
2011/04/07,4200
2011/04/08,4166
2011/04/09,4109
2011/04/10,4029
2011/04/11,4191
2011/04/12,4527
2011/04/13,4584
2011/04/14,4996
2011/04/15,5502
2011/04/16,5647
2011/04/17,5368
2011/04/18,5860
2011/04/19,6435
2011/04/20,7081
2011/04/21,6457
2011/04/22,5928
2011/04/23,5799
2011/04/24,5780
2011/04/25,5815
2011/04/26,5970
2011/04/27,7121
2011/04/28,7205
2011/04/29,7071
2011/04/30,7682
2011/05/01,8089
2011/05/02,7497
2011/05/03,7132
2011/05/04,6821
2011/05/05,6760
2011/05/06,6587
2011/05/07,6518
2011/05/08,6212
2011/05/09,6181
2011/05/10,6612
2011/05/11,6720
2011/05/12,7127
2011/05/13,7678
2011/05/14,7660
2011/05/15,7664
2011/05/16,7733
2011/05/17,7633
2011/05/18,7752
2011/05/19,8685
2011/05/20,8860
2011/05/21,8876
2011/05/22,8678
2011/05/23,8533
2011/05/24,8297
2011/05/25,8341
2011/05/26,8644
2011/05/27,9291
2011/05/28,10139
2011/05/29,10260
2011/05/30,11262
2011/05/31,12715
2011/06/01,13161
2011/06/02,13880
2011/06/03,15404
2011/06/04,15722
2011/06/05,15715
2011/06/06,16342
2011/06/07,17512
2011/06/08,20782
2011/06/09,21452
2011/06/10,21355
2011/06/11,20374
2011/06/12,20939
2011/06/13,21114
2011/06/14,21469
2011/06/15,20938
2011/06/16,23228
2011/06/17,24011
2011/06/18,24061
2011/06/19,23556
2011/06/20,22272
2011/06/21,20646
2011/06/22,19656
2011/06/23,18937
2011/06/24,19163
2011/06/25,21360
2011/06/26,23212
2011/06/27,25494
2011/06/28,26105
2011/06/29,25586
2011/06/30,24458
2011/07/01,24945
2011/07/02,24168
2011/07/03,23284
2011/07/04,23404
2011/07/05,24757
2011/07/06,26090
2011/07/07,26837
2011/07/08,25597
2011/07/09,24883
2011/07/10,25808
2011/07/11,26144
2011/07/12,25770
2011/07/13,24263
2011/07/14,24762
2011/07/15,23645
2011/07/16,23613
2011/07/17,23077
2011/07/18,24038
2011/07/19,25333
2011/07/20,25460
2011/07/21,25149
2011/07/22,25173
2011/07/23,24474
2011/07/24,23753
2011/07/25,24363
2011/07/26,23635
2011/07/27,22932
2011/07/28,23188
2011/07/29,22056
2011/07/30,20802
2011/07/31,20512
2011/08/01,21006
2011/08/02,22014
2011/08/03,22032
2011/08/04,23279
2011/08/05,23010
2011/08/06,23753
2011/08/07,23401
2011/08/08,24331
2011/08/09,25273
2011/08/10,24697
2011/08/11,24160
2011/08/12,23679
2011/08/13,23771
2011/08/14,24312
2011/08/15,25650
2011/08/16,26127
2011/08/17,25973
2011/08/18,24955
2011/08/19,25458
2011/08/20,24201
2011/08/21,23204
2011/08/22,22597
2011/08/23,22090
2011/08/24,22452
2011/08/25,22695
2011/08/26,22743
2011/08/27,23273
2011/08/28,22743
2011/08/29,23249
2011/08/30,22862
2011/08/31,21898
2011/09/01,22355
2011/09/02,21340
2011/09/03,20266
2011/09/04,25220
2011/09/05,23853
2011/09/06,23662
2011/09/07,23307
2011/09/08,22941
2011/09/09,23550
2011/09/10,23100
2011/09/11,23168
2011/09/12,23164
2011/09/13,22105
2011/09/14,21060
2011/09/15,20335
2011/09/16,20765
2011/09/17,19832
2011/09/18,18786
2011/09/19,20139
2011/09/20,22114
2011/09/21,22975
2011/09/22,21711
2011/09/23,21292
2011/09/24,21158
2011/09/25,20613
2011/09/26,19947
2011/09/27,19914
2011/09/28,19125
2011/09/29,18839
2011/09/30,19059
2011/10/01,18321
2011/10/02,18049
2011/10/03,18027
2011/10/04,19162
2011/10/05,18588
2011/10/06,18999
2011/10/07,18703
2011/10/08,18804
2011/10/09,18634
2011/10/10,18880
2011/10/11,21395
2011/10/12,21413
2011/10/13,21526
2011/10/14,20859
2011/10/15,19975
2011/10/16,19480
2011/10/17,20285
2011/10/18,19629
2011/10/19,18835
2011/10/20,18179
2011/10/21,17667
2011/10/22,18743
2011/10/23,19293
2011/10/24,19268
2011/10/25,18673
2011/10/26,18733
2011/10/27,18838
2011/10/28,19454
2011/10/29,19997
2011/10/30,19605
2011/10/31,18657
2011/11/01,17829
2011/11/02,17168
2011/11/03,17704
2011/11/04,17992
2011/11/05,17756
2011/11/06,16622
2011/11/07,16958
2011/11/08,17202
2011/11/09,17121
2011/11/10,17775
2011/11/11,18045
2011/11/12,17350
2011/11/13,16686
2011/11/14,17095
2011/11/15,16898
2011/11/16,17505
2011/11/17,17154
2011/11/18,17003
2011/11/19,16919
2011/11/20,16892
2011/11/21,16789
2011/11/22,16785
2011/11/23,16805
2011/11/24,17615
2011/11/25,17414
2011/11/26,17372
2011/11/27,17527
2011/11/28,18158
2011/11/29,19046
2011/11/30,19365
2011/12/01,18575
2011/12/02,18547
2011/12/03,17980
2011/12/04,17684
2011/12/05,17370
2011/12/06,17960
2011/12/07,18318
2011/12/08,17933
2011/12/09,17450
2011/12/10,17189
2011/12/11,17263
2011/12/12,17673
2011/12/13,17896
2011/12/14,17322
2011/12/15,17282
2011/12/16,17909
2011/12/17,17044
2011/12/18,16130
2011/12/19,16405
2011/12/20,18527
2011/12/21,17956
2011/12/22,17777
2011/12/23,17472
2011/12/24,16425
2011/12/25,15521
2011/12/26,15056
2011/12/27,15305
2011/12/28,15048
2011/12/29,15467
2011/12/30,15319
2011/12/31,15530
2012/01/01,15895
2012/01/02,16681
2012/01/03,17044
2012/01/04,17600
2012/01/05,19349
2012/01/06,19930
2012/01/07,19102
2012/01/08,19412
2012/01/09,19636
2012/01/10,22125
2012/01/11,23452
2012/01/12,22620
2012/01/13,22385
2012/01/14,21761
2012/01/15,21522
2012/01/16,21047
2012/01/17,20659
2012/01/18,21678
2012/01/19,21549
2012/01/20,21360
2012/01/21,20579
2012/01/22,19569
2012/01/23,18464
2012/01/24,19852
2012/01/25,21129
2012/01/26,21351
2012/01/27,21338
2012/01/28,20768
2012/01/29,20053
2012/01/30,18967
2012/01/31,19687
2012/02/01,19961
2012/02/02,20375
2012/02/03,20454
2012/02/04,20596
2012/02/05,20745
2012/02/06,20226
2012/02/07,20685
2012/02/08,20779
2012/02/09,21369
2012/02/10,22890
2012/02/11,22938
2012/02/12,22088
2012/02/13,23145
2012/02/14,25311
2012/02/15,26473
2012/02/16,27972
2012/02/17,25661
2012/02/18,23309
2012/02/19,21587
2012/02/20,20948
2012/02/21,21432
2012/02/22,20949
2012/02/23,21335
2012/02/24,21548
2012/02/25,20682
2012/02/26,19995
2012/02/27,19868
2012/02/28,19716
2012/02/29,19028
2012/03/01,19923
2012/03/02,21931
2012/03/03,21489
2012/03/04,21479
2012/03/05,22187
2012/03/06,22467
2012/03/07,21639
2012/03/08,21196
2012/03/09,20554
2012/03/10,19979
2012/03/11,19816
2012/03/12,19317
2012/03/13,20668
2012/03/14,22013
2012/03/15,22760
2012/03/16,22103
2012/03/17,21092
2012/03/18,19892
2012/03/19,20185
2012/03/20,19873
2012/03/21,19791
2012/03/22,19633
2012/03/23,20058
2012/03/24,18725
2012/03/25,18540
2012/03/26,19160
2012/03/27,19234
2012/03/28,19976
2012/03/29,20924
2012/03/30,20766
2012/03/31,19599
2012/04/01,19311
2012/04/02,21077
2012/04/03,22608
2012/04/04,22806
2012/04/05,24565
2012/04/06,24761
2012/04/07,23839
2012/04/08,22340
2012/04/09,21784
2012/04/10,22652
2012/04/11,23549
2012/04/12,25014
2012/04/13,25317
2012/04/14,25309
2012/04/15,26366
2012/04/16,26611
2012/04/17,27197
2012/04/18,28624
2012/04/19,27357
2012/04/20,27555
2012/04/21,26197
2012/04/22,24923
2012/04/23,24891
2012/04/24,24908
2012/04/25,25498
2012/04/26,25954
2012/04/27,25705
2012/04/28,24742
2012/04/29,23276
2012/04/30,23286
2012/05/01,24488
2012/05/02,26230
2012/05/03,29390
2012/05/04,31796
2012/05/05,32364
2012/05/06,32929
2012/05/07,36590
2012/05/08,38477
2012/05/09,40791
2012/05/10,41016
2012/05/11,45646
2012/05/12,49676
2012/05/13,48726
2012/05/14,58917
2012/05/15,63503
2012/05/16,65283
2012/05/17,65930
2012/05/18,68346
2012/05/19,77392
2012/05/20,82861
2012/05/21,89700
2012/05/22,89936
2012/05/23,90900
2012/05/24,91790
2012/05/25,94923
2012/05/26,88928
2012/05/27,84875
2012/05/28,86974
2012/05/29,91600
2012/05/30,90714
2012/05/31,85242
2012/06/01,83799
2012/06/02,71886
2012/06/03,77885
2012/06/04,90956
2012/06/05,100236
2012/06/06,87117
2012/06/07,91447
2012/06/08,88161
2012/06/09,87346
2012/06/10,91167
2012/06/11,93523
2012/06/12,84843
2012/06/13,103895
2012/06/14,122751
2012/06/15,130607
2012/06/16,129270
2012/06/17,125453
2012/06/18,119031
2012/06/19,117473
2012/06/20,114400
2012/06/21,108952
2012/06/22,101862
2012/06/23,92431
2012/06/24,88883
2012/06/25,87420
2012/06/26,87682
2012/06/27,86444
2012/06/28,86179
2012/06/29,81024
2012/06/30,78784
2012/07/01,73238
2012/07/02,72060
2012/07/03,69139
2012/07/04,68733
2012/07/05,68483
2012/07/06,68382
2012/07/07,67277
2012/07/08,65253
2012/07/09,65720
2012/07/10,74706
2012/07/11,81818
2012/07/12,79177
2012/07/13,77062
2012/07/14,73157
2012/07/15,75286
2012/07/16,80042
2012/07/17,82851
2012/07/18,86503
2012/07/19,91682
2012/07/20,96541
2012/07/21,98747
2012/07/22,96991
2012/07/23,97156
2012/07/24,92000
2012/07/25,86901
2012/07/26,84925
2012/07/27,79402
2012/07/28,83077
2012/07/29,84390
2012/07/30,85661
2012/07/31,98571
2012/08/01,98649
2012/08/02,95746
2012/08/03,90041
2012/08/04,87903
2012/08/05,90505
2012/08/06,93425
2012/08/07,87858
2012/08/08,90715
2012/08/09,87268
2012/08/10,83878
2012/08/11,82390
2012/08/12,83891
2012/08/13,94787
2012/08/14,94800
2012/08/15,107109
2012/08/16,112286
2012/08/17,115719
2012/08/18,111939
2012/08/19,108978
2012/08/20,104633
2012/08/21,103209
2012/08/22,102479
2012/08/23,96114
2012/08/24,93973
2012/08/25,95175
2012/08/26,88437
2012/08/27,90095
2012/08/28,88453
2012/08/29,86776
2012/08/30,87941
2012/08/31,95536
2012/09/01,97657
2012/09/02,94869
2012/09/03,97070
2012/09/04,101806
2012/09/05,101140
2012/09/06,101881
2012/09/07,97252
2012/09/08,95958
2012/09/09,92244
2012/09/10,92964
2012/09/11,97552
2012/09/12,92677
2012/09/13,94510
2012/09/14,95841
2012/09/15,92207
2012/09/16,89443
2012/09/17,83211
2012/09/18,83742
2012/09/19,87698
2012/09/20,87030
2012/09/21,85616
2012/09/22,82316
2012/09/23,81930
2012/09/24,82854
2012/09/25,79862
2012/09/26,85688
2012/09/27,83674
2012/09/28,86065
2012/09/29,81414
2012/09/30,76937
2012/10/01,81460
2012/10/02,87182
2012/10/03,90861
2012/10/04,98047
2012/10/05,102798
2012/10/06,101993
2012/10/07,109016
2012/10/08,105999
2012/10/09,108258
2012/10/10,105025
2012/10/11,101564
2012/10/12,98588
2012/10/13,99652
2012/10/14,100284
2012/10/15,96760
2012/10/16,98708
2012/10/17,101962
2012/10/18,99490
2012/10/19,98075
2012/10/20,96727
2012/10/21,101243
2012/10/22,105925
2012/10/23,109751
2012/10/24,106015
2012/10/25,102684
2012/10/26,93433
2012/10/27,81611
2012/10/28,74419
2012/10/29,73895
2012/10/30,79680
2012/10/31,82852
2012/11/01,82361
2012/11/02,84934
2012/11/03,82437
2012/11/04,80311
2012/11/05,84354
2012/11/06,90457
2012/11/07,94424
2012/11/08,95529
2012/11/09,90949
2012/11/10,90400
2012/11/11,85615
2012/11/12,85079
2012/11/13,85649
2012/11/14,87533
2012/11/15,95772
2012/11/16,102751
2012/11/17,106837
2012/11/18,106591
2012/11/19,108413
2012/11/20,109409
2012/11/21,112451
2012/11/22,109216
2012/11/23,106939
2012/11/24,102797
2012/11/25,106682
2012/11/26,106979
2012/11/27,102497
2012/11/28,101742
2012/11/29,102503
2012/11/30,103516
2012/12/01,100557
2012/12/02,92439
2012/12/03,86915
2012/12/04,99496
2012/12/05,108317
2012/12/06,113902
2012/12/07,113310
2012/12/08,111391
2012/12/09,112726
2012/12/10,114395
2012/12/11,115335
2012/12/12,119235
2012/12/13,127129
2012/12/14,137381
2012/12/15,134075
2012/12/16,136345
2012/12/17,135204
2012/12/18,147142
2012/12/19,144573
2012/12/20,147191
2012/12/21,148743
2012/12/22,146416
2012/12/23,143341
2012/12/24,141369
2012/12/25,131271
2012/12/26,127843
2012/12/27,128697
2012/12/28,128174
2012/12/29,127386
2012/12/30,124296
2012/12/31,115339
2013/01/01,108762
2013/01/02,110091
2013/01/03,109574
2013/01/04,117633
2013/01/05,117785
2013/01/06,113491
2013/01/07,111468
2013/01/08,120927
2013/01/09,127780
2013/01/10,136755
2013/01/11,149361
2013/01/12,152795
2013/01/13,155188
2013/01/14,148168
2013/01/15,150701
2013/01/16,158210
2013/01/17,168653
2013/01/18,172790
2013/01/19,169503
2013/01/20,162272
2013/01/21,156580
2013/01/22,153631
2013/01/23,158798
2013/01/24,156797
2013/01/25,158633
2013/01/26,156998
2013/01/27,158279
2013/01/28,160794
2013/01/29,159920
2013/01/30,151782
2013/01/31,144958
2013/02/01,153479
2013/02/02,154765
2013/02/03,153378
2013/02/04,153399
2013/02/05,150456
2013/02/06,145162
2013/02/07,153302
2013/02/08,160055
2013/02/09,164865
2013/02/10,162134
2013/02/11,162810
2013/02/12,170221
2013/02/13,167251
2013/02/14,164894
2013/02/15,160135
2013/02/16,151321
2013/02/17,144994
2013/02/18,144730
2013/02/19,148657
2013/02/20,148830
2013/02/21,147174
2013/02/22,152125
2013/02/23,154866
2013/02/24,155997
2013/02/25,154428
2013/02/26,159493
2013/02/27,156058
2013/02/28,160439
2013/03/01,169464
2013/03/02,172187
2013/03/03,168411
2013/03/04,167478
2013/03/05,174233
2013/03/06,179304
2013/03/07,184935
2013/03/08,179060
2013/03/09,173503
2013/03/10,176466
2013/03/11,174965
2013/03/12,176202
2013/03/13,174029
2013/03/14,169511
2013/03/15,170278
2013/03/16,152945
2013/03/17,134934
2013/03/18,128087
2013/03/19,129179
2013/03/20,122893
2013/03/21,123926
2013/03/22,125606
2013/03/23,125502
2013/03/24,126611
2013/03/25,137101
2013/03/26,143170
2013/03/27,155050
2013/03/28,160102
2013/03/29,164532
2013/03/30,170335
2013/03/31,164708
2013/04/01,158345
2013/04/02,162620
2013/04/03,168017
2013/04/04,181405
2013/04/05,183570
2013/04/06,177319
2013/04/07,184342
2013/04/08,187036
2013/04/09,185059
2013/04/10,180905
2013/04/11,189802
2013/04/12,183296
2013/04/13,173769
2013/04/14,174119
2013/04/15,171061
2013/04/16,173593
2013/04/17,171146
2013/04/18,164464
2013/04/19,176246
2013/04/20,171536
2013/04/21,159415
2013/04/22,156324
2013/04/23,160856
2013/04/24,173032
2013/04/25,173682
2013/04/26,169659
2013/04/27,164029
2013/04/28,153507
2013/04/29,152001
2013/04/30,159353
2013/05/01,162089
2013/05/02,170778
2013/05/03,173682
2013/05/04,169733
2013/05/05,165441
2013/05/06,164856
2013/05/07,166382
2013/05/08,163915
2013/05/09,170197
2013/05/10,175287
2013/05/11,179104
2013/05/12,179851
2013/05/13,177067
2013/05/14,183259
2013/05/15,191922
2013/05/16,194206
2013/05/17,189136
2013/05/18,183718
2013/05/19,173161
2013/05/20,175094
2013/05/21,174803
2013/05/22,170806
2013/05/23,168653
2013/05/24,166221
2013/05/25,161900
2013/05/26,154753
2013/05/27,153191
2013/05/28,157270
2013/05/29,157951
2013/05/30,157523
2013/05/31,154961
2013/06/01,147417
2013/06/02,140878
2013/06/03,137260
2013/06/04,135373
2013/06/05,138464
2013/06/06,139709
2013/06/07,143475
2013/06/08,138317
2013/06/09,137230
2013/06/10,132586
2013/06/11,130219
2013/06/12,124212
2013/06/13,120167
2013/06/14,122778
2013/06/15,116219
2013/06/16,113770
2013/06/17,121114
2013/06/18,128203
2013/06/19,136212
2013/06/20,141743
2013/06/21,139326
2013/06/22,133896
2013/06/23,127112
2013/06/24,129182
2013/06/25,128872
2013/06/26,126825
2013/06/27,126968
2013/06/28,129060
2013/06/29,123223
2013/06/30,115565
2013/07/01,114996
2013/07/02,115569
2013/07/03,108175
2013/07/04,105440
2013/07/05,101633
2013/07/06,97292
2013/07/07,91986
2013/07/08,92606
2013/07/09,95271
2013/07/10,94692
2013/07/11,99818
2013/07/12,112850
2013/07/13,113506
2013/07/14,109461
2013/07/15,108323
2013/07/16,108963
2013/07/17,106929
2013/07/18,109456
2013/07/19,106308
2013/07/20,100477
2013/07/21,96102
2013/07/22,99540
2013/07/23,105701
2013/07/24,110509
2013/07/25,117930
2013/07/26,114851
2013/07/27,109813
2013/07/28,108351
2013/07/29,108946
2013/07/30,106700
2013/07/31,111284
2013/08/01,117321
2013/08/02,117900
2013/08/03,119755
2013/08/04,118143
2013/08/05,119033
2013/08/06,120736
2013/08/07,124353
2013/08/08,124864
2013/08/09,121669
2013/08/10,119395
2013/08/11,109761
2013/08/12,115839
2013/08/13,121559
2013/08/14,127534
2013/08/15,136426
2013/08/16,147935
2013/08/17,143375
2013/08/18,140169
2013/08/19,149596
2013/08/20,150044
2013/08/21,147047
2013/08/22,143461
2013/08/23,140852
2013/08/24,138421
2013/08/25,139535
2013/08/26,142341
2013/08/27,150757
2013/08/28,153032
2013/08/29,148032
2013/08/30,145748
2013/08/31,133825
2013/09/01,124125
2013/09/02,119611
2013/09/03,122406
2013/09/04,128540
2013/09/05,132035
2013/09/06,135760
2013/09/07,140992
2013/09/08,138582
2013/09/09,134811
2013/09/10,132477
2013/09/11,126143
2013/09/12,123182
2013/09/13,117603
2013/09/14,110699
2013/09/15,117967
2013/09/16,128855
2013/09/17,138040
2013/09/18,144536
2013/09/19,142601
2013/09/20,139708
2013/09/21,135877
2013/09/22,130078
2013/09/23,132119
2013/09/24,132077
2013/09/25,128420
2013/09/26,136514
2013/09/27,133233
2013/09/28,128296
2013/09/29,124944
2013/09/30,127086
2013/10/01,130197
2013/10/02,138122
2013/10/03,139894
2013/10/04,137438
2013/10/05,127147
2013/10/06,123567
2013/10/07,129055
2013/10/08,128629
2013/10/09,129706
2013/10/10,131688
2013/10/11,130667
2013/10/12,124856
2013/10/13,123224
2013/10/14,120750
2013/10/15,115749
2013/10/16,116175
2013/10/17,120471
2013/10/18,126131
2013/10/19,127079
2013/10/20,125713
2013/10/21,129228
2013/10/22,130537
2013/10/23,131589
2013/10/24,138419
2013/10/25,135596
2013/10/26,133402
2013/10/27,129184
2013/10/28,130782
2013/10/29,134485
2013/10/30,132005
2013/10/31,132817
2013/11/01,126174
2013/11/02,121027
2013/11/03,116759
2013/11/04,117582
2013/11/05,127344
2013/11/06,141782
2013/11/07,161177
2013/11/08,178313
2013/11/09,183623
2013/11/10,181218
2013/11/11,173576
2013/11/12,165552
2013/11/13,170420
2013/11/14,173707
2013/11/15,174182
2013/11/16,159980
2013/11/17,155029
2013/11/18,180056
2013/11/19,213149
2013/11/20,218156
2013/11/21,232105
2013/11/22,230808
2013/11/23,225448
2013/11/24,214928
2013/11/25,208748
2013/11/26,219388
2013/11/27,230783
2013/11/28,235224
2013/11/29,238908
2013/11/30,229242
2013/12/01,219099
2013/12/02,222068
2013/12/03,212886
2013/12/04,217873
2013/12/05,222944
2013/12/06,209432
2013/12/07,198252
2013/12/08,178806
2013/12/09,177233
2013/12/10,180845
2013/12/11,184594
2013/12/12,181068
2013/12/13,180092
2013/12/14,176872
2013/12/15,175635
2013/12/16,176645
2013/12/17,174692
2013/12/18,182017
2013/12/19,173599
2013/12/20,175982
2013/12/21,175445
2013/12/22,172084
2013/12/23,171172
2013/12/24,170184
2013/12/25,171699
2013/12/26,170317
2013/12/27,164291
2013/12/28,167641
2013/12/29,169401
2013/12/30,170820
2013/12/31,164224
2014/01/01,149442
2014/01/02,165325
2014/01/03,173134
2014/01/04,176082
2014/01/05,173581
2014/01/06,180939
2014/01/07,179813
2014/01/08,174315
2014/01/09,166176
2014/01/10,161294
2014/01/11,156038
2014/01/12,148614
2014/01/13,153059
2014/01/14,158412
2014/01/15,159344
2014/01/16,159372
2014/01/17,166994
2014/01/18,161364
2014/01/19,156651
2014/01/20,163545
2014/01/21,177637
2014/01/22,176164
2014/01/23,178476
2014/01/24,176570
2014/01/25,173964
2014/01/26,174966
2014/01/27,178055
2014/01/28,187477
2014/01/29,188720
2014/01/30,185159
2014/01/31,180737
2014/02/01,173436
2014/02/02,169693
2014/02/03,172459
2014/02/04,184608
2014/02/05,193671
2014/02/06,197739
2014/02/07,209574
2014/02/08,203874
2014/02/09,205513
2014/02/10,206773
2014/02/11,204892
2014/02/12,216375
2014/02/13,216691
2014/02/14,218684
2014/02/15,209026
2014/02/16,193131
2014/02/17,199015
2014/02/18,205637
2014/02/19,205655
2014/02/20,210845
2014/02/21,221992
2014/02/22,212716
2014/02/23,212142
2014/02/24,215574
2014/02/25,232072
2014/02/26,232290
2014/02/27,226161
2014/02/28,228759
2014/03/01,236859
2014/03/02,237440
2014/03/03,261160
2014/03/04,285188
2014/03/05,284738
2014/03/06,274801
2014/03/07,268341
2014/03/08,254009
2014/03/09,240429
2014/03/10,249846
2014/03/11,250217
2014/03/12,247533
2014/03/13,249834
2014/03/14,263819
2014/03/15,244368
2014/03/16,225128
2014/03/17,221710
2014/03/18,210136
2014/03/19,213300
2014/03/20,214118
2014/03/21,219125
2014/03/22,225081
2014/03/23,205019
2014/03/24,208069
2014/03/25,217665
2014/03/26,224163
2014/03/27,227817
2014/03/28,225859
2014/03/29,212619
2014/03/30,217556
2014/03/31,215516
2014/04/01,216122
2014/04/02,211132
2014/04/03,202129
2014/04/04,201091
2014/04/05,198812
2014/04/06,202201
2014/04/07,212556
2014/04/08,232566
2014/04/09,235360
2014/04/10,240104
2014/04/11,235992
2014/04/12,219485
2014/04/13,205179
2014/04/14,207896
2014/04/15,216307
2014/04/16,229976
2014/04/17,228390
2014/04/18,222662
2014/04/19,215306
2014/04/20,203857
2014/04/21,200547
2014/04/22,222420
2014/04/23,227303
2014/04/24,240416
2014/04/25,236961
2014/04/26,222711
2014/04/27,212264
2014/04/28,218921
2014/04/29,220977
2014/04/30,233296
2014/05/01,222946
2014/05/02,220076
2014/05/03,215918
2014/05/04,212309
2014/05/05,233971
2014/05/06,230263
2014/05/07,233734
2014/05/08,233099
2014/05/09,229075
2014/05/10,214475
2014/05/11,215331
2014/05/12,225625
2014/05/13,227153
2014/05/14,236172
2014/05/15,238942
2014/05/16,231692
2014/05/17,221003
2014/05/18,212098
2014/05/19,219212
2014/05/20,226625
2014/05/21,229148
2014/05/22,233034
2014/05/23,237511
2014/05/24,226344
2014/05/25,224575
2014/05/26,230878
2014/05/27,247328
2014/05/28,247746
2014/05/29,253738
2014/05/30,245316
2014/05/31,236065
2014/06/01,228287
2014/06/02,221101
2014/06/03,224511
2014/06/04,219470
2014/06/05,230322
2014/06/06,241033
2014/06/07,226862
2014/06/08,227219
2014/06/09,228549
2014/06/10,231154
2014/06/11,236289
2014/06/12,234800
2014/06/13,233844
2014/06/14,219248
2014/06/15,207366
2014/06/16,209616
2014/06/17,210847
2014/06/18,216829
2014/06/19,219192
2014/06/20,208982
2014/06/21,198751
2014/06/22,193263
2014/06/23,196017
2014/06/24,197505
2014/06/25,199001
2014/06/26,200671
2014/06/27,196495
2014/06/28,191935
2014/06/29,193145
2014/06/30,226276
2014/07/01,252037
2014/07/02,261927
2014/07/03,263242
2014/07/04,246854
2014/07/05,231156
2014/07/06,231468
2014/07/07,237151
2014/07/08,249191
2014/07/09,251020
2014/07/10,251700
2014/07/11,247123
2014/07/12,233798
2014/07/13,228549
2014/07/14,237150
2014/07/15,242507
2014/07/16,246733
2014/07/17,241591
2014/07/18,237301
2014/07/19,225804
2014/07/20,222842
2014/07/21,228070
2014/07/22,238920
2014/07/23,244323
2014/07/24,250730
2014/07/25,245694
2014/07/26,241320
2014/07/27,235634
2014/07/28,240244
2014/07/29,240553
2014/07/30,238069
2014/07/31,244889
2014/08/01,244469
2014/08/02,230882
2014/08/03,222762
2014/08/04,242377
2014/08/05,262744
2014/08/06,268937
2014/08/07,264129
2014/08/08,261245
2014/08/09,243704
2014/08/10,234401
2014/08/11,237638
2014/08/12,242344
2014/08/13,260928
2014/08/14,260506
2014/08/15,260034
2014/08/16,272678
2014/08/17,257569
2014/08/18,245808
2014/08/19,239768
2014/08/20,240557
2014/08/21,243293
2014/08/22,244445
2014/08/23,232195
2014/08/24,234664
2014/08/25,248610
2014/08/26,247604
2014/08/27,249135
2014/08/28,242958
2014/08/29,235116
2014/08/30,222899
2014/08/31,212055
2014/09/01,233111
2014/09/02,245428
2014/09/03,243687
2014/09/04,245223
2014/09/05,252088
2014/09/06,237966
2014/09/07,241551
2014/09/08,255336
2014/09/09,279619
2014/09/10,286456
2014/09/11,268907
2014/09/12,262256
2014/09/13,242009
2014/09/14,250191
2014/09/15,259874
2014/09/16,268963
2014/09/17,261863
2014/09/18,255552
2014/09/19,246982
2014/09/20,237316
2014/09/21,232466
2014/09/22,239615
2014/09/23,257084
2014/09/24,264170
2014/09/25,269001
2014/09/26,279259
2014/09/27,282530
2014/09/28,294025
2014/09/29,301170
2014/09/30,300144
2014/10/01,300146
2014/10/02,299826
2014/10/03,297584
2014/10/04,292373
2014/10/05,286306
2014/10/06,284718
2014/10/07,297837
2014/10/08,300420
2014/10/09,300434
2014/10/10,296660
2014/10/11,284696
2014/10/12,285054
2014/10/13,287867
2014/10/14,307925
2014/10/15,305203
2014/10/16,300118
2014/10/17,297684
2014/10/18,279504
2014/10/19,287609
2014/10/20,300203
2014/10/21,303179
2014/10/22,299751
2014/10/23,301800
2014/10/24,293753
2014/10/25,286756
2014/10/26,298354
2014/10/27,302561
2014/10/28,315351
2014/10/29,316392
2014/10/30,311947
2014/10/31,297495
2014/11/01,283784
2014/11/02,291741
2014/11/03,294725
2014/11/04,297013
2014/11/05,310356
2014/11/06,320204
2014/11/07,324787
2014/11/08,309965
2014/11/09,311468
2014/11/10,320242
2014/11/11,336615
2014/11/12,345334
2014/11/13,354260
2014/11/14,346796
2014/11/15,332091
2014/11/16,328186
2014/11/17,338048
2014/11/18,334574
2014/11/19,335562
2014/11/20,341827
2014/11/21,348183
2014/11/22,327526
2014/11/23,329040
2014/11/24,333474
2014/11/25,344728
2014/11/26,344047
2014/11/27,344571
2014/11/28,340420
2014/11/29,323709
2014/11/30,333119
2014/12/01,353662
2014/12/02,363068
2014/12/03,390788
2014/12/04,387743
2014/12/05,371792
2014/12/06,360494
2014/12/07,358058
2014/12/08,356564
2014/12/09,357161
2014/12/10,354930
2014/12/11,348015
2014/12/12,344295
2014/12/13,329292
2014/12/14,338876
2014/12/15,356806
2014/12/16,376058
2014/12/17,397477
2014/12/18,404827
2014/12/19,403225
2014/12/20,398434
2014/12/21,386944
2014/12/22,378312
2014/12/23,381647
2014/12/24,359008
2014/12/25,328073
2014/12/26,314765
2014/12/27,308795
2014/12/28,301581
2014/12/29,297207
2014/12/30,298188
2014/12/31,291057
2015/01/01,265143
2015/01/02,265121
2015/01/03,272608
2015/01/04,274996
2015/01/05,296467
2015/01/06,300871
2015/01/07,311334
2015/01/08,331174
2015/01/09,349949
2015/01/10,362039
2015/01/11,354839
2015/01/12,363214
2015/01/13,390802
2015/01/14,398208
2015/01/15,404311
2015/01/16,401757
2015/01/17,399066
2015/01/18,379484
2015/01/19,385286
2015/01/20,401499
2015/01/21,389642
2015/01/22,391339
2015/01/23,391088
2015/01/24,386380
2015/01/25,404162
2015/01/26,425965
2015/01/27,415625
2015/01/28,380107
2015/01/29,355646
2015/01/30,344900
2015/01/31,337369
2015/02/01,328121
2015/02/02,323177
2015/02/03,343378
2015/02/04,335281
2015/02/05,325962
2015/02/06,309678
2015/02/07,303474
2015/02/08,329249
2015/02/09,338479
2015/02/10,353226
2015/02/11,351852
2015/02/12,369208
2015/02/13,402196
2015/02/14,405634
2015/02/15,421417
2015/02/16,419780
2015/02/17,426235
2015/02/18,409921
2015/02/19,386402
2015/02/20,385418
2015/02/21,389421
2015/02/22,381114
2015/02/23,386995
2015/02/24,399134
2015/02/25,388279
2015/02/26,382198
2015/02/27,380530
2015/02/28,395904
2015/03/01,395591
2015/03/02,398809
2015/03/03,400671
2015/03/04,400909
2015/03/05,419886
2015/03/06,412814
2015/03/07,406465
2015/03/08,392805
2015/03/09,406137
2015/03/10,404709
2015/03/11,405341
2015/03/12,419445
2015/03/13,407900
2015/03/14,404445
2015/03/15,390880
2015/03/16,400754
2015/03/17,403418
2015/03/18,396948
2015/03/19,411975
2015/03/20,411457
2015/03/21,394939
2015/03/22,393806
2015/03/23,399368
2015/03/24,372707
2015/03/25,357648
2015/03/26,360225
2015/03/27,345424
2015/03/28,344521
2015/03/29,346551
2015/03/30,363761
2015/03/31,372905
2015/04/01,397001
2015/04/02,389527
2015/04/03,394585
2015/04/04,380923
2015/04/05,380167
2015/04/06,402335
2015/04/07,400231
2015/04/08,415749
2015/04/09,421590
2015/04/10,410006
2015/04/11,405545
2015/04/12,396967
2015/04/13,401221
2015/04/14,399988
2015/04/15,412066
2015/04/16,400320
2015/04/17,405908
2015/04/18,396422
2015/04/19,389241
2015/04/20,389997
2015/04/21,387764
2015/04/22,389116
2015/04/23,406269
2015/04/24,428018
2015/04/25,403164
2015/04/26,397032
2015/04/27,406866
2015/04/28,401651
2015/04/29,424981
2015/04/30,428331
2015/05/01,405884
2015/05/02,397242
2015/05/03,384366
2015/05/04,397702
2015/05/05,394696
2015/05/06,386825
2015/05/07,395320
2015/05/08,396405
2015/05/09,392615
2015/05/10,400019
2015/05/11,398358
2015/05/12,399429
2015/05/13,388360
2015/05/14,376069
2015/05/15,374532
2015/05/16,378133
2015/05/17,361542
2015/05/18,364950
2015/05/19,386279
2015/05/20,387276
2015/05/21,374022
2015/05/22,383539
2015/05/23,396031
2015/05/24,396723
2015/05/25,403964
2015/05/26,407730
2015/05/27,415254
2015/05/28,424647
2015/05/29,424028
2015/05/30,438017
2015/05/31,423419
2015/06/01,450315
2015/06/02,454926
2015/06/03,459137
2015/06/04,452490
2015/06/05,444820
2015/06/06,405467
2015/06/07,393118
2015/06/08,387883
2015/06/09,395796
2015/06/10,419448
2015/06/11,429363
2015/06/12,441804
2015/06/13,425119
2015/06/14,420570
2015/06/15,443640
2015/06/16,476153
2015/06/17,484904
2015/06/18,484762
2015/06/19,492528
2015/06/20,479423
2015/06/21,474510
2015/06/22,503171
2015/06/23,507763
2015/06/24,477193
2015/06/25,447581
2015/06/26,439885
2015/06/27,451245
2015/06/28,441597
2015/06/29,452956
2015/06/30,489305
2015/07/01,525576
2015/07/02,513395
2015/07/03,492592
2015/07/04,466445
2015/07/05,460367
2015/07/06,472194
2015/07/07,546379
2015/07/08,594051
2015/07/09,631701
2015/07/10,634867
2015/07/11,662750
2015/07/12,691257
2015/07/13,697904
2015/07/14,702409
2015/07/15,692486
2015/07/16,694185
2015/07/17,689769
2015/07/18,680970
2015/07/19,670685
2015/07/20,612751
2015/07/21,593410
2015/07/22,560809
2015/07/23,520928
2015/07/24,484749
2015/07/25,452217
2015/07/26,447585
2015/07/27,468695
2015/07/28,495117
2015/07/29,581373
2015/07/30,630285
2015/07/31,661717
2015/08/01,678728
2015/08/02,616071
2015/08/03,575776
2015/08/04,631206
2015/08/05,673625
2015/08/06,701490
2015/08/07,650647
2015/08/08,575567
2015/08/09,523793
2015/08/10,505426
2015/08/11,481652
2015/08/12,487020
2015/08/13,476256
2015/08/14,465514
2015/08/15,446984
2015/08/16,429863
2015/08/17,428719
2015/08/18,441360
2015/08/19,434609
2015/08/20,427796
2015/08/21,412337
2015/08/22,403793
2015/08/23,405018
2015/08/24,419892
2015/08/25,436411
2015/08/26,423475
2015/08/27,427233
2015/08/28,423655
2015/08/29,405483
2015/08/30,397118
2015/08/31,411390
2015/09/01,421482
2015/09/02,505015
2015/09/03,502415
2015/09/04,465657
2015/09/05,461326
2015/09/06,448804
2015/09/07,455977
2015/09/08,515033
2015/09/09,568342
2015/09/10,600895
2015/09/11,625171
2015/09/12,634391
2015/09/13,631621
2015/09/14,659343
2015/09/15,668932
2015/09/16,670640
2015/09/17,679276
2015/09/18,648623
2015/09/19,603762
2015/09/20,572611
2015/09/21,580033
2015/09/22,556581
2015/09/23,532360
2015/09/24,521177
2015/09/25,498072
2015/09/26,482963
2015/09/27,472717
2015/09/28,483196
2015/09/29,478562
2015/09/30,487416
2015/10/01,479850
2015/10/02,491877
2015/10/03,467075
2015/10/04,443462
2015/10/05,438389
2015/10/06,464433
2015/10/07,519929
2015/10/08,554483
2015/10/09,564605
2015/10/10,581591
2015/10/11,571466
2015/10/12,572354
2015/10/13,568044
2015/10/14,557544
2015/10/15,552660
2015/10/16,558965
2015/10/17,569148
2015/10/18,560009
2015/10/19,547619
2015/10/20,583032
2015/10/21,578576
2015/10/22,570595
2015/10/23,566845
2015/10/24,556462
2015/10/25,549138
2015/10/26,531190
2015/10/27,535024
2015/10/28,549445
2015/10/29,559979
2015/10/30,549357
2015/10/31,547063
2015/11/01,545762
2015/11/02,565759
2015/11/03,595199
2015/11/04,642410
2015/11/05,664281
2015/11/06,662704
2015/11/07,631040
2015/11/08,610263
2015/11/09,613552
2015/11/10,611846
2015/11/11,589998
2015/11/12,573635
2015/11/13,553530
2015/11/14,550581
2015/11/15,537514
2015/11/16,533477
2015/11/17,539489
2015/11/18,554198
2015/11/19,568095
2015/11/20,552384
2015/11/21,531484
2015/11/22,507884
2015/11/23,509823
2015/11/24,513104
2015/11/25,524461
2015/11/26,527546
2015/11/27,558030
2015/11/28,556309
2015/11/29,530588
2015/11/30,566048
2015/12/01,566284
2015/12/02,588688
2015/12/03,602292
2015/12/04,598881
2015/12/05,592675
2015/12/06,593087
2015/12/07,616841
2015/12/08,616869
2015/12/09,634562
2015/12/10,608958
2015/12/11,616012
2015/12/12,634282
2015/12/13,647898
2015/12/14,643394
2015/12/15,637873
2015/12/16,647462
2015/12/17,654728
2015/12/18,643990
2015/12/19,646286
2015/12/20,634710
2015/12/21,667644
2015/12/22,688161
2015/12/23,687832
2015/12/24,698261
2015/12/25,655736
2015/12/26,627490
2015/12/27,582424
2015/12/28,600826
2015/12/29,605867
2015/12/30,592900
2015/12/31,583378
2016/01/01,560864
2016/01/02,565564
2016/01/03,562816
2016/01/04,561334
2016/01/05,581424
2016/01/06,601643
2016/01/07,627390
2016/01/08,616434
2016/01/09,621971
2016/01/10,597063
2016/01/11,611872
2016/01/12,610613
2016/01/13,627028
2016/01/14,649892
2016/01/15,683774
2016/01/16,699279
2016/01/17,712955
2016/01/18,701073
2016/01/19,719243
2016/01/20,754936
2016/01/21,776231
2016/01/22,747616
2016/01/23,703567
2016/01/24,682426
2016/01/25,691638
2016/01/26,704402
2016/01/27,714285
2016/01/28,734960
2016/01/29,722949
2016/01/30,684078
2016/01/31,651672
2016/02/01,682976
2016/02/02,713184
2016/02/03,696308
2016/02/04,686667
2016/02/05,676678
2016/02/06,658275
2016/02/07,668732
2016/02/08,706292
2016/02/09,703738
2016/02/10,712391
2016/02/11,694097
2016/02/12,674325
2016/02/13,663359
2016/02/14,653676
2016/02/15,680878
2016/02/16,700747
2016/02/17,719030
2016/02/18,701975
2016/02/19,718240
2016/02/20,723102
2016/02/21,753746
2016/02/22,789849
2016/02/23,813163
2016/02/24,839393
2016/02/25,829280
2016/02/26,813248
2016/02/27,778390
2016/02/28,777914
2016/02/29,811739
2016/03/01,835043
2016/03/02,851331
2016/03/03,868686
2016/03/04,848137
2016/03/05,831091
2016/03/06,780512
2016/03/07,762448
2016/03/08,741907
2016/03/09,742441
2016/03/10,726057
2016/03/11,698102
2016/03/12,667068
2016/03/13,659772
2016/03/14,676363
2016/03/15,673301
2016/03/16,672175
2016/03/17,690801
2016/03/18,702980
2016/03/19,687237
2016/03/20,680583
2016/03/21,698986
2016/03/22,702731
2016/03/23,695726
2016/03/24,690304
2016/03/25,673711
2016/03/26,661586
2016/03/27,653533
2016/03/28,658762
2016/03/29,703163
2016/03/30,714579
2016/03/31,747211
2016/04/01,752495
2016/04/02,764065
2016/04/03,754791
2016/04/04,733494
2016/04/05,735520
2016/04/06,728228
2016/04/07,735711
2016/04/08,731277
2016/04/09,707253
2016/04/10,668744
2016/04/11,694280
2016/04/12,729609
2016/04/13,724003
2016/04/14,721549
2016/04/15,739286
2016/04/16,723127
2016/04/17,707147
2016/04/18,739747
2016/04/19,742256
2016/04/20,730903
2016/04/21,731104
2016/04/22,742035
2016/04/23,720171
2016/04/24,722118
2016/04/25,760189
2016/04/26,773416
2016/04/27,798877
2016/04/28,823507
2016/04/29,820821
2016/04/30,804982
2016/05/01,760146
2016/05/02,757860
2016/05/03,762932
2016/05/04,748940
2016/05/05,737816
2016/05/06,724813
2016/05/07,705220
2016/05/08,673433
2016/05/09,664615
2016/05/10,680168
2016/05/11,713359
2016/05/12,729997
2016/05/13,738151
2016/05/14,756678
2016/05/15,761912
2016/05/16,798104
2016/05/17,815541
2016/05/18,830068
2016/05/19,861401
2016/05/20,841444
2016/05/21,853887
2016/05/22,791290
2016/05/23,755014
2016/05/24,778732
2016/05/25,801663
2016/05/26,806346
2016/05/27,841772
2016/05/28,847149
2016/05/29,805361
2016/05/30,826935
2016/05/31,836936
2016/06/01,837509
2016/06/02,834821
2016/06/03,834234
2016/06/04,835794
2016/06/05,779631
2016/06/06,761067
2016/06/07,771680
2016/06/08,779300
2016/06/09,764609
2016/06/10,779099
2016/06/11,758334
2016/06/12,776242
2016/06/13,811061
2016/06/14,847075
2016/06/15,864573
2016/06/16,887835
2016/06/17,898544
2016/06/18,890819
2016/06/19,848871
2016/06/20,831705
2016/06/21,852486
2016/06/22,875755
2016/06/23,886744
2016/06/24,900707
2016/06/25,873659
2016/06/26,845781
2016/06/27,828617
2016/06/28,811450
2016/06/29,799707
2016/06/30,799137
2016/07/01,786670
2016/07/02,763686
2016/07/03,726406
2016/07/04,729615
2016/07/05,744481
2016/07/06,757727
2016/07/07,773649
2016/07/08,775178
2016/07/09,745876
2016/07/10,705840
2016/07/11,727681
2016/07/12,739696
2016/07/13,759757
2016/07/14,769407
2016/07/15,774589
2016/07/16,753040
2016/07/17,742099
2016/07/18,761327
2016/07/19,786172
2016/07/20,789304
2016/07/21,794276
2016/07/22,811683
2016/07/23,815317
2016/07/24,809355
2016/07/25,834494
2016/07/26,856612
2016/07/27,872885
2016/07/28,873454
2016/07/29,860663
2016/07/30,863016
2016/07/31,845885
2016/08/01,837938
2016/08/02,843269
2016/08/03,830194
2016/08/04,817810
2016/08/05,788599
2016/08/06,746239
2016/08/07,751739
2016/08/08,773595
2016/08/09,800309
2016/08/10,808867
2016/08/11,821748
2016/08/12,817609
2016/08/13,779465
2016/08/14,744516
2016/08/15,760809
2016/08/16,800604
2016/08/17,837883
2016/08/18,828106
2016/08/19,818760
2016/08/20,792561
2016/08/21,748128
2016/08/22,757295
2016/08/23,775193
2016/08/24,770446
2016/08/25,794828
2016/08/26,807203
2016/08/27,777108
2016/08/28,734942
2016/08/29,753416
2016/08/30,760848
2016/08/31,779302
2016/09/01,796767
2016/09/02,779217
2016/09/03,776878
2016/09/04,727477
2016/09/05,765661
2016/09/06,790963
2016/09/07,795534
2016/09/08,800157
2016/09/09,803355
2016/09/10,764147
2016/09/11,721019
2016/09/12,713450
2016/09/13,730285
2016/09/14,738745
2016/09/15,742282
2016/09/16,750348
2016/09/17,751336
2016/09/18,733058
2016/09/19,758533
2016/09/20,764544
2016/09/21,751225
2016/09/22,754043
2016/09/23,766827
2016/09/24,734071
2016/09/25,693259
2016/09/26,712632
2016/09/27,725513
2016/09/28,739691
2016/09/29,762952
2016/09/30,783032
2016/10/01,765073
2016/10/02,753417
2016/10/03,781180
2016/10/04,791849
2016/10/05,791094
2016/10/06,800150
2016/10/07,816966
2016/10/08,803014
2016/10/09,772803
2016/10/10,794187
2016/10/11,826392
2016/10/12,835910
2016/10/13,854921
2016/10/14,855844
2016/10/15,837275
2016/10/16,817660
2016/10/17,845643
2016/10/18,844673
2016/10/19,835335
2016/10/20,870838
2016/10/21,850879
2016/10/22,836607
2016/10/23,825519
2016/10/24,840711
2016/10/25,866495
2016/10/26,893450
2016/10/27,914473
2016/10/28,889963
2016/10/29,860711
2016/10/30,802114
2016/10/31,804311
2016/11/01,817475
2016/11/02,839013
2016/11/03,837392
2016/11/04,867050
2016/11/05,848381
2016/11/06,818962
2016/11/07,835880
2016/11/08,843456
2016/11/09,855521
2016/11/10,842754
2016/11/11,820748
2016/11/12,793141
2016/11/13,788185
2016/11/14,788675
2016/11/15,805088
2016/11/16,801633
2016/11/17,825804
2016/11/18,852430
2016/11/19,852520
2016/11/20,864946
2016/11/21,879312
2016/11/22,899185
2016/11/23,912137
2016/11/24,922010
2016/11/25,927183
2016/11/26,931616
2016/11/27,904067
2016/11/28,905308
2016/11/29,905504
2016/11/30,907169
2016/12/01,905233
2016/12/02,923047
2016/12/03,912480
2016/12/04,898589
2016/12/05,894593
2016/12/06,911614
2016/12/07,904738
2016/12/08,891077
2016/12/09,900868
2016/12/10,900251
2016/12/11,846177
2016/12/12,836116
2016/12/13,830792
2016/12/14,848480
2016/12/15,875196
2016/12/16,898030
2016/12/17,877760
2016/12/18,873654
2016/12/19,883913
2016/12/20,905509
2016/12/21,920102
2016/12/22,920015
2016/12/23,911988
2016/12/24,897693
2016/12/25,835280
2016/12/26,840405
2016/12/27,849443
2016/12/28,854182
2016/12/29,875715
2016/12/30,874692
2016/12/31,856977
2017/01/01,817347
2017/01/02,849209
2017/01/03,863530
2017/01/04,894142
2017/01/05,916635
2017/01/06,933538
2017/01/07,946944
2017/01/08,912792
2017/01/09,915324
2017/01/10,926403
2017/01/11,925535
2017/01/12,894550
2017/01/13,881014
2017/01/14,846432
2017/01/15,804070
2017/01/16,792615
2017/01/17,819501
2017/01/18,838066
2017/01/19,837121
2017/01/20,808388
2017/01/21,779543
2017/01/22,753276
2017/01/23,792107
2017/01/24,837474
2017/01/25,875045
2017/01/26,904547
2017/01/27,887810
2017/01/28,885203
2017/01/29,879504
2017/01/30,898386
2017/01/31,913655
2017/02/01,925793
2017/02/02,922813
2017/02/03,934794
2017/02/04,939114
2017/02/05,943801
2017/02/06,952630
2017/02/07,950872
2017/02/08,953415
2017/02/09,954048
2017/02/10,957402
2017/02/11,958946
2017/02/12,937304
2017/02/13,930572
2017/02/14,919092
2017/02/15,924320
2017/02/16,936706
2017/02/17,944778
2017/02/18,949057
2017/02/19,944493
2017/02/20,946181
2017/02/21,947032
2017/02/22,954543
2017/02/23,956065
2017/02/24,959823
2017/02/25,961429
2017/02/26,951489
2017/02/27,949883
2017/02/28,954450
2017/03/01,960603
2017/03/02,959335
2017/03/03,965803
2017/03/04,970807
2017/03/05,973910
2017/03/06,971795
2017/03/07,972541
2017/03/08,974242
2017/03/09,978610
2017/03/10,981892
2017/03/11,985792
2017/03/12,979360
2017/03/13,980218
2017/03/14,975755
2017/03/15,977791
2017/03/16,980388
2017/03/17,984157
2017/03/18,973609
2017/03/19,952450
2017/03/20,958663
2017/03/21,964478
2017/03/22,968862
2017/03/23,967898
2017/03/24,943387
2017/03/25,942501
2017/03/26,875554
2017/03/27,881882
2017/03/28,907812
2017/03/29,924131
2017/03/30,933715
2017/03/31,940397
2017/04/01,947066
2017/04/02,916347
2017/04/03,906811
2017/04/04,924553
2017/04/05,935109
2017/04/06,945747
2017/04/07,953686
2017/04/08,958851
2017/04/09,950483
2017/04/10,942233
2017/04/11,947362
2017/04/12,956143
2017/04/13,960331
2017/04/14,969005
2017/04/15,974658
2017/04/16,962828
2017/04/17,954797
2017/04/18,954962
2017/04/19,962254
2017/04/20,965167
2017/04/21,967839
2017/04/22,969117
2017/04/23,963725
2017/04/24,963545
2017/04/25,964141
2017/04/26,966049
2017/04/27,966420
2017/04/28,973963
2017/04/29,973344
2017/04/30,972961
2017/05/01,974055
2017/05/02,975580
2017/05/03,980487
2017/05/04,978106
2017/05/05,973870
2017/05/06,971615
2017/05/07,969900
2017/05/08,969440
2017/05/09,974006
2017/05/10,970525
2017/05/11,968184
2017/05/12,964762
2017/05/13,962324
2017/05/14,965493
2017/05/15,966777
2017/05/16,968552
2017/05/17,971864
2017/05/18,972530
2017/05/19,972192
2017/05/20,970926
2017/05/21,975765
2017/05/22,973503
2017/05/23,974778
2017/05/24,973700
2017/05/25,974473
2017/05/26,970528
2017/05/27,975740
2017/05/28,976280
2017/05/29,976664
2017/05/30,977628
2017/05/31,977375
2017/06/01,977447
2017/06/02,978562
2017/06/03,979164
2017/06/04,979942
2017/06/05,976043
2017/06/06,979523
2017/06/07,982652
2017/06/08,979422
2017/06/09,977931
2017/06/10,975041
2017/06/11,967629
2017/06/12,967600
2017/06/13,969966
2017/06/14,969793
2017/06/15,975914
2017/06/16,977687
2017/06/17,979671
2017/06/18,968892
2017/06/19,973227
2017/06/20,971259
2017/06/21,974188
2017/06/22,978765
2017/06/23,971273
2017/06/24,965894
2017/06/25,956331
2017/06/26,964033
2017/06/27,970491
2017/06/28,970995
2017/06/29,969935
2017/06/30,966509
2017/07/01,945544
2017/07/02,904033
2017/07/03,881947
2017/07/04,885697
2017/07/05,891637
2017/07/06,907783
2017/07/07,915082
2017/07/08,901014
2017/07/09,863144
2017/07/10,834002
2017/07/11,848008
2017/07/12,856376
2017/07/13,856095
2017/07/14,867103
2017/07/15,894053
2017/07/16,880587
2017/07/17,896741
2017/07/18,912392
2017/07/19,919098
2017/07/20,921667
2017/07/21,935359
2017/07/22,932937
2017/07/23,870520
2017/07/24,876475
2017/07/25,890899
2017/07/26,909988
2017/07/27,913372
2017/07/28,914224
2017/07/29,903698
2017/07/30,880337
2017/07/31,891913
2017/08/01,850237
2017/08/02,857178
2017/08/03,860076
2017/08/04,876073
2017/08/05,877342
2017/08/06,854594
2017/08/07,876850
2017/08/08,902428
2017/08/09,915342
2017/08/10,931806
2017/08/11,940627
2017/08/12,950428
2017/08/13,958630
2017/08/14,957768
2017/08/15,962072
2017/08/16,963216
2017/08/17,967061
2017/08/18,965272
2017/08/19,965547
2017/08/20,964502
2017/08/21,967477
2017/08/22,975131
2017/08/23,977955
2017/08/24,968025
2017/08/25,958019
2017/08/26,967941
2017/08/27,973291
2017/08/28,974961
2017/08/29,980276
2017/08/30,980439
2017/08/31,979937
2017/09/01,977165
2017/09/02,934294
2017/09/03,890978
2017/09/04,898989
2017/09/05,863976
2017/09/06,872398
2017/09/07,855070
2017/09/08,867678
2017/09/09,830820
2017/09/10,817018
2017/09/11,817200
2017/09/12,787588
2017/09/13,765939
2017/09/14,770561
2017/09/15,784873
2017/09/16,760558
2017/09/17,712669
2017/09/18,757614
2017/09/19,800693
2017/09/20,831133
2017/09/21,810301
2017/09/22,802753
2017/09/23,752774
2017/09/24,723681
2017/09/25,764822
2017/09/26,806006
2017/09/27,808881
2017/09/28,810562
2017/09/29,806547
2017/09/30,793054
2017/10/01,814398
2017/10/02,849576
2017/10/03,847245
2017/10/04,833435
2017/10/05,866745
2017/10/06,868065
2017/10/07,850266
2017/10/08,818204
2017/10/09,829882
2017/10/10,848154
2017/10/11,874078
2017/10/12,883935
2017/10/13,900848
2017/10/14,912759
2017/10/15,892375
2017/10/16,879923
2017/10/17,885066
2017/10/18,894148
2017/10/19,897068
2017/10/20,897806
2017/10/21,906199
2017/10/22,912281
2017/10/23,910123
2017/10/24,925012
2017/10/25,924124
2017/10/26,867413
2017/10/27,891330
2017/10/28,907088
2017/10/29,918170
2017/10/30,930330
2017/10/31,941617
2017/11/01,947851
2017/11/02,949266
2017/11/03,951673
2017/11/04,952887
2017/11/05,954389
2017/11/06,955548
2017/11/07,953523
2017/11/08,953635
2017/11/09,952405
2017/11/10,953778
2017/11/11,954325
2017/11/12,956100
2017/11/13,957382
2017/11/14,955022
2017/11/15,956596
2017/11/16,953769
2017/11/17,955200
2017/11/18,959410
2017/11/19,961054
2017/11/20,957256
2017/11/21,958463
2017/11/22,960801
2017/11/23,961040
2017/11/24,959970
2017/11/25,961726
2017/11/26,960781
2017/11/27,960199
2017/11/28,961087
2017/11/29,962438
2017/11/30,965556
2017/12/01,967339
2017/12/02,965900
2017/12/03,966980
2017/12/04,968956
2017/12/05,967479
2017/12/06,966572
2017/12/07,961835
2017/12/08,962243
2017/12/09,964932
2017/12/10,966378
2017/12/11,967238
2017/12/12,967616
2017/12/13,970400
2017/12/14,970107
2017/12/15,970191
2017/12/16,970417
2017/12/17,970199
2017/12/18,969841
2017/12/19,969391
2017/12/20,970407
2017/12/21,966384
2017/12/22,969022
2017/12/23,971174
2017/12/24,972471
2017/12/25,972064
2017/12/26,971934
2017/12/27,968469
2017/12/28,968829
2017/12/29,970054
2017/12/30,967078
2017/12/31,965502
2018/01/01,965669
2018/01/02,966335
2018/01/03,968721
2018/01/04,970469
2018/01/05,971576
2018/01/06,971565
2018/01/07,972046
2018/01/08,967907
2018/01/09,968755
2018/01/10,969143
2018/01/11,966218
2018/01/12,969527
2018/01/13,964091
2018/01/14,966093
2018/01/15,966687
2018/01/16,966068
2018/01/17,964802
2018/01/18,964925
2018/01/19,965050
2018/01/20,960576
2018/01/21,957515
2018/01/22,960787
2018/01/23,963896
2018/01/24,964614
2018/01/25,961776
2018/01/26,961446
2018/01/27,956044
2018/01/28,951013
2018/01/29,944608
2018/01/30,933722
2018/01/31,936467
2018/02/01,942019
2018/02/02,941825
2018/02/03,935530
2018/02/04,924099
2018/02/05,917871
2018/02/06,928680
2018/02/07,932893
2018/02/08,935848
2018/02/09,941207
2018/02/10,942772
2018/02/11,943778
2018/02/12,943265
2018/02/13,944003
2018/02/14,943128
2018/02/15,943754
2018/02/16,932051
2018/02/17,927238
2018/02/18,924697
2018/02/19,927902
2018/02/20,925216
2018/02/21,920301
2018/02/22,900459
2018/02/23,905657
2018/02/24,920726
2018/02/25,855683
2018/02/26,868990
2018/02/27,880906
2018/02/28,890852
2018/03/01,896950
2018/03/02,859759
2018/03/03,869095
2018/03/04,878633
2018/03/05,884578
2018/03/06,893681
2018/03/07,897170
2018/03/08,900814
2018/03/09,901564
2018/03/10,901699
2018/03/11,905656
2018/03/12,887769
2018/03/13,866002
2018/03/14,810176
2018/03/15,772837
2018/03/16,725653
2018/03/17,652600
2018/03/18,639527
2018/03/19,620852
2018/03/20,633792
2018/03/21,619208
2018/03/22,635712
2018/03/23,647913
2018/03/24,606930
2018/03/25,572365
2018/03/26,580227
2018/03/27,591522
2018/03/28,594452
2018/03/29,586976
2018/03/30,571263
2018/03/31,567330
2018/04/01,519309
2018/04/02,508225
2018/04/03,522545
2018/04/04,540173
2018/04/05,540043
2018/04/06,579725
2018/04/07,551467
2018/04/08,504065
2018/04/09,532641
2018/04/10,545206
2018/04/11,542254
2018/04/12,578663
2018/04/13,583857
2018/04/14,609846
2018/04/15,638436
2018/04/16,664558
2018/04/17,652663
2018/04/18,628526
2018/04/19,601426
2018/04/20,619855
2018/04/21,622360
2018/04/22,580673
2018/04/23,593058
2018/04/24,645308
2018/04/25,705754
2018/04/26,712844
2018/04/27,737591
2018/04/28,731450
2018/04/29,678778
2018/04/30,663020
2018/05/01,636627
2018/05/02,652757
2018/05/03,672850
2018/05/04,710281
2018/05/05,685667
2018/05/06,671900
2018/05/07,684827
2018/05/08,709147
2018/05/09,686877
2018/05/10,669621
2018/05/11,711784
2018/05/12,664248
2018/05/13,616054
2018/05/14,643435
2018/05/15,642824
2018/05/16,607500
2018/05/17,635416
2018/05/18,650583
2018/05/19,607542
2018/05/20,569963
2018/05/21,584519
2018/05/22,580010
2018/05/23,587766
2018/05/24,589725
2018/05/25,568694
2018/05/26,525763
2018/05/27,486242
2018/05/28,509823
2018/05/29,551479
2018/05/30,542553
2018/05/31,545279
2018/06/01,556072
2018/06/02,542985
2018/06/03,575314
2018/06/04,664755
2018/06/05,679918
2018/06/06,722663
2018/06/07,777360
2018/06/08,771158
2018/06/09,706684
2018/06/10,678841
2018/06/11,669698
2018/06/12,721556
2018/06/13,728844
2018/06/14,691713
2018/06/15,684254
2018/06/16,608628
2018/06/17,556106
2018/06/18,544323
2018/06/19,597884
2018/06/20,683001
2018/06/21,635100
2018/06/22,633751
2018/06/23,584958
2018/06/24,535583
2018/06/25,599486
2018/06/26,682394
2018/06/27,743381
2018/06/28,697958
2018/06/29,670925
2018/06/30,713657
2018/07/01,681958
2018/07/02,718194
2018/07/03,772682
2018/07/04,774492
2018/07/05,740225
2018/07/06,693906
2018/07/07,629175
2018/07/08,592053
2018/07/09,671399
2018/07/10,707393
2018/07/11,740039
2018/07/12,772083
2018/07/13,796130
2018/07/14,820330
2018/07/15,774041
2018/07/16,766127
2018/07/17,754765
2018/07/18,788797
2018/07/19,740658
2018/07/20,717809
2018/07/21,680723
2018/07/22,600928
2018/07/23,627620
2018/07/24,658377
2018/07/25,694960
2018/07/26,676577
2018/07/27,692727
2018/07/28,668155
2018/07/29,605258
2018/07/30,635760
2018/07/31,668223
2018/08/01,706664
2018/08/02,690216
2018/08/03,681672
2018/08/04,625379
2018/08/05,585940
2018/08/06,644903
2018/08/07,688475
2018/08/08,676560
2018/08/09,669275
2018/08/10,663103
2018/08/11,621498
2018/08/12,584771
2018/08/13,622486
2018/08/14,667669
2018/08/15,654866
2018/08/16,640883
2018/08/17,642706
2018/08/18,598919
2018/08/19,570464
2018/08/20,584919
2018/08/21,588483
2018/08/22,590392
2018/08/23,588463
2018/08/24,598888
2018/08/25,598225
2018/08/26,561399
2018/08/27,562257
2018/08/28,598392
2018/08/29,627543
2018/08/30,628369
2018/08/31,629707
2018/09/01,624594
2018/09/02,596481
2018/09/03,614230
2018/09/04,648650
2018/09/05,676111
2018/09/06,680977
2018/09/07,686440
2018/09/08,653444
2018/09/09,612337
2018/09/10,637158
2018/09/11,667392
2018/09/12,638822
2018/09/13,639756
2018/09/14,672911
2018/09/15,656060
2018/09/16,615024
2018/09/17,637045
2018/09/18,651675
2018/09/19,643093
2018/09/20,638084
2018/09/21,671785
2018/09/22,643384
2018/09/23,607916
2018/09/24,609673
2018/09/25,602976
2018/09/26,622427
2018/09/27,632593
2018/09/28,636891
2018/09/29,610703
2018/09/30,579051
2018/10/01,592319
2018/10/02,640968
2018/10/03,640636
2018/10/04,632624
2018/10/05,652482
2018/10/06,662918
2018/10/07,643258
2018/10/08,664574
2018/10/09,684676
2018/10/10,687594
2018/10/11,691677
2018/10/12,718881
2018/10/13,696128
2018/10/14,698974
2018/10/15,705667
2018/10/16,727611
2018/10/17,747909
2018/10/18,749880
2018/10/19,756302
2018/10/20,734403
2018/10/21,714402
2018/10/22,712040
2018/10/23,711635
2018/10/24,751712
2018/10/25,760154
2018/10/26,764683
2018/10/27,747007
2018/10/28,724757
2018/10/29,732486
2018/10/30,733405
2018/10/31,728549
2018/11/01,731501
2018/11/02,757381
2018/11/03,733629
2018/11/04,746031
2018/11/05,759232
2018/11/06,775233
2018/11/07,792808
2018/11/08,811919
2018/11/09,822014
2018/11/10,797442
2018/11/11,771484
2018/11/12,786154
2018/11/13,800872
2018/11/14,806630
2018/11/15,832243
2018/11/16,839288
2018/11/17,804779
2018/11/18,790373
2018/11/19,803228
2018/11/20,824784
2018/11/21,847070
2018/11/22,861065
2018/11/23,864046
2018/11/24,836292
2018/11/25,828899
2018/11/26,849440
2018/11/27,847614
2018/11/28,852649
2018/11/29,867441
2018/11/30,879242
2018/12/01,866890
2018/12/02,847584
2018/12/03,845942
2018/12/04,835933
2018/12/05,828122
2018/12/06,831291
2018/12/07,851951
2018/12/08,825605
2018/12/09,805518
2018/12/10,816787
2018/12/11,816616
2018/12/12,826069
2018/12/13,823110
2018/12/14,813873
2018/12/15,788396
2018/12/16,783485
2018/12/17,778543
2018/12/18,789761
2018/12/19,799512
2018/12/20,814177
2018/12/21,812149
2018/12/22,763987
2018/12/23,720689
2018/12/24,724456
2018/12/25,711557
2018/12/26,710077
2018/12/27,705867
2018/12/28,708563
2018/12/29,717758
2018/12/30,691906
2018/12/31,690881
2019/01/01,681422
2019/01/02,694269
2019/01/03,704588
2019/01/04,712067
2019/01/05,693627
2019/01/06,680401
2019/01/07,697774
2019/01/08,690707
2019/01/09,687423
2019/01/10,703253
2019/01/11,712886
2019/01/12,704734
2019/01/13,695560
2019/01/14,708579
2019/01/15,732985
2019/01/16,763318
2019/01/17,780361
2019/01/18,783932
2019/01/19,772460
2019/01/20,735598
2019/01/21,735441
2019/01/22,750002
2019/01/23,752499
2019/01/24,737421
2019/01/25,743196
2019/01/26,736951
2019/01/27,722431
2019/01/28,734354
2019/01/29,745311
2019/01/30,766368
2019/01/31,770700
2019/02/01,774043
2019/02/02,769881
2019/02/03,758451
2019/02/04,764954
2019/02/05,774357
2019/02/06,780802
2019/02/07,763892
2019/02/08,755234
2019/02/09,742763
2019/02/10,733409
2019/02/11,746104
2019/02/12,782068
2019/02/13,800955
2019/02/14,815717
2019/02/15,813756
2019/02/16,802006
2019/02/17,774073
2019/02/18,782912
2019/02/19,790346
2019/02/20,816059
2019/02/21,835820
2019/02/22,830206
2019/02/23,811970
2019/02/24,811527
2019/02/25,819646
2019/02/26,821270
2019/02/27,827921
2019/02/28,837011
2019/03/01,829221
2019/03/02,844244
2019/03/03,831329
2019/03/04,825629
2019/03/05,802723
2019/03/06,806325
2019/03/07,786643
2019/03/08,770513
2019/03/09,738455
2019/03/10,698202
2019/03/11,719309
2019/03/12,721414
2019/03/13,746403
2019/03/14,747265
2019/03/15,740908
2019/03/16,697964
2019/03/17,659442
2019/03/18,664140
2019/03/19,664019
2019/03/20,669080
2019/03/21,687546
2019/03/22,683894
2019/03/23,661852
2019/03/24,631135
2019/03/25,667374
2019/03/26,729280
2019/03/27,773062
2019/03/28,808858
2019/03/29,834325
2019/03/30,858125
2019/03/31,876175
2019/04/01,886997
2019/04/02,894625
2019/04/03,899710
2019/04/04,899345
2019/04/05,901477
2019/04/06,905512
2019/04/07,896165
2019/04/08,901708
2019/04/09,904791
2019/04/10,907503
2019/04/11,911141
2019/04/12,904356
2019/04/13,895698
2019/04/14,896200
2019/04/15,900389
2019/04/16,899533
2019/04/17,900182
2019/04/18,906688
2019/04/19,909574
2019/04/20,909027
2019/04/21,901112
2019/04/22,893345
2019/04/23,898159
2019/04/24,903538
2019/04/25,908804
2019/04/26,909750
2019/04/27,913633
2019/04/28,877965
2019/04/29,872441
2019/04/30,879181
2019/05/01,879082
2019/05/02,872127
2019/05/03,880139
2019/05/04,887257
2019/05/05,898207
2019/05/06,900903
2019/05/07,902801
2019/05/08,904096
2019/05/09,905980
2019/05/10,901997
2019/05/11,905910
2019/05/12,907196
2019/05/13,904954
2019/05/14,902388
2019/05/15,904184
2019/05/16,904880
2019/05/17,906318
2019/05/18,904655
2019/05/19,896253
2019/05/20,889424
2019/05/21,894957
2019/05/22,894691
2019/05/23,899450
2019/05/24,896290
2019/05/25,894557
2019/05/26,869790
2019/05/27,872647
2019/05/28,880410
2019/05/29,877949
2019/05/30,874108
2019/05/31,880698
2019/06/01,889577
2019/06/02,891181
2019/06/03,888973
2019/06/04,895092
2019/06/05,896530
2019/06/06,887743
2019/06/07,877679
2019/06/08,869888
2019/06/09,834461
2019/06/10,837771
2019/06/11,856278
2019/06/12,869992
2019/06/13,879925
2019/06/14,881264
2019/06/15,887526
2019/06/16,883877
2019/06/17,887893
2019/06/18,893665
2019/06/19,888129
2019/06/20,884082
2019/06/21,890388
2019/06/22,897437
2019/06/23,893636
2019/06/24,891810
2019/06/25,891207
2019/06/26,897810
2019/06/27,903395
2019/06/28,905717
2019/06/29,891207
2019/06/30,860635
2019/07/01,864374
2019/07/02,877747
2019/07/03,877934
2019/07/04,874250
2019/07/05,852096
2019/07/06,813255
2019/07/07,794240
2019/07/08,798950
2019/07/09,813152
2019/07/10,834227
2019/07/11,851476
2019/07/12,866685
2019/07/13,848839
2019/07/14,817514
2019/07/15,827665
2019/07/16,827350
2019/07/17,829354
2019/07/18,849724
2019/07/19,864848
2019/07/20,854045
2019/07/21,812299
2019/07/22,796786
2019/07/23,803085
2019/07/24,797412
2019/07/25,805347
2019/07/26,782664
2019/07/27,749158
2019/07/28,698032
2019/07/29,701792
2019/07/30,732222
2019/07/31,735155
2019/08/01,763014
2019/08/02,767166
2019/08/03,739514
2019/08/04,711535
2019/08/05,752992
2019/08/06,776681
2019/08/07,803851
2019/08/08,826675
2019/08/09,826952
2019/08/10,791835
2019/08/11,743709
2019/08/12,753862
2019/08/13,784713
2019/08/14,797295
2019/08/15,793340
2019/08/16,786034
2019/08/17,778344
2019/08/18,766296
2019/08/19,752679
2019/08/20,761803
2019/08/21,785540
2019/08/22,810369
2019/08/23,808094
2019/08/24,779054
2019/08/25,741473
2019/08/26,769726
2019/08/27,789983
2019/08/28,787220
2019/08/29,775278
2019/08/30,768885
2019/08/31,744413
2019/09/01,724309
2019/09/02,741553
2019/09/03,754446
2019/09/04,783651
2019/09/05,779018
2019/09/06,784971
2019/09/07,759811
2019/09/08,698289
2019/09/09,718181
2019/09/10,703509
2019/09/11,689661
2019/09/12,696019
2019/09/13,713337
2019/09/14,695932
2019/09/15,682852
2019/09/16,704123
2019/09/17,735790
2019/09/18,732416
2019/09/19,741617
2019/09/20,741774
2019/09/21,709811
2019/09/22,678792
2019/09/23,726859
2019/09/24,749016
2019/09/25,761558
2019/09/26,745668
2019/09/27,754385
2019/09/28,720697
2019/09/29,698653
2019/09/30,725954
2019/10/01,742269
2019/10/02,731231
2019/10/03,725613
2019/10/04,727730
2019/10/05,697440
2019/10/06,665294
2019/10/07,677073
2019/10/08,679622
2019/10/09,696246
2019/10/10,693014
2019/10/11,700201
2019/10/12,697124
2019/10/13,667455
2019/10/14,689352
2019/10/15,695328
2019/10/16,715244
2019/10/17,721332
2019/10/18,708159
2019/10/19,704838
2019/10/20,677851
2019/10/21,691315
2019/10/22,691129
2019/10/23,694144
2019/10/24,716295
2019/10/25,752426
2019/10/26,781522
2019/10/27,791153
2019/10/28,808637
2019/10/29,811408
2019/10/30,810861
2019/10/31,805210
2019/11/01,826549
2019/11/02,796432
2019/11/03,773738
2019/11/04,785045
2019/11/05,791871
2019/11/06,816113
2019/11/07,822077
2019/11/08,823433
2019/11/09,808250
2019/11/10,760305
2019/11/11,753249
2019/11/12,750744
2019/11/13,774488
2019/11/14,754002
2019/11/15,779310
2019/11/16,815156
2019/11/17,824441
2019/11/18,803886
2019/11/19,810596
2019/11/20,794248
2019/11/21,807237
2019/11/22,832412
2019/11/23,768594
2019/11/24,731054
2019/11/25,735465
2019/11/26,779898
2019/11/27,789568
2019/11/28,746804
2019/11/29,747368
2019/11/30,750795
2019/12/01,716998
2019/12/02,717963
2019/12/03,708924
2019/12/04,699572
2019/12/05,704315
2019/12/06,713328
2019/12/07,683359
2019/12/08,657838
2019/12/09,680966
2019/12/10,697934
2019/12/11,725364
2019/12/12,736317
2019/12/13,724052
2019/12/14,701806
2019/12/15,702965
2019/12/16,706561
2019/12/17,742396
2019/12/18,766695
2019/12/19,751125
2019/12/20,733261
2019/12/21,681629
2019/12/22,640635
2019/12/23,666785
2019/12/24,698254
2019/12/25,680001
2019/12/26,660771
2019/12/27,672897
2019/12/28,660963
2019/12/29,633942
2019/12/30,640788
2019/12/31,652357
2020/01/01,599677
2020/01/02,623789
2020/01/03,625130
2020/01/04,603632
2020/01/05,591508
2020/01/06,644404
2020/01/07,652031
2020/01/08,679274
2020/01/09,695350
2020/01/10,716615
2020/01/11,686560
2020/01/12,659646
2020/01/13,668864
2020/01/14,722823
2020/01/15,731716
2020/01/16,719557
2020/01/17,709677
2020/01/18,701648
2020/01/19,678251
2020/01/20,683341
2020/01/21,685514
2020/01/22,701313
2020/01/23,704535
2020/01/24,710924
2020/01/25,681041
2020/01/26,652828
2020/01/27,672914
2020/01/28,718355
2020/01/29,715483
2020/01/30,712833
2020/01/31,727246
2020/02/01,708127
2020/02/02,702127
2020/02/03,724410
2020/02/04,743060
2020/02/05,748533
2020/02/06,764815
2020/02/07,799501
2020/02/08,799679
2020/02/09,767489
2020/02/10,782330
2020/02/11,808102
2020/02/12,806972
2020/02/13,821476
2020/02/14,803429
2020/02/15,795215
2020/02/16,758891
2020/02/17,749592
2020/02/18,754150
2020/02/19,770478
2020/02/20,790520
2020/02/21,780373
2020/02/22,752430
2020/02/23,724162
2020/02/24,743108
2020/02/25,743805
2020/02/26,760850
2020/02/27,762674
2020/02/28,758916
2020/02/29,741400
2020/03/01,701588
2020/03/02,720346
2020/03/03,737024
2020/03/04,783296
2020/03/05,763407
2020/03/06,762761
2020/03/07,730549
2020/03/08,698989
2020/03/09,722451
2020/03/10,754865
2020/03/11,769758
2020/03/12,796100
2020/03/13,821840
2020/03/14,842227
2020/03/15,821825
2020/03/16,830165
2020/03/17,850118
2020/03/18,839384
2020/03/19,853475
2020/03/20,867593
2020/03/21,847577
2020/03/22,784133
2020/03/23,796215
2020/03/24,805931
2020/03/25,804333
2020/03/26,791589
2020/03/27,776186
2020/03/28,742856
2020/03/29,692719
2020/03/30,701870
2020/03/31,702455
2020/04/01,724568
2020/04/02,746439
2020/04/03,764087
2020/04/04,784069
2020/04/05,732098
2020/04/06,751726
2020/04/07,757882
2020/04/08,770523
2020/04/09,779577
2020/04/10,742787
2020/04/11,695917
2020/04/12,661859
2020/04/13,656729
2020/04/14,666809
2020/04/15,689485
2020/04/16,712375
2020/04/17,753057
2020/04/18,751751
2020/04/19,719584
2020/04/20,725772
2020/04/21,736660
2020/04/22,735407
2020/04/23,777100
2020/04/24,809521
2020/04/25,836650
2020/04/26,828997
2020/04/27,835600
2020/04/28,837645
2020/04/29,843449
2020/04/30,857228
2020/05/01,869172
2020/05/02,870666
2020/05/03,858630
2020/05/04,838123
2020/05/05,843175
2020/05/06,845535
2020/05/07,857479
2020/05/08,867342
2020/05/09,873221
2020/05/10,881917
2020/05/11,880344
2020/05/12,886418
2020/05/13,889605
2020/05/14,889735
2020/05/15,888777
2020/05/16,888866
2020/05/17,888859
2020/05/18,884187
2020/05/19,884860
2020/05/20,885815
2020/05/21,889213
2020/05/22,891661
2020/05/23,895012
2020/05/24,886360
2020/05/25,890989
2020/05/26,889443
2020/05/27,885549
2020/05/28,890194
2020/05/29,891964
2020/05/30,881084
2020/05/31,831392
2020/06/01,843935
2020/06/02,855805
2020/06/03,862955
2020/06/04,863538
2020/06/05,823880
2020/06/06,754818
2020/06/07,717983
2020/06/08,732922
2020/06/09,751210
2020/06/10,749542
2020/06/11,772825
2020/06/12,785719
2020/06/13,761315
2020/06/14,712228
2020/06/15,736150
2020/06/16,767873
2020/06/17,801977
2020/06/18,812118
2020/06/19,834853
2020/06/20,816462
2020/06/21,782246
2020/06/22,781801
2020/06/23,810226
2020/06/24,832393
2020/06/25,848587
2020/06/26,836038
2020/06/27,814248
2020/06/28,767728
2020/06/29,782778
2020/06/30,793162
2020/07/01,819709
2020/07/02,811937
2020/07/03,807041
2020/07/04,781713
2020/07/05,746605
2020/07/06,773976
2020/07/07,775235
2020/07/08,799488
2020/07/09,819732
2020/07/10,821827
2020/07/11,803741
2020/07/12,770924
2020/07/13,771369
2020/07/14,806463
2020/07/15,828283
2020/07/16,847710
2020/07/17,863313
2020/07/18,871471
2020/07/19,875439
2020/07/20,877413
2020/07/21,878092
2020/07/22,884111
2020/07/23,888130
2020/07/24,889493
2020/07/25,883478
2020/07/26,877194
2020/07/27,881451
2020/07/28,884966
2020/07/29,887461
2020/07/30,886292
2020/07/31,884945
2020/08/01,881984
2020/08/02,881605
2020/08/03,877385
2020/08/04,881666
2020/08/05,888497
2020/08/06,890753
2020/08/07,888080
2020/08/08,888306
2020/08/09,868243
2020/08/10,869444
2020/08/11,871390
2020/08/12,878092
2020/08/13,869787
2020/08/14,869295
2020/08/15,867238
2020/08/16,838146
2020/08/17,844440
2020/08/18,860100
2020/08/19,867677
2020/08/20,873636
2020/08/21,873952
2020/08/22,878500
2020/08/23,866585
2020/08/24,855244
2020/08/25,861875
2020/08/26,868438
2020/08/27,875934
2020/08/28,879286
2020/08/29,877091
2020/08/30,880029
2020/08/31,866302
2020/09/01,876447
2020/09/02,882393
2020/09/03,886727
2020/09/04,884671
2020/09/05,887685
2020/09/06,880194
2020/09/07,869243
2020/09/08,858570
2020/09/09,849764
2020/09/10,856997
2020/09/11,864940
2020/09/12,828967
2020/09/13,778266
2020/09/14,778784
2020/09/15,795706
2020/09/16,818413
2020/09/17,818579
2020/09/18,806772
2020/09/19,812687
2020/09/20,793206
2020/09/21,793423
2020/09/22,818176
2020/09/23,839190
2020/09/24,857427
2020/09/25,861653
2020/09/26,859240
2020/09/27,812675
2020/09/28,817967
2020/09/29,835433
2020/09/30,849109
2020/10/01,861291
2020/10/02,868830
2020/10/03,874171
2020/10/04,849400
2020/10/05,832665
2020/10/06,848954
2020/10/07,860846
2020/10/08,846704
2020/10/09,858444
2020/10/10,866195
2020/10/11,831330
2020/10/12,823167
2020/10/13,843033
2020/10/14,834770
2020/10/15,842751
2020/10/16,838155
2020/10/17,801070
2020/10/18,782631
2020/10/19,806466
2020/10/20,815288
2020/10/21,836256
2020/10/22,853055
2020/10/23,865664
2020/10/24,870646
2020/10/25,871401
2020/10/26,874743
2020/10/27,880662
2020/10/28,882724
2020/10/29,886715
2020/10/30,890067
2020/10/31,893780
2020/11/01,896675
2020/11/02,894881
2020/11/03,894818
2020/11/04,887968
2020/11/05,887518
2020/11/06,888173
2020/11/07,885754
2020/11/08,882885
2020/11/09,879031
2020/11/10,865728
2020/11/11,868381
2020/11/12,859778
2020/11/13,857324
2020/11/14,848253
2020/11/15,831784
2020/11/16,828459
2020/11/17,841121
2020/11/18,848827
2020/11/19,858672
2020/11/20,862408
2020/11/21,837727
2020/11/22,783334
2020/11/23,788360
2020/11/24,815793
2020/11/25,835647
2020/11/26,849343
2020/11/27,860673
2020/11/28,866227
2020/11/29,832424
2020/11/30,847316
2020/12/01,861992
2020/12/02,872172
2020/12/03,875704
2020/12/04,877269
2020/12/05,878975
2020/12/06,872413
2020/12/07,851699
2020/12/08,856692
2020/12/09,864288
2020/12/10,872231
2020/12/11,876570
2020/12/12,879800
2020/12/13,853299
2020/12/14,840865
2020/12/15,851705
2020/12/16,860232
2020/12/17,867166
2020/12/18,875202
2020/12/19,881715
2020/12/20,879983
2020/12/21,878325
2020/12/22,883171
2020/12/23,887118
2020/12/24,892379
2020/12/25,892702
2020/12/26,887052
2020/12/27,889526
2020/12/28,889912
2020/12/29,893953
2020/12/30,890920
2020/12/31,892639
2021/01/01,885211
2021/01/02,880495
2021/01/03,881681
2021/01/04,884231
2021/01/05,886215
2021/01/06,889759
2021/01/07,888485
2021/01/08,891368
2021/01/09,886788
2021/01/10,891128
2021/01/11,889805
2021/01/12,887618
2021/01/13,893185
2021/01/14,890240
2021/01/15,888830
2021/01/16,889524
2021/01/17,887121
2021/01/18,886404
2021/01/19,884464
2021/01/20,887449
2021/01/21,886493
2021/01/22,888524
2021/01/23,887546
2021/01/24,889628
2021/01/25,885060
2021/01/26,883329
2021/01/27,888147
2021/01/28,889347
2021/01/29,888306
2021/01/30,890646
2021/01/31,889300
2021/02/01,887729
2021/02/02,888012
2021/02/03,890413
2021/02/04,891389
2021/02/05,890836
2021/02/06,891749
2021/02/07,881304
2021/02/08,874206
2021/02/09,881953
2021/02/10,886833
2021/02/11,889502
2021/02/12,891609
2021/02/13,891664
2021/02/14,891367
2021/02/15,886832
2021/02/16,889939
2021/02/17,892756
2021/02/18,891301
2021/02/19,890674
2021/02/20,888527
2021/02/21,878801
2021/02/22,878261
2021/02/23,880757
2021/02/24,882210
2021/02/25,881896
2021/02/26,884103
2021/02/27,886211
2021/02/28,883836
2021/03/01,883461
2021/03/02,886367
2021/03/03,889277
2021/03/04,889964
2021/03/05,887822
2021/03/06,886084
2021/03/07,883328
2021/03/08,875705
2021/03/09,875636
2021/03/10,881333
2021/03/11,884295
2021/03/12,884325
2021/03/13,876555
2021/03/14,880629
2021/03/15,878097
2021/03/16,878929
2021/03/17,884354
2021/03/18,884475
2021/03/19,886043
2021/03/20,881896
2021/03/21,873107
2021/03/22,872450
2021/03/23,872502
2021/03/24,874503
2021/03/25,879106
2021/03/26,877460
2021/03/27,882846
2021/03/28,881292
2021/03/29,880378
2021/03/30,881552
2021/03/31,881987
2021/04/01,882991
2021/04/02,883259
2021/04/03,883471
2021/04/04,881346
2021/04/05,876538
2021/04/06,878405
2021/04/07,880937
2021/04/08,881642
2021/04/09,883418
2021/04/10,882893
2021/04/11,878065
2021/04/12,879344
2021/04/13,878595
2021/04/14,884479
2021/04/15,886496
2021/04/16,884764
2021/04/17,883492
2021/04/18,887697
2021/04/19,879614
2021/04/20,879194
2021/04/21,883383
2021/04/22,884455
2021/04/23,886646
2021/04/24,885120
2021/04/25,884873
2021/04/26,887015
2021/04/27,886106
2021/04/28,885826
2021/04/29,883617
2021/04/30,879908
2021/05/01,880679
2021/05/02,867108
2021/05/03,859481
2021/05/04,866153
2021/05/05,868083
2021/05/06,868564
2021/05/07,870513
2021/05/08,876543
2021/05/09,871546
2021/05/10,872032
2021/05/11,870631
2021/05/12,869670
2021/05/13,871723
2021/05/14,874572
2021/05/15,876528
2021/05/16,875981
2021/05/17,878764
2021/05/18,877620
2021/05/19,878268
2021/05/20,882956
2021/05/21,887609
2021/05/22,885471
2021/05/23,876435
2021/05/24,878098
2021/05/25,878181
2021/05/26,883235
2021/05/27,887305
2021/05/28,883580
2021/05/29,879608
2021/05/30,865365
2021/05/31,861843
2021/06/01,865502
2021/06/02,854743
2021/06/03,851302
2021/06/04,842546
2021/06/05,801452
2021/06/06,740031
2021/06/07,754361
2021/06/08,773083
2021/06/09,744958
2021/06/10,782325
2021/06/11,799635
2021/06/12,803437
2021/06/13,765603
2021/06/14,760954
2021/06/15,763958
2021/06/16,781229
2021/06/17,767881
2021/06/18,761248
2021/06/19,769358
2021/06/20,804735
2021/06/21,823663
2021/06/22,834586
2021/06/23,842793
2021/06/24,846766
2021/06/25,848627
2021/06/26,850969
2021/06/27,852360
2021/06/28,857882
2021/06/29,859555
2021/06/30,864273
2021/07/01,865088
2021/07/02,860986
2021/07/03,857619
2021/07/04,856018
2021/07/05,842753
2021/07/06,814427
2021/07/07,790882
2021/07/08,750613
2021/07/09,737437
2021/07/10,671469
2021/07/11,657157
2021/07/12,669695
2021/07/13,674970
2021/07/14,637517
2021/07/15,663098
2021/07/16,638009
2021/07/17,597268
2021/07/18,568083
2021/07/19,565369
2021/07/20,628493
2021/07/21,649351
2021/07/22,627294
2021/07/23,629993
2021/07/24,599197
2021/07/25,565236
2021/07/26,598341
2021/07/27,597315
2021/07/28,597034
2021/07/29,598422
2021/07/30,589253
2021/07/31,566146
2021/08/01,541330
2021/08/02,581293
2021/08/03,568215
2021/08/04,593081
2021/08/05,587430
2021/08/06,590291
2021/08/07,560553
2021/08/08,537302
2021/08/09,563177
2021/08/10,568794
2021/08/11,590810
2021/08/12,596258
2021/08/13,624761
2021/08/14,584277
2021/08/15,552520
2021/08/16,581227
2021/08/17,619075
2021/08/18,649783
2021/08/19,657481
2021/08/20,665368
2021/08/21,632276
2021/08/22,599188
2021/08/23,585087
2021/08/24,602925
2021/08/25,595794
2021/08/26,597677
2021/08/27,600332
2021/08/28,590041
2021/08/29,561620
2021/08/30,594214
2021/08/31,612976
2021/09/01,650343
2021/09/02,673915
2021/09/03,692213
2021/09/04,649864
2021/09/05,604872
2021/09/06,606760
2021/09/07,622333
2021/09/08,633376
2021/09/09,647586
2021/09/10,661165
2021/09/11,645995
2021/09/12,607334
2021/09/13,610876
2021/09/14,608007
2021/09/15,640187
2021/09/16,684542
2021/09/17,693420
2021/09/18,660862
2021/09/19,611210
2021/09/20,629992
2021/09/21,651330
2021/09/22,669220
2021/09/23,648425
2021/09/24,658880
2021/09/25,620807
2021/09/26,601885
2021/09/27,601206
2021/09/28,608784
2021/09/29,622298
2021/09/30,656161
2021/10/01,670130
2021/10/02,638374
2021/10/03,618619
2021/10/04,635604
2021/10/05,657796
2021/10/06,667365
2021/10/07,714260
2021/10/08,746900
2021/10/09,737122
2021/10/10,682370
2021/10/11,693213
2021/10/12,704458
2021/10/13,685179
2021/10/14,701726
2021/10/15,714219
2021/10/16,719591
2021/10/17,667125
2021/10/18,668462
2021/10/19,684754
2021/10/20,684062
2021/10/21,719868
2021/10/22,702234
2021/10/23,674925
2021/10/24,628323
2021/10/25,622298
2021/10/26,637227
2021/10/27,636846
2021/10/28,652365
2021/10/29,641534
2021/10/30,627140
2021/10/31,626184
2021/11/01,658535
2021/11/02,684424
2021/11/03,674675
2021/11/04,689137
2021/11/05,689451
2021/11/06,648467
2021/11/07,624366
2021/11/08,650271
2021/11/09,697797
2021/11/10,721622
2021/11/11,712101
2021/11/12,707991
2021/11/13,666845
2021/11/14,621044
2021/11/15,649477
2021/11/16,660001
2021/11/17,678074
2021/11/18,681007
2021/11/19,687208
2021/11/20,661884
2021/11/21,650947
2021/11/22,658033
2021/11/23,653665
2021/11/24,647319
2021/11/25,656865
2021/11/26,672740
2021/11/27,630164
2021/11/28,599818
2021/11/29,615445
2021/11/30,627454
2021/12/01,683819
2021/12/02,718465
2021/12/03,684284
2021/12/04,657536
2021/12/05,638864
2021/12/06,626507
2021/12/07,644855
2021/12/08,621015
2021/12/09,669327
2021/12/10,640559
2021/12/11,599774
2021/12/12,567944
2021/12/13,584297
