Date,top100cap7mom
2010/07/17,-0.508
2010/07/18,-0.477
2010/07/19,-0.184
2010/07/20,0.005
2010/07/21,0.163
2010/07/22,-0.009
2010/07/23,-0.141
2010/07/24,-0.222
2010/07/25,-0.276
2010/07/26,0.624
2010/07/27,0.761
2010/07/28,0.717
2010/07/29,0.765
2010/07/30,0.854
2010/07/31,0.773
2010/08/01,0.796
2010/08/02,-0.076
2010/08/03,-0.084
2010/08/04,-0.175
2010/08/05,-0.141
2010/08/06,-0.17
2010/08/07,-0.129
2010/08/08,-0.152
2010/08/09,0.093
2010/08/10,-0.019
2010/08/11,0.265
2010/08/12,0.085
2010/08/13,0.21
2010/08/14,0.166
2010/08/15,0.151
2010/08/16,0.111
2010/08/17,0.31
2010/08/18,0.091
2010/08/19,0.203
2010/08/20,0.157
2010/08/21,0.188
2010/08/22,0.241
2010/08/23,0.085
2010/08/24,-0.007
2010/08/25,-0.051
2010/08/26,-0.033
2010/08/27,-0.021
2010/08/28,-0.068
2010/08/29,-0.172
2010/08/30,-0.211
2010/08/31,-0.164
2010/09/01,-0.117
2010/09/02,-0.128
2010/09/03,-0.196
2010/09/04,-0.096
2010/09/05,0.065
2010/09/06,0.09
2010/09/07,-0.035
2010/09/08,-0.071
2010/09/09,-0.089
2010/09/10,-0.094
2010/09/11,-0.154
2010/09/12,-0.163
2010/09/13,-0.287
2010/09/14,-0.331
2010/09/15,-0.313
2010/09/16,-0.181
2010/09/17,0.418
2010/09/18,0.507
2010/09/19,0.581
2010/09/20,0.789
2010/09/21,0.836
2010/09/22,0.818
2010/09/23,0.925
2010/09/24,0.397
2010/09/25,0.472
2010/09/26,0.413
2010/09/27,0.725
2010/09/28,1.892
2010/09/29,1.953
2010/09/30,1.668
2010/10/01,1.577
2010/10/02,2.001
2010/10/03,1.923
2010/10/04,1.277
2010/10/05,0.212
2010/10/06,0.159
2010/10/07,0.762
2010/10/08,0.99
2010/10/09,0.683
2010/10/10,0.896
2010/10/11,1.075
2010/10/12,0.997
2010/10/13,1.197
2010/10/14,0.842
2010/10/15,0.563
2010/10/16,0.502
2010/10/17,0.317
2010/10/18,0.597
2010/10/19,0.406
2010/10/20,0.325
2010/10/21,0.133
2010/10/22,0.247
2010/10/23,0.077
2010/10/24,0.027
2010/10/25,-0.146
2010/10/26,0.209
2010/10/27,0.248
2010/10/28,0.198
2010/10/29,0.052
2010/10/30,0.002
2010/10/31,0.106
2010/11/01,0.092
2010/11/02,-0.032
2010/11/03,-0.192
2010/11/04,-0.126
2010/11/05,0.04
2010/11/06,0.156
2010/11/07,-0.014
2010/11/08,0.682
2010/11/09,0.597
2010/11/10,0.494
2010/11/11,0.429
2010/11/12,0.355
2010/11/13,0.158
2010/11/14,0.335
2010/11/15,-0.405
2010/11/16,-0.39
2010/11/17,-0.148
2010/11/18,-0.144
2010/11/19,-0.154
2010/11/20,0.092
2010/11/21,-0.015
2010/11/22,0.026
2010/11/23,0.143
2010/11/24,0.18
2010/11/25,0.309
2010/11/26,0.35
2010/11/27,0.196
2010/11/28,0.209
2010/11/29,0.176
2010/11/30,0.237
2010/12/01,0.313
2010/12/02,0.498
2010/12/03,0.729
2010/12/04,0.813
2010/12/05,0.848
2010/12/06,0.664
2010/12/07,0.46
2010/12/08,0.275
2010/12/09,-0.052
2010/12/10,-0.241
2010/12/11,-0.279
2010/12/12,-0.364
2010/12/13,0.155
2010/12/14,0.166
2010/12/15,0.099
2010/12/16,0.124
2010/12/17,0.064
2010/12/18,0.006
2010/12/19,-0.103
2010/12/20,-0.343
2010/12/21,-0.551
2010/12/22,-0.435
2010/12/23,-0.42
2010/12/24,-0.443
2010/12/25,-0.376
2010/12/26,-0.257
2010/12/27,-0.176
2010/12/28,0.021
2010/12/29,-0.246
2010/12/30,-0.282
2010/12/31,-0.372
2011/01/01,-0.442
2011/01/02,-0.447
2011/01/03,-0.577
2011/01/04,-0.547
2011/01/05,-0.282
2011/01/06,-0.275
2011/01/07,-0.19
2011/01/08,-0.148
2011/01/09,-0.081
2011/01/10,-0.223
2011/01/11,-0.082
2011/01/12,-0.181
2011/01/13,-0.037
2011/01/14,0.031
2011/01/15,-0.012
2011/01/16,0.068
2011/01/17,0.236
2011/01/18,0.046
2011/01/19,-0.01
2011/01/20,-0.086
2011/01/21,-0.11
2011/01/22,-0.083
2011/01/23,0.033
2011/01/24,-0.044
2011/01/25,-0.005
2011/01/26,-0.044
2011/01/27,2.807
2011/01/28,2.773
2011/01/29,2.763
2011/01/30,2.505
2011/01/31,2.484
2011/02/01,2.64
2011/02/02,2.626
2011/02/03,-0.176
2011/02/04,-0.203
2011/02/05,-0.144
2011/02/06,-0.233
2011/02/07,0.006
2011/02/08,-0.224
2011/02/09,0.032
2011/02/10,-0.074
2011/02/11,-0.105
2011/02/12,-0.198
2011/02/13,-0.1
2011/02/14,-0.33
2011/02/15,-0.198
2011/02/16,-0.36
2011/02/17,-0.358
2011/02/18,-0.362
2011/02/19,-0.333
2011/02/20,-0.199
2011/02/21,-0.202
2011/02/22,-0.364
2011/02/23,-0.332
2011/02/24,-0.353
2011/02/25,-0.297
2011/02/26,-0.291
2011/02/27,0.109
2011/02/28,-0.05
2011/03/01,0.302
2011/03/02,-2.187
2011/03/03,-2.221
2011/03/04,-2.302
2011/03/05,-2.245
2011/03/06,-2.72
2011/03/07,-2.532
2011/03/08,-2.782
2011/03/09,-0.302
2011/03/10,-0.343
2011/03/11,-0.396
2011/03/12,-0.554
2011/03/13,-0.63
2011/03/14,-0.509
2011/03/15,-0.52
2011/03/16,-0.423
2011/03/17,-0.206
2011/03/18,0.018
2011/03/19,0.115
2011/03/20,0.136
2011/03/21,0.103
2011/03/22,0.048
2011/03/23,0.042
2011/03/24,-0.1
2011/03/25,-0.205
2011/03/26,-0.168
2011/03/27,-0.247
2011/03/28,-0.34
2011/03/29,-0.242
2011/03/30,-0.404
2011/03/31,-0.398
2011/04/01,-0.38
2011/04/02,-0.585
2011/04/03,-0.513
2011/04/04,-0.556
2011/04/05,-0.57
2011/04/06,-0.454
2011/04/07,-0.387
2011/04/08,-0.386
2011/04/09,-0.33
2011/04/10,-0.319
2011/04/11,-0.228
2011/04/12,-0.318
2011/04/13,-0.358
2011/04/14,0.111
2011/04/15,0.097
2011/04/16,0.189
2011/04/17,-0.075
2011/04/18,-0.185
2011/04/19,1.191
2011/04/20,1.161
2011/04/21,0.393
2011/04/22,0.382
2011/04/23,0.088
2011/04/24,0.26
2011/04/25,0.349
2011/04/26,-0.95
2011/04/27,-0.873
2011/04/28,-0.746
2011/04/29,-1.045
2011/04/30,0.468
2011/05/01,0.572
2011/05/02,0.538
2011/05/03,0.674
2011/05/04,0.839
2011/05/05,0.964
2011/05/06,1.052
2011/05/07,-0.104
2011/05/08,-0.23
2011/05/09,-0.217
2011/05/10,-0.329
2011/05/11,-0.173
2011/05/12,0.024
2011/05/13,0.628
2011/05/14,0.626
2011/05/15,1.159
2011/05/16,1.274
2011/05/17,1.236
2011/05/18,1.044
2011/05/19,0.774
2011/05/20,0.307
2011/05/21,1.12
2011/05/22,0.671
2011/05/23,0.26
2011/05/24,0.227
2011/05/25,0.021
2011/05/26,0.078
2011/05/27,0.342
2011/05/28,-0.51
2011/05/29,-0.403
2011/05/30,-0.053
2011/05/31,0.001
2011/06/01,0.082
2011/06/02,0.237
2011/06/03,0.2
2011/06/04,0.146
2011/06/05,0.163
2011/06/06,-0.141
2011/06/07,-0.266
2011/06/08,-1
2011/06/09,-1.185
2011/06/10,-1.518
2011/06/11,-1.297
2011/06/12,0.633
2011/06/13,1.073
2011/06/14,0.495
2011/06/15,1.076
2011/06/16,0.924
2011/06/17,0.942
2011/06/18,0.701
2011/06/19,-0.559
2011/06/20,-0.78
2011/06/21,-0.119
2011/06/22,-0.041
2011/06/23,0.838
2011/06/24,0.934
2011/06/25,0.747
2011/06/26,-0.138
2011/06/27,0.211
2011/06/28,0
2011/06/29,-0.218
2011/06/30,-1.093
2011/07/01,-0.898
2011/07/02,-0.673
2011/07/03,-0.591
2011/07/04,-0.929
2011/07/05,-0.591
2011/07/06,-0.325
2011/07/07,-0.116
2011/07/08,-0.237
2011/07/09,-0.229
2011/07/10,-0.248
2011/07/11,-0.218
2011/07/12,-0.326
2011/07/13,-0.371
2011/07/14,-0.377
2011/07/15,-0.365
2011/07/16,-0.347
2011/07/17,-0.294
2011/07/18,-0.025
2011/07/19,-0.053
2011/07/20,-0.047
2011/07/21,-0.068
2011/07/22,-0.111
2011/07/23,-0.101
2011/07/24,-0.093
2011/07/25,-0.399
2011/07/26,-0.369
2011/07/27,-0.411
2011/07/28,-0.501
2011/07/29,-0.436
2011/07/30,-0.458
2011/07/31,-0.564
2011/08/01,-0.656
2011/08/02,-0.616
2011/08/03,-0.559
2011/08/04,-0.242
2011/08/05,-0.313
2011/08/06,0.109
2011/08/07,0.345
2011/08/08,0.799
2011/08/09,0.724
2011/08/10,0.719
2011/08/11,0.519
2011/08/12,0.582
2011/08/13,0.137
2011/08/14,-0.066
2011/08/15,-0.361
2011/08/16,-0.329
2011/08/17,0.092
2011/08/18,0.093
2011/08/19,0.093
2011/08/20,0.136
2011/08/21,0.204
2011/08/22,0.196
2011/08/23,0.222
2011/08/24,-0.082
2011/08/25,-0.715
2011/08/26,-0.691
2011/08/27,-0.239
2011/08/28,-0.23
2011/08/29,-0.288
2011/08/30,-0.287
2011/08/31,-0.375
2011/09/01,0.32
2011/09/02,0.29
2011/09/03,-0.194
2011/09/04,-0.161
2011/09/05,-0.128
2011/09/06,-0.129
2011/09/07,0.318
2011/09/08,0.261
2011/09/09,0.376
2011/09/10,0.437
2011/09/11,1.411
2011/09/12,1.623
2011/09/13,1.621
2011/09/14,1.14
2011/09/15,1.107
2011/09/16,1.028
2011/09/17,0.999
2011/09/18,0.018
2011/09/19,-0.23
2011/09/20,-0.263
2011/09/21,0.271
2011/09/22,0.252
2011/09/23,0.165
2011/09/24,0.209
2011/09/25,0.109
2011/09/26,0.127
2011/09/27,0.168
2011/09/28,-0.335
2011/09/29,-0.284
2011/09/30,-0.227
2011/10/01,-0.265
2011/10/02,-0.191
2011/10/03,-0.17
2011/10/04,-0.167
2011/10/05,-0.178
2011/10/06,-0.196
2011/10/07,-0.075
2011/10/08,-0.073
2011/10/09,-0.074
2011/10/10,-0.076
2011/10/11,-0.073
2011/10/12,-0.092
2011/10/13,-0.028
2011/10/14,-0.172
2011/10/15,-0.174
2011/10/16,-0.171
2011/10/17,-0.25
2011/10/18,-0.312
2011/10/19,-0.255
2011/10/20,-0.353
2011/10/21,-0.237
2011/10/22,-0.328
2011/10/23,-0.306
2011/10/24,-0.222
2011/10/25,-0.172
2011/10/26,-0.192
2011/10/27,-0.148
2011/10/28,-0.234
2011/10/29,0.173
2011/10/30,0.151
2011/10/31,0.129
2011/11/01,0.122
2011/11/02,0.101
2011/11/03,0.262
2011/11/04,0.243
2011/11/05,-0.092
2011/11/06,-0.105
2011/11/07,-0.062
2011/11/08,-0.176
2011/11/09,-0.222
2011/11/10,-0.356
2011/11/11,-0.343
2011/11/12,-0.307
2011/11/13,-0.3
2011/11/14,-0.33
2011/11/15,-0.209
2011/11/16,-0.081
2011/11/17,-0.156
2011/11/18,-0.295
2011/11/19,-0.196
2011/11/20,-0.293
2011/11/21,-0.297
2011/11/22,-0.306
2011/11/23,-0.395
2011/11/24,-0.303
2011/11/25,-0.185
2011/11/26,-0.31
2011/11/27,-0.213
2011/11/28,0.299
2011/11/29,0.332
2011/11/30,0.188
2011/12/01,0.165
2011/12/02,0.136
2011/12/03,0.09
2011/12/04,0.075
2011/12/05,-0.454
2011/12/06,-0.589
2011/12/07,-0.491
2011/12/08,-2.456
2011/12/09,-5.546
2011/12/10,-5.564
2011/12/11,-5.759
2011/12/12,-5.876
2011/12/13,-5.752
2011/12/14,-5.689
2011/12/15,-3.729
2011/12/16,-0.589
2011/12/17,-0.516
2011/12/18,-0.3
2011/12/19,-0.153
2011/12/20,0.253
2011/12/21,0.241
2011/12/22,0.216
2011/12/23,0.218
2011/12/24,0.224
2011/12/25,0.216
2011/12/26,0.231
2011/12/27,-0.207
2011/12/28,-0.195
2011/12/29,-0.175
2011/12/30,-0.173
2011/12/31,-0.178
2012/01/01,-0.159
2012/01/02,-0.179
2012/01/03,-0.139
2012/01/04,-0.143
2012/01/05,-0.075
2012/01/06,-0.141
2012/01/07,-0.151
2012/01/08,-0.159
2012/01/09,0.251
2012/01/10,0.239
2012/01/11,0.242
2012/01/12,0.168
2012/01/13,0.304
2012/01/14,0.395
2012/01/15,0.388
2012/01/16,-0.03
2012/01/17,-0.004
2012/01/18,0.061
2012/01/19,0.366
2012/01/20,0.292
2012/01/21,0.253
2012/01/22,0.306
2012/01/23,0.3
2012/01/24,0.283
2012/01/25,0.315
2012/01/26,-0.005
2012/01/27,0.014
2012/01/28,-0.004
2012/01/29,0.03
2012/01/30,0.075
2012/01/31,0.108
2012/02/01,0.003
2012/02/02,0.089
2012/02/03,0.06
2012/02/04,0.139
2012/02/05,0.061
2012/02/06,0.033
2012/02/07,-0.016
2012/02/08,0.001
2012/02/09,-0.05
2012/02/10,-0.025
2012/02/11,-0.225
2012/02/12,-0.224
2012/02/13,0.041
2012/02/14,0.614
2012/02/15,-0.527
2012/02/16,-0.762
2012/02/17,-0.832
2012/02/18,-0.803
2012/02/19,-0.801
2012/02/20,-1.075
2012/02/21,-1.546
2012/02/22,-0.423
2012/02/23,-0.216
2012/02/24,-0.175
2012/02/25,0.437
2012/02/26,0.441
2012/02/27,0.455
2012/02/28,0.492
2012/02/29,0.39
2012/03/01,0.456
2012/03/02,0.52
2012/03/03,-0.149
2012/03/04,-0.182
2012/03/05,-0.179
2012/03/06,-0.301
2012/03/07,-0.14
2012/03/08,-0.196
2012/03/09,-0.245
2012/03/10,-0.102
2012/03/11,-0.058
2012/03/12,-0.115
2012/03/13,-0.145
2012/03/14,-0.099
2012/03/15,0.027
2012/03/16,0.045
2012/03/17,0.018
2012/03/18,0.022
2012/03/19,0.084
2012/03/20,0.129
2012/03/21,0.023
2012/03/22,-0.18
2012/03/23,-0.105
2012/03/24,-0.114
2012/03/25,0.292
2012/03/26,0.3
2012/03/27,0.238
2012/03/28,0.389
2012/03/29,0.473
2012/03/30,0.353
2012/03/31,0.364
2012/04/01,-0.053
2012/04/02,0.058
2012/04/03,-0.009
2012/04/04,0.119
2012/04/05,0.22
2012/04/06,0.596
2012/04/07,0.61
2012/04/08,0.604
2012/04/09,0.047
2012/04/10,0.159
2012/04/11,-0.068
2012/04/12,-0.126
2012/04/13,-0.584
2012/04/14,-0.58
2012/04/15,-0.479
2012/04/16,0.272
2012/04/17,0.525
2012/04/18,0.502
2012/04/19,0.565
2012/04/20,0.901
2012/04/21,0.895
2012/04/22,0.916
2012/04/23,0.593
2012/04/24,0.344
2012/04/25,0.215
2012/04/26,0.227
2012/04/27,0.011
2012/04/28,0.009
2012/04/29,-0.287
2012/04/30,-0.288
2012/05/01,-0.277
2012/05/02,-0.185
2012/05/03,-0.305
2012/05/04,-0.358
2012/05/05,-0.267
2012/05/06,0.505
2012/05/07,0.593
2012/05/08,0.544
2012/05/09,0.694
2012/05/10,0.78
2012/05/11,1.197
2012/05/12,1.02
2012/05/13,0.442
2012/05/14,0.358
2012/05/15,0.505
2012/05/16,0.54
2012/05/17,0.707
2012/05/18,0.372
2012/05/19,0.433
2012/05/20,0.447
2012/05/21,0.491
2012/05/22,0.636
2012/05/23,0.564
2012/05/24,0.396
2012/05/25,0.413
2012/05/26,0.455
2012/05/27,0.413
2012/05/28,0.385
2012/05/29,0.162
2012/05/30,0.137
2012/05/31,-0.213
2012/06/01,-0.779
2012/06/02,-0.809
2012/06/03,-0.751
2012/06/04,-0.85
2012/06/05,-0.909
2012/06/06,-0.946
2012/06/07,-0.686
2012/06/08,-0.172
2012/06/09,0.242
2012/06/10,0.108
2012/06/11,0.079
2012/06/12,0.088
2012/06/13,0.335
2012/06/14,0.273
2012/06/15,0.196
2012/06/16,-0.132
2012/06/17,-0.172
2012/06/18,0.045
2012/06/19,0.09
2012/06/20,-0.192
2012/06/21,-0.069
2012/06/22,-0.003
2012/06/23,-0.089
2012/06/24,0.168
2012/06/25,-0.114
2012/06/26,-0.232
2012/06/27,-0.072
2012/06/28,0.104
2012/06/29,0.041
2012/06/30,0.088
2012/07/01,0.019
2012/07/02,0.051
2012/07/03,0.19
2012/07/04,0.215
2012/07/05,-0.024
2012/07/06,0.079
2012/07/07,0.049
2012/07/08,-0.006
2012/07/09,0.103
2012/07/10,0.043
2012/07/11,-0.059
2012/07/12,0.37
2012/07/13,0.229
2012/07/14,0.19
2012/07/15,0.213
2012/07/16,0.089
2012/07/17,0.007
2012/07/18,-0.057
2012/07/19,-0.575
2012/07/20,-0.451
2012/07/21,-0.424
2012/07/22,-0.484
2012/07/23,-0.292
2012/07/24,-0.288
2012/07/25,-0.201
2012/07/26,-0.01
2012/07/27,-0.025
2012/07/28,-0.014
2012/07/29,0.092
2012/07/30,0.046
2012/07/31,0.094
2012/08/01,0.092
2012/08/02,-0.121
2012/08/03,-0.113
2012/08/04,-0.088
2012/08/05,-0.196
2012/08/06,-0.119
2012/08/07,-0.067
2012/08/08,-0.205
2012/08/09,-0.204
2012/08/10,-0.177
2012/08/11,-0.27
2012/08/12,-0.25
2012/08/13,-0.421
2012/08/14,-0.336
2012/08/15,-0.25
2012/08/16,-0.078
2012/08/17,-0.156
2012/08/18,-0.097
2012/08/19,-0.558
2012/08/20,-0.841
2012/08/21,-1.114
2012/08/22,-1.399
2012/08/23,-1.484
2012/08/24,-1.626
2012/08/25,-1.714
2012/08/26,-1.21
2012/08/27,-1.005
2012/08/28,-0.871
2012/08/29,-0.764
2012/08/30,-1.039
2012/08/31,-0.868
2012/09/01,-0.918
2012/09/02,-1.072
2012/09/03,-0.859
2012/09/04,-0.874
2012/09/05,-0.962
2012/09/06,-0.781
2012/09/07,-0.891
2012/09/08,-0.805
2012/09/09,-0.716
2012/09/10,-0.84
2012/09/11,-1.034
2012/09/12,-0.97
2012/09/13,-1.013
2012/09/14,-1.062
2012/09/15,-1.111
2012/09/16,-1.232
2012/09/17,-1.24
2012/09/18,-1.029
2012/09/19,-1.16
2012/09/20,-1.031
2012/09/21,-0.5
2012/09/22,-0.511
2012/09/23,-0.467
2012/09/24,-0.345
2012/09/25,-0.357
2012/09/26,-0.067
2012/09/27,-0.013
2012/09/28,-0.365
2012/09/29,-0.204
2012/09/30,-0.111
2012/10/01,-0.123
2012/10/02,-0.022
2012/10/03,-0.02
2012/10/04,0.027
2012/10/05,0.07
2012/10/06,0.015
2012/10/07,0.021
2012/10/08,-0.109
2012/10/09,-0.123
2012/10/10,-0.011
2012/10/11,-0.033
2012/10/12,-0.104
2012/10/13,-0.104
2012/10/14,-0.082
2012/10/15,0.068
2012/10/16,0.182
2012/10/17,0.069
2012/10/18,0.018
2012/10/19,0.076
2012/10/20,0.113
2012/10/21,0.369
2012/10/22,0.666
2012/10/23,0.46
2012/10/24,0.482
2012/10/25,0.444
2012/10/26,0.464
2012/10/27,0.432
2012/10/28,0.127
2012/10/29,-0.198
2012/10/30,0.224
2012/10/31,0.071
2012/11/01,0.15
2012/11/02,0.026
2012/11/03,0.119
2012/11/04,0.182
2012/11/05,0.164
2012/11/06,-0.148
2012/11/07,-0.086
2012/11/08,-0.135
2012/11/09,-0.047
2012/11/10,-0.121
2012/11/11,-0.099
2012/11/12,-0.112
2012/11/13,-0.162
2012/11/14,-0.09
2012/11/15,-0.004
2012/11/16,0.068
2012/11/17,0.208
2012/11/18,0.165
2012/11/19,0.249
2012/11/20,0.295
2012/11/21,0.443
2012/11/22,0.435
2012/11/23,0.35
2012/11/24,0.142
2012/11/25,0.141
2012/11/26,-0.182
2012/11/27,0.17
2012/11/28,0.129
2012/11/29,0.083
2012/11/30,0.143
2012/12/01,0.23
2012/12/02,0.22
2012/12/03,0.594
2012/12/04,0.108
2012/12/05,-0.027
2012/12/06,-0.033
2012/12/07,-0.075
2012/12/08,-0.081
2012/12/09,-0.159
2012/12/10,-0.221
2012/12/11,-0.155
2012/12/12,-0.146
2012/12/13,-0.317
2012/12/14,-0.403
2012/12/15,-0.396
2012/12/16,-0.346
2012/12/17,-0.329
2012/12/18,-0.418
2012/12/19,-0.29
2012/12/20,-0.149
2012/12/21,-0.169
2012/12/22,-0.181
2012/12/23,-0.139
2012/12/24,-0.219
2012/12/25,-0.105
2012/12/26,-0.132
2012/12/27,-0.082
2012/12/28,0.051
2012/12/29,0.09
2012/12/30,0.131
2012/12/31,0.155
2013/01/01,0.193
2013/01/02,0.185
2013/01/03,0.201
2013/01/04,0.087
2013/01/05,0.053
2013/01/06,0.071
2013/01/07,0.116
2013/01/08,-0.14
2013/01/09,-0.212
2013/01/10,-0.271
2013/01/11,-0.159
2013/01/12,-0.166
2013/01/13,-0.32
2013/01/14,-0.389
2013/01/15,-0.176
2013/01/16,-0.167
2013/01/17,-0.158
2013/01/18,-0.184
2013/01/19,-0.173
2013/01/20,-0.066
2013/01/21,-0.057
2013/01/22,-0.001
2013/01/23,0.05
2013/01/24,-0.033
2013/01/25,0.008
2013/01/26,0.15
2013/01/27,0.156
2013/01/28,0.192
2013/01/29,0.184
2013/01/30,0.221
2013/01/31,0.292
2013/02/01,0.259
2013/02/02,0.058
2013/02/03,0.033
2013/02/04,0.018
2013/02/05,0.005
2013/02/06,-0.111
2013/02/07,-0.055
2013/02/08,-0.089
2013/02/09,-0.082
2013/02/10,-0.064
2013/02/11,-0.03
2013/02/12,0.023
2013/02/13,0.057
2013/02/14,0.024
2013/02/15,0.008
2013/02/16,0.054
2013/02/17,-0.151
2013/02/18,-0.171
2013/02/19,-0.229
2013/02/20,-0.087
2013/02/21,-0.073
2013/02/22,0.023
2013/02/23,-0.022
2013/02/24,0.055
2013/02/25,0.03
2013/02/26,0.047
2013/02/27,-0.112
2013/02/28,-0.1
2013/03/01,-0.173
2013/03/02,-0.092
2013/03/03,0.101
2013/03/04,0.177
2013/03/05,0.084
2013/03/06,0.154
2013/03/07,0.142
2013/03/08,0.272
2013/03/09,0.247
2013/03/10,0.066
2013/03/11,0.047
2013/03/12,0.128
2013/03/13,0.091
2013/03/14,0.102
2013/03/15,-0.097
2013/03/16,-0.11
2013/03/17,-0.02
2013/03/18,-0.087
2013/03/19,-0.118
2013/03/20,-0.069
2013/03/21,-0.11
2013/03/22,-0.048
2013/03/23,-0.061
2013/03/24,-0.011
2013/03/25,0.09
2013/03/26,0.25
2013/03/27,0.258
2013/03/28,0.327
2013/03/29,0.5
2013/03/30,0.612
2013/03/31,0.464
2013/04/01,0.517
2013/04/02,0.432
2013/04/03,0.317
2013/04/04,0.281
2013/04/05,-0.028
2013/04/06,-0.123
2013/04/07,-0.079
2013/04/08,-0.273
2013/04/09,-0.31
2013/04/10,-0.224
2013/04/11,0.2
2013/04/12,0.303
2013/04/13,0.305
2013/04/14,0.382
2013/04/15,0.696
2013/04/16,0.804
2013/04/17,0.626
2013/04/18,0.237
2013/04/19,0.288
2013/04/20,0.409
2013/04/21,0.372
2013/04/22,0.133
2013/04/23,0.002
2013/04/24,-0.078
2013/04/25,-0.045
2013/04/26,-0.004
2013/04/27,-0.38
2013/04/28,-0.337
2013/04/29,-0.462
2013/04/30,-0.432
2013/05/01,-0.155
2013/05/02,-0.167
2013/05/03,-0.191
2013/05/04,0.036
2013/05/05,-0.009
2013/05/06,0.04
2013/05/07,0.01
2013/05/08,-0.029
2013/05/09,-0.078
2013/05/10,-0.166
2013/05/11,-0.175
2013/05/12,-0.166
2013/05/13,-0.095
2013/05/14,-0.076
2013/05/15,-0.08
2013/05/16,0.005
2013/05/17,0.048
2013/05/18,0.085
2013/05/19,0.089
2013/05/20,0.109
2013/05/21,0.063
2013/05/22,0.086
2013/05/23,-0.03
2013/05/24,0.032
2013/05/25,-0.212
2013/05/26,-0.19
2013/05/27,-0.134
2013/05/28,-0.107
2013/05/29,-0.205
2013/05/30,-0.166
2013/05/31,-0.266
2013/06/01,-0.021
2013/06/02,-0.024
2013/06/03,-0.178
2013/06/04,-0.193
2013/06/05,-0.058
2013/06/06,-0.129
2013/06/07,-0.061
2013/06/08,-0.029
2013/06/09,0.031
2013/06/10,0.111
2013/06/11,0.097
2013/06/12,0.107
2013/06/13,0.154
2013/06/14,0.182
2013/06/15,0.152
2013/06/16,0.118
2013/06/17,0.135
2013/06/18,0.162
2013/06/19,0.101
2013/06/20,0.099
2013/06/21,0.085
2013/06/22,0.044
2013/06/23,0.048
2013/06/24,0.038
2013/06/25,-0.013
2013/06/26,-0.025
2013/06/27,0.013
2013/06/28,0.019
2013/06/29,0.097
2013/06/30,0.067
2013/07/01,0.129
2013/07/02,0.221
2013/07/03,0.21
2013/07/04,0.264
2013/07/05,0.326
2013/07/06,0.399
2013/07/07,0.388
2013/07/08,0.381
2013/07/09,0.349
2013/07/10,0.313
2013/07/11,0.246
2013/07/12,0.077
2013/07/13,-0.127
2013/07/14,-0.176
2013/07/15,-0.27
2013/07/16,-0.317
2013/07/17,-0.225
2013/07/18,0.07
2013/07/19,0.044
2013/07/20,0.102
2013/07/21,0.169
2013/07/22,0.217
2013/07/23,0.196
2013/07/24,0.153
2013/07/25,-0.158
2013/07/26,-0.075
2013/07/27,-0.025
2013/07/28,-0.026
2013/07/29,0.053
2013/07/30,0.146
2013/07/31,0.24
2013/08/01,0.159
2013/08/02,0.2
2013/08/03,0.103
2013/08/04,0.088
2013/08/05,-0.064
2013/08/06,-0.067
2013/08/07,-0.149
2013/08/08,-0.046
2013/08/09,-0.092
2013/08/10,-0.08
2013/08/11,0.046
2013/08/12,0.343
2013/08/13,0.395
2013/08/14,0.284
2013/08/15,0.173
2013/08/16,0.129
2013/08/17,0.047
2013/08/18,-0.076
2013/08/19,-0.3
2013/08/20,-0.515
2013/08/21,-0.494
2013/08/22,-0.403
2013/08/23,-0.468
2013/08/24,-0.329
2013/08/25,-0.307
2013/08/26,-0.355
2013/08/27,-0.275
2013/08/28,-0.196
2013/08/29,-0.361
2013/08/30,-0.219
2013/08/31,-0.233
2013/09/01,-0.313
2013/09/02,-0.313
2013/09/03,-0.269
2013/09/04,-0.233
2013/09/05,-0.195
2013/09/06,-0.195
2013/09/07,-0.198
2013/09/08,-0.132
2013/09/09,-0.249
2013/09/10,-0.229
2013/09/11,-0.339
2013/09/12,-0.253
2013/09/13,-0.282
2013/09/14,-0.268
2013/09/15,-0.294
2013/09/16,-0.203
2013/09/17,-0.215
2013/09/18,-0.195
2013/09/19,-0.027
2013/09/20,0.005
2013/09/21,0.011
2013/09/22,-0.129
2013/09/23,-0.029
2013/09/24,-0.07
2013/09/25,-0.073
2013/09/26,-0.173
2013/09/27,-0.137
2013/09/28,-0.138
2013/09/29,0.069
2013/09/30,0.032
2013/10/01,0.107
2013/10/02,0.326
2013/10/03,0.488
2013/10/04,0.433
2013/10/05,0.455
2013/10/06,0.375
2013/10/07,0.364
2013/10/08,0.331
2013/10/09,0.097
2013/10/10,-0.103
2013/10/11,0.014
2013/10/12,0.016
2013/10/13,0.065
2013/10/14,0.035
2013/10/15,0.021
2013/10/16,0.017
2013/10/17,0.007
2013/10/18,0.004
2013/10/19,0.019
2013/10/20,-0.01
2013/10/21,-0.079
2013/10/22,-0.146
2013/10/23,-0.097
2013/10/24,-0.129
2013/10/25,0.825
2013/10/26,0.843
2013/10/27,0.861
2013/10/28,0.945
2013/10/29,1.026
2013/10/30,1.063
2013/10/31,1.128
2013/11/01,0.114
2013/11/02,0.044
2013/11/03,0.091
2013/11/04,0.59
2013/11/05,0.663
2013/11/06,0.677
2013/11/07,0.681
2013/11/08,0.646
2013/11/09,0.657
2013/11/10,0.63
2013/11/11,0.122
2013/11/12,0.031
2013/11/13,-0.081
2013/11/14,-0.092
2013/11/15,-0.125
2013/11/16,-0.093
2013/11/17,-0.091
2013/11/18,-0.056
2013/11/19,0.018
2013/11/20,0.069
2013/11/21,-0.013
2013/11/22,0.754
2013/11/23,0.415
2013/11/24,0.381
2013/11/25,0.325
2013/11/26,0.204
2013/11/27,0.135
2013/11/28,0.28
2013/11/29,-0.619
2013/11/30,-0.388
2013/12/01,-0.355
2013/12/02,-0.346
2013/12/03,-0.266
2013/12/04,-0.193
2013/12/05,-0.323
2013/12/06,-0.027
2013/12/07,0.068
2013/12/08,0.005
2013/12/09,0.067
2013/12/10,0.278
2013/12/11,0.463
2013/12/12,0.556
2013/12/13,0.492
2013/12/14,0.408
2013/12/15,0.433
2013/12/16,0.407
2013/12/17,0.18
2013/12/18,0.014
2013/12/19,-0.037
2013/12/20,-0.12
2013/12/21,-0.124
2013/12/22,-0.151
2013/12/23,-0.163
2013/12/24,-0.12
2013/12/25,-0.515
2013/12/26,-0.505
2013/12/27,-0.503
2013/12/28,-0.425
2013/12/29,-0.404
2013/12/30,-0.331
2013/12/31,-0.406
2014/01/01,-0.261
2014/01/02,-0.245
2014/01/03,-0.215
2014/01/04,-0.154
2014/01/05,-0.189
2014/01/06,-0.197
2014/01/07,-0.161
2014/01/08,0.011
2014/01/09,0.005
2014/01/10,-0.014
2014/01/11,-0.076
2014/01/12,-0.038
2014/01/13,-0.097
2014/01/14,-0.139
2014/01/15,0.019
2014/01/16,0.092
2014/01/17,0.17
2014/01/18,0.167
2014/01/19,0.188
2014/01/20,0.201
2014/01/21,0.246
2014/01/22,0.142
2014/01/23,0.05
2014/01/24,0.193
2014/01/25,0.18
2014/01/26,0.2
2014/01/27,0.254
2014/01/28,0.252
2014/01/29,0.249
2014/01/30,0.268
2014/01/31,0.046
2014/02/01,0.152
2014/02/02,0.144
2014/02/03,0.087
2014/02/04,0.289
2014/02/05,-0.255
2014/02/06,-0.273
2014/02/07,-0.293
2014/02/08,-0.375
2014/02/09,-0.391
2014/02/10,-0.465
2014/02/11,-0.654
2014/02/12,-0.076
2014/02/13,-0.047
2014/02/14,-0.007
2014/02/15,-0.043
2014/02/16,-0.01
2014/02/17,0.117
2014/02/18,0.225
2014/02/19,0.166
2014/02/20,0.192
2014/02/21,0.182
2014/02/22,0.237
2014/02/23,0.21
2014/02/24,0.038
2014/02/25,-0.401
2014/02/26,-0.264
2014/02/27,-0.347
2014/02/28,-0.394
2014/03/01,-0.425
2014/03/02,-0.424
2014/03/03,-0.348
2014/03/04,0.072
2014/03/05,0.035
2014/03/06,0.098
2014/03/07,-1.121
2014/03/08,-1.089
2014/03/09,-1.253
2014/03/10,-1.852
2014/03/11,-1.956
2014/03/12,-1.988
2014/03/13,-2.004
2014/03/14,-0.732
2014/03/15,-0.77
2014/03/16,-0.608
2014/03/17,0.038
2014/03/18,0.034
2014/03/19,-0.05
2014/03/20,-0.041
2014/03/21,-0.032
2014/03/22,-0.027
2014/03/23,-0.02
2014/03/24,-0.017
2014/03/25,-0.096
2014/03/26,-0.02
2014/03/27,0.015
2014/03/28,0.145
2014/03/29,0.155
2014/03/30,0.131
2014/03/31,0.192
2014/04/01,0.294
2014/04/02,0.34
2014/04/03,0.234
2014/04/04,0.011
2014/04/05,-0.022
2014/04/06,0.041
2014/04/07,-0.017
2014/04/08,-0.085
2014/04/09,-0.159
2014/04/10,-0.151
2014/04/11,-0.102
2014/04/12,-0.07
2014/04/13,-0.133
2014/04/14,-0.121
2014/04/15,-0.097
2014/04/16,-0.066
2014/04/17,-0.075
2014/04/18,-0.087
2014/04/19,-0.091
2014/04/20,-0.085
2014/04/21,-0.106
2014/04/22,-0.128
2014/04/23,0.04
2014/04/24,0.124
2014/04/25,0.133
2014/04/26,0.126
2014/04/27,0.136
2014/04/28,0.175
2014/04/29,0.139
2014/04/30,-0.055
2014/05/01,-0.063
2014/05/02,-0.099
2014/05/03,-0.093
2014/05/04,-0.088
2014/05/05,-0.108
2014/05/06,-0.022
2014/05/07,-0.028
2014/05/08,-0.013
2014/05/09,0.042
2014/05/10,0.048
2014/05/11,0.042
2014/05/12,0.017
2014/05/13,0.002
2014/05/14,0.019
2014/05/15,-0.003
2014/05/16,0.021
2014/05/17,0.013
2014/05/18,0.016
2014/05/19,0.027
2014/05/20,0.029
2014/05/21,0.022
2014/05/22,0.014
2014/05/23,-0.02
2014/05/24,0.653
2014/05/25,0.643
2014/05/26,0.64
2014/05/27,0.66
2014/05/28,0.664
2014/05/29,0.654
2014/05/30,0.65
2014/05/31,-0.008
2014/06/01,0.005
2014/06/02,0.001
2014/06/03,0.013
2014/06/04,0.051
2014/06/05,0.078
2014/06/06,0.028
2014/06/07,0.033
2014/06/08,0.016
2014/06/09,0.026
2014/06/10,0.032
2014/06/11,0.034
2014/06/12,0.019
2014/06/13,0.096
2014/06/14,0.11
2014/06/15,0.113
2014/06/16,0.1
2014/06/17,0.061
2014/06/18,0.039
2014/06/19,0.041
2014/06/20,0.052
2014/06/21,0.031
2014/06/22,0.033
2014/06/23,-0.109
2014/06/24,-0.438
2014/06/25,-0.456
2014/06/26,-0.472
2014/06/27,-0.496
2014/06/28,-0.512
2014/06/29,-0.526
2014/06/30,-0.354
2014/07/01,0.093
2014/07/02,0.087
2014/07/03,-0.017
2014/07/04,0.002
2014/07/05,0.009
2014/07/06,0.029
2014/07/07,-0.13
2014/07/08,-0.258
2014/07/09,-0.275
2014/07/10,-0.169
2014/07/11,-0.182
2014/07/12,-0.167
2014/07/13,-0.162
2014/07/14,0.015
2014/07/15,0.027
2014/07/16,0.056
2014/07/17,0.028
2014/07/18,0.013
2014/07/19,-0.004
2014/07/20,-0.017
2014/07/21,-0.144
2014/07/22,-0.098
2014/07/23,-0.113
2014/07/24,-0.082
2014/07/25,-0.063
2014/07/26,-0.052
2014/07/27,-0.049
2014/07/28,0.05
2014/07/29,0.024
2014/07/30,0.022
2014/07/31,0.023
2014/08/01,0.105
2014/08/02,0.122
2014/08/03,0.126
2014/08/04,0.125
2014/08/05,0.149
2014/08/06,0.192
2014/08/07,0.186
2014/08/08,0.103
2014/08/09,0.082
2014/08/10,0.069
2014/08/11,0.058
2014/08/12,0.024
2014/08/13,0.008
2014/08/14,0.049
2014/08/15,0.063
2014/08/16,0.088
2014/08/17,0.108
2014/08/18,0.128
2014/08/19,0.147
2014/08/20,0.134
2014/08/21,0.204
2014/08/22,0.16
2014/08/23,0.166
2014/08/24,0.152
2014/08/25,0.156
2014/08/26,0.157
2014/08/27,0.159
2014/08/28,0.149
2014/08/29,0.188
2014/08/30,0.246
2014/08/31,0.247
2014/09/01,0.178
2014/09/02,0.162
2014/09/03,0.16
2014/09/04,0.067
2014/09/05,0.041
2014/09/06,-0.055
2014/09/07,-0.053
2014/09/08,-0.005
2014/09/09,-0.021
2014/09/10,-0.058
2014/09/11,-0.063
2014/09/12,-0.043
2014/09/13,-0.052
2014/09/14,-0.05
2014/09/15,-0.057
2014/09/16,-0.044
2014/09/17,-0.041
2014/09/18,0.001
2014/09/19,-0.026
2014/09/20,0.086
2014/09/21,0.117
2014/09/22,0.124
2014/09/23,0.035
2014/09/24,0.08
2014/09/25,0.045
2014/09/26,0.084
2014/09/27,-0.031
2014/09/28,-0.036
2014/09/29,-0.008
2014/09/30,0.044
2014/10/01,0.047
2014/10/02,0.063
2014/10/03,-0.015
2014/10/04,0.02
2014/10/05,0.069
2014/10/06,0.175
2014/10/07,0.218
2014/10/08,0.198
2014/10/09,0.159
2014/10/10,0.226
2014/10/11,0.29
2014/10/12,0.247
2014/10/13,0.02
2014/10/14,-0.019
2014/10/15,0.04
2014/10/16,-0.004
2014/10/17,-0.016
2014/10/18,-0.133
2014/10/19,-0.116
2014/10/20,-0.028
2014/10/21,0.009
2014/10/22,0.009
2014/10/23,0.063
2014/10/24,0.047
2014/10/25,0.048
2014/10/26,-0.055
2014/10/27,-0.036
2014/10/28,-0.02
2014/10/29,-0.121
2014/10/30,-0.139
2014/10/31,-0.058
2014/11/01,-0.075
2014/11/02,-0.009
2014/11/03,-0.048
2014/11/04,-0.05
2014/11/05,0.095
2014/11/06,0.172
2014/11/07,0.065
2014/11/08,0.157
2014/11/09,0.175
2014/11/10,0.212
2014/11/11,0.165
2014/11/12,0.073
2014/11/13,0.002
2014/11/14,0.154
2014/11/15,-0.004
2014/11/16,0.184
2014/11/17,0.167
2014/11/18,0.166
2014/11/19,0.18
2014/11/20,0.215
2014/11/21,0.089
2014/11/22,0.165
2014/11/23,-0.045
2014/11/24,-0.037
2014/11/25,-0.007
2014/11/26,0.037
2014/11/27,0.016
2014/11/28,0.339
2014/11/29,0.404
2014/11/30,0.398
2014/12/01,0.575
2014/12/02,0.648
2014/12/03,0.618
2014/12/04,0.646
2014/12/05,0.723
2014/12/06,1.022
2014/12/07,1.045
2014/12/08,0.802
2014/12/09,0.685
2014/12/10,0.623
2014/12/11,0.557
2014/12/12,0.176
2014/12/13,-0.211
2014/12/14,-0.244
2014/12/15,-0.185
2014/12/16,-0.147
2014/12/17,-0.124
2014/12/18,-0.119
2014/12/19,-0.186
2014/12/20,-0.123
2014/12/21,-0.125
2014/12/22,-0.66
2014/12/23,-0.69
2014/12/24,-0.346
2014/12/25,-0.295
2014/12/26,-0.22
2014/12/27,-0.178
2014/12/28,-0.162
2014/12/29,0.284
2014/12/30,0.354
2014/12/31,-0.01
2015/01/01,0.012
2015/01/02,-0.034
2015/01/03,-0.15
2015/01/04,-0.12
2015/01/05,-0.03
2015/01/06,-0.071
2015/01/07,-0.144
2015/01/08,-0.277
2015/01/09,-0.276
2015/01/10,-0.242
2015/01/11,-0.246
2015/01/12,-0.24
2015/01/13,-0.161
2015/01/14,-0.065
2015/01/15,-0.005
2015/01/16,0.042
2015/01/17,0.067
2015/01/18,0.045
2015/01/19,0.046
2015/01/20,-0.043
2015/01/21,0.373
2015/01/22,0.448
2015/01/23,0.421
2015/01/24,0.397
2015/01/25,0.407
2015/01/26,0.153
2015/01/27,0.202
2015/01/28,-0.267
2015/01/29,-0.368
2015/01/30,-0.323
2015/01/31,-0.347
2015/02/01,-0.416
2015/02/02,-0.181
2015/02/03,-0.224
2015/02/04,-0.176
2015/02/05,-0.099
2015/02/06,-0.137
2015/02/07,-0.099
2015/02/08,-0.02
2015/02/09,-0.042
2015/02/10,-0.045
2015/02/11,-0.033
2015/02/12,-0.066
2015/02/13,-0.036
2015/02/14,0.023
2015/02/15,0.03
2015/02/16,0.053
2015/02/17,0.062
2015/02/18,0.074
2015/02/19,0.084
2015/02/20,-0.005
2015/02/21,-0.053
2015/02/22,-0.084
2015/02/23,-0.061
2015/02/24,-0.084
2015/02/25,-0.077
2015/02/26,-0.075
2015/02/27,0.01
2015/02/28,0.004
2015/03/01,-0.004
2015/03/02,0.045
2015/03/03,0.023
2015/03/04,0.119
2015/03/05,0.022
2015/03/06,0.071
2015/03/07,-0.051
2015/03/08,-0.662
2015/03/09,-0.786
2015/03/10,-0.777
2015/03/11,-0.856
2015/03/12,-0.834
2015/03/13,-0.89
2015/03/14,-0.764
2015/03/15,-0.141
2015/03/16,-0.063
2015/03/17,-0.03
2015/03/18,-0.093
2015/03/19,-0.018
2015/03/20,0.012
2015/03/21,-0.014
2015/03/22,-0.009
2015/03/23,0.042
2015/03/24,-0.032
2015/03/25,0.021
2015/03/26,0.033
2015/03/27,0.054
2015/03/28,0.079
2015/03/29,0.114
2015/03/30,-0.03
2015/03/31,0.045
2015/04/01,-0.014
2015/04/02,-0.043
2015/04/03,-0.101
2015/04/04,-0.093
2015/04/05,-0.134
2015/04/06,-0.052
2015/04/07,-0.021
2015/04/08,0.074
2015/04/09,0.04
2015/04/10,0.065
2015/04/11,0.06
2015/04/12,0.075
2015/04/13,0.098
2015/04/14,0.101
2015/04/15,0.111
2015/04/16,0.168
2015/04/17,0.152
2015/04/18,0.166
2015/04/19,0.145
2015/04/20,0.126
2015/04/21,0.094
2015/04/22,0.05
2015/04/23,0.057
2015/04/24,0.078
2015/04/25,0.082
2015/04/26,0.083
2015/04/27,0.111
2015/04/28,0.15
2015/04/29,0.084
2015/04/30,0.09
2015/05/01,0.076
2015/05/02,0.062
2015/05/03,0.097
2015/05/04,0.074
2015/05/05,0.015
2015/05/06,0.038
2015/05/07,0.007
2015/05/08,0.035
2015/05/09,0.088
2015/05/10,0.058
2015/05/11,0.081
2015/05/12,0.098
2015/05/13,0.129
2015/05/14,0.21
2015/05/15,0.182
2015/05/16,0.114
2015/05/17,0.108
2015/05/18,0.1
2015/05/19,0.095
2015/05/20,0.084
2015/05/21,0.013
2015/05/22,0.065
2015/05/23,0.035
2015/05/24,0.031
2015/05/25,-0.004
2015/05/26,0.01
2015/05/27,-0.018
2015/05/28,-0.013
2015/05/29,-0.085
2015/05/30,-0.043
2015/05/31,-0.012
2015/06/01,0.023
2015/06/02,-0.009
2015/06/03,-0.039
2015/06/04,-0.049
2015/06/05,-0.049
2015/06/06,-0.055
2015/06/07,-0.07
2015/06/08,-0.059
2015/06/09,-0.017
2015/06/10,0.039
2015/06/11,0.068
2015/06/12,0.07
2015/06/13,0.098
2015/06/14,0.093
2015/06/15,0.044
2015/06/16,0.055
2015/06/17,0.043
2015/06/18,0.023
2015/06/19,0.184
2015/06/20,0.207
2015/06/21,0.204
2015/06/22,0.183
2015/06/23,0.164
2015/06/24,0.165
2015/06/25,0.176
2015/06/26,0.022
2015/06/27,-0.005
2015/06/28,0.012
2015/06/29,-0.006
2015/06/30,-0.029
2015/07/01,-0.011
2015/07/02,0.004
2015/07/03,-0.052
2015/07/04,-0.057
2015/07/05,-0.081
2015/07/06,0.023
2015/07/07,0.046
2015/07/08,0.027
2015/07/09,-0.021
2015/07/10,0.07
2015/07/11,0.047
2015/07/12,0.005
2015/07/13,-0.005
2015/07/14,-0.039
2015/07/15,-0.035
2015/07/16,0.071
2015/07/17,0.08
2015/07/18,0.084
2015/07/19,0.118
2015/07/20,0.079
2015/07/21,0.103
2015/07/22,-20.808
2015/07/23,-20.886
2015/07/24,-20.931
2015/07/25,-0.01
2015/07/26,0.004
2015/07/27,0.036
2015/07/28,0.049
2015/07/29,20.96
2015/07/30,20.927
2015/07/31,20.933
2015/08/01,0.021
2015/08/02,0.027
2015/08/03,0.005
2015/08/04,-0.133
2015/08/05,-0.192
2015/08/06,-0.253
2015/08/07,-0.248
2015/08/08,-0.36
2015/08/09,-0.004
2015/08/10,0.228
2015/08/11,0.349
2015/08/12,0.395
2015/08/13,0.475
2015/08/14,0.416
2015/08/15,0.498
2015/08/16,0.11
2015/08/17,-0.144
2015/08/18,-0.221
2015/08/19,-0.229
2015/08/20,-0.233
2015/08/21,-0.248
2015/08/22,-0.26
2015/08/23,-0.251
2015/08/24,-0.255
2015/08/25,-0.138
2015/08/26,-0.142
2015/08/27,-0.105
2015/08/28,-0.115
2015/08/29,-0.087
2015/08/30,-0.074
2015/08/31,0.003
2015/09/01,-0.047
2015/09/02,-0.022
2015/09/03,-0.029
2015/09/04,0.02
2015/09/05,0.036
2015/09/06,0.016
2015/09/07,-0.087
2015/09/08,-0.079
2015/09/09,-0.094
2015/09/10,-0.166
2015/09/11,-0.136
2015/09/12,-0.134
2015/09/13,-0.107
2015/09/14,-0.088
2015/09/15,-0.155
2015/09/16,-0.148
2015/09/17,-0.113
2015/09/18,-0.119
2015/09/19,-0.153
2015/09/20,-0.143
2015/09/21,-0.098
2015/09/22,-0.037
2015/09/23,-0.085
2015/09/24,-0.115
2015/09/25,-0.131
2015/09/26,-0.104
2015/09/27,-0.117
2015/09/28,-0.151
2015/09/29,-0.106
2015/09/30,0.005
2015/10/01,0.049
2015/10/02,-0.005
2015/10/03,-0.137
2015/10/04,-0.141
2015/10/05,-0.14
2015/10/06,-0.172
2015/10/07,-0.242
2015/10/08,-0.173
2015/10/09,-0.112
2015/10/10,0.017
2015/10/11,0.02
2015/10/12,-0.03
2015/10/13,-0.042
2015/10/14,-0.033
2015/10/15,-0.061
2015/10/16,-0.025
2015/10/17,-0.001
2015/10/18,-0.021
2015/10/19,-0.014
2015/10/20,0.021
2015/10/21,0.025
2015/10/22,-0.121
2015/10/23,-0.153
2015/10/24,-0.216
2015/10/25,-0.202
2015/10/26,-0.114
2015/10/27,-0.138
2015/10/28,-0.252
2015/10/29,-0.142
2015/10/30,-0.233
2015/10/31,-0.199
2015/11/01,-0.215
2015/11/02,-0.193
2015/11/03,-0.112
2015/11/04,0.071
2015/11/05,0.127
2015/11/06,0.266
2015/11/07,0.23
2015/11/08,0.203
2015/11/09,0.038
2015/11/10,-0.149
2015/11/11,-0.219
2015/11/12,-0.377
2015/11/13,-0.411
2015/11/14,-0.378
2015/11/15,-0.328
2015/11/16,0.035
2015/11/17,0.021
2015/11/18,0.1
2015/11/19,0.212
2015/11/20,0.217
2015/11/21,0.214
2015/11/22,0.2
2015/11/23,-0.063
2015/11/24,0.053
2015/11/25,-0.021
2015/11/26,0.101
2015/11/27,-0.285
2015/11/28,-0.47
2015/11/29,-0.481
2015/11/30,-0.449
2015/12/01,0.162
2015/12/02,0.217
2015/12/03,0.019
2015/12/04,0.391
2015/12/05,0.524
2015/12/06,0.537
2015/12/07,0.526
2015/12/08,-0.119
2015/12/09,-0.062
2015/12/10,0.019
2015/12/11,0.04
2015/12/12,0.09
2015/12/13,0.066
2015/12/14,-0.054
2015/12/15,0.052
2015/12/16,-0.103
2015/12/17,-0.239
2015/12/18,-0.252
2015/12/19,-0.344
2015/12/20,-0.313
2015/12/21,-0.349
2015/12/22,-0.438
2015/12/23,-0.413
2015/12/24,-0.295
2015/12/25,-0.349
2015/12/26,-0.189
2015/12/27,-0.222
2015/12/28,-0.057
2015/12/29,-0.048
2015/12/30,-0.047
2015/12/31,-0.005
2016/01/01,0.07
2016/01/02,0.019
2016/01/03,0.047
2016/01/04,0.062
2016/01/05,0.079
2016/01/06,-0.009
2016/01/07,-0.05
2016/01/08,-0.152
2016/01/09,-0.151
2016/01/10,-0.108
2016/01/11,-0.251
2016/01/12,-0.15
2016/01/13,-0.039
2016/01/14,-0.032
2016/01/15,0.079
2016/01/16,0.113
2016/01/17,0.057
2016/01/18,0.155
2016/01/19,0.043
2016/01/20,0.043
2016/01/21,0.076
2016/01/22,0.006
2016/01/23,-0.152
2016/01/24,-0.101
2016/01/25,-0.16
2016/01/26,-0.147
2016/01/27,-0.112
2016/01/28,-0.166
2016/01/29,-0.119
2016/01/30,0.056
2016/01/31,0.033
2016/02/01,0.076
2016/02/02,0.067
2016/02/03,-0.008
2016/02/04,0.096
2016/02/05,0.192
2016/02/06,0.115
2016/02/07,0.12
2016/02/08,0.125
2016/02/09,0.2
2016/02/10,0.148
2016/02/11,0.1
2016/02/12,0.028
2016/02/13,0.045
2016/02/14,0.038
2016/02/15,0.051
2016/02/16,-0.04
2016/02/17,0.005
2016/02/18,0.003
2016/02/19,-0.059
2016/02/20,-0.014
2016/02/21,-0.019
2016/02/22,-0.006
2016/02/23,0.017
2016/02/24,0.024
2016/02/25,0.002
2016/02/26,0.042
2016/02/27,0.02
2016/02/28,0.006
2016/02/29,-0.073
2016/03/01,-0.447
2016/03/02,-0.134
2016/03/03,-0.094
2016/03/04,0.143
2016/03/05,0.351
2016/03/06,0.421
2016/03/07,0.19
2016/03/08,0.511
2016/03/09,0.253
2016/03/10,0.089
2016/03/11,-0.165
2016/03/12,-0.367
2016/03/13,-0.354
2016/03/14,-0.028
2016/03/15,-0.008
2016/03/16,-0.032
2016/03/17,0.013
2016/03/18,-0.103
2016/03/19,-0.12
2016/03/20,-0.187
2016/03/21,-0.288
2016/03/22,-0.309
2016/03/23,-0.189
2016/03/24,0.237
2016/03/25,0.339
2016/03/26,0.564
2016/03/27,0.457
2016/03/28,0.617
2016/03/29,0.355
2016/03/30,0.245
2016/03/31,-0.132
2016/04/01,-0.185
2016/04/02,-0.406
2016/04/03,-0.332
2016/04/04,-0.499
2016/04/05,-0.189
2016/04/06,-0.207
2016/04/07,-0.217
2016/04/08,-0.182
2016/04/09,-0.183
2016/04/10,-0.138
2016/04/11,-0.079
2016/04/12,-0.111
2016/04/13,-0.055
2016/04/14,-0.112
2016/04/15,-0.133
2016/04/16,-0.289
2016/04/17,-0.299
2016/04/18,-0.306
2016/04/19,-0.248
2016/04/20,-0.282
2016/04/21,-0.25
2016/04/22,-0.247
2016/04/23,-0.093
2016/04/24,-0.118
2016/04/25,-0.215
2016/04/26,-0.234
2016/04/27,-0.271
2016/04/28,-0.281
2016/04/29,-0.244
2016/04/30,-0.24
2016/05/01,-0.279
2016/05/02,-0.201
2016/05/03,-0.212
2016/05/04,0.359
2016/05/05,0.273
2016/05/06,0.114
2016/05/07,-0.135
2016/05/08,-0.073
2016/05/09,0.039
2016/05/10,-0.009
2016/05/11,-0.645
2016/05/12,-0.492
2016/05/13,-0.329
2016/05/14,-0.134
2016/05/15,-0.125
2016/05/16,-0.18
2016/05/17,-0.199
2016/05/18,-0.099
2016/05/19,-0.171
2016/05/20,-0.128
2016/05/21,-0.04
2016/05/22,-0.04
2016/05/23,0.004
2016/05/24,0.122
2016/05/25,0.286
2016/05/26,0.428
2016/05/27,0.659
2016/05/28,0.721
2016/05/29,0.908
2016/05/30,1.147
2016/05/31,1.233
2016/06/01,1.081
2016/06/02,0.75
2016/06/03,0.552
2016/06/04,0.404
2016/06/05,0.156
2016/06/06,-0.21
2016/06/07,-0.343
2016/06/08,-0.482
2016/06/09,-0.238
2016/06/10,-0.188
2016/06/11,-0.168
2016/06/12,-0.187
2016/06/13,-0.189
2016/06/14,-0.118
2016/06/15,-0.058
2016/06/16,-0.154
2016/06/17,-0.333
2016/06/18,-0.335
2016/06/19,-0.31
2016/06/20,-0.197
2016/06/21,-0.18
2016/06/22,0.104
2016/06/23,0.092
2016/06/24,0.149
2016/06/25,0.134
2016/06/26,0.186
2016/06/27,0.046
2016/06/28,-0.057
2016/06/29,-0.212
2016/06/30,-0.172
2016/07/01,-0.167
2016/07/02,-0.15
2016/07/03,-0.147
2016/07/04,-0.074
2016/07/05,-0.036
2016/07/06,-0.097
2016/07/07,0.013
2016/07/08,0.177
2016/07/09,0.158
2016/07/10,0.163
2016/07/11,0.191
2016/07/12,0.164
2016/07/13,0.218
2016/07/14,0.23
2016/07/15,0.079
2016/07/16,0.075
2016/07/17,-0.017
2016/07/18,-0.006
2016/07/19,-0.069
2016/07/20,-0.069
2016/07/21,-0.106
2016/07/22,-0.059
2016/07/23,-0.009
2016/07/24,0.139
2016/07/25,0.087
2016/07/26,0.165
2016/07/27,0.074
2016/07/28,0.004
2016/07/29,-0.055
2016/07/30,-0.054
2016/07/31,-0.215
2016/08/01,-0.228
2016/08/02,-0.21
2016/08/03,-0.272
2016/08/04,-0.241
2016/08/05,-0.293
2016/08/06,-0.34
2016/08/07,0.12
2016/08/08,0.187
2016/08/09,0.116
2016/08/10,0.05
2016/08/11,-0.183
2016/08/12,-0.178
2016/08/13,-0.134
2016/08/14,-0.499
2016/08/15,-0.527
2016/08/16,-0.491
2016/08/17,-0.358
2016/08/18,-0.114
2016/08/19,-0.082
2016/08/20,-0.225
2016/08/21,-0.243
2016/08/22,-0.223
2016/08/23,-0.235
2016/08/24,-0.11
2016/08/25,-0.094
2016/08/26,-0.074
2016/08/27,0.072
2016/08/28,0.076
2016/08/29,0.083
2016/08/30,0.005
2016/08/31,-0.299
2016/09/01,-0.167
2016/09/02,-0.14
2016/09/03,-0.135
2016/09/04,-0.073
2016/09/05,-0.078
2016/09/06,0.05
2016/09/07,0.305
2016/09/08,0.194
2016/09/09,0.132
2016/09/10,0.137
2016/09/11,0.085
2016/09/12,0.124
2016/09/13,0.041
2016/09/14,-0.033
2016/09/15,-0.059
2016/09/16,-0.025
2016/09/17,-0.031
2016/09/18,-0.033
2016/09/19,-0.046
2016/09/20,0.016
2016/09/21,0.029
2016/09/22,0.043
2016/09/23,0.039
2016/09/24,0.036
2016/09/25,0.01
2016/09/26,-0.027
2016/09/27,-0.045
2016/09/28,-0.032
2016/09/29,0.099
2016/09/30,0.099
2016/10/01,0.098
2016/10/02,0.128
2016/10/03,0.162
2016/10/04,0.143
2016/10/05,0.15
2016/10/06,-0.03
2016/10/07,-0.035
2016/10/08,-0.022
2016/10/09,-0.022
2016/10/10,-0.079
2016/10/11,-0.027
2016/10/12,-0.07
2016/10/13,-0.036
2016/10/14,-0.047
2016/10/15,-0.124
2016/10/16,-0.128
2016/10/17,-0.097
2016/10/18,-0.062
2016/10/19,-0.055
2016/10/20,-0.063
2016/10/21,-0.07
2016/10/22,-0.031
2016/10/23,-0.014
2016/10/24,0.004
2016/10/25,-0.108
2016/10/26,-0.048
2016/10/27,0.152
2016/10/28,0.149
2016/10/29,0.173
2016/10/30,0.151
2016/10/31,0.091
2016/11/01,0.145
2016/11/02,0.146
2016/11/03,0.011
2016/11/04,0.042
2016/11/05,0.049
2016/11/06,0.067
2016/11/07,0.089
2016/11/08,0.175
2016/11/09,0.136
2016/11/10,0.073
2016/11/11,0.046
2016/11/12,0.039
2016/11/13,0.033
2016/11/14,0.023
2016/11/15,-0.109
2016/11/16,-0.087
2016/11/17,-0.041
2016/11/18,-0.043
2016/11/19,-0.054
2016/11/20,-0.103
2016/11/21,-0.138
2016/11/22,-0.164
2016/11/23,-0.039
2016/11/24,-0.169
2016/11/25,-0.141
2016/11/26,-0.085
2016/11/27,-0.017
2016/11/28,0.045
2016/11/29,0.142
2016/11/30,0
2016/12/01,0.06
2016/12/02,0.015
2016/12/03,-0.069
2016/12/04,-0.086
2016/12/05,-0.104
2016/12/06,-0.131
2016/12/07,-0.117
2016/12/08,-0.099
2016/12/09,-0.05
2016/12/10,-0.037
2016/12/11,-0.047
2016/12/12,-0.059
2016/12/13,-0.073
2016/12/14,-0.074
2016/12/15,-0.05
2016/12/16,-0.069
2016/12/17,-0.041
2016/12/18,-0.067
2016/12/19,-0.041
2016/12/20,-0.079
2016/12/21,-0.135
2016/12/22,-0.11
2016/12/23,-0.138
2016/12/24,-0.142
2016/12/25,0.026
2016/12/26,0.053
2016/12/27,0.1
2016/12/28,0.159
2016/12/29,0.126
2016/12/30,0.099
2016/12/31,0.18
2017/01/01,0.062
2017/01/02,0.072
2017/01/03,0.123
2017/01/04,0.111
2017/01/05,0.135
2017/01/06,0.05
2017/01/07,0.01
2017/01/08,0.021
2017/01/09,-0.055
2017/01/10,-0.108
2017/01/11,-0.148
2017/01/12,-0.167
2017/01/13,0.009
2017/01/14,-0.108
2017/01/15,-0.192
2017/01/16,-0.153
2017/01/17,-0.161
2017/01/18,-0.186
2017/01/19,-0.184
2017/01/20,-0.213
2017/01/21,-0.132
2017/01/22,-0.052
2017/01/23,-0.038
2017/01/24,-0.107
2017/01/25,-0.066
2017/01/26,-0.078
2017/01/27,-0.06
2017/01/28,-0.065
2017/01/29,-0.082
2017/01/30,-0.093
2017/01/31,-0.022
2017/02/01,0.059
2017/02/02,0.065
2017/02/03,0.011
2017/02/04,0.014
2017/02/05,-0.003
2017/02/06,-0.045
2017/02/07,-0.062
2017/02/08,-0.186
2017/02/09,-0.199
2017/02/10,-0.151
2017/02/11,-0.114
2017/02/12,-0.1
2017/02/13,-0.137
2017/02/14,-0.109
2017/02/15,-0.073
2017/02/16,-0.03
2017/02/17,-0.048
2017/02/18,-0.077
2017/02/19,-0.096
2017/02/20,-0.03
2017/02/21,-0.033
2017/02/22,-0.002
2017/02/23,-0.004
2017/02/24,-0.052
2017/02/25,-0.037
2017/02/26,-0.013
2017/02/27,0.041
2017/02/28,0.039
2017/03/01,0.017
2017/03/02,0.052
2017/03/03,0.135
2017/03/04,0.208
2017/03/05,0.208
2017/03/06,0.164
2017/03/07,0.186
2017/03/08,0.209
2017/03/09,0.172
2017/03/10,0.16
2017/03/11,0.074
2017/03/12,0.071
2017/03/13,0.097
2017/03/14,-0.001
2017/03/15,-0.007
2017/03/16,-0.043
2017/03/17,-0.036
2017/03/18,0.065
2017/03/19,0.084
2017/03/20,0.042
2017/03/21,0.025
2017/03/22,-0.038
2017/03/23,0.03
2017/03/24,0.023
2017/03/25,-0.333
2017/03/26,-0.312
2017/03/27,-0.329
2017/03/28,-0.177
2017/03/29,-0.128
2017/03/30,-0.202
2017/03/31,-0.099
2017/04/01,0.13
2017/04/02,0.045
2017/04/03,0.082
2017/04/04,-0.004
2017/04/05,0.056
2017/04/06,0.07
2017/04/07,-0.051
2017/04/08,0.012
2017/04/09,0.037
2017/04/10,0.009
2017/04/11,0.019
2017/04/12,-0.026
2017/04/13,-0.058
2017/04/14,-0.078
2017/04/15,-0.076
2017/04/16,-0.081
2017/04/17,-0.082
2017/04/18,-0.079
2017/04/19,-0.078
2017/04/20,-0.042
2017/04/21,-0.113
2017/04/22,-0.236
2017/04/23,-0.199
2017/04/24,-0.189
2017/04/25,-0.167
2017/04/26,-0.208
2017/04/27,-0.304
2017/04/28,-0.167
2017/04/29,-0.09
2017/04/30,-0.079
2017/05/01,-0.031
2017/05/02,-0.003
2017/05/03,0.048
2017/05/04,0.141
2017/05/05,0.073
2017/05/06,0.068
2017/05/07,0.03
2017/05/08,-0.039
2017/05/09,-0.042
2017/05/10,-0.099
2017/05/11,-0.081
2017/05/12,-0.09
2017/05/13,-0.068
2017/05/14,-0.117
2017/05/15,-0.039
2017/05/16,-0.105
2017/05/17,-0.15
2017/05/18,-0.09
2017/05/19,0.001
2017/05/20,0
2017/05/21,0.095
2017/05/22,0.07
2017/05/23,0.113
2017/05/24,0.222
2017/05/25,0.176
2017/05/26,0.188
2017/05/27,0.256
2017/05/28,0.279
2017/05/29,0.286
2017/05/30,0.215
2017/05/31,0.158
2017/06/01,0.213
2017/06/02,0.179
2017/06/03,0.077
2017/06/04,0.015
2017/06/05,-0.032
2017/06/06,0.11
2017/06/07,0.135
2017/06/08,0.062
2017/06/09,0.016
2017/06/10,0.023
2017/06/11,0.07
2017/06/12,0.161
2017/06/13,-0.008
2017/06/14,-0.011
2017/06/15,-0.036
2017/06/16,-0.123
2017/06/17,-0.084
2017/06/18,-0.141
2017/06/19,-0.206
2017/06/20,-0.135
2017/06/21,-0.034
2017/06/22,-0.029
2017/06/23,0.038
2017/06/24,0.023
2017/06/25,0.072
2017/06/26,0.067
2017/06/27,0.008
2017/06/28,-0.104
2017/06/29,-0.196
2017/06/30,-0.191
2017/07/01,-0.155
2017/07/02,-0.181
2017/07/03,-0.264
2017/07/04,-0.18
2017/07/05,-0.103
2017/07/06,0.04
2017/07/07,0.127
2017/07/08,0.093
2017/07/09,0.003
2017/07/10,0.07
2017/07/11,0.055
2017/07/12,-0.028
2017/07/13,-0.054
2017/07/14,-0.159
2017/07/15,-0.104
2017/07/16,-0.009
2017/07/17,-0.048
2017/07/18,-0.014
2017/07/19,0.055
2017/07/20,0.064
2017/07/21,0.178
2017/07/22,0.069
2017/07/23,-0.003
2017/07/24,0.067
2017/07/25,-0.024
2017/07/26,-0.321
2017/07/27,-0.364
2017/07/28,-0.298
2017/07/29,-0.253
2017/07/30,-0.082
2017/07/31,-0.512
2017/08/01,-0.632
2017/08/02,-0.438
2017/08/03,-0.271
2017/08/04,-0.408
2017/08/05,-0.35
2017/08/06,-0.581
2017/08/07,-0.266
2017/08/08,-0.034
2017/08/09,-0.108
2017/08/10,-0.314
2017/08/11,-0.307
2017/08/12,-0.444
2017/08/13,-0.295
2017/08/14,-0.178
2017/08/15,-0.174
2017/08/16,-0.132
2017/08/17,0.034
2017/08/18,0.069
2017/08/19,0.179
2017/08/20,0.142
2017/08/21,0.082
2017/08/22,0.051
2017/08/23,0.186
2017/08/24,0.129
2017/08/25,0.045
2017/08/26,0.006
2017/08/27,-0.039
2017/08/28,-0.033
2017/08/29,-0.094
2017/08/30,-0.105
2017/08/31,-0.158
2017/09/01,-0.174
2017/09/02,-0.136
2017/09/03,-0.053
2017/09/04,-0.027
2017/09/05,0.006
2017/09/06,-0.006
2017/09/07,-0.026
2017/09/08,-0.003
2017/09/09,0.007
2017/09/10,0.09
2017/09/11,0.04
2017/09/12,-0.005
2017/09/13,-0.027
2017/09/14,-0.035
2017/09/15,0.031
2017/09/16,-0.038
2017/09/17,-0.135
2017/09/18,-0.171
2017/09/19,-0.118
2017/09/20,-0.084
2017/09/21,-0.059
2017/09/22,-0.147
2017/09/23,-0.136
2017/09/24,-0.198
2017/09/25,-0.099
2017/09/26,-0.093
2017/09/27,-0.104
2017/09/28,-0.108
2017/09/29,-0.05
2017/09/30,-0.026
2017/10/01,0.016
2017/10/02,0.008
2017/10/03,0.025
2017/10/04,0.013
2017/10/05,0.006
2017/10/06,0.027
2017/10/07,0.008
2017/10/08,0.043
2017/10/09,0.115
2017/10/10,0.188
2017/10/11,0.201
2017/10/12,0.275
2017/10/13,0.27
2017/10/14,0.301
2017/10/15,0.271
2017/10/16,0.23
2017/10/17,0.117
2017/10/18,0.185
2017/10/19,0.16
2017/10/20,0.206
2017/10/21,0.187
2017/10/22,0.188
2017/10/23,0.158
2017/10/24,0.126
2017/10/25,-0.048
2017/10/26,-0.054
2017/10/27,-0.11
2017/10/28,-17.303
2017/10/29,-17.31
2017/10/30,-17.3
2017/10/31,-0.077
2017/11/01,0.013
2017/11/02,-0.015
2017/11/03,-0.02
2017/11/04,17.168
2017/11/05,17.166
2017/11/06,17.164
2017/11/07,0.147
2017/11/08,0.167
2017/11/09,0.213
2017/11/10,0.269
2017/11/11,0.276
2017/11/12,0.122
2017/11/13,0.121
2017/11/14,0.048
2017/11/15,0.004
2017/11/16,-0.039
2017/11/17,-0.09
2017/11/18,-0.096
2017/11/19,0.06
2017/11/20,0.037
2017/11/21,-0.172
2017/11/22,-0.212
2017/11/23,-0.287
2017/11/24,-0.311
2017/11/25,-0.263
2017/11/26,-0.315
2017/11/27,-0.304
2017/11/28,-0.176
2017/11/29,-0.011
2017/11/30,0.137
2017/12/01,0.172
2017/12/02,0.138
2017/12/03,0.194
2017/12/04,0.198
2017/12/05,0.166
2017/12/06,0.001
2017/12/07,-0.065
2017/12/08,-0.174
2017/12/09,-0.175
2017/12/10,-0.119
2017/12/11,-0.06
2017/12/12,-0.041
2017/12/13,0.199
2017/12/14,0.17
2017/12/15,0.339
2017/12/16,0.336
2017/12/17,0.463
2017/12/18,0.471
2017/12/19,0.439
2017/12/20,0.126
2017/12/21,0.12
2017/12/22,0.13
2017/12/23,0.128
2017/12/24,-0.054
2017/12/25,-0.075
2017/12/26,-0.01
2017/12/27,0.149
2017/12/28,0.206
2017/12/29,0.2
2017/12/30,0.16
2017/12/31,0.427
2018/01/01,0.485
2018/01/02,0.474
2018/01/03,0.495
2018/01/04,0.395
2018/01/05,0.26
2018/01/06,0.259
2018/01/07,0.014
2018/01/08,0.05
2018/01/09,0.06
2018/01/10,-0.039
2018/01/11,0.074
2018/01/12,0.183
2018/01/13,0.241
2018/01/14,0.227
2018/01/15,0.143
2018/01/16,0.171
2018/01/17,0.216
2018/01/18,0.197
2018/01/19,0.165
2018/01/20,0.306
2018/01/21,0.444
2018/01/22,0.453
2018/01/23,0.403
2018/01/24,0.368
2018/01/25,0.333
2018/01/26,0.276
2018/01/27,-0.079
2018/01/28,-0.233
2018/01/29,-0.445
2018/01/30,-0.501
2018/01/31,-0.492
2018/02/01,-0.429
2018/02/02,-0.315
2018/02/03,-0.084
2018/02/04,-0.11
2018/02/05,0.128
2018/02/06,0.238
2018/02/07,0.281
2018/02/08,0.096
2018/02/09,0.249
2018/02/10,0.189
2018/02/11,0.228
2018/02/12,0.222
2018/02/13,0.158
2018/02/14,0.141
2018/02/15,0.299
2018/02/16,0.011
2018/02/17,0.027
2018/02/18,-0.017
2018/02/19,-0.11
2018/02/20,-0.129
2018/02/21,-0.138
2018/02/22,-0.159
2018/02/23,0.14
2018/02/24,0.343
2018/02/25,0.378
2018/02/26,0.384
2018/02/27,0.441
2018/02/28,0.362
2018/03/01,0.27
2018/03/02,0.051
2018/03/03,-0.155
2018/03/04,-0.151
2018/03/05,-0.185
2018/03/06,-0.412
2018/03/07,-0.311
2018/03/08,-0.236
2018/03/09,-0.314
2018/03/10,-0.189
2018/03/11,-0.175
2018/03/12,-0.134
2018/03/13,0.072
2018/03/14,0.071
2018/03/15,0.06
2018/03/16,0.154
2018/03/17,0.034
2018/03/18,0.046
2018/03/19,0.081
2018/03/20,0.088
2018/03/21,0.109
2018/03/22,0.13
2018/03/23,0.144
2018/03/24,0.109
2018/03/25,0.224
2018/03/26,0.176
2018/03/27,0.226
2018/03/28,0.217
2018/03/29,0.23
2018/03/30,0.236
2018/03/31,0.254
2018/04/01,0.115
2018/04/02,0.199
2018/04/03,0.127
2018/04/04,0.094
2018/04/05,0.092
2018/04/06,-0.044
2018/04/07,0.026
2018/04/08,0.039
2018/04/09,-0.074
2018/04/10,-0.066
2018/04/11,0.042
2018/04/12,0.06
2018/04/13,0.16
2018/04/14,0.112
2018/04/15,0.083
2018/04/16,0.05
2018/04/17,0.032
2018/04/18,-0.082
2018/04/19,0.051
2018/04/20,-0.036
2018/04/21,-0.032
2018/04/22,-0.031
2018/04/23,0.026
2018/04/24,0.181
2018/04/25,0.397
2018/04/26,0.256
2018/04/27,0.294
2018/04/28,0.19
2018/04/29,0.204
2018/04/30,0.242
2018/05/01,0.106
2018/05/02,-0.11
2018/05/03,-0.117
2018/05/04,-0.1
2018/05/05,-0.02
2018/05/06,-0.035
2018/05/07,-0.034
2018/05/08,-0.048
2018/05/09,-0.06
2018/05/10,-0.121
2018/05/11,-0.101
2018/05/12,-0.087
2018/05/13,-0.079
2018/05/14,-0.154
2018/05/15,-0.167
2018/05/16,-0.198
2018/05/17,-0.119
2018/05/18,-0.007
2018/05/19,-0.042
2018/05/20,-0.049
2018/05/21,0.008
2018/05/22,0.055
2018/05/23,0.132
2018/05/24,0.102
2018/05/25,0.028
2018/05/26,0.049
2018/05/27,0.012
2018/05/28,-0.008
2018/05/29,0.1
2018/05/30,-0.016
2018/05/31,-0.037
2018/06/01,-0.082
2018/06/02,-0.074
2018/06/03,-0.06
2018/06/04,-0.048
2018/06/05,-0.18
2018/06/06,-0.084
2018/06/07,-0.071
2018/06/08,-0.074
2018/06/09,-0.089
2018/06/10,-0.055
2018/06/11,-0.047
2018/06/12,-0.048
2018/06/13,0.041
2018/06/14,0.043
2018/06/15,0.061
2018/06/16,0.08
2018/06/17,0.092
2018/06/18,0.147
2018/06/19,0.177
2018/06/20,0.118
2018/06/21,0.129
2018/06/22,0.13
2018/06/23,0.137
2018/06/24,0.15
2018/06/25,0.095
2018/06/26,0.078
2018/06/27,0.059
2018/06/28,0.048
2018/06/29,0.031
2018/06/30,0.062
2018/07/01,0.031
2018/07/02,0.046
2018/07/03,0.01
2018/07/04,-0.055
2018/07/05,-0.039
2018/07/06,-0.058
2018/07/07,-0.088
2018/07/08,-0.227
2018/07/09,-0.236
2018/07/10,-0.189
2018/07/11,-0.113
2018/07/12,-0.119
2018/07/13,-0.109
2018/07/14,-0.105
2018/07/15,0.032
2018/07/16,0.042
2018/07/17,0.038
2018/07/18,0.043
2018/07/19,0.04
2018/07/20,0.089
2018/07/21,0.072
2018/07/22,0.078
2018/07/23,0.065
2018/07/24,0.036
2018/07/25,0.022
2018/07/26,-0.008
2018/07/27,-0.068
2018/07/28,-0.048
2018/07/29,-0.201
2018/07/30,-0.215
2018/07/31,-0.138
2018/08/01,-0.167
2018/08/02,-0.088
2018/08/03,-0.001
2018/08/04,-0.02
2018/08/05,0.125
2018/08/06,0.129
2018/08/07,0.066
2018/08/08,0.135
2018/08/09,0.069
2018/08/10,-0.008
2018/08/11,-0.001
2018/08/12,0.007
2018/08/13,0.018
2018/08/14,0.064
2018/08/15,-0.074
2018/08/16,0.113
2018/08/17,0.132
2018/08/18,0.139
2018/08/19,0.129
2018/08/20,0.123
2018/08/21,0.114
2018/08/22,0.198
2018/08/23,0.009
2018/08/24,0.019
2018/08/25,-0.003
2018/08/26,0.002
2018/08/27,0.034
2018/08/28,0.121
2018/08/29,0.125
2018/08/30,0.164
2018/08/31,0.164
2018/09/01,0.192
2018/09/02,0.226
2018/09/03,0.23
2018/09/04,0.135
2018/09/05,0.193
2018/09/06,0.201
2018/09/07,0.183
2018/09/08,0.176
2018/09/09,0.056
2018/09/10,-0.014
2018/09/11,-0.107
2018/09/12,-0.166
2018/09/13,-0.247
2018/09/14,-0.243
2018/09/15,-0.241
2018/09/16,-0.153
2018/09/17,-0.113
2018/09/18,-0.058
2018/09/19,-0.065
2018/09/20,-0.01
2018/09/21,0
2018/09/22,0.018
2018/09/23,0.013
2018/09/24,0.014
2018/09/25,-0.003
2018/09/26,0.027
2018/09/27,0.02
2018/09/28,-0.011
2018/09/29,-0.04
2018/09/30,-0.038
2018/10/01,-0.068
2018/10/02,-0.051
2018/10/03,-0.094
2018/10/04,-0.113
2018/10/05,-0.104
2018/10/06,-0.096
2018/10/07,-0.109
2018/10/08,-0.08
2018/10/09,-0.076
2018/10/10,-0.021
2018/10/11,-0.015
2018/10/12,-0.066
2018/10/13,-0.072
2018/10/14,-0.068
2018/10/15,-0.056
2018/10/16,-0.078
2018/10/17,-0.109
2018/10/18,-0.111
2018/10/19,-0.115
2018/10/20,-0.163
2018/10/21,-0.152
2018/10/22,-0.177
2018/10/23,-0.131
2018/10/24,-0.109
2018/10/25,-0.094
2018/10/26,-0.042
2018/10/27,0.005
2018/10/28,0.004
2018/10/29,-0.017
2018/10/30,-0.026
2018/10/31,-0.109
2018/11/01,-0.114
2018/11/02,-0.137
2018/11/03,-0.14
2018/11/04,-0.153
2018/11/05,-0.128
2018/11/06,-0.151
2018/11/07,-0.056
2018/11/08,-0.036
2018/11/09,0.005
2018/11/10,0.004
2018/11/11,0.014
2018/11/12,0.046
2018/11/13,0.051
2018/11/14,0.028
2018/11/15,-0.046
2018/11/16,-0.065
2018/11/17,-0.045
2018/11/18,-0.04
2018/11/19,-0.065
2018/11/20,-0.012
2018/11/21,-0.008
2018/11/22,0.047
2018/11/23,0.146
2018/11/24,0.135
2018/11/25,0.155
2018/11/26,0.139
2018/11/27,0.094
2018/11/28,0.091
2018/11/29,0.129
2018/11/30,-0.231
2018/12/01,-0.633
2018/12/02,-0.644
2018/12/03,-0.957
2018/12/04,-1.897
2018/12/05,-2.751
2018/12/06,-3.375
2018/12/07,-3.099
2018/12/08,-2.637
2018/12/09,-2.627
2018/12/10,-2.282
2018/12/11,-1.403
2018/12/12,-0.549
2018/12/13,0.053
2018/12/14,0.052
2018/12/15,-0.01
2018/12/16,-0.03
2018/12/17,-0.049
2018/12/18,0.012
2018/12/19,0.049
2018/12/20,0.088
2018/12/21,0.088
2018/12/22,0.087
2018/12/23,0.128
2018/12/24,0.128
2018/12/25,0.122
2018/12/26,0.09
2018/12/27,0.044
2018/12/28,-0.01
2018/12/29,-0.011
2018/12/30,-0.051
2018/12/31,-0.048
2019/01/01,-0.048
2019/01/02,-0.068
2019/01/03,-0.119
2019/01/04,-0.07
2019/01/05,-0.028
2019/01/06,-0.032
2019/01/07,-0.038
2019/01/08,-0.045
2019/01/09,-0.033
2019/01/10,0.02
2019/01/11,0.188
2019/01/12,0.15
2019/01/13,0.15
2019/01/14,0.152
2019/01/15,0.138
2019/01/16,0.142
2019/01/17,0.148
2019/01/18,-0.034
2019/01/19,-0.036
2019/01/20,-0.036
2019/01/21,-0.052
2019/01/22,-0.022
2019/01/23,-0.026
2019/01/24,-0.042
2019/01/25,-0.019
2019/01/26,-0.02
2019/01/27,-0.018
2019/01/28,-0.006
2019/01/29,-0.02
2019/01/30,-0.022
2019/01/31,-0.021
2019/02/01,0.077
2019/02/02,0.078
2019/02/03,0.05
2019/02/04,0.044
2019/02/05,0.08
2019/02/06,0.01
2019/02/07,0.013
2019/02/08,-0.067
2019/02/09,-0.066
2019/02/10,-0.035
2019/02/11,-0.039
2019/02/12,-0.059
2019/02/13,0.086
2019/02/14,0.089
2019/02/15,0.069
2019/02/16,0.076
2019/02/17,0.075
2019/02/18,0.121
2019/02/19,0.117
2019/02/20,0.047
2019/02/21,0.039
2019/02/22,0.06
2019/02/23,0.046
2019/02/24,0.032
2019/02/25,-0.007
2019/02/26,0.032
2019/02/27,0.062
2019/02/28,-0.217
2019/03/01,-0.244
2019/03/02,-0.307
2019/03/03,-0.296
2019/03/04,-0.289
2019/03/05,-0.331
2019/03/06,-0.361
2019/03/07,-0.08
2019/03/08,-0.033
2019/03/09,0.026
2019/03/10,0.026
2019/03/11,0.032
2019/03/12,0.045
2019/03/13,0.08
2019/03/14,0.079
2019/03/15,0.039
2019/03/16,0.049
2019/03/17,0.048
2019/03/18,0.045
2019/03/19,0.045
2019/03/20,-0.011
2019/03/21,0.001
2019/03/22,-0.003
2019/03/23,0.011
2019/03/24,0.016
2019/03/25,0.026
2019/03/26,0.016
2019/03/27,0.053
2019/03/28,0.084
2019/03/29,0.102
2019/03/30,0.098
2019/03/31,0.036
2019/04/01,0.026
2019/04/02,-0.094
2019/04/03,-0.102
2019/04/04,-0.114
2019/04/05,-0.14
2019/04/06,-0.153
2019/04/07,-0.085
2019/04/08,-0.073
2019/04/09,0.05
2019/04/10,0.054
2019/04/11,0.057
2019/04/12,0.083
2019/04/13,0.091
2019/04/14,0.088
2019/04/15,0.069
2019/04/16,0.057
2019/04/17,0.046
2019/04/18,0.035
2019/04/19,0.052
2019/04/20,0.042
2019/04/21,0.033
2019/04/22,-0.089
2019/04/23,-0.055
2019/04/24,-0.053
2019/04/25,-0.051
2019/04/26,-0.164
2019/04/27,-0.142
2019/04/28,-0.139
2019/04/29,-0.11
2019/04/30,-0.144
2019/05/01,-0.128
2019/05/02,-0.137
2019/05/03,-0.055
2019/05/04,-0.063
2019/05/05,-0.056
2019/05/06,0.038
2019/05/07,-0.06
2019/05/08,-0.141
2019/05/09,-0.085
2019/05/10,0.043
2019/05/11,0.019
2019/05/12,0.012
2019/05/13,-0.029
2019/05/14,-0.078
2019/05/15,-0.136
2019/05/16,-0.211
2019/05/17,-0.322
2019/05/18,-0.252
2019/05/19,-0.249
2019/05/20,-0.189
2019/05/21,-0.029
2019/05/22,0.039
2019/05/23,0.074
2019/05/24,0.162
2019/05/25,0.114
2019/05/26,0.233
2019/05/27,0.247
2019/05/28,0.241
2019/05/29,0.31
2019/05/30,0.284
2019/05/31,0.157
2019/06/01,0.171
2019/06/02,0.055
2019/06/03,0.007
2019/06/04,-0.096
2019/06/05,0.125
2019/06/06,0.095
2019/06/07,0.125
2019/06/08,0.104
2019/06/09,0.086
2019/06/10,0.092
2019/06/11,0.166
2019/06/12,-0.069
2019/06/13,-0.055
2019/06/14,-0.052
2019/06/15,-0.058
2019/06/16,-0.04
2019/06/17,-0.099
2019/06/18,-0.065
2019/06/19,0.013
2019/06/20,0.008
2019/06/21,-0.019
2019/06/22,-0.079
2019/06/23,-0.061
2019/06/24,0.032
2019/06/25,0.021
2019/06/26,-0.009
2019/06/27,0.031
2019/06/28,0.017
2019/06/29,0.085
2019/06/30,0.128
2019/07/01,0.141
2019/07/02,0.192
2019/07/03,0.151
2019/07/04,0.103
2019/07/05,0.126
2019/07/06,0.123
2019/07/07,0.058
2019/07/08,0.045
2019/07/09,-0.013
2019/07/10,0.074
2019/07/11,0.151
2019/07/12,0.198
2019/07/13,0.189
2019/07/14,0.18
2019/07/15,0.173
2019/07/16,0.205
2019/07/17,0.094
2019/07/18,0.051
2019/07/19,-0.023
2019/07/20,-0.021
2019/07/21,-0.012
2019/07/22,-0.022
2019/07/23,-0.051
2019/07/24,-0.094
2019/07/25,-0.146
2019/07/26,-0.14
2019/07/27,-0.147
2019/07/28,-0.147
2019/07/29,-1.259
2019/07/30,-1.28
2019/07/31,-1.236
2019/08/01,-1.195
2019/08/02,-1.168
2019/08/03,-1.17
2019/08/04,-1.171
2019/08/05,-0.127
2019/08/06,-0.091
2019/08/07,-0.085
2019/08/08,-0.099
2019/08/09,-0.089
2019/08/10,-0.038
2019/08/11,-0.04
2019/08/12,0.011
2019/08/13,-0.061
2019/08/14,-0.141
2019/08/15,-0.109
2019/08/16,-0.165
2019/08/17,-0.192
2019/08/18,-0.191
2019/08/19,-0.184
2019/08/20,-0.13
2019/08/21,-0.024
2019/08/22,-0.044
2019/08/23,0.271
2019/08/24,0.265
2019/08/25,0.28
2019/08/26,0.27
2019/08/27,0.284
2019/08/28,0.17
2019/08/29,0.144
2019/08/30,-0.135
2019/08/31,-0.117
2019/09/01,-0.132
2019/09/02,-0.151
2019/09/03,-0.138
2019/09/04,-0.041
2019/09/05,0.007
2019/09/06,0.221
2019/09/07,0.21
2019/09/08,0.211
2019/09/09,0.149
2019/09/10,0.139
2019/09/11,0.13
2019/09/12,0.055
2019/09/13,-0.144
2019/09/14,-0.162
2019/09/15,-0.164
2019/09/16,-0.11
2019/09/17,-0.125
2019/09/18,-0.106
2019/09/19,-0.029
2019/09/20,-0.077
2019/09/21,-0.07
2019/09/22,-0.071
2019/09/23,-0.028
2019/09/24,-0.009
2019/09/25,-0.035
2019/09/26,-0.045
2019/09/27,-0.004
2019/09/28,0.013
2019/09/29,0.02
2019/09/30,0.025
2019/10/01,0.017
2019/10/02,0.005
2019/10/03,-0.001
2019/10/04,-0.006
2019/10/05,-0.021
2019/10/06,-0.027
2019/10/07,-0.032
2019/10/08,-0.031
2019/10/09,-0.008
2019/10/10,0.006
2019/10/11,0.003
2019/10/12,0.008
2019/10/13,0.008
2019/10/14,0.036
2019/10/15,0.052
2019/10/16,0.051
2019/10/17,0.02
2019/10/18,0.05
2019/10/19,0.042
2019/10/20,0.043
2019/10/21,-0.038
2019/10/22,-0.042
2019/10/23,-0.035
2019/10/24,0.023
2019/10/25,-0.022
2019/10/26,-0.022
2019/10/27,-0.016
2019/10/28,0.04
2019/10/29,-0.027
2019/10/30,-0.03
2019/10/31,-0.067
2019/11/01,-0.096
2019/11/02,-0.099
2019/11/03,-0.106
2019/11/04,-0.108
2019/11/05,-0.158
2019/11/06,-0.142
2019/11/07,-0.142
2019/11/08,-0.117
2019/11/09,-0.114
2019/11/10,-0.112
2019/11/11,-0.102
2019/11/12,-0.01
2019/11/13,-0.041
2019/11/14,-0.046
2019/11/15,0.015
2019/11/16,0.017
2019/11/17,0.015
2019/11/18,0.041
2019/11/19,0.15
2019/11/20,0.254
2019/11/21,0.342
2019/11/22,0.388
2019/11/23,0.394
2019/11/24,0.422
2019/11/25,0.471
2019/11/26,0.366
2019/11/27,0.42
2019/11/28,0.335
2019/11/29,0.328
2019/11/30,0.316
2019/12/01,0.292
2019/12/02,0.195
2019/12/03,0.164
2019/12/04,0.067
2019/12/05,0.072
2019/12/06,-0.019
2019/12/07,0.003
2019/12/08,0.01
2019/12/09,0.021
2019/12/10,0.068
2019/12/11,0.022
2019/12/12,0.021
2019/12/13,0.051
2019/12/14,0.051
2019/12/15,0.047
2019/12/16,0.069
2019/12/17,0.066
2019/12/18,0.088
2019/12/19,0.138
2019/12/20,0.137
2019/12/21,0.054
2019/12/22,0.05
2019/12/23,0.052
2019/12/24,0.049
2019/12/25,-0.026
2019/12/26,-0.077
2019/12/27,-0.103
2019/12/28,-0.022
2019/12/29,-0.018
2019/12/30,-0.031
2019/12/31,-0.042
2020/01/01,0.013
2020/01/02,-0.021
2020/01/03,0.009
2020/01/04,0.002
2020/01/05,0.002
2020/01/06,0.011
2020/01/07,0.032
2020/01/08,0.037
2020/01/09,0.05
2020/01/10,0.033
2020/01/11,0.026
2020/01/12,0.008
2020/01/13,-0.018
2020/01/14,-0.016
2020/01/15,-0.04
2020/01/16,-0.053
2020/01/17,-0.051
2020/01/18,-0.04
2020/01/19,-0.029
2020/01/20,-0.04
2020/01/21,-0.053
2020/01/22,-0.058
2020/01/23,-0.032
2020/01/24,-0.033
2020/01/25,-0.044
2020/01/26,-0.042
2020/01/27,-0.02
2020/01/28,-0.008
2020/01/29,0.017
2020/01/30,0.025
2020/01/31,0.032
2020/02/01,0.035
2020/02/02,0.033
2020/02/03,0.035
2020/02/04,0.029
2020/02/05,0.03
2020/02/06,0.031
2020/02/07,-0.067
2020/02/08,-0.087
2020/02/09,-0.082
2020/02/10,-0.108
2020/02/11,-0.102
2020/02/12,-0.106
2020/02/13,-0.08
2020/02/14,0.02
2020/02/15,0.043
2020/02/16,0.04
2020/02/17,0.072
2020/02/18,0.026
2020/02/19,0.013
2020/02/20,-0.087
2020/02/21,-0.107
2020/02/22,-0.141
2020/02/23,-0.141
2020/02/24,-0.161
2020/02/25,-0.12
2020/02/26,-0.114
2020/02/27,-0.042
2020/02/28,-0.012
2020/02/29,0.031
2020/03/01,0.019
2020/03/02,0.044
2020/03/03,0.037
2020/03/04,-0.037
2020/03/05,-0.044
2020/03/06,-0.063
2020/03/07,-0.077
2020/03/08,-0.059
2020/03/09,-0.043
2020/03/10,-0.052
2020/03/11,0.035
2020/03/12,0.043
2020/03/13,0.06
2020/03/14,0.072
2020/03/15,0.105
2020/03/16,0.106
2020/03/17,0.112
2020/03/18,0.081
2020/03/19,0.127
2020/03/20,0.143
2020/03/21,0.117
2020/03/22,0.085
2020/03/23,0.148
2020/03/24,0.246
2020/03/25,0.21
2020/03/26,0.19
2020/03/27,0.153
2020/03/28,0.149
2020/03/29,0.142
2020/03/30,0.066
2020/03/31,-0.022
2020/04/01,0.016
2020/04/02,0.021
2020/04/03,-0.027
2020/04/04,-0.022
2020/04/05,-0.017
2020/04/06,-0.061
2020/04/07,-0.056
2020/04/08,-0.025
2020/04/09,-0.092
2020/04/10,-0.119
2020/04/11,-0.097
2020/04/12,-0.104
2020/04/13,-0.215
2020/04/14,-0.227
2020/04/15,-0.221
2020/04/16,-0.202
2020/04/17,-0.15
2020/04/18,-0.138
2020/04/19,-0.139
2020/04/20,-0.015
2020/04/21,-0.017
2020/04/22,-0.082
2020/04/23,-0.042
2020/04/24,-0.012
2020/04/25,-0.052
2020/04/26,-0.043
2020/04/27,-0.098
2020/04/28,-0.09
2020/04/29,-0.175
2020/04/30,-0.23
2020/05/01,-0.155
2020/05/02,-0.104
2020/05/03,-0.135
2020/05/04,-0.061
2020/05/05,-0.024
2020/05/06,0.047
2020/05/07,0.065
2020/05/08,-0.013
2020/05/09,-0.065
2020/05/10,-0.041
2020/05/11,-0.071
2020/05/12,-0.09
2020/05/13,-0.089
2020/05/14,-0.072
2020/05/15,-0.067
2020/05/16,-0.023
2020/05/17,-0.021
2020/05/18,-0.028
2020/05/19,-0.071
2020/05/20,-0.006
2020/05/21,-0.014
2020/05/22,-0.028
2020/05/23,-0.047
2020/05/24,-0.043
2020/05/25,-0.055
2020/05/26,-0.032
2020/05/27,-0.021
2020/05/28,-0.015
2020/05/29,0.035
2020/05/30,0.026
2020/05/31,0.014
2020/06/01,0.098
2020/06/02,0.139
2020/06/03,0.097
2020/06/04,0.085
2020/06/05,0.057
2020/06/06,0.063
2020/06/07,0.064
2020/06/08,0.013
2020/06/09,-0.078
2020/06/10,-0.064
2020/06/11,-0.03
2020/06/12,-0.06
2020/06/13,-0.069
2020/06/14,-0.07
2020/06/15,-0.071
2020/06/16,-0.023
2020/06/17,-0.015
2020/06/18,-0.104
2020/06/19,-0.276
2020/06/20,-0.263
2020/06/21,-0.254
2020/06/22,-0.238
2020/06/23,-0.259
2020/06/24,-0.253
2020/06/25,-0.202
2020/06/26,-0.008
2020/06/27,-0.069
2020/06/28,-0.069
2020/06/29,-0.079
2020/06/30,-0.083
2020/07/01,-0.1
2020/07/02,-0.062
2020/07/03,-0.07
2020/07/04,-0.008
2020/07/05,-0.002
2020/07/06,-0.044
2020/07/07,-0.016
2020/07/08,-0.037
2020/07/09,-0.04
2020/07/10,-0.034
2020/07/11,-0.03
2020/07/12,-0.039
2020/07/13,0.013
2020/07/14,0.007
2020/07/15,0.03
2020/07/16,-0.005
2020/07/17,-0.009
2020/07/18,-0.017
2020/07/19,-0.003
2020/07/20,-0.026
2020/07/21,-0.026
2020/07/22,-0.017
2020/07/23,-0.013
2020/07/24,-0.019
2020/07/25,-0.017
2020/07/26,-0.022
2020/07/27,0.023
2020/07/28,0.035
2020/07/29,0.052
2020/07/30,0.058
2020/07/31,0.061
2020/08/01,0.058
2020/08/02,0.049
2020/08/03,-0.018
2020/08/04,-0.019
2020/08/05,-0.016
2020/08/06,-0.041
2020/08/07,-0.056
2020/08/08,-0.099
2020/08/09,-0.1
2020/08/10,-0.07
2020/08/11,-0.072
2020/08/12,-0.095
2020/08/13,-0.068
2020/08/14,-0.084
2020/08/15,-0.03
2020/08/16,-0.032
2020/08/17,-0.077
2020/08/18,-0.024
2020/08/19,-0.009
2020/08/20,-0.009
2020/08/21,0.034
2020/08/22,0.017
2020/08/23,0.018
2020/08/24,0.075
2020/08/25,0.015
2020/08/26,0.005
2020/08/27,0.002
2020/08/28,-0.054
2020/08/29,-0.013
2020/08/30,-0.005
2020/08/31,0.002
2020/09/01,0.031
2020/09/02,-0.002
2020/09/03,-0.06
2020/09/04,-0.069
2020/09/05,-0.081
2020/09/06,-0.063
2020/09/07,-0.042
2020/09/08,-0.053
2020/09/09,-0.001
2020/09/10,0.071
2020/09/11,0.067
2020/09/12,0.005
2020/09/13,-0.015
2020/09/14,-0.074
2020/09/15,-0.183
2020/09/16,-0.133
2020/09/17,-0.141
2020/09/18,-0.075
2020/09/19,-0.025
2020/09/20,-0.028
2020/09/21,-0.024
2020/09/22,-0.003
2020/09/23,-0.083
2020/09/24,-0.018
2020/09/25,-0.006
2020/09/26,-0.013
2020/09/27,-0.014
2020/09/28,0.041
2020/09/29,0.146
2020/09/30,0.127
2020/10/01,0.102
2020/10/02,0.125
2020/10/03,0.153
2020/10/04,0.151
2020/10/05,0.109
2020/10/06,0.076
2020/10/07,0.098
2020/10/08,0.058
2020/10/09,0.048
2020/10/10,-0.109
2020/10/11,-0.103
2020/10/12,-0.096
2020/10/13,-0.117
2020/10/14,-0.145
2020/10/15,-0.201
2020/10/16,-0.232
2020/10/17,-0.106
2020/10/18,-0.113
2020/10/19,-0.253
2020/10/20,-0.235
2020/10/21,-0.196
2020/10/22,-0.151
2020/10/23,-0.167
2020/10/24,-0.193
2020/10/25,-0.198
2020/10/26,-0.124
2020/10/27,-0.174
2020/10/28,-0.197
2020/10/29,-0.186
2020/10/30,-0.174
2020/10/31,-0.137
2020/11/01,-0.129
2020/11/02,-0.128
2020/11/03,-0.407
2020/11/04,-0.439
2020/11/05,-0.454
2020/11/06,-0.42
2020/11/07,-0.426
2020/11/08,-0.46
2020/11/09,-0.365
2020/11/10,-0.011
2020/11/11,0.008
2020/11/12,-0.013
2020/11/13,-0.045
2020/11/14,-0.043
2020/11/15,0.025
2020/11/16,0.017
2020/11/17,-0.025
2020/11/18,0.004
2020/11/19,0.023
2020/11/20,-0.003
2020/11/21,0.002
2020/11/22,-0.061
2020/11/23,-0.07
2020/11/24,-0.103
2020/11/25,-0.084
2020/11/26,-0.059
2020/11/27,0.083
2020/11/28,0.071
2020/11/29,0.123
2020/11/30,0.101
2020/12/01,0.21
2020/12/02,0.187
2020/12/03,0.18
2020/12/04,0.053
2020/12/05,0.045
2020/12/06,0.021
2020/12/07,0.044
2020/12/08,0.026
2020/12/09,0.014
2020/12/10,-0.101
2020/12/11,-0.069
2020/12/12,-0.04
2020/12/13,-0.033
2020/12/14,-0.017
2020/12/15,-0.025
2020/12/16,-0.073
2020/12/17,0.013
2020/12/18,-0.002
2020/12/19,-0.015
2020/12/20,-0.033
2020/12/21,-0.046
2020/12/22,-0.066
2020/12/23,-0.027
2020/12/24,-0.006
2020/12/25,-0.005
2020/12/26,-0.009
2020/12/27,0.055
2020/12/28,-0.069
2020/12/29,-0.083
2020/12/30,-0.077
2020/12/31,-0.091
2021/01/01,-0.118
2021/01/02,-0.179
2021/01/03,-0.08
2021/01/04,-0.009
2021/01/05,0.067
2021/01/06,0.078
2021/01/07,0.121
2021/01/08,0.223
2021/01/09,0.311
2021/01/10,0.175
2021/01/11,0.182
2021/01/12,0.168
2021/01/13,0.197
2021/01/14,0.247
2021/01/15,0.153
2021/01/16,0.108
2021/01/17,0.09
2021/01/18,0.139
2021/01/19,-0.006
2021/01/20,-0.007
2021/01/21,-0.053
2021/01/22,-0.012
2021/01/23,-0.017
2021/01/24,0.013
2021/01/25,0.043
2021/01/26,0.169
2021/01/27,0.097
2021/01/28,0.029
2021/01/29,-0.021
2021/01/30,0.045
2021/01/31,-0.013
2021/02/01,-0.047
2021/02/02,-0.081
2021/02/03,-0.046
2021/02/04,0.023
2021/02/05,-0.009
2021/02/06,0.013
2021/02/07,0.048
2021/02/08,0.032
2021/02/09,0.063
2021/02/10,0.254
2021/02/11,0.25
2021/02/12,0.282
2021/02/13,0.101
2021/02/14,0.115
2021/02/15,0.087
2021/02/16,0.073
2021/02/17,-0.074
2021/02/18,-0.058
2021/02/19,0.01
2021/02/20,0.079
2021/02/21,0.204
2021/02/22,0.255
2021/02/23,0.256
2021/02/24,0.25
2021/02/25,0.21
2021/02/26,0.16
2021/02/27,0.197
2021/02/28,0.058
2021/03/01,0.031
2021/03/02,0.019
2021/03/03,0.068
2021/03/04,0.079
2021/03/05,0.155
2021/03/06,0.153
2021/03/07,0.126
2021/03/08,0.106
2021/03/09,0.109
2021/03/10,0.053
2021/03/11,0.052
2021/03/12,-0.006
2021/03/13,0.025
2021/03/14,0.091
2021/03/15,0.216
2021/03/16,0.179
2021/03/17,0.17
2021/03/18,0.182
2021/03/19,0.179
2021/03/20,0.16
2021/03/21,0.168
2021/03/22,0.083
2021/03/23,0.061
2021/03/24,0.087
2021/03/25,0.029
2021/03/26,-0.032
2021/03/27,-0.032
2021/03/28,-0.088
2021/03/29,-0.052
2021/03/30,-0.006
2021/03/31,-0.033
2021/04/01,0.001
2021/04/02,0.057
2021/04/03,0.033
2021/04/04,0.04
2021/04/05,-0.049
2021/04/06,-0.097
2021/04/07,-0.07
2021/04/08,-0.053
2021/04/09,-0.016
2021/04/10,0.04
2021/04/11,0.021
2021/04/12,0.11
2021/04/13,0.175
2021/04/14,0.204
2021/04/15,0.236
2021/04/16,0.257
2021/04/17,0.215
2021/04/18,0.225
2021/04/19,0.117
2021/04/20,0.113
2021/04/21,0.058
2021/04/22,0.019
2021/04/23,0.021
2021/04/24,0.037
2021/04/25,0.126
2021/04/26,0.18
2021/04/27,0.195
2021/04/28,0.222
2021/04/29,0.248
2021/04/30,0.216
2021/05/01,0.193
2021/05/02,0.139
2021/05/03,0.162
2021/05/04,0.161
2021/05/05,0.15
2021/05/06,0.126
2021/05/07,0.108
2021/05/08,0.141
2021/05/09,0.117
2021/05/10,0.148
2021/05/11,0.155
2021/05/12,0.291
2021/05/13,0.284
2021/05/14,0.312
2021/05/15,0.33
2021/05/16,0.338
2021/05/17,0.377
2021/05/18,0.291
2021/05/19,0.055
2021/05/20,0.126
2021/05/21,0.093
2021/05/22,0.071
2021/05/23,0.065
2021/05/24,-0.099
2021/05/25,-0.041
2021/05/26,0.091
2021/05/27,0.012
2021/05/28,-0.027
2021/05/29,-0.005
2021/05/30,-0.022
2021/05/31,0.048
2021/06/01,0.096
2021/06/02,0.059
2021/06/03,0.033
2021/06/04,0.09
2021/06/05,0.053
2021/06/06,0.08
2021/06/07,0.117
2021/06/08,0.04
2021/06/09,0.015
2021/06/10,0.102
2021/06/11,0.072
2021/06/12,0.088
2021/06/13,0.067
2021/06/14,0.031
2021/06/15,0.077
2021/06/16,0.119
2021/06/17,0.062
2021/06/18,0.072
2021/06/19,0.058
2021/06/20,0.09
2021/06/21,0.091
2021/06/22,0.069
2021/06/23,0.084
2021/06/24,0.078
2021/06/25,0.056
2021/06/26,0.043
2021/06/27,0.032
2021/06/28,0.039
2021/06/29,0.04
2021/06/30,0.008
2021/07/01,-0.011
2021/07/02,-0.086
2021/07/03,-0.209
2021/07/04,-0.21
2021/07/05,-0.21
2021/07/06,-0.209
2021/07/07,-0.268
2021/07/08,-0.251
2021/07/09,-0.17
2021/07/10,-0.022
2021/07/11,-0.039
2021/07/12,-0.057
2021/07/13,-0.066
2021/07/14,-0.02
2021/07/15,-0.009
2021/07/16,0.017
2021/07/17,-0.119
2021/07/18,-0.13
2021/07/19,-0.105
2021/07/20,-0.151
2021/07/21,-0.168
2021/07/22,-0.149
2021/07/23,-0.175
2021/07/24,-0.063
2021/07/25,-0.069
2021/07/26,-0.117
2021/07/27,-0.181
2021/07/28,-0.171
2021/07/29,-0.289
2021/07/30,-0.312
2021/07/31,-0.321
2021/08/01,-0.309
2021/08/02,-0.261
2021/08/03,-0.112
2021/08/04,-0.116
2021/08/05,-0.028
2021/08/06,0.004
2021/08/07,0.007
2021/08/08,0.031
2021/08/09,0.081
2021/08/10,0.032
2021/08/11,0.065
2021/08/12,0.088
2021/08/13,0.088
2021/08/14,0.117
2021/08/15,0.105
2021/08/16,0.093
2021/08/17,0.106
2021/08/18,0.083
2021/08/19,0.062
2021/08/20,0.06
2021/08/21,0.065
2021/08/22,0.072
2021/08/23,-0.038
2021/08/24,0.014
2021/08/25,0.062
2021/08/26,0.089
2021/08/27,0.07
2021/08/28,0.053
2021/08/29,0.025
2021/08/30,0.068
2021/08/31,0.025
2021/09/01,-0.003
2021/09/02,0.013
2021/09/03,0.078
2021/09/04,0.082
2021/09/05,0.098
2021/09/06,0.111
2021/09/07,0.082
2021/09/08,0.111
2021/09/09,0.238
2021/09/10,0.282
2021/09/11,0.267
2021/09/12,0.269
2021/09/13,0.236
2021/09/14,0.073
2021/09/15,-0.003
2021/09/16,-0.171
2021/09/17,-0.274
2021/09/18,-0.255
2021/09/19,-0.248
2021/09/20,-0.217
2021/09/21,-0.045
2021/09/22,-0.007
2021/09/23,0.001
2021/09/24,-0.019
2021/09/25,-0.023
2021/09/26,-0.356
2021/09/27,-0.363
2021/09/28,-0.36
2021/09/29,-0.35
2021/09/30,-0.341
2021/10/01,-0.379
2021/10/02,-0.371
2021/10/03,-0.054
2021/10/04,-0.025
2021/10/05,-0.041
2021/10/06,-0.096
2021/10/07,-0.158
2021/10/08,-0.032
2021/10/09,-0.047
2021/10/10,-0.04
2021/10/11,-0.043
2021/10/12,-0.018
2021/10/13,-0.024
2021/10/14,0
2021/10/15,-0.03
2021/10/16,0.002
2021/10/17,-0.01
2021/10/18,-0.036
2021/10/19,-0.059
2021/10/20,0.033
2021/10/21,0.005
2021/10/22,-0.044
2021/10/23,-0.103
2021/10/24,-0.081
2021/10/25,-0.152
2021/10/26,-0.117
2021/10/27,-0.163
2021/10/28,-0.104
2021/10/29,-0.038
2021/10/30,0.006
2021/10/31,0.014
2021/11/01,0.12
2021/11/02,0.093
2021/11/03,0.138
2021/11/04,0.134
2021/11/05,0.098
2021/11/06,0.062
2021/11/07,0.064
2021/11/08,0.061
2021/11/09,0.107
2021/11/10,0.066
2021/11/11,0.095
2021/11/12,0.038
2021/11/13,0.069
2021/11/14,0.058
2021/11/15,0.038
2021/11/16,0.042
2021/11/17,0.027
2021/11/18,-0.144
2021/11/19,-0.074
2021/11/20,-0.062
2021/11/21,-0.07
2021/11/22,-0.106
2021/11/23,-0.152
2021/11/24,-0.179
2021/11/25,-0.031
2021/11/26,-0.092
2021/11/27,-0.125
2021/11/28,-0.142
2021/11/29,-0.138
2021/11/30,-0.213
2021/12/01,-0.033
2021/12/02,0.093
2021/12/03,0.095
2021/12/04,0.053
2021/12/05,-0.028
2021/12/06,-0.02
2021/12/07,0.056
2021/12/08,-0.022
2021/12/09,0.032
2021/12/10,0.029
2021/12/11,0.067
2021/12/12,0.152
2021/12/13,0.126
2021/12/14,0.132
