Date,transactions30var
2010/07/17,1035417
2010/07/18,1032220
2010/07/19,1028765
2010/07/20,1024554
2010/07/21,1021915
2010/07/22,1019245
2010/07/23,1016556
2010/07/24,1014741
2010/07/25,1051403
2010/07/26,1047004
2010/07/27,1042325
2010/07/28,1088146
2010/07/29,1120188
2010/07/30,1118456
2010/07/31,1117778
2010/08/01,1116012
2010/08/02,1113246
2010/08/03,1103832
2010/08/04,1099715
2010/08/05,1091547
2010/08/06,1086419
2010/08/07,1084708
2010/08/08,1080400
2010/08/09,1073705
2010/08/10,1074542
2010/08/11,1048135
2010/08/12,1053174
2010/08/13,205428
2010/08/14,204708
2010/08/15,204682
2010/08/16,204149
2010/08/17,204797
2010/08/18,205394
2010/08/19,206484
2010/08/20,206706
2010/08/21,207310
2010/08/22,208075
2010/08/23,205395
2010/08/24,152686
2010/08/25,153250
2010/08/26,153843
2010/08/27,76993
2010/08/28,4706
2010/08/29,4908
2010/08/30,4601
2010/08/31,4591
2010/09/01,4565
2010/09/02,2845
2010/09/03,2877
2010/09/04,2716
2010/09/05,2715
2010/09/06,2707
2010/09/07,2798
2010/09/08,2679
2010/09/09,2666
2010/09/10,2667
2010/09/11,2696
2010/09/12,2172
2010/09/13,2446
2010/09/14,2358
2010/09/15,2040
2010/09/16,2094
2010/09/17,1957
2010/09/18,1953
2010/09/19,1864
2010/09/20,2132
2010/09/21,9042
2010/09/22,12057
2010/09/23,13545
2010/09/24,13536
2010/09/25,13811
2010/09/26,13514
2010/09/27,14143
2010/09/28,13620
2010/09/29,24140
2010/09/30,24184
2010/10/01,25128
2010/10/02,25403
2010/10/03,24962
2010/10/04,23868
2010/10/05,23312
2010/10/06,22497
2010/10/07,21974
2010/10/08,21749
2010/10/09,21485
2010/10/10,21471
2010/10/11,21150
2010/10/12,21180
2010/10/13,21507
2010/10/14,21885
2010/10/15,22465
2010/10/16,22660
2010/10/17,22405
2010/10/18,21959
2010/10/19,25773
2010/10/20,26350
2010/10/21,22828
2010/10/22,22246
2010/10/23,21819
2010/10/24,21867
2010/10/25,22130
2010/10/26,21787
2010/10/27,21705
2010/10/28,21726
2010/10/29,12738
2010/10/30,12987
2010/10/31,12881
2010/11/01,12539
2010/11/02,13276
2010/11/03,13594
2010/11/04,13998
2010/11/05,14015
2010/11/06,14034
2010/11/07,14032
2010/11/08,14033
2010/11/09,14005
2010/11/10,13960
2010/11/11,14048
2010/11/12,14499
2010/11/13,14792
2010/11/14,14738
2010/11/15,645093
2010/11/16,2974850
2010/11/17,2978867
2010/11/18,2988807
2010/11/19,5466870
2010/11/20,7831726
2010/11/21,10169922
2010/11/22,10184619
2010/11/23,10197688
2010/11/24,10270986
2010/11/25,10491630
2010/11/26,10432533
2010/11/27,10432752
2010/11/28,10428581
2010/11/29,10420526
2010/11/30,10406269
2010/12/01,10389567
2010/12/02,10370846
2010/12/03,10366408
2010/12/04,10360763
2010/12/05,10363974
2010/12/06,10358439
2010/12/07,10344710
2010/12/08,10339691
2010/12/09,10331598
2010/12/10,10327909
2010/12/11,10305786
2010/12/12,10266553
2010/12/13,10224149
2010/12/14,10188614
2010/12/15,10006324
2010/12/16,8333602
2010/12/17,8324129
2010/12/18,8369500
2010/12/19,6214177
2010/12/20,3788129
2010/12/21,1012872
2010/12/22,1006868
2010/12/23,1002930
2010/12/24,666351
2010/12/25,34162
2010/12/26,15270
2010/12/27,15010
2010/12/28,15406
2010/12/29,14943
2010/12/30,14593
2010/12/31,14529
2011/01/01,14500
2011/01/02,13315
2011/01/03,22725
2011/01/04,26691
2011/01/05,41589
2011/01/06,41210
2011/01/07,44557
2011/01/08,61654
2011/01/09,67412
2011/01/10,77552
2011/01/11,89033
2011/01/12,93565
2011/01/13,99550
2011/01/14,104360
2011/01/15,101785
2011/01/16,96974
2011/01/17,92777
2011/01/18,88969
2011/01/19,88886
2011/01/20,86258
2011/01/21,86850
2011/01/22,90600
2011/01/23,86084
2011/01/24,86231
2011/01/25,81818
2011/01/26,74647
2011/01/27,71520
2011/01/28,63395
2011/01/29,60106
2011/01/30,127936
2011/01/31,122351
2011/02/01,111387
2011/02/02,113441
2011/02/03,116865
2011/02/04,117160
2011/02/05,114751
2011/02/06,116155
2011/02/07,115180
2011/02/08,116891
2011/02/09,115629
2011/02/10,141162
2011/02/11,189260
2011/02/12,206245
2011/02/13,218377
2011/02/14,236088
2011/02/15,260713
2011/02/16,271356
2011/02/17,287821
2011/02/18,294500
2011/02/19,287465
2011/02/20,292875
2011/02/21,301083
2011/02/22,311262
2011/02/23,325305
2011/02/24,320992
2011/02/25,315661
2011/02/26,298144
2011/02/27,297884
2011/02/28,294702
2011/03/01,305635
2011/03/02,305946
2011/03/03,358381
2011/03/04,332834
2011/03/05,297800
2011/03/06,268733
2011/03/07,230067
2011/03/08,201606
2011/03/09,160009
2011/03/10,117441
2011/03/11,94531
2011/03/12,122373
2011/03/13,135341
2011/03/14,145070
2011/03/15,160449
2011/03/16,194473
2011/03/17,239914
2011/03/18,239142
2011/03/19,269975
2011/03/20,372055
2011/03/21,742721
2011/03/22,732272
2011/03/23,855259
2011/03/24,854465
2011/03/25,861107
2011/03/26,869275
2011/03/27,856114
2011/03/28,835008
2011/03/29,826256
2011/03/30,824332
2011/03/31,837928
2011/04/01,864055
2011/04/02,881230
2011/04/03,887904
2011/04/04,875603
2011/04/05,868532
2011/04/06,868482
2011/04/07,896034
2011/04/08,899987
2011/04/09,898453
2011/04/10,908017
2011/04/11,916867
2011/04/12,923374
2011/04/13,923995
2011/04/14,923494
2011/04/15,914934
2011/04/16,890915
2011/04/17,892382
2011/04/18,883705
2011/04/19,836897
2011/04/20,443177
2011/04/21,448312
2011/04/22,273628
2011/04/23,273619
2011/04/24,271444
2011/04/25,232971
2011/04/26,277665
2011/04/27,436740
2011/04/28,448555
2011/04/29,480996
2011/04/30,613864
2011/05/01,653648
2011/05/02,640536
2011/05/03,621953
2011/05/04,618957
2011/05/05,627135
2011/05/06,614238
2011/05/07,615169
2011/05/08,578613
2011/05/09,548243
2011/05/10,503811
2011/05/11,470314
2011/05/12,446845
2011/05/13,462439
2011/05/14,512406
2011/05/15,482834
2011/05/16,482328
2011/05/17,486029
2011/05/18,630143
2011/05/19,680370
2011/05/20,727535
2011/05/21,704024
2011/05/22,703938
2011/05/23,751631
2011/05/24,784450
2011/05/25,870317
2011/05/26,1106059
2011/05/27,1116675
2011/05/28,1094962
2011/05/29,1084332
2011/05/30,1121232
2011/05/31,1217379
2011/06/01,1301012
2011/06/02,1428068
2011/06/03,1754004
2011/06/04,2174064
2011/06/05,2462305
2011/06/06,3031293
2011/06/07,3218802
2011/06/08,4284283
2011/06/09,5261880
2011/06/10,5727789
2011/06/11,5997993
2011/06/12,6773949
2011/06/13,7095370
2011/06/14,8167630
2011/06/15,8565727
2011/06/16,8912467
2011/06/17,8990396
2011/06/18,8860676
2011/06/19,8626700
2011/06/20,8299475
2011/06/21,7830697
2011/06/22,7582315
2011/06/23,7181717
2011/06/24,6863919
2011/06/25,6605241
2011/06/26,5804908
2011/06/27,5101144
2011/06/28,4129098
2011/06/29,3301152
2011/06/30,2680384
2011/07/01,2122740
2011/07/02,1934453
2011/07/03,1940641
2011/07/04,1853541
2011/07/05,1795506
2011/07/06,1755025
2011/07/07,1730797
2011/07/08,1854482
2011/07/09,2027699
2011/07/10,2152584
2011/07/11,2148214
2011/07/12,2173238
2011/07/13,2184226
2011/07/14,1731520
2011/07/15,1649144
2011/07/16,1398922
2011/07/17,1378592
2011/07/18,1272330
2011/07/19,1160255
2011/07/20,1077785
2011/07/21,1127346
2011/07/22,987600
2011/07/23,1059482
2011/07/24,992617
2011/07/25,985233
2011/07/26,975074
2011/07/27,757099
2011/07/28,664495
2011/07/29,690895
2011/07/30,868472
2011/07/31,745171
2011/08/01,739612
2011/08/02,740231
2011/08/03,725498
2011/08/04,718763
2011/08/05,612340
2011/08/06,660812
2011/08/07,737845
2011/08/08,763249
2011/08/09,794662
2011/08/10,618671
2011/08/11,629145
2011/08/12,623870
2011/08/13,624154
2011/08/14,634285
2011/08/15,615295
2011/08/16,697494
2011/08/17,672752
2011/08/18,635532
2011/08/19,610369
2011/08/20,625284
2011/08/21,584694
2011/08/22,578579
2011/08/23,585039
2011/08/24,496659
2011/08/25,492189
2011/08/26,492685
2011/08/27,541187
2011/08/28,670340
2011/08/29,611634
2011/08/30,606428
2011/08/31,600154
2011/09/01,554417
2011/09/02,562627
2011/09/03,621399
2011/09/04,622251
2011/09/05,616450
2011/09/06,602148
2011/09/07,605691
2011/09/08,528902
2011/09/09,498860
2011/09/10,555509
2011/09/11,578246
2011/09/12,593204
2011/09/13,608521
2011/09/14,592739
2011/09/15,391483
2011/09/16,395356
2011/09/17,463496
2011/09/18,474946
2011/09/19,472917
2011/09/20,507215
2011/09/21,501005
2011/09/22,512484
2011/09/23,509620
2011/09/24,537517
2011/09/25,554117
2011/09/26,586634
2011/09/27,559837
2011/09/28,503241
2011/09/29,484768
2011/09/30,478718
2011/10/01,499415
2011/10/02,547093
2011/10/03,540856
2011/10/04,522840
2011/10/05,516294
2011/10/06,439527
2011/10/07,422855
2011/10/08,437424
2011/10/09,399748
2011/10/10,400654
2011/10/11,396065
2011/10/12,387101
2011/10/13,411845
2011/10/14,410980
2011/10/15,408506
2011/10/16,435355
2011/10/17,428548
2011/10/18,464089
2011/10/19,461212
2011/10/20,317848
2011/10/21,193517
2011/10/22,192905
2011/10/23,175240
2011/10/24,178636
2011/10/25,182294
2011/10/26,184849
2011/10/27,197645
2011/10/28,193732
2011/10/29,193877
2011/10/30,196138
2011/10/31,198373
2011/11/01,195254
2011/11/02,167676
2011/11/03,184206
2011/11/04,217561
2011/11/05,217506
2011/11/06,223799
2011/11/07,223658
2011/11/08,231480
2011/11/09,254218
2011/11/10,281366
2011/11/11,280730
2011/11/12,277870
2011/11/13,266294
2011/11/14,271522
2011/11/15,272834
2011/11/16,279211
2011/11/17,275980
2011/11/18,274950
2011/11/19,271167
2011/11/20,273779
2011/11/21,287664
2011/11/22,287387
2011/11/23,281760
2011/11/24,286617
2011/11/25,284950
2011/11/26,282089
2011/11/27,283869
2011/11/28,289292
2011/11/29,303824
2011/11/30,348164
2011/12/01,362413
2011/12/02,373244
2011/12/03,360731
2011/12/04,335059
2011/12/05,344172
2011/12/06,504539
2011/12/07,508653
2011/12/08,506635
2011/12/09,490232
2011/12/10,465848
2011/12/11,461429
2011/12/12,472569
2011/12/13,471762
2011/12/14,469835
2011/12/15,482729
2011/12/16,481937
2011/12/17,480986
2011/12/18,505864
2011/12/19,483540
2011/12/20,489976
2011/12/21,465031
2011/12/22,464787
2011/12/23,464552
2011/12/24,486351
2011/12/25,491149
2011/12/26,463721
2011/12/27,459343
2011/12/28,473417
2011/12/29,460064
2011/12/30,419172
2011/12/31,405838
2012/01/01,393239
2012/01/02,392836
2012/01/03,394967
2012/01/04,378773
2012/01/05,250163
2012/01/06,279535
2012/01/07,281139
2012/01/08,308241
2012/01/09,318948
2012/01/10,360688
2012/01/11,423033
2012/01/12,457142
2012/01/13,502206
2012/01/14,515227
2012/01/15,512449
2012/01/16,528505
2012/01/17,497029
2012/01/18,513009
2012/01/19,537364
2012/01/20,550495
2012/01/21,552455
2012/01/22,564961
2012/01/23,499286
2012/01/24,518992
2012/01/25,611665
2012/01/26,579501
2012/01/27,522367
2012/01/28,486924
2012/01/29,429423
2012/01/30,377784
2012/01/31,313656
2012/02/01,273163
2012/02/02,264519
2012/02/03,246115
2012/02/04,253727
2012/02/05,254496
2012/02/06,243169
2012/02/07,245529
2012/02/08,238406
2012/02/09,258973
2012/02/10,353024
2012/02/11,379599
2012/02/12,381126
2012/02/13,427651
2012/02/14,642822
2012/02/15,828983
2012/02/16,1029145
2012/02/17,1026275
2012/02/18,1037705
2012/02/19,1078428
2012/02/20,1078575
2012/02/21,989431
2012/02/22,952031
2012/02/23,974460
2012/02/24,955084
2012/02/25,969808
2012/02/26,1006393
2012/02/27,962294
2012/02/28,950251
2012/02/29,922069
2012/03/01,924420
2012/03/02,916339
2012/03/03,1043641
2012/03/04,1052865
2012/03/05,1053202
2012/03/06,1067510
2012/03/07,1043525
2012/03/08,1051191
2012/03/09,1063823
2012/03/10,1154399
2012/03/11,1179481
2012/03/12,1178269
2012/03/13,1186328
2012/03/14,1142574
2012/03/15,904494
2012/03/16,670596
2012/03/17,384345
2012/03/18,391728
2012/03/19,392121
2012/03/20,382138
2012/03/21,385862
2012/03/22,385065
2012/03/23,378344
2012/03/24,308564
2012/03/25,305181
2012/03/26,304376
2012/03/27,289252
2012/03/28,304549
2012/03/29,335170
2012/03/30,336831
2012/03/31,339880
2012/04/01,326119
2012/04/02,271526
2012/04/03,320345
2012/04/04,326119
2012/04/05,332484
2012/04/06,332914
2012/04/07,340682
2012/04/08,354642
2012/04/09,304750
2012/04/10,348038
2012/04/11,378116
2012/04/12,444159
2012/04/13,446168
2012/04/14,485780
2012/04/15,495586
2012/04/16,588744
2012/04/17,584137
2012/04/18,662322
2012/04/19,682494
2012/04/20,727330
2012/04/21,716679
2012/04/22,705787
2012/04/23,682658
2012/04/24,655778
2012/04/25,645848
2012/04/26,886205
2012/04/27,886513
2012/04/28,885871
2012/04/29,878129
2012/04/30,945646
2012/05/01,1033774
2012/05/02,1152748
2012/05/03,2394579
2012/05/04,3555360
2012/05/05,4225293
2012/05/06,4351668
2012/05/07,7093977
2012/05/08,9162089
2012/05/09,10846474
2012/05/10,10926761
2012/05/11,13502779
2012/05/12,15482205
2012/05/13,15605351
2012/05/14,25177509
2012/05/15,28259309
2012/05/16,29031959
2012/05/17,29005925
2012/05/18,32912363
2012/05/19,47716142
2012/05/20,56147952
2012/05/21,62982144
2012/05/22,61873027
2012/05/23,62891371
2012/05/24,62833493
2012/05/25,63465494
2012/05/26,61927322
2012/05/27,59164002
2012/05/28,57644688
2012/05/29,55211945
2012/05/30,51357153
2012/05/31,47093287
2012/06/01,43161393
2012/06/02,43872020
2012/06/03,45561565
2012/06/04,58828113
2012/06/05,65984926
2012/06/06,67201156
2012/06/07,67404360
2012/06/08,65152171
2012/06/09,59950197
2012/06/10,64392971
2012/06/11,62539191
2012/06/12,59931836
2012/06/13,87127124
2012/06/14,120793985
2012/06/15,135297577
2012/06/16,132540808
2012/06/17,134784726
2012/06/18,135849116
2012/06/19,136071504
2012/06/20,136024911
2012/06/21,134281414
2012/06/22,136245259
2012/06/23,138704257
2012/06/24,141826577
2012/06/25,139376002
2012/06/26,138212750
2012/06/27,138043275
2012/06/28,139097376
2012/06/29,140661355
2012/06/30,139477562
2012/07/01,144445407
2012/07/02,133030527
2012/07/03,136474887
2012/07/04,133043371
2012/07/05,130804487
2012/07/06,124762415
2012/07/07,125718647
2012/07/08,127534957
2012/07/09,128513592
2012/07/10,125817149
2012/07/11,125705245
2012/07/12,121905165
2012/07/13,99462590
2012/07/14,64708508
2012/07/15,40369631
2012/07/16,32365211
2012/07/17,25017506
2012/07/18,21064010
2012/07/19,18751235
2012/07/20,21199622
2012/07/21,23307311
2012/07/22,24998309
2012/07/23,25116009
2012/07/24,24237129
2012/07/25,24205967
2012/07/26,24290354
2012/07/27,23944821
2012/07/28,25794227
2012/07/29,26293661
2012/07/30,26361282
2012/07/31,28471673
2012/08/01,27896991
2012/08/02,26644618
2012/08/03,25264841
2012/08/04,22894479
2012/08/05,21745281
2012/08/06,21578461
2012/08/07,18133295
2012/08/08,19303330
2012/08/09,19004304
2012/08/10,19328700
2012/08/11,17633390
2012/08/12,16069788
2012/08/13,21817925
2012/08/14,20375242
2012/08/15,32723652
2012/08/16,37767351
2012/08/17,38898782
2012/08/18,38663325
2012/08/19,38680300
2012/08/20,38712425
2012/08/21,40555532
2012/08/22,40596986
2012/08/23,39395841
2012/08/24,37526406
2012/08/25,36879910
2012/08/26,35720651
2012/08/27,35933913
2012/08/28,36984635
2012/08/29,36998827
2012/08/30,35794080
2012/08/31,35933139
2012/09/01,36588096
2012/09/02,34562551
2012/09/03,33001886
2012/09/04,33090221
2012/09/05,33710046
2012/09/06,33041791
2012/09/07,33148448
2012/09/08,32611949
2012/09/09,31147622
2012/09/10,31021131
2012/09/11,30845877
2012/09/12,28624049
2012/09/13,30319479
2012/09/14,20811859
2012/09/15,19016356
2012/09/16,19384567
2012/09/17,22550599
2012/09/18,22381039
2012/09/19,22402187
2012/09/20,20205369
2012/09/21,19934767
2012/09/22,24092015
2012/09/23,24921223
2012/09/24,25368810
2012/09/25,27452742
2012/09/26,27446974
2012/09/27,27798367
2012/09/28,27709999
2012/09/29,29973928
2012/09/30,31591570
2012/10/01,29997220
2012/10/02,29893646
2012/10/03,28600952
2012/10/04,25763217
2012/10/05,23094602
2012/10/06,17908370
2012/10/07,18271685
2012/10/08,20453533
2012/10/09,21324741
2012/10/10,20970252
2012/10/11,18891472
2012/10/12,18833388
2012/10/13,19144634
2012/10/14,18027113
2012/10/15,17868441
2012/10/16,18499784
2012/10/17,17504005
2012/10/18,17402359
2012/10/19,17951096
2012/10/20,17895606
2012/10/21,21772136
2012/10/22,24613117
2012/10/23,24353232
2012/10/24,24270520
2012/10/25,23219006
2012/10/26,25951784
2012/10/27,32682119
2012/10/28,37509764
2012/10/29,38704853
2012/10/30,35759861
2012/10/31,34946330
2012/11/01,36134554
2012/11/02,35789371
2012/11/03,36782658
2012/11/04,36208075
2012/11/05,36109403
2012/11/06,35373919
2012/11/07,34457579
2012/11/08,33498008
2012/11/09,33849239
2012/11/10,33908977
2012/11/11,34842530
2012/11/12,34908286
2012/11/13,34931321
2012/11/14,34787805
2012/11/15,36354614
2012/11/16,39910296
2012/11/17,40355683
2012/11/18,40760111
2012/11/19,42648990
2012/11/20,40144991
2012/11/21,36911114
2012/11/22,36732445
2012/11/23,36764230
2012/11/24,36618137
2012/11/25,36484323
2012/11/26,31327797
2012/11/27,26335600
2012/11/28,24673104
2012/11/29,25897308
2012/11/30,25534296
2012/12/01,23504396
2012/12/02,27350640
2012/12/03,28654426
2012/12/04,26893913
2012/12/05,27022233
2012/12/06,27956188
2012/12/07,27260277
2012/12/08,27309956
2012/12/09,25764381
2012/12/10,25423423
2012/12/11,23277518
2012/12/12,20966434
2012/12/13,22328834
2012/12/14,22672915
2012/12/15,22316614
2012/12/16,21358556
2012/12/17,22999995
2012/12/18,31033737
2012/12/19,34248575
2012/12/20,34153479
2012/12/21,36715495
2012/12/22,44518500
2012/12/23,44166412
2012/12/24,42884283
2012/12/25,44553880
2012/12/26,44575137
2012/12/27,44200329
2012/12/28,47925042
2012/12/29,47976869
2012/12/30,48675153
2012/12/31,49900511
2013/01/01,41617215
2013/01/02,33076374
2013/01/03,32500691
2013/01/04,35018643
2013/01/05,34933415
2013/01/06,34565893
2013/01/07,33443693
2013/01/08,31708198
2013/01/09,31783495
2013/01/10,36749349
2013/01/11,41346745
2013/01/12,42049526
2013/01/13,44300179
2013/01/14,41940871
2013/01/15,41008717
2013/01/16,45402429
2013/01/17,44645306
2013/01/18,46000700
2013/01/19,50460186
2013/01/20,50468779
2013/01/21,48271529
2013/01/22,47116109
2013/01/23,45975647
2013/01/24,38987399
2013/01/25,37843143
2013/01/26,39981154
2013/01/27,43664003
2013/01/28,43816161
2013/01/29,45167890
2013/01/30,37742398
2013/01/31,31969942
2013/02/01,35449495
2013/02/02,36302843
2013/02/03,42254384
2013/02/04,41324523
2013/02/05,33741385
2013/02/06,32556647
2013/02/07,33074958
2013/02/08,35200669
2013/02/09,36766160
2013/02/10,37693893
2013/02/11,38160352
2013/02/12,39742526
2013/02/13,39756236
2013/02/14,38131444
2013/02/15,38442117
2013/02/16,37880510
2013/02/17,37793754
2013/02/18,37430827
2013/02/19,33497037
2013/02/20,29768787
2013/02/21,26786984
2013/02/22,27256754
2013/02/23,25408226
2013/02/24,24303458
2013/02/25,28796370
2013/02/26,30872704
2013/02/27,31301226
2013/02/28,32211545
2013/03/01,26236098
2013/03/02,25255857
2013/03/03,25338047
2013/03/04,26608819
2013/03/05,26135211
2013/03/06,26902743
2013/03/07,28985856
2013/03/08,21027909
2013/03/09,21002270
2013/03/10,28679419
2013/03/11,28663582
2013/03/12,31889712
2013/03/13,31966944
2013/03/14,31970201
2013/03/15,32575569
2013/03/16,50105965
2013/03/17,66582733
2013/03/18,71733835
2013/03/19,73864106
2013/03/20,76223544
2013/03/21,76107491
2013/03/22,76283851
2013/03/23,76769185
2013/03/24,76628613
2013/03/25,78264173
2013/03/26,79780443
2013/03/27,75522870
2013/03/28,74386932
2013/03/29,74946002
2013/03/30,73447391
2013/03/31,74218159
2013/04/01,74247499
2013/04/02,76789294
2013/04/03,76727861
2013/04/04,81439397
2013/04/05,80782038
2013/04/06,76225007
2013/04/07,78845320
2013/04/08,80403360
2013/04/09,73273707
2013/04/10,75345573
2013/04/11,79710752
2013/04/12,79995518
2013/04/13,79907573
2013/04/14,78047862
2013/04/15,62905985
2013/04/16,52394940
2013/04/17,46149014
2013/04/18,45748251
2013/04/19,41551302
2013/04/20,44338031
2013/04/21,49731354
2013/04/22,52343484
2013/04/23,51962594
2013/04/24,51472378
2013/04/25,49536226
2013/04/26,49001091
2013/04/27,54868952
2013/04/28,62086958
2013/04/29,62794121
2013/04/30,60118962
2013/05/01,59614011
2013/05/02,58314583
2013/05/03,57346461
2013/05/04,54521077
2013/05/05,54314897
2013/05/06,54003032
2013/05/07,51821744
2013/05/08,51046838
2013/05/09,50892041
2013/05/10,53828612
2013/05/11,59081498
2013/05/12,62140101
2013/05/13,63019790
2013/05/14,66823363
2013/05/15,68896602
2013/05/16,65253171
2013/05/17,65470589
2013/05/18,62939387
2013/05/19,64852413
2013/05/20,64585198
2013/05/21,60012472
2013/05/22,57851058
2013/05/23,57309780
2013/05/24,54749654
2013/05/25,53964172
2013/05/26,61186278
2013/05/27,57410475
2013/05/28,51060198
2013/05/29,50483147
2013/05/30,48035497
2013/05/31,48140626
2013/06/01,48261074
2013/06/02,48836141
2013/06/03,47596045
2013/06/04,46315161
2013/06/05,45922361
2013/06/06,46080090
2013/06/07,45440029
2013/06/08,44230947
2013/06/09,43664766
2013/06/10,35641253
2013/06/11,32145753
2013/06/12,32417107
2013/06/13,29668535
2013/06/14,25231841
2013/06/15,30780263
2013/06/16,31045956
2013/06/17,31726369
2013/06/18,32161866
2013/06/19,32470090
2013/06/20,32206639
2013/06/21,32491635
2013/06/22,30316522
2013/06/23,33185345
2013/06/24,33808393
2013/06/25,32146929
2013/06/26,32058252
2013/06/27,29936009
2013/06/28,28510188
2013/06/29,29907270
2013/06/30,37063029
2013/07/01,36964283
2013/07/02,37914972
2013/07/03,37915243
2013/07/04,35726061
2013/07/05,32451046
2013/07/06,31878877
2013/07/07,34210606
2013/07/08,33324290
2013/07/09,33203878
2013/07/10,33163288
2013/07/11,31195831
2013/07/12,32050874
2013/07/13,32434849
2013/07/14,31218383
2013/07/15,30917372
2013/07/16,30891826
2013/07/17,30044686
2013/07/18,29115007
2013/07/19,28141968
2013/07/20,24248654
2013/07/21,22913728
2013/07/22,21976354
2013/07/23,21978625
2013/07/24,21449029
2013/07/25,20816736
2013/07/26,19378139
2013/07/27,17581111
2013/07/28,13338942
2013/07/29,13709783
2013/07/30,12334635
2013/07/31,16185446
2013/08/01,20807339
2013/08/02,25136947
2013/08/03,25494732
2013/08/04,25375768
2013/08/05,27133160
2013/08/06,28697827
2013/08/07,36528444
2013/08/08,44254143
2013/08/09,45164480
2013/08/10,47423184
2013/08/11,47468966
2013/08/12,47996627
2013/08/13,48068849
2013/08/14,47791771
2013/08/15,52428380
2013/08/16,72764850
2013/08/17,75033836
2013/08/18,74181215
2013/08/19,85028729
2013/08/20,85132476
2013/08/21,85375969
2013/08/22,88646549
2013/08/23,86262197
2013/08/24,83330708
2013/08/25,78000079
2013/08/26,70115840
2013/08/27,64089875
2013/08/28,62707786
2013/08/29,57873386
2013/08/30,58481616
2013/08/31,59933902
2013/09/01,62064697
2013/09/02,59554270
2013/09/03,54604821
2013/09/04,54095970
2013/09/05,54776768
2013/09/06,55451696
2013/09/07,55874270
2013/09/08,57531155
2013/09/09,57015349
2013/09/10,46624921
2013/09/11,47081793
2013/09/12,47288516
2013/09/13,51008329
2013/09/14,56059819
2013/09/15,48003464
2013/09/16,48277310
2013/09/17,53613295
2013/09/18,45943424
2013/09/19,44462815
2013/09/20,43967355
2013/09/21,39229230
2013/09/22,39607155
2013/09/23,43252120
2013/09/24,41432427
2013/09/25,41431144
2013/09/26,39984462
2013/09/27,38782704
2013/09/28,42577519
2013/09/29,45057817
2013/09/30,45172363
2013/10/01,44059135
2013/10/02,46061814
2013/10/03,46922417
2013/10/04,47044172
2013/10/05,47899975
2013/10/06,49725405
2013/10/07,52033994
2013/10/08,52651277
2013/10/09,51952780
2013/10/10,52535983
2013/10/11,52143873
2013/10/12,52493507
2013/10/13,50457550
2013/10/14,48003745
2013/10/15,48188459
2013/10/16,48339780
2013/10/17,42182691
2013/10/18,41727016
2013/10/19,40222643
2013/10/20,39036055
2013/10/21,41232564
2013/10/22,46181823
2013/10/23,41135851
2013/10/24,41862725
2013/10/25,42502839
2013/10/26,42425473
2013/10/27,43935247
2013/10/28,40774602
2013/10/29,36614554
2013/10/30,36190219
2013/10/31,36502976
2013/11/01,35385271
2013/11/02,39020833
2013/11/03,47000339
2013/11/04,46974606
2013/11/05,44600275
2013/11/06,43332275
2013/11/07,44166911
2013/11/08,45612351
2013/11/09,45240731
2013/11/10,46028743
2013/11/11,46325860
2013/11/12,47105811
2013/11/13,50996461
2013/11/14,59080599
2013/11/15,60270749
2013/11/16,60136354
2013/11/17,59389973
2013/11/18,79633720
2013/11/19,125028560
2013/11/20,139285631
2013/11/21,144545888
2013/11/22,157132434
2013/11/23,163198611
2013/11/24,163433822
2013/11/25,165342265
2013/11/26,175674710
2013/11/27,212035157
2013/11/28,250658666
2013/11/29,264951564
2013/11/30,266745578
2013/12/01,254088174
2013/12/02,231009230
2013/12/03,199339811
2013/12/04,183703623
2013/12/05,177170271
2013/12/06,168300972
2013/12/07,164680204
2013/12/08,179094255
2013/12/09,172274561
2013/12/10,166001804
2013/12/11,159451696
2013/12/12,159498912
2013/12/13,162623477
2013/12/14,173163594
2013/12/15,181775376
2013/12/16,161683192
2013/12/17,147510166
2013/12/18,148724330
2013/12/19,134922445
2013/12/20,135372479
2013/12/21,143165964
2013/12/22,152471485
2013/12/23,160532707
2013/12/24,164286525
2013/12/25,170461650
2013/12/26,172900879
2013/12/27,153252760
2013/12/28,126750261
2013/12/29,109849641
2013/12/30,106970132
2013/12/31,110076321
2014/01/01,114931244
2014/01/02,106409370
2014/01/03,93521516
2014/01/04,75671753
2014/01/05,69414596
2014/01/06,69198701
2014/01/07,65900695
2014/01/08,65325396
2014/01/09,62526792
2014/01/10,60182276
2014/01/11,60307093
2014/01/12,61775664
2014/01/13,61914859
2014/01/14,61013226
2014/01/15,56870135
2014/01/16,53159193
2014/01/17,32705249
2014/01/18,26497427
2014/01/19,25094981
2014/01/20,27113345
2014/01/21,36506531
2014/01/22,39537888
2014/01/23,41229989
2014/01/24,43792312
2014/01/25,43034853
2014/01/26,42792868
2014/01/27,41616334
2014/01/28,42348342
2014/01/29,42226541
2014/01/30,39391065
2014/01/31,31113372
2014/02/01,31109619
2014/02/02,32400949
2014/02/03,30889664
2014/02/04,34601211
2014/02/05,34702250
2014/02/06,38075313
2014/02/07,41816757
2014/02/08,42588936
2014/02/09,41796648
2014/02/10,42465224
2014/02/11,40202857
2014/02/12,38166677
2014/02/13,38650656
2014/02/14,44151130
2014/02/15,43099220
2014/02/16,43520529
2014/02/17,39618142
2014/02/18,32366732
2014/02/19,33877936
2014/02/20,33069620
2014/02/21,34055197
2014/02/22,34827194
2014/02/23,35001281
2014/02/24,35371709
2014/02/25,39838710
2014/02/26,42102240
2014/02/27,43173700
2014/02/28,42887138
2014/03/01,42271330
2014/03/02,43980202
2014/03/03,47634559
2014/03/04,51033380
2014/03/05,48323071
2014/03/06,48427766
2014/03/07,49021097
2014/03/08,49284254
2014/03/09,50126282
2014/03/10,50182960
2014/03/11,47800665
2014/03/12,49616962
2014/03/13,50009975
2014/03/14,48407100
2014/03/15,50936200
2014/03/16,52751112
2014/03/17,51385417
2014/03/18,54247114
2014/03/19,52946443
2014/03/20,52592374
2014/03/21,53045578
2014/03/22,53155442
2014/03/23,57360365
2014/03/24,53913536
2014/03/25,51208490
2014/03/26,50654320
2014/03/27,46964342
2014/03/28,46532185
2014/03/29,54272851
2014/03/30,58346991
2014/03/31,57949581
2014/04/01,54116143
2014/04/02,48256463
2014/04/03,38433429
2014/04/04,37537434
2014/04/05,40999312
2014/04/06,48257528
2014/04/07,48215886
2014/04/08,47904071
2014/04/09,47060877
2014/04/10,43509755
2014/04/11,39453501
2014/04/12,46824767
2014/04/13,50787652
2014/04/14,51752947
2014/04/15,53445563
2014/04/16,53895145
2014/04/17,50233682
2014/04/18,49285374
2014/04/19,51302364
2014/04/20,54901313
2014/04/21,55110388
2014/04/22,61819743
2014/04/23,63640348
2014/04/24,64125115
2014/04/25,66135158
2014/04/26,67811219
2014/04/27,70529427
2014/04/28,67740444
2014/04/29,66665940
2014/04/30,66548312
2014/05/01,66866361
2014/05/02,66558355
2014/05/03,68139502
2014/05/04,71162764
2014/05/05,71032319
2014/05/06,72843050
2014/05/07,74097450
2014/05/08,74465055
2014/05/09,74651272
2014/05/10,75316962
2014/05/11,78379068
2014/05/12,75161382
2014/05/13,71049834
2014/05/14,70900904
2014/05/15,72280007
2014/05/16,71623336
2014/05/17,75013340
2014/05/18,79711365
2014/05/19,76444601
2014/05/20,70864512
2014/05/21,70110809
2014/05/22,66637184
2014/05/23,65963653
2014/05/24,67821585
2014/05/25,66333646
2014/05/26,62356819
2014/05/27,58591779
2014/05/28,60624898
2014/05/29,60637388
2014/05/30,60608826
2014/05/31,64919312
2014/06/01,67078887
2014/06/02,63545304
2014/06/03,58518689
2014/06/04,58293197
2014/06/05,53447121
2014/06/06,52743551
2014/06/07,57689874
2014/06/08,65299682
2014/06/09,64072355
2014/06/10,59996307
2014/06/11,56153956
2014/06/12,55024069
2014/06/13,53648089
2014/06/14,51582879
2014/06/15,53580949
2014/06/16,52187317
2014/06/17,48305065
2014/06/18,48294752
2014/06/19,45921778
2014/06/20,45597888
2014/06/21,45450488
2014/06/22,45369323
2014/06/23,43126220
2014/06/24,43044669
2014/06/25,42299735
2014/06/26,40545567
2014/06/27,36402110
2014/06/28,36990403
2014/06/29,40320890
2014/06/30,41479394
2014/07/01,42942793
2014/07/02,43647736
2014/07/03,41255567
2014/07/04,40714270
2014/07/05,42937958
2014/07/06,44780027
2014/07/07,42922870
2014/07/08,40917221
2014/07/09,42689010
2014/07/10,42922515
2014/07/11,42992893
2014/07/12,44418567
2014/07/13,46078716
2014/07/14,44627474
2014/07/15,47201363
2014/07/16,46205971
2014/07/17,44424048
2014/07/18,44454655
2014/07/19,44466936
2014/07/20,46690914
2014/07/21,43755606
2014/07/22,40326941
2014/07/23,41047650
2014/07/24,41383583
2014/07/25,41213648
2014/07/26,42234012
2014/07/27,45282705
2014/07/28,43845605
2014/07/29,38284459
2014/07/30,36626204
2014/07/31,36775149
2014/08/01,37180802
2014/08/02,38799912
2014/08/03,40840289
2014/08/04,37185401
2014/08/05,37018056
2014/08/06,46770708
2014/08/07,46677525
2014/08/08,46607603
2014/08/09,46826790
2014/08/10,47208752
2014/08/11,48435865
2014/08/12,48833728
2014/08/13,52459978
2014/08/14,57085362
2014/08/15,58983154
2014/08/16,59135280
2014/08/17,60064366
2014/08/18,60247741
2014/08/19,55467606
2014/08/20,56725258
2014/08/21,57854306
2014/08/22,57850982
2014/08/23,60950731
2014/08/24,63489981
2014/08/25,59812539
2014/08/26,52304310
2014/08/27,53206606
2014/08/28,51598128
2014/08/29,51376477
2014/08/30,53172092
2014/08/31,56898771
2014/09/01,51040418
2014/09/02,43500012
2014/09/03,43643531
2014/09/04,43308337
2014/09/05,39107183
2014/09/06,40058461
2014/09/07,42301246
2014/09/08,41788855
2014/09/09,42624437
2014/09/10,41752608
2014/09/11,40264450
2014/09/12,38829672
2014/09/13,37147107
2014/09/14,36378882
2014/09/15,39869393
2014/09/16,48268662
2014/09/17,51730626
2014/09/18,52823376
2014/09/19,52277011
2014/09/20,53066894
2014/09/21,55879109
2014/09/22,51686546
2014/09/23,47582325
2014/09/24,48266657
2014/09/25,50212593
2014/09/26,49826257
2014/09/27,51516921
2014/09/28,53484613
2014/09/29,52416444
2014/09/30,47989859
2014/10/01,49651101
2014/10/02,49654219
2014/10/03,50014356
2014/10/04,50871529
2014/10/05,51068517
2014/10/06,49836432
2014/10/07,46354079
2014/10/08,47255674
2014/10/09,47864695
2014/10/10,49967579
2014/10/11,50470729
2014/10/12,52799501
2014/10/13,48628663
2014/10/14,49260061
2014/10/15,48708695
2014/10/16,42823731
2014/10/17,41489765
2014/10/18,42357399
2014/10/19,45006882
2014/10/20,45075544
2014/10/21,40704116
2014/10/22,41774646
2014/10/23,42801522
2014/10/24,43184293
2014/10/25,42751230
2014/10/26,43061959
2014/10/27,41608032
2014/10/28,41343804
2014/10/29,51544769
2014/10/30,60039684
2014/10/31,62468570
2014/11/01,63502702
2014/11/02,63383319
2014/11/03,65046760
2014/11/04,64096099
2014/11/05,67957386
2014/11/06,75616662
2014/11/07,76273007
2014/11/08,77373136
2014/11/09,78812618
2014/11/10,75112374
2014/11/11,66968877
2014/11/12,74028465
2014/11/13,78604697
2014/11/14,78386197
2014/11/15,79585962
2014/11/16,76713034
2014/11/17,69682953
2014/11/18,57396707
2014/11/19,57491381
2014/11/20,58477814
2014/11/21,58078750
2014/11/22,60461320
2014/11/23,60704419
2014/11/24,56570010
2014/11/25,50597003
2014/11/26,50594694
2014/11/27,50198291
2014/11/28,47392517
2014/11/29,45730889
2014/11/30,45661667
2014/12/01,44521112
2014/12/02,49314970
2014/12/03,54910585
2014/12/04,59973174
2014/12/05,60358795
2014/12/06,58752884
2014/12/07,62509926
2014/12/08,57733550
2014/12/09,51631891
2014/12/10,51602403
2014/12/11,51792136
2014/12/12,49753269
2014/12/13,51090749
2014/12/14,52140058
2014/12/15,49623416
2014/12/16,53181218
2014/12/17,57504071
2014/12/18,59600835
2014/12/19,61464830
2014/12/20,61392020
2014/12/21,62902043
2014/12/22,59528457
2014/12/23,59106483
2014/12/24,60238772
2014/12/25,74327028
2014/12/26,78792595
2014/12/27,82538280
2014/12/28,87154024
2014/12/29,85353261
2014/12/30,85346339
2014/12/31,84932846
2015/01/01,103214064
2015/01/02,97695523
2015/01/03,91588331
2015/01/04,90184530
2015/01/05,94015555
2015/01/06,90945159
2015/01/07,90661727
2015/01/08,105711117
2015/01/09,114436242
2015/01/10,125613472
2015/01/11,125025640
2015/01/12,125249606
2015/01/13,129500859
2015/01/14,136964613
2015/01/15,164634127
2015/01/16,169594666
2015/01/17,168596932
2015/01/18,168689659
2015/01/19,171236582
2015/01/20,169958118
2015/01/21,170157482
2015/01/22,167697917
2015/01/23,165722775
2015/01/24,150130878
2015/01/25,143403853
2015/01/26,144884719
2015/01/27,136711173
2015/01/28,135661857
2015/01/29,133599069
2015/01/30,130020010
2015/01/31,92031147
2015/02/01,92319005
2015/02/02,89722665
2015/02/03,87319501
2015/02/04,87778420
2015/02/05,88393199
2015/02/06,90273571
2015/02/07,86843825
2015/02/08,87938968
2015/02/09,87836606
2015/02/10,90800591
2015/02/11,90202693
2015/02/12,88421019
2015/02/13,98037468
2015/02/14,73831294
2015/02/15,70085325
2015/02/16,75311833
2015/02/17,75981628
2015/02/18,80340669
2015/02/19,79258708
2015/02/20,79817669
2015/02/21,80675099
2015/02/22,82688865
2015/02/23,82240793
2015/02/24,85123607
2015/02/25,82681022
2015/02/26,83281656
2015/02/27,82497382
2015/02/28,82829500
2015/03/01,78087599
2015/03/02,79022002
2015/03/03,77480587
2015/03/04,73973709
2015/03/05,73764729
2015/03/06,72808273
2015/03/07,70126685
2015/03/08,68816326
2015/03/09,66156202
2015/03/10,59730697
2015/03/11,58640605
2015/03/12,58030470
2015/03/13,58152679
2015/03/14,56785573
2015/03/15,54189620
2015/03/16,56094993
2015/03/17,50857026
2015/03/18,49505478
2015/03/19,50966943
2015/03/20,49953801
2015/03/21,50442735
2015/03/22,52164390
2015/03/23,50864503
2015/03/24,45813386
2015/03/25,45570755
2015/03/26,44300732
2015/03/27,42630855
2015/03/28,46012357
2015/03/29,47087106
2015/03/30,47579747
2015/03/31,53991228
2015/04/01,66678913
2015/04/02,67565115
2015/04/03,68450649
2015/04/04,71400750
2015/04/05,71045064
2015/04/06,71191346
2015/04/07,68564863
2015/04/08,71266630
2015/04/09,78961046
2015/04/10,83559636
2015/04/11,83088811
2015/04/12,88904272
2015/04/13,90598161
2015/04/14,82549897
2015/04/15,83132952
2015/04/16,83255655
2015/04/17,82900270
2015/04/18,83340790
2015/04/19,87564833
2015/04/20,91007839
2015/04/21,88313111
2015/04/22,90301074
2015/04/23,87075858
2015/04/24,85715474
2015/04/25,86633682
2015/04/26,90284245
2015/04/27,82434716
2015/04/28,76377563
2015/04/29,80312379
2015/04/30,79247001
2015/05/01,74940477
2015/05/02,77208084
2015/05/03,91020560
2015/05/04,83312454
2015/05/05,82943303
2015/05/06,84000176
2015/05/07,84637216
2015/05/08,84205583
2015/05/09,84076616
2015/05/10,89873285
2015/05/11,90469516
2015/05/12,80198762
2015/05/13,77309325
2015/05/14,76963009
2015/05/15,76745048
2015/05/16,82322160
2015/05/17,92262819
2015/05/18,91908585
2015/05/19,86195112
2015/05/20,81482530
2015/05/21,80385567
2015/05/22,78277053
2015/05/23,86468876
2015/05/24,87692442
2015/05/25,87551326
2015/05/26,85257166
2015/05/27,82281494
2015/05/28,80947380
2015/05/29,88896127
2015/05/30,105709611
2015/05/31,105940409
2015/06/01,123253488
2015/06/02,125984729
2015/06/03,140491744
2015/06/04,142462393
2015/06/05,142069025
2015/06/06,148006911
2015/06/07,164345985
2015/06/08,160462005
2015/06/09,158278478
2015/06/10,176705892
2015/06/11,181935550
2015/06/12,193398589
2015/06/13,191960992
2015/06/14,192628395
2015/06/15,194249505
2015/06/16,179827700
2015/06/17,189173590
2015/06/18,193255339
2015/06/19,196681753
2015/06/20,193333657
2015/06/21,198968881
2015/06/22,174304087
2015/06/23,163168275
2015/06/24,160297375
2015/06/25,159069073
2015/06/26,156935520
2015/06/27,159472485
2015/06/28,166218649
2015/06/29,163605777
2015/06/30,206415434
2015/07/01,226072643
2015/07/02,242244186
2015/07/03,243729777
2015/07/04,249592922
2015/07/05,247949908
2015/07/06,325047393
2015/07/07,431557082
2015/07/08,614473124
2015/07/09,744573319
2015/07/10,874684977
2015/07/11,965439540
2015/07/12,1143726204
2015/07/13,1127183740
2015/07/14,1093540911
2015/07/15,1108485691
2015/07/16,1118215126
2015/07/17,1132196134
2015/07/18,1128359199
2015/07/19,1132626258
2015/07/20,1094728355
2015/07/21,1035621816
2015/07/22,1023992862
2015/07/23,1047662416
2015/07/24,1053626512
2015/07/25,1077894396
2015/07/26,1131710328
2015/07/27,1114608861
2015/07/28,1075910572
2015/07/29,1068409677
2015/07/30,1068334955
2015/07/31,1069893174
2015/08/01,1071945271
2015/08/02,1110298086
2015/08/03,1083549124
2015/08/04,1065817138
2015/08/05,1024923409
2015/08/06,928988127
2015/08/07,796940446
2015/08/08,708993148
2015/08/09,617781724
2015/08/10,497759634
2015/08/11,254227001
2015/08/12,203453619
2015/08/13,203361567
2015/08/14,205147737
2015/08/15,224028766
2015/08/16,251891631
2015/08/17,246543538
2015/08/18,246336660
2015/08/19,244520537
2015/08/20,235174291
2015/08/21,228127861
2015/08/22,230370641
2015/08/23,244257788
2015/08/24,239300994
2015/08/25,220877330
2015/08/26,221675818
2015/08/27,221861448
2015/08/28,199767742
2015/08/29,201221504
2015/08/30,177062861
2015/08/31,146092797
2015/09/01,150560064
2015/09/02,189831166
2015/09/03,186025610
2015/09/04,178990790
2015/09/05,168454662
2015/09/06,170332287
2015/09/07,168370807
2015/09/08,150425989
2015/09/09,153771277
2015/09/10,155856690
2015/09/11,284099236
2015/09/12,295291999
2015/09/13,314767174
2015/09/14,356876784
2015/09/15,365677527
2015/09/16,416567366
2015/09/17,972647245
2015/09/18,994897151
2015/09/19,998662016
2015/09/20,1005336702
2015/09/21,979403698
2015/09/22,925650151
2015/09/23,922764236
2015/09/24,920045795
2015/09/25,916376584
2015/09/26,921741486
2015/09/27,938054758
2015/09/28,911306746
2015/09/29,861494170
2015/09/30,857701143
2015/10/01,856138514
2015/10/02,851559428
2015/10/03,859934951
2015/10/04,860930219
2015/10/05,859792803
2015/10/06,826619518
2015/10/07,820919149
2015/10/08,814179728
2015/10/09,829208520
2015/10/10,827341895
2015/10/11,807348283
2015/10/12,807548314
2015/10/13,804777982
2015/10/14,774768951
2015/10/15,760403357
2015/10/16,727995757
2015/10/17,193076643
2015/10/18,162982780
2015/10/19,162630419
2015/10/20,155376314
2015/10/21,166877720
2015/10/22,173944923
2015/10/23,177919826
2015/10/24,177737081
2015/10/25,176976566
2015/10/26,176098630
2015/10/27,167620499
2015/10/28,188074834
2015/10/29,208450885
2015/10/30,238120137
2015/10/31,248511868
2015/11/01,255375016
2015/11/02,278903554
2015/11/03,298595781
2015/11/04,407661681
2015/11/05,452719195
2015/11/06,460676023
2015/11/07,459206669
2015/11/08,429653577
2015/11/09,416913216
2015/11/10,350012288
2015/11/11,341129902
2015/11/12,331139062
2015/11/13,326783032
2015/11/14,327117627
2015/11/15,327071706
2015/11/16,316825323
2015/11/17,275485562
2015/11/18,273594714
2015/11/19,270345687
2015/11/20,268984176
2015/11/21,267155527
2015/11/22,285679956
2015/11/23,280963842
2015/11/24,260088909
2015/11/25,203932878
2015/11/26,204334968
2015/11/27,204341108
2015/11/28,205713644
2015/11/29,230513075
2015/11/30,250147493
2015/12/01,260740586
2015/12/02,274509608
2015/12/03,251443799
2015/12/04,189765194
2015/12/05,195645346
2015/12/06,208298492
2015/12/07,243527379
2015/12/08,255072471
2015/12/09,363534460
2015/12/10,436745094
2015/12/11,497955050
2015/12/12,537025467
2015/12/13,543321159
2015/12/14,647710681
2015/12/15,697985897
2015/12/16,750431094
2015/12/17,781333064
2015/12/18,810569654
2015/12/19,817962656
2015/12/20,794750063
2015/12/21,817479539
2015/12/22,739523797
2015/12/23,697116159
2015/12/24,648830964
2015/12/25,593512393
2015/12/26,570045742
2015/12/27,570132033
2015/12/28,556754991
2015/12/29,410299731
2015/12/30,418002659
2015/12/31,464881986
2016/01/01,633186713
2016/01/02,673208070
2016/01/03,747904062
2016/01/04,751113181
2016/01/05,748876276
2016/01/06,763909347
2016/01/07,763974459
2016/01/08,741497884
2016/01/09,730897531
2016/01/10,743561782
2016/01/11,735760953
2016/01/12,737044193
2016/01/13,673721571
2016/01/14,627146869
2016/01/15,585791905
2016/01/16,553020004
2016/01/17,536572724
2016/01/18,536599149
2016/01/19,533313350
2016/01/20,483808409
2016/01/21,483913091
2016/01/22,466615380
2016/01/23,442231415
2016/01/24,454810761
2016/01/25,505480750
2016/01/26,554686072
2016/01/27,609047223
2016/01/28,652765135
2016/01/29,685799940
2016/01/30,642579666
2016/01/31,493833525
2016/02/01,447786043
2016/02/02,409121123
2016/02/03,400194861
2016/02/04,389486190
2016/02/05,379845605
2016/02/06,389403023
2016/02/07,374542097
2016/02/08,365841888
2016/02/09,314870926
2016/02/10,327440908
2016/02/11,323289120
2016/02/12,308323202
2016/02/13,305650906
2016/02/14,301424047
2016/02/15,289879335
2016/02/16,287961753
2016/02/17,294782136
2016/02/18,271077451
2016/02/19,270592991
2016/02/20,268205064
2016/02/21,269965787
2016/02/22,268266099
2016/02/23,288464471
2016/02/24,289721437
2016/02/25,283343277
2016/02/26,282207372
2016/02/27,314348169
2016/02/28,323195491
2016/02/29,391076198
2016/03/01,445507120
2016/03/02,526244057
2016/03/03,512556458
2016/03/04,488642714
2016/03/05,478588342
2016/03/06,598035709
2016/03/07,642374536
2016/03/08,652558258
2016/03/09,677233490
2016/03/10,697285323
2016/03/11,706171627
2016/03/12,774826454
2016/03/13,901309617
2016/03/14,890903291
2016/03/15,871785703
2016/03/16,869420496
2016/03/17,869174918
2016/03/18,861465295
2016/03/19,896947876
2016/03/20,926266788
2016/03/21,927024595
2016/03/22,927198541
2016/03/23,908918683
2016/03/24,864053235
2016/03/25,880527806
2016/03/26,933313803
2016/03/27,984958028
2016/03/28,975510158
2016/03/29,935936231
2016/03/30,782048257
2016/03/31,561948149
2016/04/01,374802004
2016/04/02,346044689
2016/04/03,340634978
2016/04/04,283771138
2016/04/05,281004885
2016/04/06,305136616
2016/04/07,326049838
2016/04/08,341068022
2016/04/09,340667429
2016/04/10,341638530
2016/04/11,360687015
2016/04/12,348955054
2016/04/13,366986921
2016/04/14,392826502
2016/04/15,392981683
2016/04/16,401375621
2016/04/17,401433504
2016/04/18,399062515
2016/04/19,402375342
2016/04/20,408868270
2016/04/21,411991058
2016/04/22,404805095
2016/04/23,410010636
2016/04/24,391162527
2016/04/25,326312823
2016/04/26,314808510
2016/04/27,338272631
2016/04/28,376953175
2016/04/29,451520547
2016/04/30,449598384
2016/05/01,466510306
2016/05/02,437698193
2016/05/03,403467565
2016/05/04,409945620
2016/05/05,414290163
2016/05/06,421528871
2016/05/07,430447626
2016/05/08,457525308
2016/05/09,444770300
2016/05/10,433155369
2016/05/11,436637991
2016/05/12,425558476
2016/05/13,429973726
2016/05/14,430450765
2016/05/15,441151069
2016/05/16,404931052
2016/05/17,384835383
2016/05/18,389412910
2016/05/19,389581100
2016/05/20,394424741
2016/05/21,423328191
2016/05/22,466025705
2016/05/23,421345072
2016/05/24,384694117
2016/05/25,400098838
2016/05/26,378968805
2016/05/27,373792145
2016/05/28,382309303
2016/05/29,383625637
2016/05/30,385230768
2016/05/31,359687902
2016/06/01,366122882
2016/06/02,362145131
2016/06/03,363090776
2016/06/04,377050638
2016/06/05,396537697
2016/06/06,388624733
2016/06/07,363899587
2016/06/08,365908288
2016/06/09,352457361
2016/06/10,347550319
2016/06/11,345621537
2016/06/12,341121947
2016/06/13,375101455
2016/06/14,385924053
2016/06/15,422585149
2016/06/16,483603085
2016/06/17,510580902
2016/06/18,514793633
2016/06/19,508931961
2016/06/20,491734185
2016/06/21,446429417
2016/06/22,447318344
2016/06/23,441891677
2016/06/24,431878440
2016/06/25,444318630
2016/06/26,508898210
2016/06/27,474330181
2016/06/28,402135670
2016/06/29,393057250
2016/06/30,387153369
2016/07/01,403606456
2016/07/02,430935110
2016/07/03,508878318
2016/07/04,485661245
2016/07/05,445580174
2016/07/06,449292809
2016/07/07,452284032
2016/07/08,459071977
2016/07/09,505165664
2016/07/10,623617115
2016/07/11,621684825
2016/07/12,617892961
2016/07/13,588492533
2016/07/14,565034911
2016/07/15,511441313
2016/07/16,464731970
2016/07/17,473891637
2016/07/18,460076181
2016/07/19,462129948
2016/07/20,423660042
2016/07/21,379367084
2016/07/22,362140994
2016/07/23,334347138
2016/07/24,323471947
2016/07/25,358320981
2016/07/26,360726033
2016/07/27,380802610
2016/07/28,399998170
2016/07/29,408010312
2016/07/30,397517347
2016/07/31,407538557
2016/08/01,410383643
2016/08/02,420785034
2016/08/03,447046740
2016/08/04,457117873
2016/08/05,462991166
2016/08/06,475248256
2016/08/07,490666320
2016/08/08,476095321
2016/08/09,385720538
2016/08/10,409016200
2016/08/11,450262214
2016/08/12,455247953
2016/08/13,456149212
2016/08/14,468873717
2016/08/15,430697974
2016/08/16,379571771
2016/08/17,386528055
2016/08/18,394337409
2016/08/19,409330708
2016/08/20,416817609
2016/08/21,467817774
2016/08/22,441905659
2016/08/23,390390578
2016/08/24,386982978
2016/08/25,384621345
2016/08/26,381546479
2016/08/27,416915306
2016/08/28,494644492
2016/08/29,476583128
2016/08/30,467746152
2016/08/31,467743335
2016/09/01,450341891
2016/09/02,440598803
2016/09/03,495174667
2016/09/04,543895192
2016/09/05,522391225
2016/09/06,494160210
2016/09/07,514008081
2016/09/08,512484574
2016/09/09,497844341
2016/09/10,490608733
2016/09/11,538189557
2016/09/12,541218097
2016/09/13,541703000
2016/09/14,534712129
2016/09/15,502770839
2016/09/16,495109384
2016/09/17,482195454
2016/09/18,479669078
2016/09/19,478019186
2016/09/20,461598432
2016/09/21,471612850
2016/09/22,463741414
2016/09/23,456168737
2016/09/24,452253138
2016/09/25,466553032
2016/09/26,447297924
2016/09/27,392118745
2016/09/28,397885947
2016/09/29,381776698
2016/09/30,410163612
2016/10/01,403644901
2016/10/02,428693062
2016/10/03,424556256
2016/10/04,424418263
2016/10/05,479875428
2016/10/06,553205553
2016/10/07,584541506
2016/10/08,600127203
2016/10/09,609218038
2016/10/10,566973330
2016/10/11,514810608
2016/10/12,494730883
2016/10/13,493802524
2016/10/14,495061489
2016/10/15,512205681
2016/10/16,536939529
2016/10/17,527825678
2016/10/18,478008848
2016/10/19,515976216
2016/10/20,555449526
2016/10/21,584634355
2016/10/22,596008980
2016/10/23,654091341
2016/10/24,633393011
2016/10/25,579805591
2016/10/26,584389085
2016/10/27,846844566
2016/10/28,850692992
2016/10/29,853418350
2016/10/30,879082784
2016/10/31,859937342
2016/11/01,788523303
2016/11/02,803313384
2016/11/03,816746828
2016/11/04,795836300
2016/11/05,755747781
2016/11/06,735269058
2016/11/07,773505109
2016/11/08,849153888
2016/11/09,862749751
2016/11/10,875365713
2016/11/11,875932095
2016/11/12,876770035
2016/11/13,895387809
2016/11/14,880140831
2016/11/15,838731143
2016/11/16,889871780
2016/11/17,914548270
2016/11/18,840768998
2016/11/19,830837945
2016/11/20,827473775
2016/11/21,819700664
2016/11/22,712803866
2016/11/23,692473403
2016/11/24,828865035
2016/11/25,864932456
2016/11/26,742063730
2016/11/27,759163205
2016/11/28,759241360
2016/11/29,662376825
2016/11/30,657008936
2016/12/01,669259795
2016/12/02,737501638
2016/12/03,746792901
2016/12/04,750772410
2016/12/05,713659080
2016/12/06,703888709
2016/12/07,742767790
2016/12/08,731669909
2016/12/09,732277146
2016/12/10,754031177
2016/12/11,808821813
2016/12/12,737202087
2016/12/13,631845960
2016/12/14,631126654
2016/12/15,631462273
2016/12/16,627783405
2016/12/17,681880627
2016/12/18,738721616
2016/12/19,714922203
2016/12/20,685485188
2016/12/21,754024692
2016/12/22,790833470
2016/12/23,807518337
2016/12/24,786302964
2016/12/25,953558140
2016/12/26,983727345
2016/12/27,949883328
2016/12/28,961459250
2016/12/29,981510969
2016/12/30,976607759
2016/12/31,953830973
2017/01/01,1198444090
2017/01/02,1201714172
2017/01/03,1200580648
2017/01/04,1293714585
2017/01/05,1235209762
2017/01/06,1359875334
2017/01/07,1359636207
2017/01/08,1366690847
2017/01/09,1344849472
2017/01/10,1333906626
2017/01/11,1345561657
2017/01/12,1348263833
2017/01/13,1349794716
2017/01/14,1397954320
2017/01/15,1459443462
2017/01/16,1408682840
2017/01/17,1348385144
2017/01/18,1356644264
2017/01/19,1361252474
2017/01/20,1305256948
2017/01/21,1274184921
2017/01/22,1306193729
2017/01/23,1319796625
2017/01/24,1102920473
2017/01/25,1080873457
2017/01/26,1107843553
2017/01/27,1099087613
2017/01/28,1114818824
2017/01/29,1155856963
2017/01/30,1161232499
2017/01/31,864381634
2017/02/01,1017360887
2017/02/02,1022702562
2017/02/03,1007686172
2017/02/04,1006424927
2017/02/05,866547439
2017/02/06,945514493
2017/02/07,1004717677
2017/02/08,1026104652
2017/02/09,1106739220
2017/02/10,1105032229
2017/02/11,1110842193
2017/02/12,1169666554
2017/02/13,1122446116
2017/02/14,1084424854
2017/02/15,1078451328
2017/02/16,1076462505
2017/02/17,1111840202
2017/02/18,1103943240
2017/02/19,1132223472
2017/02/20,1118716100
2017/02/21,1043456623
2017/02/22,958480235
2017/02/23,1003932812
2017/02/24,1095214008
2017/02/25,1120767923
2017/02/26,1117529642
2017/02/27,1052626739
2017/02/28,999518600
2017/03/01,936051177
2017/03/02,967196715
2017/03/03,926060880
2017/03/04,911732959
2017/03/05,895521786
2017/03/06,893640735
2017/03/07,925961287
2017/03/08,771327202
2017/03/09,748940244
2017/03/10,749042458
2017/03/11,678245796
2017/03/12,858900314
2017/03/13,840916504
2017/03/14,738388086
2017/03/15,736676174
2017/03/16,756024637
2017/03/17,756624693
2017/03/18,787082297
2017/03/19,789994935
2017/03/20,797769796
2017/03/21,737296451
2017/03/22,745458048
2017/03/23,737702330
2017/03/24,732275257
2017/03/25,794774565
2017/03/26,883151118
2017/03/27,941278329
2017/03/28,925930474
2017/03/29,926086680
2017/03/30,878043320
2017/03/31,871331491
2017/04/01,827452332
2017/04/02,766459765
2017/04/03,762308679
2017/04/04,780943593
2017/04/05,823891893
2017/04/06,750147625
2017/04/07,748226916
2017/04/08,811454497
2017/04/09,820113231
2017/04/10,818605898
2017/04/11,756308851
2017/04/12,755908489
2017/04/13,788399130
2017/04/14,785847524
2017/04/15,689227280
2017/04/16,790194524
2017/04/17,808344384
2017/04/18,846027237
2017/04/19,896710087
2017/04/20,887053398
2017/04/21,935432311
2017/04/22,925611626
2017/04/23,932367072
2017/04/24,980562263
2017/04/25,998538957
2017/04/26,1066839627
2017/04/27,1072238800
2017/04/28,1099365952
2017/04/29,1233317945
2017/04/30,1222181079
2017/05/01,1212584282
2017/05/02,1257091353
2017/05/03,1261262172
2017/05/04,1398412057
2017/05/05,1376955970
2017/05/06,1575197342
2017/05/07,1600438229
2017/05/08,1656438415
2017/05/09,1604480382
2017/05/10,1595271782
2017/05/11,1591005983
2017/05/12,1593690520
2017/05/13,1458031985
2017/05/14,1602328033
2017/05/15,1584624333
2017/05/16,1462103144
2017/05/17,1336466453
2017/05/18,1348172991
2017/05/19,1352233367
2017/05/20,1354969068
2017/05/21,1350127375
2017/05/22,1295554193
2017/05/23,1223605274
2017/05/24,926239926
2017/05/25,953029875
2017/05/26,952123131
2017/05/27,935043396
2017/05/28,931947865
2017/05/29,920535313
2017/05/30,881429180
2017/05/31,851214096
2017/06/01,850222098
2017/06/02,915334095
2017/06/03,893848519
2017/06/04,898258590
2017/06/05,873595938
2017/06/06,889903531
2017/06/07,833691410
2017/06/08,830583084
2017/06/09,870679457
2017/06/10,980270758
2017/06/11,1256394580
2017/06/12,1305419795
2017/06/13,1195543819
2017/06/14,1191943724
2017/06/15,1021451656
2017/06/16,1065268567
2017/06/17,1215843415
2017/06/18,1500284408
2017/06/19,1437574565
2017/06/20,1439633771
2017/06/21,1413572188
2017/06/22,1248405810
2017/06/23,1202146893
2017/06/24,1189767640
2017/06/25,1448878684
2017/06/26,1364427984
2017/06/27,1341497076
2017/06/28,1270680175
2017/06/29,1139616447
2017/06/30,1050418128
2017/07/01,1027786443
2017/07/02,1179834375
2017/07/03,1120997045
2017/07/04,1121346244
2017/07/05,1109821982
2017/07/06,1094609290
2017/07/07,861698415
2017/07/08,793428508
2017/07/09,881761944
2017/07/10,880494760
2017/07/11,869162533
2017/07/12,857725698
2017/07/13,793459954
2017/07/14,746817484
2017/07/15,689468114
2017/07/16,712253093
2017/07/17,715169244
2017/07/18,693895714
2017/07/19,672568250
2017/07/20,651733804
2017/07/21,624833799
2017/07/22,601860228
2017/07/23,688832035
2017/07/24,686842156
2017/07/25,582299981
2017/07/26,562954035
2017/07/27,549858592
2017/07/28,489503761
2017/07/29,507798897
2017/07/30,548764969
2017/07/31,545416940
2017/08/01,833172463
2017/08/02,827021713
2017/08/03,808559349
2017/08/04,807779899
2017/08/05,812854916
2017/08/06,827837046
2017/08/07,843685573
2017/08/08,863782214
2017/08/09,880079886
2017/08/10,863628386
2017/08/11,935714268
2017/08/12,957357339
2017/08/13,989758466
2017/08/14,1002260599
2017/08/15,1158199460
2017/08/16,1201799579
2017/08/17,1570743795
2017/08/18,1728543437
2017/08/19,1739261725
2017/08/20,1755063163
2017/08/21,1743434423
2017/08/22,1687368555
2017/08/23,1853109861
2017/08/24,1911189493
2017/08/25,1953523292
2017/08/26,1952122156
2017/08/27,1962196403
2017/08/28,1939189853
2017/08/29,1849316290
2017/08/30,1855805691
2017/08/31,1402495458
2017/09/01,1356827876
2017/09/02,1305456302
2017/09/03,1417529449
2017/09/04,1412861104
2017/09/05,1309032951
2017/09/06,1312987024
2017/09/07,1306078304
2017/09/08,1317998359
2017/09/09,1377526323
2017/09/10,1494764742
2017/09/11,1494469912
2017/09/12,1492755337
2017/09/13,1494428765
2017/09/14,1397194995
2017/09/15,1429608903
2017/09/16,1157189884
2017/09/17,1115877729
2017/09/18,1129802450
2017/09/19,1128239284
2017/09/20,1129088395
2017/09/21,1036531575
2017/09/22,902630982
2017/09/23,902657118
2017/09/24,979532932
2017/09/25,979401830
2017/09/26,981305466
2017/09/27,966730045
2017/09/28,956127502
2017/09/29,938480823
2017/09/30,935176891
2017/10/01,934355036
2017/10/02,1022659587
2017/10/03,982913051
2017/10/04,971627570
2017/10/05,962402016
2017/10/06,979443919
2017/10/07,982267916
2017/10/08,942409396
2017/10/09,1007799541
2017/10/10,1007989318
2017/10/11,1066083404
2017/10/12,1122236974
2017/10/13,1225497786
2017/10/14,1269210138
2017/10/15,1250252569
2017/10/16,1339128559
2017/10/17,1396289111
2017/10/18,1470492056
2017/10/19,1731812073
2017/10/20,1755106791
2017/10/21,1800752752
2017/10/22,1737854876
2017/10/23,1613315240
2017/10/24,1419136887
2017/10/25,1339515766
2017/10/26,1321418129
2017/10/27,1412432222
2017/10/28,1522036574
2017/10/29,1571051091
2017/10/30,1395176059
2017/10/31,1142597645
2017/11/01,1214707492
2017/11/02,1314559299
2017/11/03,1192496855
2017/11/04,1171501840
2017/11/05,1237312275
2017/11/06,1110906788
2017/11/07,1019905127
2017/11/08,1018852335
2017/11/09,1066600554
2017/11/10,1096398388
2017/11/11,1475799046
2017/11/12,1889245950
2017/11/13,1894624752
2017/11/14,1908769029
2017/11/15,1919160433
2017/11/16,1876790630
2017/11/17,1841693216
2017/11/18,1723707058
2017/11/19,1731695420
2017/11/20,1785090783
2017/11/21,1990443985
2017/11/22,1984989581
2017/11/23,2030862770
2017/11/24,2017486089
2017/11/25,2073854964
2017/11/26,1945396951
2017/11/27,1964335257
2017/11/28,2057720210
2017/11/29,2336473933
2017/11/30,2487584724
2017/12/01,2796824812
2017/12/02,2751831016
2017/12/03,2748618634
2017/12/04,2962046890
2017/12/05,3034158365
2017/12/06,3381166742
2017/12/07,3445644732
2017/12/08,3504345057
2017/12/09,3658314499
2017/12/10,3515622090
2017/12/11,2823058304
2017/12/12,1976892665
2017/12/13,2088197185
2017/12/14,2427914413
2017/12/15,2431711999
2017/12/16,2331130753
2017/12/17,2226427360
2017/12/18,1909217596
2017/12/19,1504554486
2017/12/20,1449262800
2017/12/21,1506740767
2017/12/22,1361585906
2017/12/23,1503119424
2017/12/24,1651123751
2017/12/25,2313885735
2017/12/26,2770818723
2017/12/27,2894528248
2017/12/28,3022988732
2017/12/29,2991870244
2017/12/30,2990799742
2017/12/31,3069492856
2018/01/01,3485587369
2018/01/02,3493007875
2018/01/03,3479736004
2018/01/04,3555881109
2018/01/05,3298366558
2018/01/06,3283356711
2018/01/07,3255955310
2018/01/08,3165783674
2018/01/09,3166279528
2018/01/10,3155563022
2018/01/11,3141572533
2018/01/12,3012902260
2018/01/13,2455262444
2018/01/14,2614908961
2018/01/15,2682050004
2018/01/16,2560133845
2018/01/17,2399537677
2018/01/18,2297009053
2018/01/19,2395006656
2018/01/20,2564691148
2018/01/21,2701252434
2018/01/22,2825959677
2018/01/23,2841103616
2018/01/24,2746527046
2018/01/25,2792898177
2018/01/26,3027039969
2018/01/27,3411332399
2018/01/28,3534838759
2018/01/29,3567141373
2018/01/30,3661655925
2018/01/31,3824635542
2018/02/01,3752459442
2018/02/02,3393148305
2018/02/03,2868736753
2018/02/04,2991723702
2018/02/05,2766836699
2018/02/06,2380764240
2018/02/07,2165323177
2018/02/08,1954734173
2018/02/09,1743596078
2018/02/10,1521494353
2018/02/11,1620642869
2018/02/12,1637377225
2018/02/13,1700959439
2018/02/14,1650297312
2018/02/15,1447439378
2018/02/16,1161399154
2018/02/17,909954176
2018/02/18,958330575
2018/02/19,936725566
2018/02/20,936364408
2018/02/21,883587139
2018/02/22,741869458
2018/02/23,669012019
2018/02/24,685557619
2018/02/25,752608044
2018/02/26,754757299
2018/02/27,763801365
2018/02/28,715826787
2018/03/01,707814755
2018/03/02,703682739
2018/03/03,564728502
2018/03/04,518376496
2018/03/05,522937301
2018/03/06,526086311
2018/03/07,521957604
2018/03/08,419536017
2018/03/09,399878349
2018/03/10,424538505
2018/03/11,462924573
2018/03/12,462800705
2018/03/13,415101711
2018/03/14,415598365
2018/03/15,426352835
2018/03/16,423957586
2018/03/17,454928551
2018/03/18,470165690
2018/03/19,466486704
2018/03/20,444294975
2018/03/21,446152438
2018/03/22,442130537
2018/03/23,432212510
2018/03/24,459452564
2018/03/25,540204132
2018/03/26,511241291
2018/03/27,456249828
2018/03/28,458659702
2018/03/29,421362947
2018/03/30,420785215
2018/03/31,377003385
2018/04/01,440776730
2018/04/02,445081532
2018/04/03,442940466
2018/04/04,429527656
2018/04/05,407277140
2018/04/06,367832599
2018/04/07,373793375
2018/04/08,404034897
2018/04/09,391973707
2018/04/10,373996483
2018/04/11,370884513
2018/04/12,397033271
2018/04/13,443486144
2018/04/14,423551693
2018/04/15,419949613
2018/04/16,415797431
2018/04/17,428227777
2018/04/18,438803520
2018/04/19,469295463
2018/04/20,487800561
2018/04/21,493263841
2018/04/22,495605115
2018/04/23,543829192
2018/04/24,627048889
2018/04/25,650174360
2018/04/26,678195536
2018/04/27,690596475
2018/04/28,697006974
2018/04/29,699159990
2018/04/30,660185422
2018/05/01,550741596
2018/05/02,537701274
2018/05/03,572868492
2018/05/04,584985747
2018/05/05,577203007
2018/05/06,579144850
2018/05/07,514668338
2018/05/08,393106477
2018/05/09,370261026
2018/05/10,360958831
2018/05/11,348174805
2018/05/12,364163534
2018/05/13,423755034
2018/05/14,368377119
2018/05/15,340606234
2018/05/16,337954049
2018/05/17,342995027
2018/05/18,343374707
2018/05/19,374781448
2018/05/20,441505941
2018/05/21,438829761
2018/05/22,405250955
2018/05/23,400882916
2018/05/24,313733656
2018/05/25,310871398
2018/05/26,361657111
2018/05/27,455711994
2018/05/28,456765400
2018/05/29,449041260
2018/05/30,440388260
2018/05/31,444798285
2018/06/01,439765643
2018/06/02,422941117
2018/06/03,436864070
2018/06/04,442658538
2018/06/05,435313702
2018/06/06,436220936
2018/06/07,424565955
2018/06/08,421191660
2018/06/09,432303165
2018/06/10,424710833
2018/06/11,433635019
2018/06/12,403578984
2018/06/13,405704662
2018/06/14,400406628
2018/06/15,398419719
2018/06/16,441205331
2018/06/17,508259556
2018/06/18,496295210
2018/06/19,455924903
2018/06/20,454232115
2018/06/21,451833332
2018/06/22,426170443
2018/06/23,447494877
2018/06/24,483014047
2018/06/25,450925609
2018/06/26,373263621
2018/06/27,373565270
2018/06/28,370103550
2018/06/29,366736227
2018/06/30,360893198
2018/07/01,393886114
2018/07/02,387919845
2018/07/03,381860535
2018/07/04,378638563
2018/07/05,366374812
2018/07/06,362156226
2018/07/07,368287121
2018/07/08,403895899
2018/07/09,401819341
2018/07/10,418574146
2018/07/11,406946357
2018/07/12,393683727
2018/07/13,388700289
2018/07/14,381870978
2018/07/15,397922037
2018/07/16,380042667
2018/07/17,369133307
2018/07/18,437228580
2018/07/19,467544360
2018/07/20,496826934
2018/07/21,500797125
2018/07/22,524213161
2018/07/23,527688662
2018/07/24,597254830
2018/07/25,678185490
2018/07/26,705248338
2018/07/27,719338788
2018/07/28,718654398
2018/07/29,759383281
2018/07/30,765431805
2018/07/31,725829923
2018/08/01,758021000
2018/08/02,764163058
2018/08/03,777017054
2018/08/04,784777474
2018/08/05,828985390
2018/08/06,778800605
2018/08/07,687730104
2018/08/08,701424001
2018/08/09,703439094
2018/08/10,702662783
2018/08/11,715339549
2018/08/12,794500601
2018/08/13,749193478
2018/08/14,679898407
2018/08/15,701441383
2018/08/16,699916536
2018/08/17,694214461
2018/08/18,717801552
2018/08/19,796640557
2018/08/20,763563614
2018/08/21,678228979
2018/08/22,678878417
2018/08/23,621529519
2018/08/24,584417708
2018/08/25,587986993
2018/08/26,637035351
2018/08/27,618753887
2018/08/28,562003186
2018/08/29,569689819
2018/08/30,553797400
2018/08/31,547785885
2018/09/01,545479859
2018/09/02,564553791
2018/09/03,548414590
2018/09/04,491095951
2018/09/05,518152136
2018/09/06,548732469
2018/09/07,544512046
2018/09/08,550808536
2018/09/09,576182173
2018/09/10,555927697
2018/09/11,468733173
2018/09/12,473887391
2018/09/13,455780571
2018/09/14,433642823
2018/09/15,430315700
2018/09/16,471773791
2018/09/17,463679501
2018/09/18,390520200
2018/09/19,416983677
2018/09/20,446965304
2018/09/21,524414601
2018/09/22,522282236
2018/09/23,541917393
2018/09/24,518626232
2018/09/25,438585291
2018/09/26,444791796
2018/09/27,454490388
2018/09/28,471994603
2018/09/29,476665459
2018/09/30,489943778
2018/10/01,487052183
2018/10/02,429317772
2018/10/03,429741297
2018/10/04,433320733
2018/10/05,431836039
2018/10/06,428639062
2018/10/07,433214220
2018/10/08,416415500
2018/10/09,350209093
2018/10/10,349086858
2018/10/11,373231454
2018/10/12,374677383
2018/10/13,405845766
2018/10/14,464297632
2018/10/15,478838018
2018/10/16,381497549
2018/10/17,396699477
2018/10/18,402454699
2018/10/19,404838492
2018/10/20,402328143
2018/10/21,384065122
2018/10/22,390259262
2018/10/23,348457921
2018/10/24,355097003
2018/10/25,357310902
2018/10/26,362218786
2018/10/27,361255370
2018/10/28,366721658
2018/10/29,381547189
2018/10/30,401220852
2018/10/31,466981607
2018/11/01,511917116
2018/11/02,581916187
2018/11/03,581374943
2018/11/04,596044380
2018/11/05,634616493
2018/11/06,641982937
2018/11/07,697194550
2018/11/08,704191958
2018/11/09,727183597
2018/11/10,726243008
2018/11/11,723486387
2018/11/12,691529979
2018/11/13,542601960
2018/11/14,572396643
2018/11/15,597506547
2018/11/16,608556695
2018/11/17,604293057
2018/11/18,621194422
2018/11/19,574440079
2018/11/20,485531150
2018/11/21,485828787
2018/11/22,478213713
2018/11/23,471635879
2018/11/24,476936100
2018/11/25,498169301
2018/11/26,460720575
2018/11/27,374745892
2018/11/28,384045899
2018/11/29,397852791
2018/11/30,397590403
2018/12/01,413422272
2018/12/02,452100866
2018/12/03,463662648
2018/12/04,413789543
2018/12/05,384446768
2018/12/06,377484573
2018/12/07,350872035
2018/12/08,375677443
2018/12/09,374447443
2018/12/10,372594709
2018/12/11,369249223
2018/12/12,315418403
2018/12/13,304782876
2018/12/14,275630729
2018/12/15,238433808
2018/12/16,244142366
2018/12/17,303794873
2018/12/18,296776114
2018/12/19,359034736
2018/12/20,356731407
2018/12/21,371734189
2018/12/22,372248289
2018/12/23,364917262
2018/12/24,368886573
2018/12/25,356647528
2018/12/26,371295021
2018/12/27,419985636
2018/12/28,487733641
2018/12/29,477695004
2018/12/30,471466218
2018/12/31,454742981
2019/01/01,425386719
2019/01/02,404950040
2019/01/03,423907117
2019/01/04,426327437
2019/01/05,421946305
2019/01/06,418417212
2019/01/07,380007860
2019/01/08,420639512
2019/01/09,483106966
2019/01/10,553280735
2019/01/11,576205658
2019/01/12,573061936
2019/01/13,572867924
2019/01/14,636150290
2019/01/15,545985508
2019/01/16,554573993
2019/01/17,549008126
2019/01/18,553639498
2019/01/19,553649658
2019/01/20,555845536
2019/01/21,542989780
2019/01/22,498715438
2019/01/23,489888841
2019/01/24,479478295
2019/01/25,479395029
2019/01/26,477251825
2019/01/27,473496811
2019/01/28,461045983
2019/01/29,477950038
2019/01/30,462425226
2019/01/31,436468364
2019/02/01,458116131
2019/02/02,466735191
2019/02/03,451757346
2019/02/04,431088640
2019/02/05,423978373
2019/02/06,454630923
2019/02/07,509900349
2019/02/08,525653364
2019/02/09,518502256
2019/02/10,523271309
2019/02/11,491405492
2019/02/12,505401179
2019/02/13,550839583
2019/02/14,598433478
2019/02/15,606923284
2019/02/16,603497991
2019/02/17,603339228
2019/02/18,582726808
2019/02/19,586401114
2019/02/20,586761541
2019/02/21,584233843
2019/02/22,579439309
2019/02/23,572685789
2019/02/24,555767488
2019/02/25,515308131
2019/02/26,481106141
2019/02/27,473547307
2019/02/28,518734448
2019/03/01,532220512
2019/03/02,516919166
2019/03/03,530671160
2019/03/04,553218971
2019/03/05,590437739
2019/03/06,681356596
2019/03/07,728545914
2019/03/08,765018098
2019/03/09,967114697
2019/03/10,1333891886
2019/03/11,1348858438
2019/03/12,1370807709
2019/03/13,1399863487
2019/03/14,1343746161
2019/03/15,1307404472
2019/03/16,1333102184
2019/03/17,1554599578
2019/03/18,1544321189
2019/03/19,1530497099
2019/03/20,1481537320
2019/03/21,1418202808
2019/03/22,1415039571
2019/03/23,1500367436
2019/03/24,1602608502
2019/03/25,1591412100
2019/03/26,1730266235
2019/03/27,1917173663
2019/03/28,2060536271
2019/03/29,2153817140
2019/03/30,2200622981
2019/03/31,2318804495
2019/04/01,2425412915
2019/04/02,2655717245
2019/04/03,2749730128
2019/04/04,2800465363
2019/04/05,2948665711
2019/04/06,2978589745
2019/04/07,2980117125
2019/04/08,2847673383
2019/04/09,2440500121
2019/04/10,2551524589
2019/04/11,2639922078
2019/04/12,2609632998
2019/04/13,2585013083
2019/04/14,2521453213
2019/04/15,2349908953
2019/04/16,1871234701
2019/04/17,1754004543
2019/04/18,1705803151
2019/04/19,1622670525
2019/04/20,1563553785
2019/04/21,1478372851
2019/04/22,1088133175
2019/04/23,543144189
2019/04/24,521154734
2019/04/25,528636235
2019/04/26,526917753
2019/04/27,508882746
2019/04/28,516366830
2019/04/29,514122680
2019/04/30,521811163
2019/05/01,692561991
2019/05/02,887052238
2019/05/03,887711512
2019/05/04,886343544
2019/05/05,930561371
2019/05/06,929250079
2019/05/07,970233986
2019/05/08,987740444
2019/05/09,970390529
2019/05/10,1019048555
2019/05/11,994374917
2019/05/12,1015310033
2019/05/13,1035698865
2019/05/14,1006768509
2019/05/15,999755963
2019/05/16,999647949
2019/05/17,991543806
2019/05/18,985027635
2019/05/19,997266338
2019/05/20,929139170
2019/05/21,917554058
2019/05/22,916125265
2019/05/23,810309812
2019/05/24,775349062
2019/05/25,803659885
2019/05/26,799862077
2019/05/27,824382225
2019/05/28,831911101
2019/05/29,866375440
2019/05/30,843375932
2019/05/31,861414938
2019/06/01,656554012
2019/06/02,773842400
2019/06/03,922773122
2019/06/04,899224631
2019/06/05,893952466
2019/06/06,860171034
2019/06/07,832098405
2019/06/08,975161112
2019/06/09,1043552247
2019/06/10,1038412842
2019/06/11,1036029801
2019/06/12,1027545528
2019/06/13,1025636057
2019/06/14,1022474987
2019/06/15,1029419253
2019/06/16,1140354566
2019/06/17,1169666909
2019/06/18,1230125256
2019/06/19,1279650732
2019/06/20,1269638241
2019/06/21,1210346721
2019/06/22,1157453026
2019/06/23,1169088410
2019/06/24,1214700469
2019/06/25,1199963391
2019/06/26,1200102062
2019/06/27,1148904104
2019/06/28,1156312635
2019/06/29,1132135528
2019/06/30,1060020126
2019/07/01,1055199910
2019/07/02,989156566
2019/07/03,933659556
2019/07/04,928980466
2019/07/05,936342376
2019/07/06,935024158
2019/07/07,990915908
2019/07/08,886136977
2019/07/09,780555178
2019/07/10,840079807
2019/07/11,863715962
2019/07/12,835797967
2019/07/13,926275749
2019/07/14,1013032325
2019/07/15,995620146
2019/07/16,875131389
2019/07/17,866458249
2019/07/18,869092922
2019/07/19,884832063
2019/07/20,896462385
2019/07/21,1036881389
2019/07/22,1064097547
2019/07/23,1051057912
2019/07/24,1066101745
2019/07/25,1055281439
2019/07/26,954367176
2019/07/27,1034572852
2019/07/28,985639710
2019/07/29,965339533
2019/07/30,965643512
2019/07/31,993716083
2019/08/01,936230916
2019/08/02,797661832
2019/08/03,738965698
2019/08/04,675592604
2019/08/05,663734602
2019/08/06,718312790
2019/08/07,692502530
2019/08/08,643922948
2019/08/09,647952413
2019/08/10,664019752
2019/08/11,706023895
2019/08/12,716275598
2019/08/13,776149337
2019/08/14,797582260
2019/08/15,779939906
2019/08/16,779994660
2019/08/17,821062747
2019/08/18,876639909
2019/08/19,878339229
2019/08/20,826861790
2019/08/21,834471247
2019/08/22,834000935
2019/08/23,811290138
2019/08/24,822511712
2019/08/25,864310663
2019/08/26,810032750
2019/08/27,715422673
2019/08/28,720571078
2019/08/29,732651772
2019/08/30,710435916
2019/08/31,715165694
2019/09/01,754472144
2019/09/02,754434847
2019/09/03,792140523
2019/09/04,788147182
2019/09/05,752983700
2019/09/06,738166233
2019/09/07,739854083
2019/09/08,776456260
2019/09/09,764525513
2019/09/10,678737123
2019/09/11,652028736
2019/09/12,592674912
2019/09/13,565114344
2019/09/14,553210411
2019/09/15,632105502
2019/09/16,611781410
2019/09/17,544441552
2019/09/18,588193710
2019/09/19,598619003
2019/09/20,591398435
2019/09/21,591597264
2019/09/22,590763818
2019/09/23,625418219
2019/09/24,591307111
2019/09/25,595981173
2019/09/26,614385996
2019/09/27,636536418
2019/09/28,635980693
2019/09/29,684094643
2019/09/30,684799697
2019/10/01,629128416
2019/10/02,629194607
2019/10/03,567541141
2019/10/04,570800577
2019/10/05,549047344
2019/10/06,568892019
2019/10/07,566865559
2019/10/08,527442800
2019/10/09,531889014
2019/10/10,537784476
2019/10/11,545519631
2019/10/12,560157232
2019/10/13,618840834
2019/10/14,612241191
2019/10/15,533629543
2019/10/16,523574086
2019/10/17,514934816
2019/10/18,473270795
2019/10/19,469070196
2019/10/20,492927430
2019/10/21,516200080
2019/10/22,527808485
2019/10/23,507148155
2019/10/24,492169751
2019/10/25,472645822
2019/10/26,442538803
2019/10/27,569505464
2019/10/28,571804170
2019/10/29,537818470
2019/10/30,536505274
2019/10/31,547294902
2019/11/01,545202924
2019/11/02,578821940
2019/11/03,579567936
2019/11/04,575650283
2019/11/05,536924208
2019/11/06,531925849
2019/11/07,520542689
2019/11/08,520420799
2019/11/09,493386339
2019/11/10,466567411
2019/11/11,467890922
2019/11/12,433213631
2019/11/13,430239403
2019/11/14,450606288
2019/11/15,435800732
2019/11/16,453727266
2019/11/17,504391055
2019/11/18,504416423
2019/11/19,497693289
2019/11/20,446675853
2019/11/21,421032597
2019/11/22,368938266
2019/11/23,368256016
2019/11/24,409811807
2019/11/25,434489892
2019/11/26,354018127
2019/11/27,356695052
2019/11/28,356699790
2019/11/29,355930168
2019/11/30,380692803
2019/12/01,414013549
2019/12/02,398560477
2019/12/03,418167464
2019/12/04,443618366
2019/12/05,425840186
2019/12/06,426097457
2019/12/07,436042884
2019/12/08,462863471
2019/12/09,464267505
2019/12/10,467444546
2019/12/11,463438251
2019/12/12,463251648
2019/12/13,466866378
2019/12/14,408422447
2019/12/15,449388731
2019/12/16,453193675
2019/12/17,402716066
2019/12/18,404499563
2019/12/19,395399150
2019/12/20,410891707
2019/12/21,401632880
2019/12/22,421760234
2019/12/23,421749089
2019/12/24,380287675
2019/12/25,481437475
2019/12/26,474672933
2019/12/27,479449757
2019/12/28,479656774
2019/12/29,496184634
2019/12/30,487442037
2019/12/31,461311429
2020/01/01,549162683
2020/01/02,511944033
2020/01/03,476621064
2020/01/04,478701410
2020/01/05,475343898
2020/01/06,468582099
2020/01/07,514697224
2020/01/08,518748792
2020/01/09,521254902
2020/01/10,542828701
2020/01/11,541539156
2020/01/12,540729428
2020/01/13,541922197
2020/01/14,552172573
2020/01/15,561475401
2020/01/16,569281079
2020/01/17,578215894
2020/01/18,581563853
2020/01/19,566311830
2020/01/20,567943989
2020/01/21,555827262
2020/01/22,575285909
2020/01/23,587691341
2020/01/24,458559974
2020/01/25,470746565
2020/01/26,533064045
2020/01/27,554576288
2020/01/28,568893751
2020/01/29,595493774
2020/01/30,606945730
2020/01/31,510077516
2020/02/01,503286041
2020/02/02,517237182
2020/02/03,508296810
2020/02/04,487188257
2020/02/05,575645630
2020/02/06,548370449
2020/02/07,561046155
2020/02/08,559884727
2020/02/09,551941523
2020/02/10,560083792
2020/02/11,606223362
2020/02/12,605833790
2020/02/13,594601817
2020/02/14,589960646
2020/02/15,588735375
2020/02/16,609704662
2020/02/17,595138693
2020/02/18,554174252
2020/02/19,558536859
2020/02/20,557998975
2020/02/21,565800923
2020/02/22,572884404
2020/02/23,612166870
2020/02/24,572955329
2020/02/25,451558841
2020/02/26,383254555
2020/02/27,382082632
2020/02/28,435294098
2020/02/29,445460844
2020/03/01,450685495
2020/03/02,444733889
2020/03/03,408862491
2020/03/04,439324180
2020/03/05,438906231
2020/03/06,390960346
2020/03/07,393012950
2020/03/08,414000139
2020/03/09,423464204
2020/03/10,418530068
2020/03/11,444309384
2020/03/12,414195066
2020/03/13,489799448
2020/03/14,551427512
2020/03/15,879946730
2020/03/16,961647357
2020/03/17,992772997
2020/03/18,1216418075
2020/03/19,1286784563
2020/03/20,1294639974
2020/03/21,1430303822
2020/03/22,1713867456
2020/03/23,1778289667
2020/03/24,1788745131
2020/03/25,1991028578
2020/03/26,1948511072
2020/03/27,1925695992
2020/03/28,1955908680
2020/03/29,1862972420
2020/03/30,1853705627
2020/03/31,1836453149
2020/04/01,1727273628
2020/04/02,1620824827
2020/04/03,1423275701
2020/04/04,1278012753
2020/04/05,1187766074
2020/04/06,1136210033
2020/04/07,1159541500
2020/04/08,972772963
2020/04/09,864142922
2020/04/10,865431079
2020/04/11,654578614
2020/04/12,695667394
2020/04/13,706218692
2020/04/14,681573119
2020/04/15,740551945
2020/04/16,832952623
2020/04/17,785792251
2020/04/18,793621599
2020/04/19,802211696
2020/04/20,826297715
2020/04/21,720874184
2020/04/22,710451240
2020/04/23,794815570
2020/04/24,712409129
2020/04/25,709181651
2020/04/26,736818578
2020/04/27,703708094
2020/04/28,658305543
2020/04/29,716665805
2020/04/30,751792400
2020/05/01,830852091
2020/05/02,829879868
2020/05/03,827638971
2020/05/04,811983239
2020/05/05,747152817
2020/05/06,778827974
2020/05/07,833485279
2020/05/08,844425717
2020/05/09,841095542
2020/05/10,842805786
2020/05/11,742300218
2020/05/12,595468398
2020/05/13,586513519
2020/05/14,634215746
2020/05/15,634316208
2020/05/16,628701040
2020/05/17,770109448
2020/05/18,793518014
2020/05/19,730889963
2020/05/20,748968193
2020/05/21,748034369
2020/05/22,747954207
2020/05/23,760650307
2020/05/24,987642927
2020/05/25,1011732952
2020/05/26,943793704
2020/05/27,939376113
2020/05/28,917500573
2020/05/29,885009841
2020/05/30,863623892
2020/05/31,828659211
2020/06/01,836476317
2020/06/02,836611942
2020/06/03,814841733
2020/06/04,792527524
2020/06/05,776525060
2020/06/06,692241596
2020/06/07,697714952
2020/06/08,706378615
2020/06/09,755057438
2020/06/10,788155679
2020/06/11,746512136
2020/06/12,771520137
2020/06/13,759290233
2020/06/14,752325171
2020/06/15,751492524
2020/06/16,733625629
2020/06/17,772128034
2020/06/18,765553555
2020/06/19,843934548
2020/06/20,849556985
2020/06/21,885076948
2020/06/22,860417892
2020/06/23,721475559
2020/06/24,678996780
2020/06/25,679121480
2020/06/26,696264253
2020/06/27,724412420
2020/06/28,758037442
2020/06/29,750569207
2020/06/30,677196024
2020/07/01,864219994
2020/07/02,893227054
2020/07/03,906991377
2020/07/04,920182562
2020/07/05,949092870
2020/07/06,959947430
2020/07/07,884602997
2020/07/08,922965594
2020/07/09,995405716
2020/07/10,1023506534
2020/07/11,1016049755
2020/07/12,1049359519
2020/07/13,1011426083
2020/07/14,1021200386
2020/07/15,1003174732
2020/07/16,1012064358
2020/07/17,1022436698
2020/07/18,978468110
2020/07/19,999940867
2020/07/20,967205396
2020/07/21,855812022
2020/07/22,913810910
2020/07/23,881357296
2020/07/24,957948342
2020/07/25,980345533
2020/07/26,993263665
2020/07/27,925749285
2020/07/28,845420537
2020/07/29,857278130
2020/07/30,833940836
2020/07/31,759629503
2020/08/01,779732086
2020/08/02,820763941
2020/08/03,783017962
2020/08/04,695662003
2020/08/05,727718207
2020/08/06,746408657
2020/08/07,729354153
2020/08/08,728986150
2020/08/09,797783195
2020/08/10,796528658
2020/08/11,777501396
2020/08/12,792467393
2020/08/13,745389829
2020/08/14,806488927
2020/08/15,791224344
2020/08/16,810441983
2020/08/17,833984977
2020/08/18,784287700
2020/08/19,780875413
2020/08/20,778932817
2020/08/21,727257659
2020/08/22,725557276
2020/08/23,683172560
2020/08/24,662208418
2020/08/25,654545348
2020/08/26,653805273
2020/08/27,617010071
2020/08/28,629079617
2020/08/29,651428361
2020/08/30,679528109
2020/08/31,672646328
2020/09/01,756235023
2020/09/02,749341956
2020/09/03,747757203
2020/09/04,737664021
2020/09/05,690024057
2020/09/06,782714916
2020/09/07,751836729
2020/09/08,677115416
2020/09/09,673861567
2020/09/10,666237539
2020/09/11,643712998
2020/09/12,651605555
2020/09/13,686929033
2020/09/14,740243814
2020/09/15,719621984
2020/09/16,721912639
2020/09/17,726815699
2020/09/18,720016413
2020/09/19,725164788
2020/09/20,831318315
2020/09/21,840469234
2020/09/22,818287359
2020/09/23,851897490
2020/09/24,847555945
2020/09/25,890023471
2020/09/26,938544920
2020/09/27,986424875
2020/09/28,983157061
2020/09/29,956113082
2020/09/30,993172113
2020/10/01,872064750
2020/10/02,871749066
2020/10/03,871767772
2020/10/04,933133091
2020/10/05,937748370
2020/10/06,854845249
2020/10/07,953609652
2020/10/08,950967498
2020/10/09,969726005
2020/10/10,947569938
2020/10/11,1056732320
2020/10/12,1051319539
2020/10/13,945506309
2020/10/14,895131453
2020/10/15,907128616
2020/10/16,884141048
2020/10/17,889503196
2020/10/18,1087548840
2020/10/19,1083229653
2020/10/20,1010968475
2020/10/21,1004609498
2020/10/22,1028906999
2020/10/23,985770760
2020/10/24,985653298
2020/10/25,1072780943
2020/10/26,1140344526
2020/10/27,1165492937
2020/10/28,1228222418
2020/10/29,1191763842
2020/10/30,1146309215
2020/10/31,1164681142
2020/11/01,1172018488
2020/11/02,1337756495
2020/11/03,1353119416
2020/11/04,1370461231
2020/11/05,1371440472
2020/11/06,1255082253
2020/11/07,1237741327
2020/11/08,1252993766
2020/11/09,1290096905
2020/11/10,1246070546
2020/11/11,1258830833
2020/11/12,1239664399
2020/11/13,1227038407
2020/11/14,1162288842
2020/11/15,1171203554
2020/11/16,1179258565
2020/11/17,1157474157
2020/11/18,1302864158
2020/11/19,1270649299
2020/11/20,1352209421
2020/11/21,1298830101
2020/11/22,1290480899
2020/11/23,1285591309
2020/11/24,1239151982
2020/11/25,1300863253
2020/11/26,1234424654
2020/11/27,1185063496
2020/11/28,1160894332
2020/11/29,1173641282
2020/11/30,1223630875
2020/12/01,1363631510
2020/12/02,1130900829
2020/12/03,1158709944
2020/12/04,1157797015
2020/12/05,1183923946
2020/12/06,1238660749
2020/12/07,1193111131
2020/12/08,1054628082
2020/12/09,1050528069
2020/12/10,1048007293
2020/12/11,1046225570
2020/12/12,1048324343
2020/12/13,1083716782
2020/12/14,1038352251
2020/12/15,921724096
2020/12/16,921659981
2020/12/17,881848307
2020/12/18,932585839
2020/12/19,962702357
2020/12/20,953017816
2020/12/21,1009562014
2020/12/22,961463869
2020/12/23,975974883
2020/12/24,1022543391
2020/12/25,935158200
2020/12/26,967177655
2020/12/27,959828302
2020/12/28,953731442
2020/12/29,909768672
2020/12/30,832647782
2020/12/31,724100610
2021/01/01,807432156
2021/01/02,763256008
2021/01/03,844896833
2021/01/04,950715642
2021/01/05,903095512
2021/01/06,1109425956
2021/01/07,1328850949
2021/01/08,1374215988
2021/01/09,1371715654
2021/01/10,1363284905
2021/01/11,1339220710
2021/01/12,1261333546
2021/01/13,1258114555
2021/01/14,1261109234
2021/01/15,1264255626
2021/01/16,1265601529
2021/01/17,1286132373
2021/01/18,1277795632
2021/01/19,1217180253
2021/01/20,1115784495
2021/01/21,1157805535
2021/01/22,1152341595
2021/01/23,1056855158
2021/01/24,1212679015
2021/01/25,1133073130
2021/01/26,1126371034
2021/01/27,1115665387
2021/01/28,1113137852
2021/01/29,1115458731
2021/01/30,1111293583
2021/01/31,997403636
2021/02/01,1048828906
2021/02/02,1070192063
2021/02/03,1006402469
2021/02/04,1038168228
2021/02/05,907552669
2021/02/06,709450853
2021/02/07,705739711
2021/02/08,712743254
2021/02/09,759134316
2021/02/10,766115069
2021/02/11,767970943
2021/02/12,783748531
2021/02/13,781420477
2021/02/14,785453859
2021/02/15,783491717
2021/02/16,723812220
2021/02/17,722429541
2021/02/18,722446455
2021/02/19,734640560
2021/02/20,701608391
2021/02/21,785746085
2021/02/22,822102982
2021/02/23,709199338
2021/02/24,746256836
2021/02/25,740032009
2021/02/26,748510826
2021/02/27,748246734
2021/02/28,880352601
2021/03/01,927341179
2021/03/02,913542989
2021/03/03,857606075
2021/03/04,812933813
2021/03/05,790413061
2021/03/06,730712339
2021/03/07,750829005
2021/03/08,746304849
2021/03/09,730487732
2021/03/10,748654804
2021/03/11,677500808
2021/03/12,648099725
2021/03/13,679494192
2021/03/14,635297474
2021/03/15,609051735
2021/03/16,612654383
2021/03/17,614312584
2021/03/18,634002406
2021/03/19,632938537
2021/03/20,640510000
2021/03/21,748607674
2021/03/22,736847562
2021/03/23,712202618
2021/03/24,702468985
2021/03/25,701923772
2021/03/26,603440518
2021/03/27,588424064
2021/03/28,673721641
2021/03/29,657809698
2021/03/30,606683208
2021/03/31,625621500
2021/04/01,584674260
2021/04/02,549938309
2021/04/03,557557445
2021/04/04,638447179
2021/04/05,637790906
2021/04/06,594501195
2021/04/07,607953297
2021/04/08,623140019
2021/04/09,575884749
2021/04/10,573885417
2021/04/11,622862518
2021/04/12,610561731
2021/04/13,612264041
2021/04/14,611327962
2021/04/15,720906921
2021/04/16,923248101
2021/04/17,1206018609
2021/04/18,1194072562
2021/04/19,1410892104
2021/04/20,1317371575
2021/04/21,1442989805
2021/04/22,1421558646
2021/04/23,1412256643
2021/04/24,1375553425
2021/04/25,1432297478
2021/04/26,1487339817
2021/04/27,1459161873
2021/04/28,1445312418
2021/04/29,1406398998
2021/04/30,1313925673
2021/05/01,1281485828
2021/05/02,1305258459
2021/05/03,1308722855
2021/05/04,1301247547
2021/05/05,1332609133
2021/05/06,1336590602
2021/05/07,1303004029
2021/05/08,1303002183
2021/05/09,1246529143
2021/05/10,1254103262
2021/05/11,1284131578
2021/05/12,1296012995
2021/05/13,1256553557
2021/05/14,1241740041
2021/05/15,1040657152
2021/05/16,1041657399
2021/05/17,861143085
2021/05/18,943516559
2021/05/19,815259238
2021/05/20,873969866
2021/05/21,873030220
2021/05/22,940986846
2021/05/23,1087761854
2021/05/24,1092991864
2021/05/25,1105646644
2021/05/26,1123571672
2021/05/27,1152357801
2021/05/28,1195907779
2021/05/29,1309689781
2021/05/30,1451486440
2021/05/31,1468116873
2021/06/01,1468770672
2021/06/02,1424008468
2021/06/03,1335977048
2021/06/04,1208214542
2021/06/05,1137070378
2021/06/06,1081577860
2021/06/07,1034749696
2021/06/08,1034079929
2021/06/09,897604821
2021/06/10,700095776
2021/06/11,540913524
2021/06/12,462572586
2021/06/13,456924760
2021/06/14,465788537
2021/06/15,474377504
2021/06/16,477971486
2021/06/17,482157839
2021/06/18,433693019
2021/06/19,478241328
2021/06/20,578215132
2021/06/21,586280501
2021/06/22,582535552
2021/06/23,580763865
2021/06/24,580464870
2021/06/25,577017835
2021/06/26,624008002
2021/06/27,930325854
2021/06/28,920417991
2021/06/29,878443192
2021/06/30,875773176
2021/07/01,874828340
2021/07/02,860258532
2021/07/03,821785053
2021/07/04,860959416
2021/07/05,854008946
2021/07/06,833468708
2021/07/07,820240928
2021/07/08,793406215
2021/07/09,799257962
2021/07/10,768525670
2021/07/11,835125498
2021/07/12,833253622
2021/07/13,826244494
2021/07/14,814721707
2021/07/15,790927432
2021/07/16,736369897
2021/07/17,733224037
2021/07/18,795277959
2021/07/19,795836234
2021/07/20,755676296
2021/07/21,776855724
2021/07/22,782145068
2021/07/23,779964813
2021/07/24,768904780
2021/07/25,807616705
2021/07/26,869314852
2021/07/27,642804408
2021/07/28,682120534
2021/07/29,743245143
2021/07/30,785241368
2021/07/31,784075471
2021/08/01,791601769
2021/08/02,793883411
2021/08/03,736496910
2021/08/04,746601455
2021/08/05,763935606
2021/08/06,809778796
2021/08/07,812888421
2021/08/08,845236223
2021/08/09,829455209
2021/08/10,749312178
2021/08/11,785390899
2021/08/12,800624844
2021/08/13,830073282
2021/08/14,844746667
2021/08/15,906133229
2021/08/16,865397428
2021/08/17,711979593
2021/08/18,714526614
2021/08/19,723777228
2021/08/20,764351763
2021/08/21,773431479
2021/08/22,842597104
2021/08/23,829883203
2021/08/24,707878517
2021/08/25,709364643
2021/08/26,712893269
2021/08/27,717586415
2021/08/28,718658834
2021/08/29,784449895
2021/08/30,756786730
2021/08/31,684158451
2021/09/01,731652699
2021/09/02,800631052
2021/09/03,847848498
2021/09/04,859316893
2021/09/05,904336131
2021/09/06,887264246
2021/09/07,811907938
2021/09/08,826703720
2021/09/09,842858479
2021/09/10,842010574
2021/09/11,873643592
2021/09/12,968577133
2021/09/13,922419619
2021/09/14,800869224
2021/09/15,806449222
2021/09/16,818412640
2021/09/17,830078136
2021/09/18,849377729
2021/09/19,915900648
2021/09/20,898912933
2021/09/21,776718496
2021/09/22,782932427
2021/09/23,787199064
2021/09/24,803971008
2021/09/25,855818814
2021/09/26,955886476
2021/09/27,922718141
2021/09/28,804293466
2021/09/29,808264861
2021/09/30,850217657
2021/10/01,843762217
2021/10/02,800155752
2021/10/03,802099754
2021/10/04,794553013
2021/10/05,831993631
2021/10/06,831053300
2021/10/07,979217082
2021/10/08,990796734
2021/10/09,984243451
2021/10/10,1047653095
2021/10/11,1021365218
2021/10/12,887424544
2021/10/13,914719705
2021/10/14,928499469
2021/10/15,970450337
2021/10/16,969773705
2021/10/17,1034382924
2021/10/18,1016861723
2021/10/19,960159298
2021/10/20,981626144
2021/10/21,1057448191
2021/10/22,1067434943
2021/10/23,1134103518
2021/10/24,1233295441
2021/10/25,1145385792
2021/10/26,981590626
2021/10/27,986394669
2021/10/28,999179702
2021/10/29,995306610
2021/10/30,1002405696
2021/10/31,1106621622
2021/11/01,1114552013
2021/11/02,1023841953
2021/11/03,1026843753
2021/11/04,988928609
2021/11/05,989455323
2021/11/06,954620669
2021/11/07,1025609981
2021/11/08,1008193302
2021/11/09,992748635
2021/11/10,1010630232
2021/11/11,1017783932
2021/11/12,1014656213
2021/11/13,1065018203
2021/11/14,1138439885
2021/11/15,1143776121
2021/11/16,1040752370
2021/11/17,1044018268
2021/11/18,1013739142
2021/11/19,1008645657
2021/11/20,965902496
2021/11/21,1046261277
2021/11/22,964505059
2021/11/23,826979824
2021/11/24,840706553
2021/11/25,834925780
2021/11/26,835482722
2021/11/27,865781830
2021/11/28,953209194
2021/11/29,964309912
2021/11/30,863784271
2021/12/01,859170485
2021/12/02,889365741
2021/12/03,890508717
2021/12/04,902527622
2021/12/05,1016427978
2021/12/06,971403663
2021/12/07,892795997
2021/12/08,894027284
2021/12/09,776803064
2021/12/10,753309085
2021/12/11,812149268
2021/12/12,910757727
2021/12/13,880276264
