Date,transactions3roc
2010/07/17,-95.769
2010/07/18,-64.873
2010/07/19,-47.633
2010/07/20,75.745
2010/07/21,3.226
2010/07/22,-37.571
2010/07/23,-47.458
2010/07/24,175.391
2010/07/25,620.362
2010/07/26,3.226
2010/07/27,-63.121
2010/07/28,12.563
2010/07/29,653.125
2010/07/30,-45
2010/07/31,-94.866
2010/08/01,-92.59
2010/08/02,9.091
2010/08/03,357.609
2010/08/04,56.8
2010/08/05,90.385
2010/08/06,-49.644
2010/08/07,-39.796
2010/08/08,-35.354
2010/08/09,10.377
2010/08/10,26.271
2010/08/11,-6.771
2010/08/12,-25.214
2010/08/13,102.013
2010/08/14,-14.525
2010/08/15,-38.286
2010/08/16,1.661
2010/08/17,23.529
2010/08/18,125.926
2010/08/19,-37.908
2010/08/20,21.693
2010/08/21,-30.738
2010/08/22,-18.947
2010/08/23,-32.174
2010/08/24,-2.959
2010/08/25,-3.247
2010/08/26,1.282
2010/08/27,-25
2010/08/28,13.423
2010/08/29,-37.975
2010/08/30,46.341
2010/08/31,52.071
2010/09/01,127.551
2010/09/02,-8.333
2010/09/03,-39.689
2010/09/04,-58.296
2010/09/05,-11.515
2010/09/06,-22.581
2010/09/07,31.183
2010/09/08,19.178
2010/09/09,57.5
2010/09/10,50
2010/09/11,-16.667
2010/09/12,6.878
2010/09/13,44.809
2010/09/14,52.414
2010/09/15,29.208
2010/09/16,-17.358
2010/09/17,-30.769
2010/09/18,-37.931
2010/09/19,-33.333
2010/09/20,71.242
2010/09/21,293.827
2010/09/22,241.781
2010/09/23,60.687
2010/09/24,-57.21
2010/09/25,-34.87
2010/09/26,-53.682
2010/09/27,36.996
2010/09/28,-14.154
2010/09/29,315.897
2010/09/30,-41.444
2010/10/01,54.122
2010/10/02,-50.555
2010/10/03,16.438
2010/10/04,-40.93
2010/10/05,-38.903
2010/10/06,-7.451
2010/10/07,-29.134
2010/10/08,-14.694
2010/10/09,2.966
2010/10/10,2.778
2010/10/11,-12.44
2010/10/12,-18.93
2010/10/13,1.622
2010/10/14,-11.475
2010/10/15,-23.35
2010/10/16,-2.66
2010/10/17,15.432
2010/10/18,118.543
2010/10/19,265.027
2010/10/20,140.107
2010/10/21,10.909
2010/10/22,-32.934
2010/10/23,-23.831
2010/10/24,-5.191
2010/10/25,-53.795
2010/10/26,-19.006
2010/10/27,2.305
2010/10/28,28.986
2010/10/29,-11.913
2010/10/30,-50.986
2010/10/31,-52.06
2010/11/01,-28.689
2010/11/02,-36.782
2010/11/03,22.656
2010/11/04,-18.966
2010/11/05,102.727
2010/11/06,12.102
2010/11/07,48.936
2010/11/08,7.623
2010/11/09,9.091
2010/11/10,-7.619
2010/11/11,-26.667
2010/11/12,-39.062
2010/11/13,-38.144
2010/11/14,-9.091
2010/11/15,3892
2010/11/16,7323
2010/11/17,17.5
2010/11/18,-73.517
2010/11/19,6.444
2010/11/20,5014
2010/11/21,700.647
2010/11/22,-98.102
2010/11/23,-97.91
2010/11/24,-62.046
2010/11/25,2568
2010/11/26,457.214
2010/11/27,-92.95
2010/11/28,-94.127
2010/11/29,-78.125
2010/11/30,-4.906
2010/12/01,14.894
2010/12/02,11.02
2010/12/03,-22.619
2010/12/04,-41.667
2010/12/05,-28.309
2010/12/06,14.872
2010/12/07,76.72
2010/12/08,46.154
2010/12/09,17.411
2010/12/10,-32.335
2010/12/11,31.579
2010/12/12,79.468
2010/12/13,123.451
2010/12/14,28.533
2010/12/15,-5.508
2010/12/16,-29.109
2010/12/17,-38.589
2010/12/18,-24.215
2010/12/19,2.514
2010/12/20,161.149
2010/12/21,28.402
2010/12/22,36.785
2010/12/23,-51.617
2010/12/24,-11.751
2010/12/25,-7.171
2010/12/26,17.38
2010/12/27,-6.005
2010/12/28,5.579
2010/12/29,-20.729
2010/12/30,17.778
2010/12/31,-20.122
2011/01/01,37.356
2011/01/02,-7.075
2011/01/03,147.328
2011/01/04,75.314
2011/01/05,193.401
2011/01/06,-43.107
2011/01/07,2.148
2011/01/08,9.516
2011/01/09,91.682
2011/01/10,34.346
2011/01/11,-6.003
2011/01/12,-6.132
2011/01/13,-6.261
2011/01/14,-9.16
2011/01/15,-19.095
2011/01/16,-29.777
2011/01/17,-39.963
2011/01/18,-15.901
2011/01/19,-1.189
2011/01/20,13.713
2011/01/21,46.529
2011/01/22,68.048
2011/01/23,23.442
2011/01/24,14.012
2011/01/25,-41.687
2011/01/26,-9.44
2011/01/27,-39.788
2011/01/28,25.921
2011/01/29,43.758
2011/01/30,257.709
2011/01/31,32.503
2011/02/01,-28.415
2011/02/02,-69.704
2011/02/03,-48.569
2011/02/04,-10.483
2011/02/05,-11.518
2011/02/06,16.375
2011/02/07,-9.342
2011/02/08,3.828
2011/02/09,41.393
2011/02/10,168.215
2011/02/11,219.912
2011/02/12,65.797
2011/02/13,-12.121
2011/02/14,-16.551
2011/02/15,16.492
2011/02/16,14.409
2011/02/17,11.547
2011/02/18,-7.754
2011/02/19,-23.466
2011/02/20,-13.769
2011/02/21,-3.688
2011/02/22,39.592
2011/02/23,16.025
2011/02/24,7.095
2011/02/25,-7.557
2011/02/26,-17.03
2011/02/27,6.467
2011/02/28,-14.441
2011/03/01,55.072
2011/03/02,-9.086
2011/03/03,92.229
2011/03/04,-32.243
2011/03/05,-3.802
2011/03/06,-41.783
2011/03/07,-2.612
2011/03/08,27.216
2011/03/09,-4.724
2011/03/10,-9.563
2011/03/11,-22.148
2011/03/12,68.22
2011/03/13,67.247
2011/03/14,44.299
2011/03/15,-2.628
2011/03/16,17.463
2011/03/17,27.46
2011/03/18,-17.907
2011/03/19,0.886
2011/03/20,22.102
2011/03/21,153.532
2011/03/22,-31.067
2011/03/23,12.034
2011/03/24,-64.745
2011/03/25,-13.827
2011/03/26,-27.555
2011/03/27,15.308
2011/03/28,51.314
2011/03/29,-20.081
2011/03/30,-31.034
2011/03/31,-31.451
2011/04/01,-45.088
2011/04/02,-0.5
2011/04/03,-13.939
2011/04/04,51.889
2011/04/05,20.917
2011/04/06,5.276
2011/04/07,-28.203
2011/04/08,-16.831
2011/04/09,-8.1
2011/04/10,2.68
2011/04/11,11.181
2011/04/12,21.37
2011/04/13,38.574
2011/04/14,52.865
2011/04/15,-1.672
2011/04/16,-9.003
2011/04/17,-23.668
2011/04/18,53.401
2011/04/19,73.852
2011/04/20,36.013
2011/04/21,-38.76
2011/04/22,-44.222
2011/04/23,-24.319
2011/04/24,19.4
2011/04/25,24.935
2011/04/26,52.479
2011/04/27,108.29
2011/04/28,19.625
2011/04/29,2.27
2011/04/30,-2.57
2011/05/01,31.313
2011/05/02,-13.077
2011/05/03,-36.064
2011/05/04,-30.955
2011/05/05,11.974
2011/05/06,12.158
2011/05/07,41.106
2011/05/08,-17.442
2011/05/09,6.673
2011/05/10,-19.194
2011/05/11,8.212
2011/05/12,-2.594
2011/05/13,29.953
2011/05/14,43.912
2011/05/15,11.216
2011/05/16,6.352
2011/05/17,0.839
2011/05/18,49.099
2011/05/19,9.508
2011/05/20,8.747
2011/05/21,-10.372
2011/05/22,11.977
2011/05/23,19.322
2011/05/24,17.327
2011/05/25,18.31
2011/05/26,22.202
2011/05/27,-15.81
2011/05/28,-18.367
2011/05/29,-31.45
2011/05/30,10.606
2011/05/31,21.717
2011/06/01,38.902
2011/06/02,34.015
2011/06/03,39.337
2011/06/04,35.186
2011/06/05,20.703
2011/06/06,14.941
2011/06/07,2.853
2011/06/08,38.717
2011/06/09,26.23
2011/06/10,25.068
2011/06/11,-8.469
2011/06/12,2.116
2011/06/13,-0.244
2011/06/14,30.681
2011/06/15,0.975
2011/06/16,14.039
2011/06/17,-20.135
2011/06/18,-7.788
2011/06/19,-10.481
2011/06/20,-1.071
2011/06/21,-16.848
2011/06/22,0.089
2011/06/23,-7.397
2011/06/24,13.279
2011/06/25,-15.179
2011/06/26,-3.36
2011/06/27,8.182
2011/06/28,10.565
2011/06/29,-0.061
2011/06/30,-18.451
2011/07/01,-1.222
2011/07/02,-20.153
2011/07/03,-13.192
2011/07/04,-9.549
2011/07/05,12.447
2011/07/06,26.381
2011/07/07,-4.081
2011/07/08,-5.246
2011/07/09,-25.671
2011/07/10,-8.774
2011/07/11,23.951
2011/07/12,3.947
2011/07/13,9.049
2011/07/14,-17.307
2011/07/15,-2.123
2011/07/16,-3.144
2011/07/17,-4.235
2011/07/18,12.379
2011/07/19,3.716
2011/07/20,6.152
2011/07/21,-9.028
2011/07/22,-2.245
2011/07/23,-16.583
2011/07/24,0.524
2011/07/25,5.43
2011/07/26,12.725
2011/07/27,-2.881
2011/07/28,-14.549
2011/07/29,-12.729
2011/07/30,-22.555
2011/07/31,-0.502
2011/08/01,12.292
2011/08/02,43.025
2011/08/03,-4.341
2011/08/04,1.843
2011/08/05,-16.657
2011/08/06,-11.451
2011/08/07,-19.491
2011/08/08,-1.233
2011/08/09,35.176
2011/08/10,24.286
2011/08/11,4.6
2011/08/12,-22.473
2011/08/13,-11.182
2011/08/14,-1.609
2011/08/15,17.287
2011/08/16,30.614
2011/08/17,3.366
2011/08/18,-11.867
2011/08/19,-21.173
2011/08/20,-7.211
2011/08/21,3.246
2011/08/22,2.178
2011/08/23,1.179
2011/08/24,-3.65
2011/08/25,-7.063
2011/08/26,2.134
2011/08/27,-13.743
2011/08/28,-22.981
2011/08/29,9.376
2011/08/30,22.744
2011/08/31,30.404
2011/09/01,-11.086
2011/09/02,-10.29
2011/09/03,-19.014
2011/09/04,0.707
2011/09/05,0.189
2011/09/06,32.855
2011/09/07,-2.386
2011/09/08,-7.482
2011/09/09,-5.951
2011/09/10,-15.732
2011/09/11,-0.785
2011/09/12,-10.8
2011/09/13,8.823
2011/09/14,-4.179
2011/09/15,-1.925
2011/09/16,-4.501
2011/09/17,-12.124
2011/09/18,-7.756
2011/09/19,7.159
2011/09/20,50.47
2011/09/21,29.341
2011/09/22,-8.198
2011/09/23,-22.611
2011/09/24,-25.723
2011/09/25,-6.777
2011/09/26,-11.138
2011/09/27,6.59
2011/09/28,5.103
2011/09/29,-0.745
2011/09/30,-3.77
2011/10/01,-10.886
2011/10/02,-10.066
2011/10/03,11.022
2011/10/04,8.908
2011/10/05,14.489
2011/10/06,-9.285
2011/10/07,-2.826
2011/10/08,-6.097
2011/10/09,-7.849
2011/10/10,4.028
2011/10/11,10.486
2011/10/12,9.362
2011/10/13,-15.142
2011/10/14,2.313
2011/10/15,-6.588
2011/10/16,-0.512
2011/10/17,-5.174
2011/10/18,-12.893
2011/10/19,2.777
2011/10/20,-19.936
2011/10/21,7.211
2011/10/22,0.38
2011/10/23,21.306
2011/10/24,14.199
2011/10/25,1.615
2011/10/26,-6.273
2011/10/27,-21.181
2011/10/28,-1.648
2011/10/29,6.363
2011/10/30,6.38
2011/10/31,0.758
2011/11/01,2.626
2011/11/02,19.881
2011/11/03,21.323
2011/11/04,13.613
2011/11/05,-0.942
2011/11/06,-20.202
2011/11/07,-16.096
2011/11/08,1.09
2011/11/09,28.569
2011/11/10,19.314
2011/11/11,-14.902
2011/11/12,-20.725
2011/11/13,-18.281
2011/11/14,15.903
2011/11/15,19.201
2011/11/16,13.059
2011/11/17,-16.392
2011/11/18,-15.233
2011/11/19,-22.188
2011/11/20,3.361
2011/11/21,-7.625
2011/11/22,16.301
2011/11/23,9.675
2011/11/24,5.439
2011/11/25,0
2011/11/26,-15.227
2011/11/27,0.856
2011/11/28,8.447
2011/11/29,35.492
2011/11/30,35.335
2011/12/01,6.324
2011/12/02,-1.657
2011/12/03,-18.163
2011/12/04,-14.927
2011/12/05,-1.507
2011/12/06,42.49
2011/12/07,14.25
2011/12/08,-6.958
2011/12/09,-30.306
2011/12/10,-7.721
2011/12/11,-9.671
2011/12/12,-12.976
2011/12/13,-4.698
2011/12/14,8.417
2011/12/15,0.063
2011/12/16,-4.323
2011/12/17,-12.565
2011/12/18,-5.276
2011/12/19,12.663
2011/12/20,27.215
2011/12/21,20.945
2011/12/22,0.457
2011/12/23,-10.08
2011/12/24,-16.857
2011/12/25,-10.489
2011/12/26,-1.372
2011/12/27,12.253
2011/12/28,-5.223
2011/12/29,-7.138
2011/12/30,-3.099
2011/12/31,2.91
2012/01/01,-4.454
2012/01/02,7.13
2012/01/03,12.595
2012/01/04,15.14
2012/01/05,30.196
2012/01/06,15.301
2012/01/07,2.49
2012/01/08,-8.851
2012/01/09,-8.111
2012/01/10,14.246
2012/01/11,11.937
2012/01/12,9.97
2012/01/13,2.616
2012/01/14,-4.709
2012/01/15,-5.626
2012/01/16,1.372
2012/01/17,-0.931
2012/01/18,5.605
2012/01/19,-0.691
2012/01/20,0.607
2012/01/21,-4.863
2012/01/22,-23.149
2012/01/23,-10.625
2012/01/24,14.947
2012/01/25,50.569
2012/01/26,8.938
2012/01/27,-13.087
2012/01/28,-26.213
2012/01/29,-3.111
2012/01/30,-3.47
2012/01/31,17.52
2012/02/01,1.63
2012/02/02,17.121
2012/02/03,1.727
2012/02/04,11.303
2012/02/05,-5.325
2012/02/06,-13.088
2012/02/07,-2.895
2012/02/08,3.724
2012/02/09,22.588
2012/02/10,20.989
2012/02/11,9.449
2012/02/12,-6.414
2012/02/13,-5.566
2012/02/14,24.2
2012/02/15,33.92
2012/02/16,19.656
2012/02/17,-29.141
2012/02/18,-31.055
2012/02/19,-38.291
2012/02/20,-6.444
2012/02/21,-0.851
2012/02/22,21.293
2012/02/23,26.601
2012/02/24,7.789
2012/02/25,-12.708
2012/02/26,-27.74
2012/02/27,-2.949
2012/02/28,6.904
2012/02/29,15.324
2012/03/01,1.2
2012/03/02,14.41
2012/03/03,-22.416
2012/03/04,-3.093
2012/03/05,-9.013
2012/03/06,22.803
2012/03/07,0.418
2012/03/08,-5.165
2012/03/09,1.653
2012/03/10,-19.688
2012/03/11,-21.478
2012/03/12,-5.668
2012/03/13,39.001
2012/03/14,32.796
2012/03/15,3.146
2012/03/16,-6.261
2012/03/17,-0.769
2012/03/18,-4.608
2012/03/19,-4.025
2012/03/20,-0.477
2012/03/21,16.38
2012/03/22,-1.229
2012/03/23,-9.649
2012/03/24,-9.515
2012/03/25,-5.817
2012/03/26,7.264
2012/03/27,5.153
2012/03/28,17.077
2012/03/29,14.054
2012/03/30,2.519
2012/03/31,-15.051
2012/04/01,-26.515
2012/04/02,-4.765
2012/04/03,26.304
2012/04/04,29.238
2012/04/05,8.732
2012/04/06,-13.713
2012/04/07,-15.059
2012/04/08,-16.582
2012/04/09,-1.402
2012/04/10,39.825
2012/04/11,33.859
2012/04/12,26.147
2012/04/13,-16.861
2012/04/14,2.216
2012/04/15,-11.013
2012/04/16,21.813
2012/04/17,-2.764
2012/04/18,16.327
2012/04/19,-8.117
2012/04/20,6.01
2012/04/21,-16.604
2012/04/22,-19.747
2012/04/23,-14.291
2012/04/24,6.74
2012/04/25,19.569
2012/04/26,42.689
2012/04/27,-6.142
2012/04/28,-2.086
2012/04/29,-24.075
2012/04/30,30.793
2012/05/01,37.979
2012/05/02,30.172
2012/05/03,49.935
2012/05/04,38.842
2012/05/05,30.556
2012/05/06,-20.65
2012/05/07,29.705
2012/05/08,36.724
2012/05/09,55.461
2012/05/10,-35.537
2012/05/11,7.838
2012/05/12,6.552
2012/05/13,25.264
2012/05/14,49.117
2012/05/15,21.469
2012/05/16,23.018
2012/05/17,-40.379
2012/05/18,10.093
2012/05/19,96.33
2012/05/20,86.23
2012/05/21,29.347
2012/05/22,-33.726
2012/05/23,-12.834
2012/05/24,-15.929
2012/05/25,23.595
2012/05/26,-15.255
2012/05/27,-0.665
2012/05/28,3.006
2012/05/29,28.323
2012/05/30,-3.192
2012/05/31,-29.822
2012/06/01,-9.34
2012/06/02,-50.332
2012/06/03,60.23
2012/06/04,70.09
2012/06/05,249.818
2012/06/06,-52.81
2012/06/07,-27.781
2012/06/08,-46.274
2012/06/09,108.306
2012/06/10,22.656
2012/06/11,36.349
2012/06/12,-44.989
2012/06/13,39.672
2012/06/14,90.738
2012/06/15,203.129
2012/06/16,-23.865
2012/06/17,-29.195
2012/06/18,-29.057
2012/06/19,-16.953
2012/06/20,-26.618
2012/06/21,-31.494
2012/06/22,-34.589
2012/06/23,-31.033
2012/06/24,-16.457
2012/06/25,21.906
2012/06/26,35.896
2012/06/27,37.963
2012/06/28,-7.612
2012/06/29,-24.447
2012/06/30,-26.784
2012/07/01,-27.482
2012/07/02,9.96
2012/07/03,0.093
2012/07/04,20.278
2012/07/05,-13.987
2012/07/06,5.572
2012/07/07,10.581
2012/07/08,-3.968
2012/07/09,5.071
2012/07/10,37.255
2012/07/11,50.712
2012/07/12,-3.256
2012/07/13,-30.166
2012/07/14,-27.285
2012/07/15,8.496
2012/07/16,28.024
2012/07/17,54.817
2012/07/18,23.766
2012/07/19,-1.054
2012/07/20,4.616
2012/07/21,6.225
2012/07/22,12.314
2012/07/23,-11.158
2012/07/24,-18.124
2012/07/25,-21.72
2012/07/26,-6.201
2012/07/27,-4.364
2012/07/28,29.116
2012/07/29,12.375
2012/07/30,26.845
2012/07/31,17.96
2012/08/01,-11.403
2012/08/02,-3.428
2012/08/03,-33.253
2012/08/04,-5.098
2012/08/05,0.297
2012/08/06,27.67
2012/08/07,2.027
2012/08/08,20.692
2012/08/09,-15.564
2012/08/10,-4.144
2012/08/11,-17.577
2012/08/12,15.803
2012/08/13,72.621
2012/08/14,4.179
2012/08/15,53.151
2012/08/16,-4.904
2012/08/17,17.663
2012/08/18,-29.906
2012/08/19,-20.625
2012/08/20,-11.76
2012/08/21,14.134
2012/08/22,2.581
2012/08/23,-11.244
2012/08/24,-23.945
2012/08/25,-11.711
2012/08/26,-7.304
2012/08/27,2.565
2012/08/28,-10.853
2012/08/29,16.019
2012/08/30,2.455
2012/08/31,36.369
2012/09/01,19.306
2012/09/02,-0.995
2012/09/03,-5.936
2012/09/04,-2.019
2012/09/05,22.532
2012/09/06,11.917
2012/09/07,-16.279
2012/09/08,-24.239
2012/09/09,-26.547
2012/09/10,0.501
2012/09/11,22.728
2012/09/12,-10.746
2012/09/13,-13.7
2012/09/14,-5.578
2012/09/15,-2.996
2012/09/16,-2.218
2012/09/17,-32.479
2012/09/18,20.477
2012/09/19,13.577
2012/09/20,28.223
2012/09/21,-7.583
2012/09/22,-31.888
2012/09/23,-10.565
2012/09/24,-3.781
2012/09/25,9.978
2012/09/26,15.919
2012/09/27,-2.931
2012/09/28,35.66
2012/09/29,-26.18
2012/09/30,-27.237
2012/10/01,-24.575
2012/10/02,37.391
2012/10/03,29.387
2012/10/04,32.07
2012/10/05,10.702
2012/10/06,22.539
2012/10/07,6.517
2012/10/08,4.962
2012/10/09,8.583
2012/10/10,-10.185
2012/10/11,-27.573
2012/10/12,-19.157
2012/10/13,6.001
2012/10/14,-0.94
2012/10/15,8.005
2012/10/16,4.359
2012/10/17,16.066
2012/10/18,-8.852
2012/10/19,-26.645
2012/10/20,-4.379
2012/10/21,44.74
2012/10/22,70.501
2012/10/23,5.339
2012/10/24,-21.243
2012/10/25,-37.542
2012/10/26,-31.783
2012/10/27,-49.619
2012/10/28,-33.722
2012/10/29,-1.93
2012/10/30,89.639
2012/10/31,55.127
2012/11/01,10.116
2012/11/02,-5.741
2012/11/03,-13.973
2012/11/04,2.749
2012/11/05,11.013
2012/11/06,34.093
2012/11/07,50.424
2012/11/08,0.74
2012/11/09,-21.494
2012/11/10,-25.763
2012/11/11,-27.442
2012/11/12,-4.935
2012/11/13,0.096
2012/11/14,27.127
2012/11/15,57.621
2012/11/16,45.608
2012/11/17,8.872
2012/11/18,-9.283
2012/11/19,-6.422
2012/11/20,13.313
2012/11/21,14.487
2012/11/22,-16.372
2012/11/23,-12.331
2012/11/24,-24.02
2012/11/25,18.969
2012/11/26,11.052
2012/11/27,-7.045
2012/11/28,1.35
2012/11/29,4.242
2012/11/30,7.819
2012/12/01,-10.136
2012/12/02,-45.076
2012/12/03,-27.405
2012/12/04,-3.244
2012/12/05,64.306
2012/12/06,72.118
2012/12/07,-0.707
2012/12/08,-1.743
2012/12/09,-13.755
2012/12/10,12.687
2012/12/11,10.894
2012/12/12,14.634
2012/12/13,17.479
2012/12/14,6.204
2012/12/15,-11.902
2012/12/16,-16.56
2012/12/17,5.135
2012/12/18,54.073
2012/12/19,26.178
2012/12/20,-12.443
2012/12/21,-10.532
2012/12/22,14.526
2012/12/23,2.234
2012/12/24,-19.065
2012/12/25,-44
2012/12/26,-0.503
2012/12/27,21.268
2012/12/28,64.003
2012/12/29,4.211
2012/12/30,3.782
2012/12/31,-36.283
2013/01/01,-16.415
2013/01/02,-13.253
2013/01/03,40.932
2013/01/04,52.631
2013/01/05,0.446
2013/01/06,-21.985
2013/01/07,-17.169
2013/01/08,-2.443
2013/01/09,30.957
2013/01/10,30.588
2013/01/11,36.738
2013/01/12,5.78
2013/01/13,-5.886
2013/01/14,-15.635
2013/01/15,-1.423
2013/01/16,8.498
2013/01/17,8.076
2013/01/18,9.169
2013/01/19,4.707
2013/01/20,-14.062
2013/01/21,-17.767
2013/01/22,-22.151
2013/01/23,12.878
2013/01/24,14.28
2013/01/25,10.929
2013/01/26,12.154
2013/01/27,19.965
2013/01/28,7.564
2013/01/29,-1.274
2013/01/30,-25.689
2013/01/31,-1.14
2013/02/01,14.919
2013/02/02,32.255
2013/02/03,18.542
2013/02/04,-7.418
2013/02/05,-1.95
2013/02/06,-30.452
2013/02/07,11.382
2013/02/08,14.116
2013/02/09,35.837
2013/02/10,-7.86
2013/02/11,-5.488
2013/02/12,1.397
2013/02/13,4.685
2013/02/14,-11.592
2013/02/15,-5.04
2013/02/16,-13.026
2013/02/17,-2.619
2013/02/18,-9.474
2013/02/19,6.081
2013/02/20,20.442
2013/02/21,11.007
2013/02/22,14.056
2013/02/23,-3.078
2013/02/24,2.275
2013/02/25,7.966
2013/02/26,9.615
2013/02/27,6.575
2013/02/28,-6.105
2013/03/01,1.756
2013/03/02,-8.355
2013/03/03,-13.611
2013/03/04,-0.805
2013/03/05,1.884
2013/03/06,15.299
2013/03/07,4.298
2013/03/08,-1.819
2013/03/09,-11.545
2013/03/10,10.585
2013/03/11,6.155
2013/03/12,-12.691
2013/03/13,-23.252
2013/03/14,-2.089
2013/03/15,29.484
2013/03/16,-39.837
2013/03/17,-39.3
2013/03/18,-30.843
2013/03/19,35.064
2013/03/20,31.094
2013/03/21,27.835
2013/03/22,31.384
2013/03/23,14.397
2013/03/24,-7.589
2013/03/25,-19.064
2013/03/26,-7.186
2013/03/27,3.774
2013/03/28,24.477
2013/03/29,26.937
2013/03/30,11.205
2013/03/31,-27.94
2013/04/01,-15.323
2013/04/02,6.899
2013/04/03,45.528
2013/04/04,26.946
2013/04/05,-2.98
2013/04/06,-19.15
2013/04/07,-5.036
2013/04/08,0.506
2013/04/09,29.576
2013/04/10,0.494
2013/04/11,10.926
2013/04/12,-12.404
2013/04/13,-16.235
2013/04/14,-18.944
2013/04/15,-7.152
2013/04/16,26.725
2013/04/17,2.2
2013/04/18,-14.445
2013/04/19,-12.154
2013/04/20,-14.835
2013/04/21,-5.241
2013/04/22,-20.794
2013/04/23,27.731
2013/04/24,47.251
2013/04/25,32.637
2013/04/26,-10.418
2013/04/27,-31.82
2013/04/28,-33.163
2013/04/29,-6.337
2013/04/30,7.3
2013/05/01,32.31
2013/05/02,7.157
2013/05/03,8.061
2013/05/04,-9.196
2013/05/05,-9.274
2013/05/06,3.704
2013/05/07,12.904
2013/05/08,0.213
2013/05/09,25.268
2013/05/10,19.697
2013/05/11,45.642
2013/05/12,-2.027
2013/05/13,-10.169
2013/05/14,-9.429
2013/05/15,-1.885
2013/05/16,0.306
2013/05/17,-11.68
2013/05/18,-18.685
2013/05/19,-21.875
2013/05/20,-16.865
2013/05/21,3.313
2013/05/22,8.749
2013/05/23,22.433
2013/05/24,2.679
2013/05/25,-1.387
2013/05/26,-31.965
2013/05/27,-4.798
2013/05/28,11.341
2013/05/29,35.339
2013/05/30,8.872
2013/05/31,-4.816
2013/06/01,-1.446
2013/06/02,-13.099
2013/06/03,2.751
2013/06/04,6.12
2013/06/05,13.323
2013/06/06,-2.163
2013/06/07,-9.375
2013/06/08,-14.792
2013/06/09,-18.629
2013/06/10,-13.841
2013/06/11,3.01
2013/06/12,3.141
2013/06/13,-4.058
2013/06/14,1.029
2013/06/15,-21.992
2013/06/16,-0.525
2013/06/17,-8.389
2013/06/18,28.676
2013/06/19,9.616
2013/06/20,14.33
2013/06/21,2.141
2013/06/22,-5.282
2013/06/23,-26.774
2013/06/24,-5.899
2013/06/25,0.122
2013/06/26,18.546
2013/06/27,4.232
2013/06/28,11.043
2013/06/29,-19.97
2013/06/30,-32.987
2013/07/01,-21.084
2013/07/02,8.58
2013/07/03,14.763
2013/07/04,-9.864
2013/07/05,-6.699
2013/07/06,-6.117
2013/07/07,-14.112
2013/07/08,7.017
2013/07/09,22.486
2013/07/10,29.41
2013/07/11,9.694
2013/07/12,18.351
2013/07/13,-3.15
2013/07/14,-19.646
2013/07/15,-23.939
2013/07/16,3.742
2013/07/17,16.392
2013/07/18,12.077
2013/07/19,-6.73
2013/07/20,-17.161
2013/07/21,-14.026
2013/07/22,8.817
2013/07/23,14.247
2013/07/24,19.698
2013/07/25,6.455
2013/07/26,-2.826
2013/07/27,-13.011
2013/07/28,-12.387
2013/07/29,11.892
2013/07/30,14.233
2013/07/31,32.854
2013/08/01,21.84
2013/08/02,22.78
2013/08/03,-7.617
2013/08/04,-15.692
2013/08/05,-1.315
2013/08/06,18.876
2013/08/07,34.262
2013/08/08,13.786
2013/08/09,-8.704
2013/08/10,-10.336
2013/08/11,-33.919
2013/08/12,1.11
2013/08/13,2.743
2013/08/14,34.775
2013/08/15,15.89
2013/08/16,34.13
2013/08/17,9.446
2013/08/18,-3.03
2013/08/19,0.262
2013/08/20,11.857
2013/08/21,7.352
2013/08/22,-6.383
2013/08/23,-12.753
2013/08/24,-14.421
2013/08/25,-33.485
2013/08/26,1.687
2013/08/27,20.111
2013/08/28,45.767
2013/08/29,5.142
2013/08/30,0.613
2013/08/31,-26.773
2013/09/01,-21.132
2013/09/02,-18.185
2013/09/03,9.913
2013/09/04,13.884
2013/09/05,18.609
2013/09/06,16.733
2013/09/07,-1.882
2013/09/08,-23.544
2013/09/09,-5.262
2013/09/10,2.451
2013/09/11,5.865
2013/09/12,-9.371
2013/09/13,-15.938
2013/09/14,-11.565
2013/09/15,2.695
2013/09/16,15.911
2013/09/17,56.32
2013/09/18,12.89
2013/09/19,15.26
2013/09/20,-13.222
2013/09/21,-13.376
2013/09/22,-14.969
2013/09/23,10.756
2013/09/24,19.253
2013/09/25,7.183
2013/09/26,-11.878
2013/09/27,-25.069
2013/09/28,-21.97
2013/09/29,-28.531
2013/09/30,0.537
2013/10/01,34.387
2013/10/02,50.625
2013/10/03,26.3
2013/10/04,-9.167
2013/10/05,-26.732
2013/10/06,-28.104
2013/10/07,-14.237
2013/10/08,-0.641
2013/10/09,18.331
2013/10/10,27.641
2013/10/11,15.048
2013/10/12,-2.444
2013/10/13,-9.845
2013/10/14,10.563
2013/10/15,12.801
2013/10/16,-0.914
2013/10/17,-18.354
2013/10/18,7.024
2013/10/19,8.835
2013/10/20,5.387
2013/10/21,1.296
2013/10/22,17.635
2013/10/23,11.934
2013/10/24,5.277
2013/10/25,-11.677
2013/10/26,-13.664
2013/10/27,-31.39
2013/10/28,-11.019
2013/10/29,4.636
2013/10/30,10.891
2013/10/31,13.825
2013/11/01,-9.257
2013/11/02,-19.216
2013/11/03,-38.322
2013/11/04,0.365
2013/11/05,31.925
2013/11/06,53.391
2013/11/07,33.231
2013/11/08,14.908
2013/11/09,0.385
2013/11/10,-5.007
2013/11/11,-3.166
2013/11/12,5.54
2013/11/13,12.786
2013/11/14,20.993
2013/11/15,4.547
2013/11/16,-27.389
2013/11/17,-26.135
2013/11/18,29.841
2013/11/19,97.412
2013/11/20,51.346
2013/11/21,-9.133
2013/11/22,-17.22
2013/11/23,-6.485
2013/11/24,-15.318
2013/11/25,-6.714
2013/11/26,14.99
2013/11/27,57.115
2013/11/28,37.867
2013/11/29,8.035
2013/11/30,-21.334
2013/12/01,-27.135
2013/12/02,-16.127
2013/12/03,3.27
2013/12/04,10.433
2013/12/05,10.213
2013/12/06,-7.198
2013/12/07,-15.023
2013/12/08,-43.111
2013/12/09,-11.743
2013/12/10,-0.127
2013/12/11,41.999
2013/12/12,-8.5
2013/12/13,-11.108
2013/12/14,-19.781
2013/12/15,-10.206
2013/12/16,15.415
2013/12/17,25.396
2013/12/18,55.974
2013/12/19,1.259
2013/12/20,-3.897
2013/12/21,-31.225
2013/12/22,-24.73
2013/12/23,-16.654
2013/12/24,-0.404
2013/12/25,4.813
2013/12/26,-5.546
2013/12/27,-5.756
2013/12/28,-13.402
2013/12/29,0.119
2013/12/30,5.62
2013/12/31,1.68
2014/01/01,-16.209
2014/01/02,-1.45
2014/01/03,24.98
2014/01/04,21.103
2014/01/05,7.016
2014/01/06,10.446
2014/01/07,20.849
2014/01/08,4.75
2014/01/09,-12.428
2014/01/10,-13.956
2014/01/11,-9.143
2014/01/12,-14.44
2014/01/13,-1.273
2014/01/14,2.821
2014/01/15,22.05
2014/01/16,6.053
2014/01/17,2.898
2014/01/18,-16.326
2014/01/19,-15.361
2014/01/20,6.682
2014/01/21,40.88
2014/01/22,37.225
2014/01/23,0.941
2014/01/24,-9.667
2014/01/25,-18.195
2014/01/26,-15.724
2014/01/27,-1.851
2014/01/28,22.177
2014/01/29,11.417
2014/01/30,-5.572
2014/01/31,-8.418
2014/02/01,-8.199
2014/02/02,-13.734
2014/02/03,-4.437
2014/02/04,27.408
2014/02/05,28.805
2014/02/06,21.873
2014/02/07,1.051
2014/02/08,-3.762
2014/02/09,-19.345
2014/02/10,-5.209
2014/02/11,3.452
2014/02/12,9.757
2014/02/13,0.7
2014/02/14,11.381
2014/02/15,-0.386
2014/02/16,-14.629
2014/02/17,-18.742
2014/02/18,5.73
2014/02/19,21.986
2014/02/20,16.918
2014/02/21,6.12
2014/02/22,-16.369
2014/02/23,-15.586
2014/02/24,6.307
2014/02/25,36.633
2014/02/26,21.844
2014/02/27,-3.986
2014/02/28,-12.277
2014/03/01,-13.336
2014/03/02,-20.059
2014/03/03,15.7
2014/03/04,33.502
2014/03/05,27.863
2014/03/06,-13.267
2014/03/07,-14.532
2014/03/08,-10.817
2014/03/09,-11.9
2014/03/10,-2.001
2014/03/11,18.028
2014/03/12,22.87
2014/03/13,2.697
2014/03/14,-7.304
2014/03/15,-21.028
2014/03/16,-18.559
2014/03/17,-6.026
2014/03/18,-10.221
2014/03/19,24.481
2014/03/20,6.93
2014/03/21,35.019
2014/03/22,-9.697
2014/03/23,-18.677
2014/03/24,-2.894
2014/03/25,7.854
2014/03/26,18.333
2014/03/27,1.061
2014/03/28,-6.721
2014/03/29,-22.098
2014/03/30,-20.732
2014/03/31,-3.054
2014/04/01,20.473
2014/04/02,17.638
2014/04/03,3.019
2014/04/04,2.395
2014/04/05,-16.626
2014/04/06,-25.383
2014/04/07,0.247
2014/04/08,21.723
2014/04/09,30.352
2014/04/10,3.37
2014/04/11,-3.167
2014/04/12,-26.793
2014/04/13,-24.887
2014/04/14,6.807
2014/04/15,52.645
2014/04/16,34.236
2014/04/17,-7.147
2014/04/18,-21.743
2014/04/19,-22.034
2014/04/20,-24.847
2014/04/21,1.941
2014/04/22,45.978
2014/04/23,51.006
2014/04/24,25.206
2014/04/25,-6.959
2014/04/26,-29.513
2014/04/27,-27.695
2014/04/28,-11.141
2014/04/29,24.752
2014/04/30,21.065
2014/05/01,-7.628
2014/05/02,-7.808
2014/05/03,-14.938
2014/05/04,-13.221
2014/05/05,13.069
2014/05/06,42.616
2014/05/07,34.965
2014/05/08,1.674
2014/05/09,-14.164
2014/05/10,-19.276
2014/05/11,-23.749
2014/05/12,12.297
2014/05/13,23.042
2014/05/14,32.839
2014/05/15,0.63
2014/05/16,-5.801
2014/05/17,-23.429
2014/05/18,-33.433
2014/05/19,-1.925
2014/05/20,33.756
2014/05/21,38.179
2014/05/22,14.462
2014/05/23,1.825
2014/05/24,-23.297
2014/05/25,-21.547
2014/05/26,-7.979
2014/05/27,29.724
2014/05/28,25.719
2014/05/29,-2.435
2014/05/30,-5.013
2014/05/31,-27.912
2014/06/01,-15.599
2014/06/02,-1.107
2014/06/03,33.622
2014/06/04,17.85
2014/06/05,3.973
2014/06/06,-10.521
2014/06/07,-21.3
2014/06/08,-27.879
2014/06/09,-3.993
2014/06/10,23.688
2014/06/11,30.119
2014/06/12,8.126
2014/06/13,2.26
2014/06/14,-14.778
2014/06/15,-16.797
2014/06/16,5.417
2014/06/17,30.842
2014/06/18,18.62
2014/06/19,-8.501
2014/06/20,-18.168
2014/06/21,-19.995
2014/06/22,-19.848
2014/06/23,4.974
2014/06/24,26.885
2014/06/25,28.615
2014/06/26,2.034
2014/06/27,-2.977
2014/06/28,-15.574
2014/06/29,-20.117
2014/06/30,11.678
2014/07/01,27.855
2014/07/02,36.075
2014/07/03,-10.541
2014/07/04,-14.402
2014/07/05,-25.212
2014/07/06,-17.083
2014/07/07,8.778
2014/07/08,40.49
2014/07/09,31.454
2014/07/10,-0.124
2014/07/11,-15.787
2014/07/12,-22.026
2014/07/13,-18.926
2014/07/14,6.288
2014/07/15,35.387
2014/07/16,25.202
2014/07/17,5.485
2014/07/18,-11.457
2014/07/19,-9.248
2014/07/20,-21.518
2014/07/21,0.227
2014/07/22,12.362
2014/07/23,28.722
2014/07/24,3.276
2014/07/25,-8.066
2014/07/26,-15.79
2014/07/27,-21.616
2014/07/28,5.313
2014/07/29,9.358
2014/07/30,27.283
2014/07/31,7.761
2014/08/01,10.251
2014/08/02,-16.906
2014/08/03,-23.187
2014/08/04,-0.058
2014/08/05,32.579
2014/08/06,50.07
2014/08/07,3.004
2014/08/08,-6.258
2014/08/09,-24.703
2014/08/10,-17.228
2014/08/11,10.646
2014/08/12,27.13
2014/08/13,30.929
2014/08/14,4.654
2014/08/15,-4.921
2014/08/16,-10.288
2014/08/17,-23.889
2014/08/18,-0.641
2014/08/19,9.936
2014/08/20,22.68
2014/08/21,0.605
2014/08/22,-10.346
2014/08/23,-22.046
2014/08/24,-22.535
2014/08/25,4.363
2014/08/26,26.216
2014/08/27,31.589
2014/08/28,-1.866
2014/08/29,-5.578
2014/08/30,-17.981
2014/08/31,-15.905
2014/09/01,2.634
2014/09/02,17.581
2014/09/03,24.549
2014/09/04,0.577
2014/09/05,-5.391
2014/09/06,-11.868
2014/09/07,-14.798
2014/09/08,11.384
2014/09/09,29.239
2014/09/10,20.273
2014/09/11,-12.914
2014/09/12,-16.452
2014/09/13,-15.657
2014/09/14,2.492
2014/09/15,15.064
2014/09/16,42.574
2014/09/17,18.7
2014/09/18,-1.685
2014/09/19,-20.442
2014/09/20,-20.985
2014/09/21,-22.736
2014/09/22,5.246
2014/09/23,21.842
2014/09/24,25.458
2014/09/25,7.477
2014/09/26,-6.109
2014/09/27,-15.79
2014/09/28,-20.473
2014/09/29,7.409
2014/09/30,23.568
2014/10/01,26.182
2014/10/02,-7.506
2014/10/03,-3.731
2014/10/04,-15.448
2014/10/05,-6.653
2014/10/06,3.923
2014/10/07,18.739
2014/10/08,17.142
2014/10/09,6.102
2014/10/10,2.493
2014/10/11,-17.538
2014/10/12,-23.33
2014/10/13,-3.852
2014/10/14,25.211
2014/10/15,20.115
2014/10/16,-2.826
2014/10/17,-12.969
2014/10/18,-12.868
2014/10/19,-16.493
2014/10/20,16.784
2014/10/21,22.899
2014/10/22,26.466
2014/10/23,-2.514
2014/10/24,-4.603
2014/10/25,-9.355
2014/10/26,-12.238
2014/10/27,7.809
2014/10/28,21.396
2014/10/29,32.384
2014/10/30,10.301
2014/10/31,-2.649
2014/11/01,-25.751
2014/11/02,-16.697
2014/11/03,5.458
2014/11/04,25.958
2014/11/05,15.98
2014/11/06,4.391
2014/11/07,-4.171
2014/11/08,-18.761
2014/11/09,-23.454
2014/11/10,6.014
2014/11/11,17.812
2014/11/12,32.43
2014/11/13,4.464
2014/11/14,0.777
2014/11/15,-23.399
2014/11/16,-18.267
2014/11/17,2.388
2014/11/18,19.518
2014/11/19,12.221
2014/11/20,1.179
2014/11/21,-6.087
2014/11/22,-12.403
2014/11/23,-13.568
2014/11/24,4.397
2014/11/25,15.329
2014/11/26,10.154
2014/11/27,-1.306
2014/11/28,-0.277
2014/11/29,-7.1
2014/11/30,0.369
2014/12/01,13.676
2014/12/02,25.751
2014/12/03,16.946
2014/12/04,0.727
2014/12/05,-8.588
2014/12/06,-18.279
2014/12/07,-23.967
2014/12/08,-0.177
2014/12/09,11.08
2014/12/10,18.735
2014/12/11,-7.425
2014/12/12,-9.905
2014/12/13,-14.206
2014/12/14,-5.122
2014/12/15,16.218
2014/12/16,32.684
2014/12/17,23.572
2014/12/18,0.806
2014/12/19,-5.601
2014/12/20,-11.747
2014/12/21,-17.088
2014/12/22,1.133
2014/12/23,14.466
2014/12/24,4.266
2014/12/25,-29.671
2014/12/26,-23.433
2014/12/27,-6.73
2014/12/28,11.491
2014/12/29,9.517
2014/12/30,10.738
2014/12/31,2.267
2015/01/01,-28.942
2015/01/02,-6.799
2015/01/03,6.221
2015/01/04,44.514
2015/01/05,20.61
2015/01/06,6.821
2015/01/07,4.974
2015/01/08,12.11
2015/01/09,16.509
2015/01/10,16.654
2015/01/11,-15.432
2015/01/12,-3.239
2015/01/13,-2.43
2015/01/14,15.634
2015/01/15,21.666
2015/01/16,2.327
2015/01/17,-13.629
2015/01/18,-30.943
2015/01/19,-5.948
2015/01/20,9.347
2015/01/21,16.592
2015/01/22,-4.859
2015/01/23,-7.004
2015/01/24,-13.82
2015/01/25,-7.621
2015/01/26,17.594
2015/01/27,18.953
2015/01/28,-1.579
2015/01/29,-16.047
2015/01/30,-18.322
2015/01/31,1.267
2015/02/01,-13.092
2015/02/02,5.881
2015/02/03,6.408
2015/02/04,14.988
2015/02/05,0.676
2015/02/06,-6.696
2015/02/07,-5.642
2015/02/08,-4.468
2015/02/09,22.296
2015/02/10,20.214
2015/02/11,17.376
2015/02/12,-16.529
2015/02/13,10.389
2015/02/14,1.778
2015/02/15,-2.498
2015/02/16,-7.963
2015/02/17,4.285
2015/02/18,23.994
2015/02/19,-9.657
2015/02/20,-4.165
2015/02/21,-16.927
2015/02/22,-10.166
2015/02/23,2.858
2015/02/24,19.742
2015/02/25,24.111
2015/02/26,-0.696
2015/02/27,-3.499
2015/02/28,-14.962
2015/03/01,-11.999
2015/03/02,3.412
2015/03/03,23.838
2015/03/04,11.064
2015/03/05,-3.623
2015/03/06,-15.432
2015/03/07,-7.139
2015/03/08,-13.479
2015/03/09,12.453
2015/03/10,15.349
2015/03/11,15.154
2015/03/12,-7.997
2015/03/13,-9.013
2015/03/14,-11.163
2015/03/15,-12.554
2015/03/16,9.583
2015/03/17,11.247
2015/03/18,17.293
2015/03/19,1.029
2015/03/20,3.788
2015/03/21,-6.806
2015/03/22,-14.804
2015/03/23,2.591
2015/03/24,0.074
2015/03/25,7.222
2015/03/26,-4.572
2015/03/27,7.079
2015/03/28,-10.054
2015/03/29,-10.561
2015/03/30,6.94
2015/03/31,31.797
2015/04/01,31.925
2015/04/02,5.358
2015/04/03,-9.187
2015/04/04,-24.925
2015/04/05,-15.218
2015/04/06,2.8
2015/04/07,21.301
2015/04/08,16.602
2015/04/09,8.539
2015/04/10,3.788
2015/04/11,-10.248
2015/04/12,-25.424
2015/04/13,2.287
2015/04/14,10.789
2015/04/15,23.728
2015/04/16,-14.18
2015/04/17,-6.702
2015/04/18,-9.23
2015/04/19,-8.006
2015/04/20,13.605
2015/04/21,15.155
2015/04/22,22.791
2015/04/23,-5.904
2015/04/24,-3.291
2015/04/25,-12.015
2015/04/26,-15.362
2015/04/27,4.589
2015/04/28,14.993
2015/04/29,26.146
2015/04/30,-0.716
2015/05/01,-12.056
2015/05/02,-18.934
2015/05/03,-25.139
2015/05/04,4.486
2015/05/05,21.314
2015/05/06,32.099
2015/05/07,6.847
2015/05/08,-5.381
2015/05/09,-15.223
2015/05/10,-19.556
2015/05/11,2.038
2015/05/12,16.243
2015/05/13,21.747
2015/05/14,-8.799
2015/05/15,-4.491
2015/05/16,-16.691
2015/05/17,-14.235
2015/05/18,-6.265
2015/05/19,18.4
2015/05/20,22.706
2015/05/21,-0.292
2015/05/22,-4.275
2015/05/23,-19.276
2015/05/24,-4.329
2015/05/25,3.228
2015/05/26,25.617
2015/05/27,14.966
2015/05/28,4.628
2015/05/29,14.466
2015/05/30,18.262
2015/05/31,-11.017
2015/06/01,3.766
2015/06/02,0.307
2015/06/03,29.221
2015/06/04,-8.057
2015/06/05,-14.052
2015/06/06,-27.413
2015/06/07,-29.379
2015/06/08,-1.86
2015/06/09,31.312
2015/06/10,57.059
2015/06/11,11.547
2015/06/12,4.376
2015/06/13,-19.393
2015/06/14,-14.608
2015/06/15,1.926
2015/06/16,14.893
2015/06/17,29.232
2015/06/18,-3.46
2015/06/19,3.008
2015/06/20,-23.379
2015/06/21,-22.636
2015/06/22,-4.704
2015/06/23,23.108
2015/06/24,16.997
2015/06/25,-6.608
2015/06/26,-7.289
2015/06/27,-6.253
2015/06/28,-11.06
2015/06/29,6.675
2015/06/30,47.083
2015/07/01,45.425
2015/07/02,14.478
2015/07/03,-16.803
2015/07/04,-27.468
2015/07/05,-19.054
2015/07/06,34.217
2015/07/07,82.527
2015/07/08,75.381
2015/07/09,9.857
2015/07/10,1.182
2015/07/11,-7.706
2015/07/12,9.171
2015/07/13,-17.276
2015/07/14,-34.172
2015/07/15,-44.657
2015/07/16,-28.389
2015/07/17,-4.666
2015/07/18,13.108
2015/07/19,5.673
2015/07/20,7.145
2015/07/21,2.384
2015/07/22,8.589
2015/07/23,-12.487
2015/07/24,-17.888
2015/07/25,-23.428
2015/07/26,-15.389
2015/07/27,4.855
2015/07/28,17.755
2015/07/29,54.426
2015/07/30,6.717
2015/07/31,24.649
2015/08/01,2.991
2015/08/02,-15.763
2015/08/03,-18.775
2015/08/04,-10.124
2015/08/05,29.17
2015/08/06,12.539
2015/08/07,-16.013
2015/08/08,-24.153
2015/08/09,-32.891
2015/08/10,4.915
2015/08/11,13.052
2015/08/12,30.29
2015/08/13,0.588
2015/08/14,-3.025
2015/08/15,-19.5
2015/08/16,-23.858
2015/08/17,3.41
2015/08/18,26.211
2015/08/19,34.283
2015/08/20,2.766
2015/08/21,-5.039
2015/08/22,-12.074
2015/08/23,-20.058
2015/08/24,10.197
2015/08/25,15.479
2015/08/26,29.976
2015/08/27,-4.21
2015/08/28,-1.32
2015/08/29,-12.521
2015/08/30,-18.136
2015/08/31,5.717
2015/09/01,21.361
2015/09/02,52.671
2015/09/03,1.127
2015/09/04,-20.298
2015/09/05,-17.234
2015/09/06,-17.417
2015/09/07,20.708
2015/09/08,0.945
2015/09/09,18.991
2015/09/10,-0.427
2015/09/11,43.596
2015/09/12,8.944
2015/09/13,16.923
2015/09/14,-7.385
2015/09/15,18.338
2015/09/16,14.551
2015/09/17,55.578
2015/09/18,-0.91
2015/09/19,-31.354
2015/09/20,-57.925
2015/09/21,-18.475
2015/09/22,19.09
2015/09/23,20.372
2015/09/24,-4.804
2015/09/25,-6.313
2015/09/26,-12.014
2015/09/27,-13.277
2015/09/28,8.144
2015/09/29,21.663
2015/09/30,28.637
2015/10/01,-3.069
2015/10/02,-0.628
2015/10/03,-14.515
2015/10/04,-22.955
2015/10/05,-10.181
2015/10/06,20.889
2015/10/07,30.393
2015/10/08,11.813
2015/10/09,-20.676
2015/10/10,-5.9
2015/10/11,-25.536
2015/10/12,17.246
2015/10/13,6.225
2015/10/14,35.85
2015/10/15,14.196
2015/10/16,6.235
2015/10/17,-4.271
2015/10/18,-22.023
2015/10/19,0.462
2015/10/20,7.694
2015/10/21,25.505
2015/10/22,2.399
2015/10/23,-1.985
2015/10/24,-6.712
2015/10/25,-10.812
2015/10/26,-18.897
2015/10/27,9.723
2015/10/28,21.855
2015/10/29,38.435
2015/10/30,8.419
2015/10/31,-2.989
2015/11/01,-5.33
2015/11/02,3.261
2015/11/03,19.938
2015/11/04,33.944
2015/11/05,6.227
2015/11/06,-10.45
2015/11/07,-25.827
2015/11/08,-27.511
2015/11/09,-4.235
2015/11/10,6.919
2015/11/11,19.9
2015/11/12,-1.253
2015/11/13,-4.418
2015/11/14,-5.309
2015/11/15,-9.181
2015/11/16,2.247
2015/11/17,4.129
2015/11/18,15.297
2015/11/19,-2.4
2015/11/20,-0.595
2015/11/21,-8.633
2015/11/22,-16.107
2015/11/23,-6.746
2015/11/24,0.866
2015/11/25,17.165
2015/11/26,13.36
2015/11/27,5.214
2015/11/28,9.102
2015/11/29,-21.152
2015/11/30,13.981
2015/12/01,7.505
2015/12/02,41.373
2015/12/03,-9.784
2015/12/04,-2.536
2015/12/05,1.449
2015/12/06,9.063
2015/12/07,11.099
2015/12/08,4.853
2015/12/09,22.613
2015/12/10,9.932
2015/12/11,7.718
2015/12/12,-7.348
2015/12/13,-10.409
2015/12/14,10.082
2015/12/15,9.725
2015/12/16,16.064
2015/12/17,-6.546
2015/12/18,-4.529
2015/12/19,-2.968
2015/12/20,-10.391
2015/12/21,7.309
2015/12/22,4.14
2015/12/23,14.062
2015/12/24,-8.376
2015/12/25,-19.026
2015/12/26,-18.888
2015/12/27,-23.811
2015/12/28,-4.019
2015/12/29,2.939
2015/12/30,10.131
2015/12/31,-10.266
2016/01/01,-32.8
2016/01/02,-15.537
2016/01/03,-8.219
2016/01/04,46.158
2016/01/05,22.379
2016/01/06,20.697
2016/01/07,4.92
2016/01/08,-0.538
2016/01/09,4.576
2016/01/10,-15.227
2016/01/11,5.403
2016/01/12,8.279
2016/01/13,16.657
2016/01/14,-4.176
2016/01/15,-5.744
2016/01/16,1.689
2016/01/17,11.433
2016/01/18,16.463
2016/01/19,-2.319
2016/01/20,2.423
2016/01/21,4.152
2016/01/22,14.343
2016/01/23,-8.95
2016/01/24,-9.592
2016/01/25,3.972
2016/01/26,21.103
2016/01/27,14.046
2016/01/28,1.302
2016/01/29,-2.664
2016/01/30,-15.212
2016/01/31,-21.796
2016/02/01,-0.887
2016/02/02,24.118
2016/02/03,8.632
2016/02/04,-9.784
2016/02/05,-6.724
2016/02/06,17.227
2016/02/07,5.746
2016/02/08,-0.308
2016/02/09,3.174
2016/02/10,11.013
2016/02/11,-1.721
2016/02/12,-12.424
2016/02/13,-21.602
2016/02/14,-15.774
2016/02/15,8.817
2016/02/16,16.954
2016/02/17,22.137
2016/02/18,-3.355
2016/02/19,0.69
2016/02/20,-5.065
2016/02/21,-2.97
2016/02/22,9.332
2016/02/23,13.468
2016/02/24,8.872
2016/02/25,-9.022
2016/02/26,-16.809
2016/02/27,-19.029
2016/02/28,7.943
2016/02/29,30.316
2016/03/01,52.147
2016/03/02,15.751
2016/03/03,-16.468
2016/03/04,-25.139
2016/03/05,-13.037
2016/03/06,-27.053
2016/03/07,-11.676
2016/03/08,-14.775
2016/03/09,17.717
2016/03/10,2.976
2016/03/11,-5.24
2016/03/12,-11.75
2016/03/13,-20.629
2016/03/14,0.808
2016/03/15,20.49
2016/03/16,41.538
2016/03/17,8.886
2016/03/18,1.79
2016/03/19,-16.285
2016/03/20,-14.498
2016/03/21,-3.409
2016/03/22,15.63
2016/03/23,4.866
2016/03/24,-4.485
2016/03/25,-16.043
2016/03/26,-14.874
2016/03/27,-15.7
2016/03/28,13.793
2016/03/29,24.139
2016/03/30,25.453
2016/03/31,5.33
2016/04/01,7.36
2016/04/02,-8.72
2016/04/03,-13.601
2016/04/04,-1.419
2016/04/05,17.81
2016/04/06,22.91
2016/04/07,4.58
2016/04/08,-0.914
2016/04/09,-10.429
2016/04/10,-14.448
2016/04/11,7.4
2016/04/12,22.304
2016/04/13,19.574
2016/04/14,-0.923
2016/04/15,-11.672
2016/04/16,-18.571
2016/04/17,-15.584
2016/04/18,3.878
2016/04/19,24.466
2016/04/20,12.662
2016/04/21,-3.458
2016/04/22,-6.86
2016/04/23,-14.562
2016/04/24,-13.93
2016/04/25,3.132
2016/04/26,35.403
2016/04/27,30.752
2016/04/28,13.974
2016/04/29,4.443
2016/04/30,-9.92
2016/05/01,-22.818
2016/05/02,-14.556
2016/05/03,9.228
2016/05/04,22.088
2016/05/05,2.589
2016/05/06,-1.014
2016/05/07,-13.537
2016/05/08,-17.68
2016/05/09,-2.914
2016/05/10,21.619
2016/05/11,24.051
2016/05/12,0.88
2016/05/13,-5.526
2016/05/14,-9.878
2016/05/15,-12.37
2016/05/16,3.308
2016/05/17,12.953
2016/05/18,17.446
2016/05/19,-8.613
2016/05/20,-12.26
2016/05/21,-18.563
2016/05/22,-15.916
2016/05/23,6.369
2016/05/24,28.774
2016/05/25,34.501
2016/05/26,-1.176
2016/05/27,-12.669
2016/05/28,-22.116
2016/05/29,-18.804
2016/05/30,-1.828
2016/05/31,11.508
2016/06/01,31.158
2016/06/02,9.344
2016/06/03,9.02
2016/06/04,-16.092
2016/06/05,-17.894
2016/06/06,-5.767
2016/06/07,17.467
2016/06/08,21.176
2016/06/09,6.872
2016/06/10,-1.149
2016/06/11,-7.305
2016/06/12,-10.849
2016/06/13,10.065
2016/06/14,15.819
2016/06/15,23.026
2016/06/16,6.58
2016/06/17,2.799
2016/06/18,-9.223
2016/06/19,-18.527
2016/06/20,-1.748
2016/06/21,5.467
2016/06/22,7.973
2016/06/23,-3.215
2016/06/24,-4.241
2016/06/25,-12.21
2016/06/26,-24.862
2016/06/27,-8.68
2016/06/28,2.758
2016/06/29,23.6
2016/06/30,6.883
2016/07/01,-3.207
2016/07/02,-11.27
2016/07/03,-23.656
2016/07/04,3.94
2016/07/05,8.096
2016/07/06,21.234
2016/07/07,0.778
2016/07/08,-1.982
2016/07/09,-13.654
2016/07/10,-24.585
2016/07/11,3.51
2016/07/12,18.156
2016/07/13,33.193
2016/07/14,-0.18
2016/07/15,-1.345
2016/07/16,-15.87
2016/07/17,-21.461
2016/07/18,3.122
2016/07/19,21.964
2016/07/20,33.017
2016/07/21,-2.341
2016/07/22,-0.335
2016/07/23,-13.91
2016/07/24,-15.499
2016/07/25,8.274
2016/07/26,21.403
2016/07/27,28.139
2016/07/28,-2.027
2016/07/29,-2.642
2016/07/30,-15.335
2016/07/31,-18.16
2016/08/01,-2.755
2016/08/02,25.872
2016/08/03,25.776
2016/08/04,3.017
2016/08/05,-9.113
2016/08/06,-19.085
2016/08/07,-17.013
2016/08/08,3.101
2016/08/09,18.298
2016/08/10,27.214
2016/08/11,8.173
2016/08/12,0.669
2016/08/13,-12.34
2016/08/14,-21.369
2016/08/15,-12.917
2016/08/16,18.605
2016/08/17,18.933
2016/08/18,18.07
2016/08/19,-3.286
2016/08/20,-12.532
2016/08/21,-22.827
2016/08/22,-7.207
2016/08/23,14.805
2016/08/24,27.193
2016/08/25,2.482
2016/08/26,-5.124
2016/08/27,-18.735
2016/08/28,-25.458
2016/08/29,-0.663
2016/08/30,31.884
2016/08/31,29.19
2016/09/01,5.416
2016/09/02,-10.378
2016/09/03,-19.158
2016/09/04,-22.863
2016/09/05,0.815
2016/09/06,27.408
2016/09/07,36.922
2016/09/08,-0.299
2016/09/09,-4.996
2016/09/10,-22.937
2016/09/11,-20.557
2016/09/12,-5.402
2016/09/13,24.102
2016/09/14,28.529
2016/09/15,11.918
2016/09/16,-11.986
2016/09/17,-7.027
2016/09/18,-17.947
2016/09/19,5.886
2016/09/20,13.372
2016/09/21,24.858
2016/09/22,3.437
2016/09/23,-8.647
2016/09/24,-12.786
2016/09/25,-15.418
2016/09/26,3.392
2016/09/27,15.197
2016/09/28,20.153
2016/09/29,5.191
2016/09/30,4.427
2016/10/01,-8.974
2016/10/02,-20.63
2016/10/03,3.131
2016/10/04,23.731
2016/10/05,38.486
2016/10/06,6.059
2016/10/07,0.634
2016/10/08,-6.053
2016/10/09,-23.307
2016/10/10,-16.271
2016/10/11,5.159
2016/10/12,10.888
2016/10/13,3.008
2016/10/14,-9.049
2016/10/15,-9.854
2016/10/16,-13.864
2016/10/17,-1.036
2016/10/18,19.524
2016/10/19,0.613
2016/10/20,13.976
2016/10/21,5.5
2016/10/22,8.847
2016/10/23,-29.163
2016/10/24,-14.463
2016/10/25,9.389
2016/10/26,16.582
2016/10/27,43.815
2016/10/28,5.839
2016/10/29,2.851
2016/10/30,-36.298
2016/10/31,-3.627
2016/11/01,7.391
2016/11/02,29.099
2016/11/03,12.503
2016/11/04,0.576
2016/11/05,-11.263
2016/11/06,-16.999
2016/11/07,10.571
2016/11/08,24.288
2016/11/09,19.64
2016/11/10,-1.068
2016/11/11,-14.003
2016/11/12,-15.273
2016/11/13,-19.06
2016/11/14,6.24
2016/11/15,22.507
2016/11/16,31.935
2016/11/17,2.577
2016/11/18,-1.577
2016/11/19,-13.811
2016/11/20,-12.203
2016/11/21,3.582
2016/11/22,14.375
2016/11/23,13.683
2016/11/24,14.956
2016/11/25,10.415
2016/11/26,0.245
2016/11/27,-27.752
2016/11/28,-5.351
2016/11/29,4.342
2016/11/30,23.295
2016/12/01,-19.717
2016/12/02,8.924
2016/12/03,-1.605
2016/12/04,2.491
2016/12/05,-11.888
2016/12/06,11.047
2016/12/07,26.508
2016/12/08,1.693
2016/12/09,-15.936
2016/12/10,-19.47
2016/12/11,-18.69
2016/12/12,-0.065
2016/12/13,16.581
2016/12/14,24.568
2016/12/15,5.233
2016/12/16,-4.236
2016/12/17,-16.843
2016/12/18,-16.602
2016/12/19,0.985
2016/12/20,24.518
2016/12/21,38.137
2016/12/22,11.528
2016/12/23,2.872
2016/12/24,-26.062
2016/12/25,-37.295
2016/12/26,-19.706
2016/12/27,23.145
2016/12/28,54.783
2016/12/29,24.383
2016/12/30,-3.282
2016/12/31,-18.054
2017/01/01,-40.764
2017/01/02,1.441
2017/01/03,20.54
2017/01/04,82.144
2017/01/05,-0.836
2017/01/06,14.84
2017/01/07,-14.176
2017/01/08,-9.858
2017/01/09,-22.075
2017/01/10,14.829
2017/01/11,16.532
2017/01/12,9.318
2017/01/13,-15.794
2017/01/14,-20.075
2017/01/15,-20.044
2017/01/16,-1.88
2017/01/17,20.835
2017/01/18,25.916
2017/01/19,12.323
2017/01/20,1.931
2017/01/21,-11.305
2017/01/22,-21.209
2017/01/23,-21.059
2017/01/24,5.561
2017/01/25,28.67
2017/01/26,33.225
2017/01/27,-5.347
2017/01/28,-19.153
2017/01/29,-23.004
2017/01/30,-6.041
2017/01/31,24.892
2017/02/01,45.104
2017/02/02,4.909
2017/02/03,5.162
2017/02/04,-18.761
2017/02/05,12.544
2017/02/06,-28.914
2017/02/07,14.223
2017/02/08,5.559
2017/02/09,50.662
2017/02/10,-7.22
2017/02/11,-14.804
2017/02/12,-31.403
2017/02/13,-4.48
2017/02/14,19.946
2017/02/15,24.008
2017/02/16,-1.761
2017/02/17,1.493
2017/02/18,-2.937
2017/02/19,-11.116
2017/02/20,-11.588
2017/02/21,-2.462
2017/02/22,12.111
2017/02/23,15.282
2017/02/24,23.19
2017/02/25,15.705
2017/02/26,-18.645
2017/02/27,-17.236
2017/02/28,-0.335
2017/03/01,19.136
2017/03/02,15.773
2017/03/03,3.658
2017/03/04,-15.865
2017/03/05,-14.784
2017/03/06,-14.702
2017/03/07,23.377
2017/03/08,5.836
2017/03/09,5.527
2017/03/10,-5.926
2017/03/11,-5.534
2017/03/12,-27.194
2017/03/13,-11.479
2017/03/14,10.59
2017/03/15,32.286
2017/03/16,19.766
2017/03/17,-5.865
2017/03/18,-9.894
2017/03/19,-17.655
2017/03/20,-5.186
2017/03/21,9.318
2017/03/22,17.559
2017/03/23,3.91
2017/03/24,0.497
2017/03/25,-23.257
2017/03/26,-23.768
2017/03/27,-19.764
2017/03/28,21.003
2017/03/29,29.386
2017/03/30,24.322
2017/03/31,-11.767
2017/04/01,-9.885
2017/04/02,-15.445
2017/04/03,11.068
2017/04/04,0.059
2017/04/05,29.645
2017/04/06,0.817
2017/04/07,15.402
2017/04/08,-28.31
2017/04/09,-17.977
2017/04/10,-7.472
2017/04/11,35.668
2017/04/12,16.724
2017/04/13,-16.354
2017/04/14,-5.738
2017/04/15,-2.661
2017/04/16,-7.381
2017/04/17,-15.521
2017/04/18,11.972
2017/04/19,46.427
2017/04/20,9.276
2017/04/21,8.992
2017/04/22,-13.355
2017/04/23,-8.549
2017/04/24,-32.6
2017/04/25,21.102
2017/04/26,36.52
2017/04/27,33.786
2017/04/28,-6.181
2017/04/29,2.042
2017/04/30,-5.508
2017/05/01,-3.441
2017/05/02,-2.387
2017/05/03,4.862
2017/05/04,20.341
2017/05/05,-19.801
2017/05/06,22.994
2017/05/07,-10.922
2017/05/08,36.64
2017/05/09,-8.304
2017/05/10,-1.457
2017/05/11,-19.267
2017/05/12,-4.562
2017/05/13,5.74
2017/05/14,25.229
2017/05/15,3.626
2017/05/16,-28.946
2017/05/17,-13.976
2017/05/18,-12.246
2017/05/19,36.56
2017/05/20,11.113
2017/05/21,12.865
2017/05/22,2.625
2017/05/23,4.226
2017/05/24,3.859
2017/05/25,6.783
2017/05/26,-9.347
2017/05/27,-1.992
2017/05/28,-11.994
2017/05/29,-3.512
2017/05/30,4.834
2017/05/31,4.381
2017/06/01,-0.606
2017/06/02,-21.965
2017/06/03,-5.084
2017/06/04,-16.792
2017/06/05,6.77
2017/06/06,-2.577
2017/06/07,27.708
2017/06/08,6.021
2017/06/09,-5.124
2017/06/10,-24.945
2017/06/11,-27.494
2017/06/12,-4.638
2017/06/13,14.433
2017/06/14,29.073
2017/06/15,8.106
2017/06/16,-7.491
2017/06/17,-17.772
2017/06/18,-28.044
2017/06/19,-0.062
2017/06/20,13.332
2017/06/21,33.864
2017/06/22,-0.029
2017/06/23,-3.041
2017/06/24,-18.954
2017/06/25,-33
2017/06/26,0.764
2017/06/27,14.373
2017/06/28,54.85
2017/06/29,-11.778
2017/06/30,2.928
2017/07/01,-20.726
2017/07/02,-14.975
2017/07/03,-5.289
2017/07/04,15.173
2017/07/05,20.63
2017/07/06,-11.107
2017/07/07,-4.647
2017/07/08,-6.835
2017/07/09,-16.437
2017/07/10,3.31
2017/07/11,20.354
2017/07/12,36.692
2017/07/13,-2.301
2017/07/14,-14.241
2017/07/15,-13.713
2017/07/16,-17.391
2017/07/17,1.055
2017/07/18,17.448
2017/07/19,24.934
2017/07/20,-0.056
2017/07/21,3.026
2017/07/22,-11.995
2017/07/23,-21.378
2017/07/24,-10.584
2017/07/25,9.27
2017/07/26,31.432
2017/07/27,-6.119
2017/07/28,1.299
2017/07/29,-11.245
2017/07/30,-18.301
2017/07/31,-6.553
2017/08/01,-37.564
2017/08/02,13.68
2017/08/03,-7.791
2017/08/04,78.866
2017/08/05,14.546
2017/08/06,-6.291
2017/08/07,5.618
2017/08/08,14.949
2017/08/09,30.744
2017/08/10,3.609
2017/08/11,3.067
2017/08/12,-0.165
2017/08/13,2.068
2017/08/14,-10.084
2017/08/15,19.38
2017/08/16,4.398
2017/08/17,36.01
2017/08/18,0.402
2017/08/19,-2.932
2017/08/20,-39.298
2017/08/21,-24.173
2017/08/22,-26.431
2017/08/23,49.759
2017/08/24,-13.924
2017/08/25,6.052
2017/08/26,-28.264
2017/08/27,28.488
2017/08/28,7.485
2017/08/29,24.113
2017/08/30,3.653
2017/08/31,25.451
2017/09/01,0.9
2017/09/02,-12.772
2017/09/03,-30.448
2017/09/04,-5.076
2017/09/05,17.369
2017/09/06,41.473
2017/09/07,-4.796
2017/09/08,0.562
2017/09/09,-21.134
2017/09/10,-24.628
2017/09/11,-9.307
2017/09/12,17.601
2017/09/13,36.265
2017/09/14,5.754
2017/09/15,14.004
2017/09/16,-13.317
2017/09/17,-26.274
2017/09/18,-25.29
2017/09/19,23.97
2017/09/20,19.29
2017/09/21,16.968
2017/09/22,-19.552
2017/09/23,-13.544
2017/09/24,-27.422
2017/09/25,-0.439
2017/09/26,29.365
2017/09/27,39.26
2017/09/28,21.777
2017/09/29,-3.507
2017/09/30,-17.561
2017/10/01,-26.206
2017/10/02,15.961
2017/10/03,32.657
2017/10/04,14.332
2017/10/05,-7.371
2017/10/06,0.564
2017/10/07,-0.698
2017/10/08,-12.784
2017/10/09,4.671
2017/10/10,31.105
2017/10/11,22.719
2017/10/12,-1.272
2017/10/13,2.226
2017/10/14,0.232
2017/10/15,-3.322
2017/10/16,1.572
2017/10/17,14.087
2017/10/18,16.291
2017/10/19,13.434
2017/10/20,-6.595
2017/10/21,-5.259
2017/10/22,-19.018
2017/10/23,1.183
2017/10/24,8.524
2017/10/25,9.729
2017/10/26,-9.546
2017/10/27,-32.983
2017/10/28,-28.331
2017/10/29,17.451
2017/10/30,37.724
2017/10/31,21.884
2017/11/01,1.401
2017/11/02,12.656
2017/11/03,-1.027
2017/11/04,-13.618
2017/11/05,-28.564
2017/11/06,-1.175
2017/11/07,14.112
2017/11/08,19.721
2017/11/09,25.926
2017/11/10,-19.034
2017/11/11,-35.407
2017/11/12,-45.508
2017/11/13,13.818
2017/11/14,39.739
2017/11/15,73.029
2017/11/16,0.351
2017/11/17,12.721
2017/11/18,-15.825
2017/11/19,-14.682
2017/11/20,9.652
2017/11/21,37.003
2017/11/22,17.828
2017/11/23,4.768
2017/11/24,-17.614
2017/11/25,7.903
2017/11/26,-6.399
2017/11/27,24.052
2017/11/28,8.703
2017/11/29,20.755
2017/11/30,1.354
2017/12/01,12.822
2017/12/02,-18.025
2017/12/03,-8.16
2017/12/04,-2.961
2017/12/05,24.322
2017/12/06,25.656
2017/12/07,-6.427
2017/12/08,-5.079
2017/12/09,-9.06
2017/12/10,-8.941
2017/12/11,-4.289
2017/12/12,-7.54
2017/12/13,24.362
2017/12/14,33.122
2017/12/15,8.767
2017/12/16,-14.218
2017/12/17,-20.131
2017/12/18,-2.824
2017/12/19,3.964
2017/12/20,-5.51
2017/12/21,-14.898
2017/12/22,0.531
2017/12/23,-16.769
2017/12/24,-16.693
2017/12/25,-39.87
2017/12/26,-19.727
2017/12/27,10.064
2017/12/28,33.267
2017/12/29,43.009
2017/12/30,11.96
2017/12/31,-4.803
2018/01/01,-31.685
2018/01/02,-1.002
2018/01/03,36.363
2018/01/04,75.844
2018/01/05,0.515
2018/01/06,-9.38
2018/01/07,-13.373
2018/01/08,0.859
2018/01/09,0.396
2018/01/10,-5.651
2018/01/11,-2.24
2018/01/12,-16.714
2018/01/13,-23.512
2018/01/14,-30.458
2018/01/15,-8.816
2018/01/16,14.3
2018/01/17,34.362
2018/01/18,13.109
2018/01/19,-19.802
2018/01/20,-23.818
2018/01/21,-30.353
2018/01/22,0.797
2018/01/23,13.029
2018/01/24,16.159
2018/01/25,-3.657
2018/01/26,-18.934
2018/01/27,-22.708
2018/01/28,-9.785
2018/01/29,5.322
2018/01/30,22.242
2018/01/31,-4.28
2018/02/01,10.98
2018/02/02,-0.293
2018/02/03,-4.617
2018/02/04,-32.619
2018/02/05,-8.302
2018/02/06,25.274
2018/02/07,23.093
2018/02/08,-19.9
2018/02/09,-27.147
2018/02/10,-14.954
2018/02/11,-15.074
2018/02/12,5.079
2018/02/13,0.65
2018/02/14,33.443
2018/02/15,6.051
2018/02/16,2.604
2018/02/17,-11.516
2018/02/18,-19.55
2018/02/19,-0.2
2018/02/20,14.21
2018/02/21,28.681
2018/02/22,-2.2
2018/02/23,-6.691
2018/02/24,-24.7
2018/02/25,-20.967
2018/02/26,0.696
2018/02/27,42.15
2018/02/28,30.664
2018/03/01,25.356
2018/03/02,-11.185
2018/03/03,-6.465
2018/03/04,-31.465
2018/03/05,3.269
2018/03/06,16.408
2018/03/07,33.569
2018/03/08,-2.498
2018/03/09,-3.802
2018/03/10,-27.001
2018/03/11,-23.198
2018/03/12,-4.949
2018/03/13,25.559
2018/03/14,26.648
2018/03/15,9.461
2018/03/16,-4.673
2018/03/17,-19.147
2018/03/18,-20.283
2018/03/19,2.435
2018/03/20,26.365
2018/03/21,18.535
2018/03/22,-3.307
2018/03/23,-7.873
2018/03/24,-19.396
2018/03/25,-26.969
2018/03/26,4.461
2018/03/27,19.105
2018/03/28,31.262
2018/03/29,2.429
2018/03/30,-0.607
2018/03/31,-16.29
2018/04/01,-29.799
2018/04/02,-9.558
2018/04/03,33.852
2018/04/04,37.488
2018/04/05,8.126
2018/04/06,-13.084
2018/04/07,-16.762
2018/04/08,-23.835
2018/04/09,2.122
2018/04/10,20.583
2018/04/11,32.313
2018/04/12,19.448
2018/04/13,16.572
2018/04/14,-11.678
2018/04/15,-17.491
2018/04/16,-9.742
2018/04/17,24.707
2018/04/18,15.363
2018/04/19,8.869
2018/04/20,2.966
2018/04/21,-3.372
2018/04/22,-19.515
2018/04/23,8.939
2018/04/24,31.224
2018/04/25,24.065
2018/04/26,-4.248
2018/04/27,-17.047
2018/04/28,-4.45
2018/04/29,-16.599
2018/04/30,1.884
2018/05/01,-1.843
2018/05/02,17.447
2018/05/03,6.242
2018/05/04,9.575
2018/05/05,-4.532
2018/05/06,-24.848
2018/05/07,-6.403
2018/05/08,7.47
2018/05/09,20.274
2018/05/10,1.9
2018/05/11,-1.918
2018/05/12,-11.884
2018/05/13,-24.023
2018/05/14,-1.842
2018/05/15,18.002
2018/05/16,31.289
2018/05/17,-8.119
2018/05/18,-1.531
2018/05/19,-16.883
2018/05/20,-17.674
2018/05/21,-4.191
2018/05/22,17.367
2018/05/23,40.699
2018/05/24,2.07
2018/05/25,-3.534
2018/05/26,-28.88
2018/05/27,-30.26
2018/05/28,-3.621
2018/05/29,29.006
2018/05/30,41.462
2018/05/31,10.825
2018/06/01,0.335
2018/06/02,-14.496
2018/06/03,-22.008
2018/06/04,2.152
2018/06/05,22.014
2018/06/06,26.329
2018/06/07,-1.072
2018/06/08,-5.872
2018/06/09,-17.02
2018/06/10,-13.4
2018/06/11,6.404
2018/06/12,25.29
2018/06/13,17.811
2018/06/14,-1.493
2018/06/15,-4.076
2018/06/16,-24.925
2018/06/17,-31.03
2018/06/18,-4.651
2018/06/19,20.592
2018/06/20,37.294
2018/06/21,0.919
2018/06/22,6.44
2018/06/23,-17.913
2018/06/24,-20.254
2018/06/25,-1.95
2018/06/26,19.691
2018/06/27,19.087
2018/06/28,-6.274
2018/06/29,1.266
2018/06/30,-3.754
2018/07/01,-16.732
2018/07/02,0.72
2018/07/03,19.736
2018/07/04,32.386
2018/07/05,0.156
2018/07/06,-7.293
2018/07/07,-17.735
2018/07/08,-22.027
2018/07/09,2.777
2018/07/10,27.005
2018/07/11,30.182
2018/07/12,-1.461
2018/07/13,-3.776
2018/07/14,-12.904
2018/07/15,-20.834
2018/07/16,-0.019
2018/07/17,32.587
2018/07/18,48.179
2018/07/19,8.254
2018/07/20,-3.606
2018/07/21,-22.603
2018/07/22,-25.758
2018/07/23,1.748
2018/07/24,40.361
2018/07/25,49.767
2018/07/26,0.959
2018/07/27,-11.562
2018/07/28,-24.772
2018/07/29,-27.332
2018/07/30,0.681
2018/07/31,29.101
2018/08/01,43.187
2018/08/02,-2.63
2018/08/03,-5.41
2018/08/04,-20.512
2018/08/05,-23.451
2018/08/06,-4.883
2018/08/07,21.628
2018/08/08,36.701
2018/08/09,1.694
2018/08/10,-2.972
2018/08/11,-18.237
2018/08/12,-25.785
2018/08/13,-1.723
2018/08/14,28.719
2018/08/15,49.134
2018/08/16,4.547
2018/08/17,-5.594
2018/08/18,-22.419
2018/08/19,-27.962
2018/08/20,-8.05
2018/08/21,14.076
2018/08/22,37.618
2018/08/23,1.103
2018/08/24,0.953
2018/08/25,-14.723
2018/08/26,-20.547
2018/08/27,1.716
2018/08/28,21.194
2018/08/29,37.546
2018/08/30,3.475
2018/08/31,-0.406
2018/09/01,-10.19
2018/09/02,-19.13
2018/09/03,-5.98
2018/09/04,8.893
2018/09/05,31.735
2018/09/06,13.18
2018/09/07,-0.647
2018/09/08,-17.076
2018/09/09,-25.133
2018/09/10,-3.428
2018/09/11,16.229
2018/09/12,23.501
2018/09/13,5.087
2018/09/14,-6.028
2018/09/15,-9.513
2018/09/16,-23.377
2018/09/17,7.574
2018/09/18,15.733
2018/09/19,39.888
2018/09/20,5.626
2018/09/21,11.794
2018/09/22,-10.164
2018/09/23,-21.044
2018/09/24,-12.966
2018/09/25,11.785
2018/09/26,21.791
2018/09/27,4.64
2018/09/28,0.85
2018/09/29,-10.501
2018/09/30,-16.293
2018/10/01,-4.496
2018/10/02,12.122
2018/10/03,16.396
2018/10/04,0.142
2018/10/05,-0.019
2018/10/06,-11.331
2018/10/07,-9.637
2018/10/08,1.356
2018/10/09,9.787
2018/10/10,11.481
2018/10/11,5.809
2018/10/12,3.101
2018/10/13,-16.276
2018/10/14,-27.13
2018/10/15,9.768
2018/10/16,25.799
2018/10/17,36.14
2018/10/18,-5.049
2018/10/19,-1.609
2018/10/20,-12.507
2018/10/21,-16.559
2018/10/22,0.585
2018/10/23,11.258
2018/10/24,20.16
2018/10/25,-0.277
2018/10/26,-0.178
2018/10/27,-8.018
2018/10/28,-13.653
2018/10/29,6.624
2018/10/30,21.215
2018/10/31,31.131
2018/11/01,4.517
2018/11/02,3.315
2018/11/03,-13.438
2018/11/04,-19.754
2018/11/05,1.223
2018/11/06,14.402
2018/11/07,29.842
2018/11/08,-6.302
2018/11/09,-0.545
2018/11/10,-14.045
2018/11/11,-11.039
2018/11/12,5.673
2018/11/13,10.569
2018/11/14,18.544
2018/11/15,-2.824
2018/11/16,1.418
2018/11/17,-10.292
2018/11/18,-17.748
2018/11/19,-5.354
2018/11/20,9.834
2018/11/21,6.324
2018/11/22,-0.691
2018/11/23,-4.572
2018/11/24,-1.948
2018/11/25,-10.1
2018/11/26,-6.609
2018/11/27,7.415
2018/11/28,6.36
2018/11/29,-4.215
2018/11/30,-6.835
2018/12/01,-4.96
2018/12/02,-9.573
2018/12/03,-3.806
2018/12/04,11.719
2018/12/05,15.192
2018/12/06,16.206
2018/12/07,-6.027
2018/12/08,-9.905
2018/12/09,-14.696
2018/12/10,1.755
2018/12/11,8.826
2018/12/12,9.588
2018/12/13,3.897
2018/12/14,9.665
2018/12/15,0.546
2018/12/16,-15.637
2018/12/17,8.347
2018/12/18,1.289
2018/12/19,33.536
2018/12/20,-3.859
2018/12/21,5.385
2018/12/22,-16.941
2018/12/23,-12.738
2018/12/24,-2.961
2018/12/25,5.518
2018/12/26,12.207
2018/12/27,10.179
2018/12/28,16.311
2018/12/29,-5.8
2018/12/30,-10.8
2018/12/31,-15.765
2019/01/01,-11.428
2019/01/02,1.526
2019/01/03,12.073
2019/01/04,20.056
2019/01/05,-2.4
2019/01/06,-11.167
2019/01/07,1.072
2019/01/08,20.121
2019/01/09,23.419
2019/01/10,14.945
2019/01/11,-3.182
2019/01/12,-11.768
2019/01/13,-15.38
2019/01/14,5.941
2019/01/15,7.387
2019/01/16,10.37
2019/01/17,-9.178
2019/01/18,1.218
2019/01/19,-7.695
2019/01/20,-0.879
2019/01/21,3.016
2019/01/22,4.912
2019/01/23,-0.209
2019/01/24,-2.243
2019/01/25,1.702
2019/01/26,-1.777
2019/01/27,-10.218
2019/01/28,2.316
2019/01/29,13.147
2019/01/30,16.393
2019/01/31,14.898
2019/02/01,4.039
2019/02/02,0.014
2019/02/03,-15.195
2019/02/04,-1.192
2019/02/05,9.952
2019/02/06,16.465
2019/02/07,5.291
2019/02/08,-5.313
2019/02/09,-11.072
2019/02/10,-15.134
2019/02/11,-5.83
2019/02/12,-12.646
2019/02/13,17.708
2019/02/14,12.283
2019/02/15,9.268
2019/02/16,-5.819
2019/02/17,-7.63
2019/02/18,16.02
2019/02/19,4.849
2019/02/20,-4.007
2019/02/21,-13.554
2019/02/22,-0.117
2019/02/23,4.426
2019/02/24,7.676
2019/02/25,-3.217
2019/02/26,11.677
2019/02/27,7.527
2019/02/28,9.268
2019/03/01,-3.315
2019/03/02,-2.522
2019/03/03,-3.846
2019/03/04,-14.173
2019/03/05,-14.942
2019/03/06,-21.441
2019/03/07,-7.127
2019/03/08,-0.157
2019/03/09,-13.819
2019/03/10,-24.662
2019/03/11,3.325
2019/03/12,19.284
2019/03/13,34.352
2019/03/14,1.757
2019/03/15,3.96
2019/03/16,-8.298
2019/03/17,-24.228
2019/03/18,-1.844
2019/03/19,16.202
2019/03/20,34.188
2019/03/21,3.166
2019/03/22,-2.038
2019/03/23,-17.51
2019/03/24,-24.804
2019/03/25,7.937
2019/03/26,45.68
2019/03/27,69.473
2019/03/28,22.205
2019/03/29,0.925
2019/03/30,-1.408
2019/03/31,-3.059
2019/04/01,-0.244
2019/04/02,6.277
2019/04/03,-5.611
2019/04/04,-3.864
2019/04/05,-3.592
2019/04/06,-0.188
2019/04/07,-1.137
2019/04/08,-3.79
2019/04/09,-3.753
2019/04/10,13.085
2019/04/11,8.16
2019/04/12,8.868
2019/04/13,-7.421
2019/04/14,-16.326
2019/04/15,1.251
2019/04/16,-2.335
2019/04/17,4.064
2019/04/18,0.394
2019/04/19,1.006
2019/04/20,-8.811
2019/04/21,2.022
2019/04/22,-5.552
2019/04/23,-2.525
2019/04/24,3.467
2019/04/25,12.304
2019/04/26,22.276
2019/04/27,-11.196
2019/04/28,-0.213
2019/04/29,-4.727
2019/04/30,-3.49
2019/05/01,14.682
2019/05/02,24.63
2019/05/03,10.548
2019/05/04,-19.027
2019/05/05,-26.932
2019/05/06,-1.19
2019/05/07,-7.297
2019/05/08,18.852
2019/05/09,-4.469
2019/05/10,-2.116
2019/05/11,-12.242
2019/05/12,-6.365
2019/05/13,20.884
2019/05/14,6.493
2019/05/15,8.965
2019/05/16,-3.932
2019/05/17,-1.556
2019/05/18,-2.495
2019/05/19,-7.527
2019/05/20,5.51
2019/05/21,5.892
2019/05/22,13.852
2019/05/23,2.036
2019/05/24,-1.84
2019/05/25,-14.304
2019/05/26,-3.926
2019/05/27,6.873
2019/05/28,15.374
2019/05/29,8.311
2019/05/30,-5.684
2019/05/31,-23.416
2019/06/01,-18.035
2019/06/02,-20.133
2019/06/03,-1.67
2019/06/04,12.854
2019/06/05,23.903
2019/06/06,23.981
2019/06/07,-6.608
2019/06/08,-21.069
2019/06/09,-17.455
2019/06/10,1.034
2019/06/11,15.654
2019/06/12,9.164
2019/06/13,3.041
2019/06/14,7.025
2019/06/15,0.754
2019/06/16,-18.971
2019/06/17,-11.882
2019/06/18,19.308
2019/06/19,35.826
2019/06/20,2.811
2019/06/21,-14.46
2019/06/22,-11.705
2019/06/23,15.138
2019/06/24,14.975
2019/06/25,2.064
2019/06/26,5.147
2019/06/27,-7.022
2019/06/28,12.649
2019/06/29,-10.752
2019/06/30,-8.404
2019/07/01,-17.254
2019/07/02,4.696
2019/07/03,20.208
2019/07/04,10.043
2019/07/05,1.343
2019/07/06,-12.302
2019/07/07,-15.496
2019/07/08,0.139
2019/07/09,4.86
2019/07/10,0.771
2019/07/11,-14.029
2019/07/12,-1.286
2019/07/13,-3.528
2019/07/14,-6.911
2019/07/15,-3.263
2019/07/16,19.307
2019/07/17,7.131
2019/07/18,-9.554
2019/07/19,-17.458
2019/07/20,-0.596
2019/07/21,-10.088
2019/07/22,6.494
2019/07/23,-0.81
2019/07/24,4.111
2019/07/25,5.371
2019/07/26,-0.238
2019/07/27,-3.963
2019/07/28,-18.903
2019/07/29,4.384
2019/07/30,15.681
2019/07/31,32.393
2019/08/01,0.705
2019/08/02,6.445
2019/08/03,-9.345
2019/08/04,-11.067
2019/08/05,-2.975
2019/08/06,12.453
2019/08/07,24.149
2019/08/08,-0.871
2019/08/09,-7.39
2019/08/10,-18.009
2019/08/11,-18.722
2019/08/12,-12.806
2019/08/13,21.91
2019/08/14,31.75
2019/08/15,19.567
2019/08/16,-12.713
2019/08/17,-19.93
2019/08/18,-22.293
2019/08/19,2.112
2019/08/20,15.626
2019/08/21,11.741
2019/08/22,-2.421
2019/08/23,2.076
2019/08/24,-1.41
2019/08/25,-10.404
2019/08/26,-6.465
2019/08/27,7.074
2019/08/28,18.1
2019/08/29,8.956
2019/08/30,7.117
2019/08/31,0.287
2019/09/01,-17.672
2019/09/02,-6.286
2019/09/03,8.314
2019/09/04,13.767
2019/09/05,7.688
2019/09/06,-1.375
2019/09/07,-3.181
2019/09/08,-18.145
2019/09/09,-13.32
2019/09/10,8.081
2019/09/11,17.259
2019/09/12,6.001
2019/09/13,-9.118
2019/09/14,-11.344
2019/09/15,-18.382
2019/09/16,12.462
2019/09/17,14.643
2019/09/18,32.486
2019/09/19,-0.35
2019/09/20,-0.83
2019/09/21,-7.483
2019/09/22,-7.924
2019/09/23,-15.477
2019/09/24,5.139
2019/09/25,9.118
2019/09/26,23.459
2019/09/27,-13.972
2019/09/28,-9.585
2019/09/29,-19.74
2019/09/30,2.467
2019/10/01,7.263
2019/10/02,14.367
2019/10/03,4.851
2019/10/04,-0.008
2019/10/05,0.036
2019/10/06,-14.984
2019/10/07,-2.5
2019/10/08,2.961
2019/10/09,12.055
2019/10/10,4.941
2019/10/11,2.7
2019/10/12,-3.008
2019/10/13,-19.004
2019/10/14,-11.857
2019/10/15,12.596
2019/10/16,21.115
2019/10/17,9.734
2019/10/18,-0.093
2019/10/19,-9.971
2019/10/20,-13.267
2019/10/21,3.656
2019/10/22,12.049
2019/10/23,20.543
2019/10/24,-13.628
2019/10/25,-3.761
2019/10/26,-12.479
2019/10/27,-15.664
2019/10/28,-5.779
2019/10/29,0.732
2019/10/30,22.601
2019/10/31,-5.115
2019/11/01,2.676
2019/11/02,-9.464
2019/11/03,0.198
2019/11/04,-1.648
2019/11/05,17.019
2019/11/06,6.912
2019/11/07,4.345
2019/11/08,-6.427
2019/11/09,-2.717
2019/11/10,-7.648
2019/11/11,4.896
2019/11/12,-1.559
2019/11/13,6.431
2019/11/14,7.134
2019/11/15,7.881
2019/11/16,-11.132
2019/11/17,-24.478
2019/11/18,-6.294
2019/11/19,15.588
2019/11/20,21.47
2019/11/21,6.333
2019/11/22,-5.214
2019/11/23,-4.578
2019/11/24,-17.473
2019/11/25,-10.007
2019/11/26,4.877
2019/11/27,18.793
2019/11/28,10.781
2019/11/29,-3.124
2019/11/30,-12.64
2019/12/01,-11.303
2019/12/02,1.103
2019/12/03,21.282
2019/12/04,22.819
2019/12/05,-1.037
2019/12/06,-6.277
2019/12/07,-15.421
2019/12/08,-10.477
2019/12/09,-0.558
2019/12/10,12.2
2019/12/11,4.453
2019/12/12,-0.58
2019/12/13,0.881
2019/12/14,0.766
2019/12/15,-15.512
2019/12/16,1.299
2019/12/17,8.784
2019/12/18,19.292
2019/12/19,-2.303
2019/12/20,4.195
2019/12/21,-1.01
2019/12/22,-12.053
2019/12/23,-8.361
2019/12/24,-6.635
2019/12/25,-12.945
2019/12/26,-2.89
2019/12/27,10.936
2019/12/28,21.919
2019/12/29,-5.45
2019/12/30,0.705
2019/12/31,-1.622
2020/01/01,-10.083
2020/01/02,-8.912
2020/01/03,7.857
2020/01/04,14.106
2020/01/05,-2.644
2020/01/06,-5.48
2020/01/07,19.807
2020/01/08,10.521
2020/01/09,7.655
2020/01/10,-3.873
2020/01/11,-2.822
2020/01/12,-12.089
2020/01/13,-11.837
2020/01/14,12.269
2020/01/15,17.5
2020/01/16,11.78
2020/01/17,-6.625
2020/01/18,-13.654
2020/01/19,-12.885
2020/01/20,-3.188
2020/01/21,9.736
2020/01/22,15.722
2020/01/23,5.183
2020/01/24,-0.42
2020/01/25,-13.096
2020/01/26,-20.82
2020/01/27,-11.036
2020/01/28,19.091
2020/01/29,30.37
2020/01/30,19.093
2020/01/31,-1.653
2020/02/01,-10.819
2020/02/02,-12.535
2020/02/03,-1.025
2020/02/04,1.807
2020/02/05,26.728
2020/02/06,-4.724
2020/02/07,8.329
2020/02/08,-13.631
2020/02/09,0.534
2020/02/10,-10.997
2020/02/11,14.836
2020/02/12,8.695
2020/02/13,14.081
2020/02/14,-10.807
2020/02/15,-6.356
2020/02/16,-14.075
2020/02/17,4.722
2020/02/18,1.822
2020/02/19,14.574
2020/02/20,-7.276
2020/02/21,3.006
2020/02/22,-9.028
2020/02/23,-9.815
2020/02/24,-2.832
2020/02/25,9.854
2020/02/26,15.553
2020/02/27,3.007
2020/02/28,10.161
2020/02/29,-6.804
2020/03/01,-8.553
2020/03/02,-6.992
2020/03/03,11.316
2020/03/04,15.793
2020/03/05,1.953
2020/03/06,-1.152
2020/03/07,-12.668
2020/03/08,-13.404
2020/03/09,2.907
2020/03/10,5.241
2020/03/11,-5.012
2020/03/12,0.507
2020/03/13,-16.049
2020/03/14,-2.67
2020/03/15,-36.222
2020/03/16,-2.311
2020/03/17,-0.535
2020/03/18,3.605
2020/03/19,-1.738
2020/03/20,2.258
2020/03/21,6.324
2020/03/22,-21.295
2020/03/23,-8.711
2020/03/24,13.113
2020/03/25,4.333
2020/03/26,12.693
2020/03/27,-0.578
2020/03/28,10.275
2020/03/29,-20.501
2020/03/30,0.105
2020/03/31,20.614
2020/04/01,21.074
2020/04/02,8.075
2020/04/03,-3.943
2020/04/04,-10.147
2020/04/05,-19.711
2020/04/06,0.614
2020/04/07,23.501
2020/04/08,19.046
2020/04/09,2.215
2020/04/10,-7.735
2020/04/11,-13.337
2020/04/12,-20.302
2020/04/13,-0.166
2020/04/14,20.804
2020/04/15,35.778
2020/04/16,12.088
2020/04/17,-5.056
2020/04/18,-6.807
2020/04/19,-21.973
2020/04/20,9.347
2020/04/21,7.518
2020/04/22,10.639
2020/04/23,5.876
2020/04/24,2.964
2020/04/25,0.734
2020/04/26,-23.17
2020/04/27,-2.762
2020/04/28,15.197
2020/04/29,31.089
2020/04/30,3.459
2020/05/01,5.293
2020/05/02,-13.473
2020/05/03,-12.507
2020/05/04,-4.257
2020/05/05,14.755
2020/05/06,18.345
2020/05/07,4.878
2020/05/08,-1.651
2020/05/09,-6.295
2020/05/10,-16.154
2020/05/11,-5.504
2020/05/12,10.506
2020/05/13,3.509
2020/05/14,-12.119
2020/05/15,-10.013
2020/05/16,-0.084
2020/05/17,-11.886
2020/05/18,-11.89
2020/05/19,-7.303
2020/05/20,18.257
2020/05/21,9.049
2020/05/22,1.416
2020/05/23,-3.862
2020/05/24,-28.134
2020/05/25,-4.637
2020/05/26,9.865
2020/05/27,36.553
2020/05/28,12.805
2020/05/29,-5.014
2020/05/30,-2.356
2020/05/31,-13.844
2020/06/01,9.737
2020/06/02,6.329
2020/06/03,21.521
2020/06/04,3.231
2020/06/05,7.539
2020/06/06,-9.298
2020/06/07,-20.722
2020/06/08,-2.995
2020/06/09,14.837
2020/06/10,28.861
2020/06/11,4.791
2020/06/12,-2.693
2020/06/13,-13.839
2020/06/14,-17.078
2020/06/15,-7.476
2020/06/16,21.55
2020/06/17,20.996
2020/06/18,-4.706
2020/06/19,2.035
2020/06/20,-14.824
2020/06/21,-7.553
2020/06/22,-13.257
2020/06/23,25.041
2020/06/24,20.397
2020/06/25,3.581
2020/06/26,-7.007
2020/06/27,-11.798
2020/06/28,-15.153
2020/06/29,-4.524
2020/06/30,8.801
2020/07/01,44.436
2020/07/02,7.621
2020/07/03,10.434
2020/07/04,-24.56
2020/07/05,-19.264
2020/07/06,2.348
2020/07/07,19.87
2020/07/08,26.781
2020/07/09,7.07
2020/07/10,0.006
2020/07/11,-11.716
2020/07/12,-22.16
2020/07/13,-10.339
2020/07/14,17.314
2020/07/15,11.946
2020/07/16,11.492
2020/07/17,-18.325
2020/07/18,-1.593
2020/07/19,-19.887
2020/07/20,5.384
2020/07/21,0.596
2020/07/22,31.66
2020/07/23,8.56
2020/07/24,18.074
2020/07/25,-19.445
2020/07/26,-11.213
2020/07/27,-11.55
2020/07/28,20.718
2020/07/29,16.068
2020/07/30,0.317
2020/07/31,0.608
2020/08/01,-14.379
2020/08/02,-12.185
2020/08/03,-6.492
2020/08/04,10.898
2020/08/05,1.375
2020/08/06,6.854
2020/08/07,-0.772
2020/08/08,-2.81
2020/08/09,-24.746
2020/08/10,-5.551
2020/08/11,23.39
2020/08/12,29.079
2020/08/13,5.505
2020/08/14,4.492
2020/08/15,-9.428
2020/08/16,-12.387
2020/08/17,-19.888
2020/08/18,10.297
2020/08/19,17.136
2020/08/20,13.906
2020/08/21,-9.18
2020/08/22,-6.645
2020/08/23,-13.482
2020/08/24,4.725
2020/08/25,-2.337
2020/08/26,12.292
2020/08/27,-0.291
2020/08/28,15.866
2020/08/29,-9.692
2020/08/30,-17.999
2020/08/31,-14.122
2020/09/01,28.608
2020/09/02,17.963
2020/09/03,2.65
2020/09/04,-20.779
2020/09/05,2.546
2020/09/06,-15.484
2020/09/07,9.839
2020/09/08,2.192
2020/09/09,19.814
2020/09/10,5.599
2020/09/11,-7.316
2020/09/12,-4.681
2020/09/13,-26.278
2020/09/14,14.815
2020/09/15,10.94
2020/09/16,34.323
2020/09/17,-1.538
2020/09/18,-2.346
2020/09/19,-13.504
2020/09/20,-25.674
2020/09/21,-8.472
2020/09/22,5.622
2020/09/23,35.081
2020/09/24,6.372
2020/09/25,12.798
2020/09/26,-21.093
2020/09/27,-18.073
2020/09/28,-16.309
2020/09/29,25.92
2020/09/30,35.502
2020/10/01,3.144
2020/10/02,-9.279
2020/10/03,-11.546
2020/10/04,-12.071
2020/10/05,-6.489
2020/10/06,2.281
2020/10/07,38.282
2020/10/08,11.945
2020/10/09,6.737
2020/10/10,-19.454
2020/10/11,-22.453
2020/10/12,-7.422
2020/10/13,11.633
2020/10/14,22.83
2020/10/15,8.54
2020/10/16,-2.569
2020/10/17,-12.558
2020/10/18,-32.098
2020/10/19,-6.376
2020/10/20,20.191
2020/10/21,34.448
2020/10/22,11.569
2020/10/23,-2.022
2020/10/24,-1.459
2020/10/25,-28.557
2020/10/26,-22.041
2020/10/27,-17.867
2020/10/28,7.881
2020/10/29,9.342
2020/10/30,6.518
2020/10/31,5.529
2020/11/01,0.07
2020/11/02,-16.305
2020/11/03,20.259
2020/11/04,16.072
2020/11/05,41.871
2020/11/06,2.614
2020/11/07,-15.531
2020/11/08,-23.738
2020/11/09,-4.115
2020/11/10,11.955
2020/11/11,32.613
2020/11/12,-0.461
2020/11/13,-1.063
2020/11/14,-15.137
2020/11/15,-22.215
2020/11/16,3.807
2020/11/17,27.16
2020/11/18,43.265
2020/11/19,-0.126
2020/11/20,0.07
2020/11/21,-14.044
2020/11/22,-12.856
2020/11/23,-14.421
2020/11/24,7.118
2020/11/25,33.543
2020/11/26,8.778
2020/11/27,-3.262
2020/11/28,-18.804
2020/11/29,-18.653
2020/11/30,-20.433
2020/12/01,28.633
2020/12/02,24.092
2020/12/03,35.223
2020/12/04,-15.656
2020/12/05,-13.593
2020/12/06,-25.457
2020/12/07,-5.645
2020/12/08,17.125
2020/12/09,24.161
2020/12/10,4.244
2020/12/11,-7.928
2020/12/12,-7.996
2020/12/13,-11.966
2020/12/14,3.154
2020/12/15,8.474
2020/12/16,14.156
2020/12/17,-1.545
2020/12/18,17.2
2020/12/19,8.983
2020/12/20,-8.877
2020/12/21,-28.156
2020/12/22,-5.638
2020/12/23,20.014
2020/12/24,-0.098
2020/12/25,-6.254
2020/12/26,-19.063
2020/12/27,14.632
2020/12/28,1.668
2020/12/29,22.768
2020/12/30,9.464
2020/12/31,11.634
2021/01/01,-23.271
2021/01/02,-12.164
2021/01/03,4.121
2021/01/04,44.83
2021/01/05,19.186
2021/01/06,10.656
2021/01/07,7.499
2021/01/08,1.256
2021/01/09,-19.123
2021/01/10,-17.399
2021/01/11,-6.857
2021/01/12,4.741
2021/01/13,-3.826
2021/01/14,1.455
2021/01/15,2.19
2021/01/16,-3.354
2021/01/17,-19.76
2021/01/18,-8.776
2021/01/19,5.391
2021/01/20,15.797
2021/01/21,-7.347
2021/01/22,-0.371
2021/01/23,-2.081
2021/01/24,-12.66
2021/01/25,-4.561
2021/01/26,9.3
2021/01/27,27.411
2021/01/28,5.191
2021/01/29,1.22
2021/01/30,-3.474
2021/01/31,-10.582
2021/02/01,-18.606
2021/02/02,17.78
2021/02/03,18.467
2021/02/04,32.498
2021/02/05,-1.988
2021/02/06,-3.064
2021/02/07,-22.147
2021/02/08,-7.024
2021/02/09,7.871
2021/02/10,19.01
2021/02/11,-9.088
2021/02/12,-4.675
2021/02/13,-1.218
2021/02/14,-3.063
2021/02/15,-9.323
2021/02/16,-11.948
2021/02/17,7.535
2021/02/18,1.814
2021/02/19,15.245
2021/02/20,0.882
2021/02/21,-14.302
2021/02/22,-16.455
2021/02/23,-10.168
2021/02/24,31.833
2021/02/25,14.272
2021/02/26,6.436
2021/02/27,-10.423
2021/02/28,-22.02
2021/03/01,-8.464
2021/03/02,5.421
2021/03/03,31.105
2021/03/04,3.263
2021/03/05,-6.028
2021/03/06,-13.635
2021/03/07,-9.986
2021/03/08,-8.132
2021/03/09,4.076
2021/03/10,32.213
2021/03/11,-0.235
2021/03/12,7.028
2021/03/13,-19.623
2021/03/14,5.764
2021/03/15,-8.893
2021/03/16,15.316
2021/03/17,-3.868
2021/03/18,13.518
2021/03/19,-1.037
2021/03/20,-3.105
2021/03/21,-29.191
2021/03/22,-5.94
2021/03/23,9.512
2021/03/24,29.884
2021/03/25,7.115
2021/03/26,-6.559
2021/03/27,-5.523
2021/03/28,-21.972
2021/03/29,3.298
2021/03/30,11.4
2021/03/31,33.869
2021/04/01,2.85
2021/04/02,-4.766
2021/04/03,-15.336
2021/04/04,-21.146
2021/04/05,-5.483
2021/04/06,9.885
2021/04/07,30.627
2021/04/08,-3.631
2021/04/09,4.895
2021/04/10,-6.923
2021/04/11,-9.014
2021/04/12,-10.273
2021/04/13,3.727
2021/04/14,17.392
2021/04/15,23.364
2021/04/16,-29.177
2021/04/17,-34.595
2021/04/18,-23.564
2021/04/19,-5.139
2021/04/20,43.889
2021/04/21,-17.731
2021/04/22,31.755
2021/04/23,5.627
2021/04/24,28.605
2021/04/25,-12.23
2021/04/26,-18.614
2021/04/27,2.555
2021/04/28,14.979
2021/04/29,7.802
2021/04/30,-2.928
2021/05/01,-5.102
2021/05/02,-9.375
2021/05/03,-0.835
2021/05/04,14.377
2021/05/05,31.736
2021/05/06,8.5
2021/05/07,2.386
2021/05/08,-11.336
2021/05/09,-20.414
2021/05/10,-1.527
2021/05/11,13.632
2021/05/12,21.237
2021/05/13,-8.843
2021/05/14,-14.753
2021/05/15,-22.747
2021/05/16,-20.632
2021/05/17,-5.69
2021/05/18,-4.767
2021/05/19,20.059
2021/05/20,-9.116
2021/05/21,2.409
2021/05/22,-15.044
2021/05/23,-14.797
2021/05/24,3.708
2021/05/25,4.398
2021/05/26,18.759
2021/05/27,-8.827
2021/05/28,-6.564
2021/05/29,-14.055
2021/05/30,-16.019
2021/05/31,3.729
2021/06/01,18.264
2021/06/02,39.394
2021/06/03,12.878
2021/06/04,0.905
2021/06/05,-22.352
2021/06/06,-27.525
2021/06/07,-0.505
2021/06/08,26.901
2021/06/09,13.842
2021/06/10,7.444
2021/06/11,-12.304
2021/06/12,5.625
2021/06/13,-26.061
2021/06/14,11.961
2021/06/15,8.573
2021/06/16,35.219
2021/06/17,-1.934
2021/06/18,-7.834
2021/06/19,-26.057
2021/06/20,-29.652
2021/06/21,-8.011
2021/06/22,5.078
2021/06/23,39.163
2021/06/24,13.773
2021/06/25,11.049
2021/06/26,-21.953
2021/06/27,-47.901
2021/06/28,1.273
2021/06/29,13.213
2021/06/30,77.162
2021/07/01,5.738
2021/07/02,-8.295
2021/07/03,10.278
2021/07/04,-26.479
2021/07/05,18.649
2021/07/06,-3.876
2021/07/07,28.747
2021/07/08,3.109
2021/07/09,-0.332
2021/07/10,-15.378
2021/07/11,-27.999
2021/07/12,-3.183
2021/07/13,22.81
2021/07/14,42.181
2021/07/15,2.709
2021/07/16,-2.813
2021/07/17,-22.937
2021/07/18,-28.804
2021/07/19,1.485
2021/07/20,26.653
2021/07/21,46.315
2021/07/22,1.543
2021/07/23,0.264
2021/07/24,-15.963
2021/07/25,-24.224
2021/07/26,13.336
2021/07/27,28.855
2021/07/28,43.975
2021/07/29,0.249
2021/07/30,0.078
2021/07/31,-17.476
2021/08/01,-29.51
2021/08/02,-6.314
2021/08/03,18.746
2021/08/04,29.436
2021/08/05,2.877
2021/08/06,5.943
2021/08/07,-11.442
2021/08/08,-22.173
2021/08/09,-3.124
2021/08/10,22.984
2021/08/11,36.991
2021/08/12,-0.672
2021/08/13,-0.123
2021/08/14,-20.352
2021/08/15,-25.818
2021/08/16,1.108
2021/08/17,23.304
2021/08/18,32.861
2021/08/19,-3.825
2021/08/20,5.467
2021/08/21,-11.311
2021/08/22,-24.804
2021/08/23,-0.419
2021/08/24,20.34
2021/08/25,38.002
2021/08/26,-4.471
2021/08/27,-2.715
2021/08/28,-17.014
2021/08/29,-25.905
2021/08/30,-2.278
2021/08/31,24.248
2021/09/01,46.599
2021/09/02,15.521
2021/09/03,4.732
2021/09/04,-18.933
2021/09/05,-29.283
2021/09/06,-5.333
2021/09/07,21.485
2021/09/08,31.937
2021/09/09,2.062
2021/09/10,-5.511
2021/09/11,-19.251
2021/09/12,-29.792
2021/09/13,-2.076
2021/09/14,22.75
2021/09/15,39.612
2021/09/16,5.972
2021/09/17,1.095
2021/09/18,-15.367
2021/09/19,-26.092
2021/09/20,-0.304
2021/09/21,7.446
2021/09/22,37.306
2021/09/23,-0.572
2021/09/24,13.489
2021/09/25,-22.781
2021/09/26,-27.224
2021/09/27,-7.822
2021/09/28,23.4
2021/09/29,23.764
2021/09/30,14.541
2021/10/01,5.631
2021/10/02,7.406
2021/10/03,-25.586
2021/10/04,-2.926
2021/10/05,20.249
2021/10/06,22.782
2021/10/07,21.181
2021/10/08,-10.393
2021/10/09,-8.063
2021/10/10,-35.117
2021/10/11,0.046
2021/10/12,11.373
2021/10/13,36.622
2021/10/14,0.788
2021/10/15,8.607
2021/10/16,-6.521
2021/10/17,-23.569
2021/10/18,-4.162
2021/10/19,15.539
2021/10/20,35.203
2021/10/21,12.403
2021/10/22,-7.847
2021/10/23,-23.269
2021/10/24,-34.164
2021/10/25,-1.007
2021/10/26,31.316
2021/10/27,38.324
2021/10/28,3.834
2021/10/29,3.975
2021/10/30,-13.718
2021/10/31,-26.441
2021/11/01,-4.067
2021/11/02,17.998
2021/11/03,32.807
2021/11/04,-1.411
2021/11/05,-3.853
2021/11/06,-18.194
2021/11/07,-21.807
2021/11/08,-0.042
2021/11/09,42.011
2021/11/10,33.146
2021/11/11,2.743
2021/11/12,-15.914
2021/11/13,-20.738
2021/11/14,-23.73
2021/11/15,2.262
2021/11/16,26.196
2021/11/17,29.653
2021/11/18,1.887
2021/11/19,-5.44
2021/11/20,-14.035
2021/11/21,-24.14
2021/11/22,-1.953
2021/11/23,13.531
2021/11/24,34.08
2021/11/25,2.99
2021/11/26,3.263
2021/11/27,-19.46
2021/11/28,-25.66
2021/11/29,2.954
2021/11/30,22.079
2021/12/01,34.947
2021/12/02,3.969
2021/12/03,-1.284
2021/12/04,-12.06
2021/12/05,-31.318
2021/12/06,-1.957
2021/12/07,13.676
2021/12/08,23.667
2021/12/09,-0.592
2021/12/10,-5.888
2021/12/11,-15.176
2021/12/12,-24.041
2021/12/13,2.526
