Date,transactions90ema
2010/07/17,252.957
2010/07/18,252.849
2010/07/19,255.072
2010/07/20,258.543
2010/07/21,258.487
2010/07/22,257.663
2010/07/23,256.769
2010/07/24,266.62
2010/07/25,295.75
2010/07/26,294.173
2010/07/27,293.422
2010/07/28,326.357
2010/07/29,356.262
2010/07/30,351.575
2010/07/31,345.87
2010/08/01,341.015
2010/08/02,336.949
2010/08/03,338.796
2010/08/04,335.658
2010/08/05,334.808
2010/08/06,332.109
2010/08/07,327.404
2010/08/08,324.428
2010/08/09,322.44
2010/08/10,318.628
2010/08/11,315.56
2010/08/12,312.47
2010/08/13,312.218
2010/08/14,308.719
2010/08/15,304.308
2010/08/16,304.345
2010/08/17,301.81
2010/08/18,300.539
2010/08/19,298.11
2010/08/20,296.613
2010/08/21,293.808
2010/08/22,290.735
2010/08/23,287.774
2010/08/24,285.054
2010/08/25,282.064
2010/08/26,279.337
2010/08/27,275.901
2010/08/28,273.552
2010/08/29,269.693
2010/08/30,267.722
2010/08/31,267.486
2010/09/01,266.509
2010/09/02,264.278
2010/09/03,261.876
2010/09/04,258.164
2010/09/05,255.699
2010/09/06,252.717
2010/09/07,249.844
2010/09/08,248.177
2010/09/09,246.876
2010/09/10,245.473
2010/09/11,243.264
2010/09/12,242.358
2010/09/13,242.855
2010/09/14,242.375
2010/09/15,242.784
2010/09/16,242.261
2010/09/17,240.3
2010/09/18,238.579
2010/09/19,236.544
2010/09/20,237.104
2010/09/21,245.914
2010/09/22,251.477
2010/09/23,255.203
2010/09/24,255.594
2010/09/25,257.119
2010/09/26,255.754
2010/09/27,258.353
2010/09/28,258.806
2010/09/29,270.943
2010/09/30,269.801
2010/10/01,273.322
2010/10/02,276.128
2010/10/03,275.664
2010/10/04,275.187
2010/10/05,274.524
2010/10/06,273.677
2010/10/07,271.619
2010/10/08,270.242
2010/10/09,269.644
2010/10/10,267.783
2010/10/11,265.92
2010/10/12,264.405
2010/10/13,262.726
2010/10/14,260.512
2010/10/15,258.105
2010/10/16,256.455
2010/10/17,254.928
2010/10/18,256.578
2010/10/19,265.62
2010/10/20,269.651
2010/10/21,271.768
2010/10/22,275.641
2010/10/23,277.1
2010/10/24,278.636
2010/10/25,277.062
2010/10/26,277.06
2010/10/27,278.773
2010/10/28,278.515
2010/10/29,277.756
2010/10/30,275.476
2010/10/31,272.234
2010/11/01,270.075
2010/11/02,266.557
2010/11/03,264.149
2010/11/04,261.443
2010/11/05,260.598
2010/11/06,258.739
2010/11/07,257.667
2010/11/08,257.279
2010/11/09,255.844
2010/11/10,254.485
2010/11/11,252.76
2010/11/12,249.777
2010/11/13,246.924
2010/11/14,245.014
2010/11/15,342.288
2010/11/16,530.546
2010/11/17,523.017
2010/11/18,538.709
2010/11/19,735.265
2010/11/20,930.424
2010/11/21,1128
2010/11/22,1107
2010/11/23,1087
2010/11/24,1146
2010/11/25,1226
2010/11/26,1224
2010/11/27,1203
2010/11/28,1182
2010/11/29,1162
2010/11/30,1142
2010/12/01,1124
2010/12/02,1105
2010/12/03,1085
2010/12/04,1065
2010/12/05,1046
2010/12/06,1028
2010/12/07,1013
2010/12/08,996.924
2010/12/09,980.793
2010/12/10,964.205
2010/12/11,951.255
2010/12/12,940.722
2010/12/13,931.146
2010/12/14,921.274
2010/12/15,910.829
2010/12/16,898.679
2010/12/17,885.433
2010/12/18,873.401
2010/12/19,862.272
2010/12/20,860.31
2010/12/21,850.94
2010/12/22,843.271
2010/12/23,832.958
2010/12/24,823.068
2010/12/25,815.221
2010/12/26,806.952
2010/12/27,797.129
2010/12/28,790.423
2010/12/29,780.699
2010/12/30,772.86
2010/12/31,764.511
2011/01/01,758.214
2011/01/02,750.21
2011/01/03,755.084
2011/01/04,756.906
2011/01/05,765.678
2011/01/06,761.003
2011/01/07,763.091
2011/01/08,774.144
2011/01/09,780.427
2011/01/10,788.549
2011/01/11,797.372
2011/01/12,801.716
2011/01/13,807.788
2011/01/14,813.793
2011/01/15,813.599
2011/01/16,812.356
2011/01/17,808.765
2011/01/18,805.869
2011/01/19,804.597
2011/01/20,803.134
2011/01/21,807.285
2011/01/22,817.169
2011/01/23,819.231
2011/01/24,826.083
2011/01/25,824.037
2011/01/26,824.058
2011/01/27,820.914
2011/01/28,823.158
2011/01/29,831.132
2011/01/30,866.404
2011/01/31,874.241
2011/02/01,873.687
2011/02/02,870.705
2011/02/03,865.392
2011/02/04,863.076
2011/02/05,858.459
2011/02/06,855.68
2011/02/07,852.016
2011/02/08,848.192
2011/02/09,852.297
2011/02/10,874.181
2011/02/11,902.639
2011/02/12,920.515
2011/02/13,935.976
2011/02/14,955.185
2011/02/15,978.126
2011/02/16,997.464
2011/02/17,1020
2011/02/18,1038
2011/02/19,1046
2011/02/20,1062
2011/02/21,1077
2011/02/22,1097
2011/02/23,1118
2011/02/24,1135
2011/02/25,1150
2011/02/26,1162
2011/02/27,1181
2011/02/28,1189
2011/03/01,1220
2011/03/02,1234
2011/03/03,1273
2011/03/04,1284
2011/03/05,1295
2011/03/06,1305
2011/03/07,1314
2011/03/08,1334
2011/03/09,1342
2011/03/10,1346
2011/03/11,1355
2011/03/12,1388
2011/03/13,1414
2011/03/14,1439
2011/03/15,1467
2011/03/16,1502
2011/03/17,1540
2011/03/18,1555
2011/03/19,1589
2011/03/20,1641
2011/03/21,1730
2011/03/22,1738
2011/03/23,1797
2011/03/24,1802
2011/03/25,1802
2011/03/26,1833
2011/03/27,1844
2011/03/28,1864
2011/03/29,1879
2011/03/30,1873
2011/03/31,1874
2011/04/01,1863
2011/04/02,1857
2011/04/03,1852
2011/04/04,1858
2011/04/05,1860
2011/04/06,1857
2011/04/07,1849
2011/04/08,1844
2011/04/09,1838
2011/04/10,1832
2011/04/11,1831
2011/04/12,1833
2011/04/13,1841
2011/04/14,1860
2011/04/15,1860
2011/04/16,1863
2011/04/17,1868
2011/04/18,1890
2011/04/19,1924
2011/04/20,1944
2011/04/21,1940
2011/04/22,1940
2011/04/23,1944
2011/04/24,1948
2011/04/25,1958
2011/04/26,1986
2011/04/27,2039
2011/04/28,2058
2011/04/29,2086
2011/04/30,2134
2011/05/01,2170
2011/05/02,2186
2011/05/03,2198
2011/05/04,2207
2011/05/05,2230
2011/05/06,2248
2011/05/07,2280
2011/05/08,2288
2011/05/09,2310
2011/05/10,2325
2011/05/11,2337
2011/05/12,2356
2011/05/13,2389
2011/05/14,2428
2011/05/15,2453
2011/05/16,2489
2011/05/17,2527
2011/05/18,2588
2011/05/19,2629
2011/05/20,2672
2011/05/21,2718
2011/05/22,2769
2011/05/23,2828
2011/05/24,2888
2011/05/25,2955
2011/05/26,3037
2011/05/27,3073
2011/05/28,3112
2011/05/29,3144
2011/05/30,3189
2011/05/31,3249
2011/06/01,3317
2011/06/02,3397
2011/06/03,3503
2011/06/04,3615
2011/06/05,3720
2011/06/06,3846
2011/06/07,3956
2011/06/08,4125
2011/06/09,4297
2011/06/10,4445
2011/06/11,4581
2011/06/12,4749
2011/06/13,4887
2011/06/14,5085
2011/06/15,5244
2011/06/16,5405
2011/06/17,5530
2011/06/18,5659
2011/06/19,5782
2011/06/20,5896
2011/06/21,5974
2011/06/22,6090
2011/06/23,6180
2011/06/24,6280
2011/06/25,6352
2011/06/26,6428
2011/06/27,6541
2011/06/28,6630
2011/06/29,6700
2011/06/30,6760
2011/07/01,6841
2011/07/02,6863
2011/07/03,6893
2011/07/04,6948
2011/07/05,6990
2011/07/06,7064
2011/07/07,7107
2011/07/08,7135
2011/07/09,7147
2011/07/10,7172
2011/07/11,7242
2011/07/12,7259
2011/07/13,7297
2011/07/14,7325
2011/07/15,7336
2011/07/16,7367
2011/07/17,7385
2011/07/18,7416
2011/07/19,7452
2011/07/20,7480
2011/07/21,7492
2011/07/22,7521
2011/07/23,7516
2011/07/24,7528
2011/07/25,7567
2011/07/26,7581
2011/07/27,7586
2011/07/28,7594
2011/07/29,7585
2011/07/30,7551
2011/07/31,7559
2011/08/01,7570
2011/08/02,7594
2011/08/03,7593
2011/08/04,7606
2011/08/05,7598
2011/08/06,7578
2011/08/07,7556
2011/08/08,7547
2011/08/09,7581
2011/08/10,7594
2011/08/11,7591
2011/08/12,7579
2011/08/13,7572
2011/08/14,7567
2011/08/15,7582
2011/08/16,7624
2011/08/17,7623
2011/08/18,7615
2011/08/19,7612
2011/08/20,7600
2011/08/21,7598
2011/08/22,7599
2011/08/23,7588
2011/08/24,7580
2011/08/25,7570
2011/08/26,7563
2011/08/27,7534
2011/08/28,7489
2011/08/29,7499
2011/08/30,7503
2011/08/31,7495
2011/09/01,7485
2011/09/02,7472
2011/09/03,7435
2011/09/04,7428
2011/09/05,7416
2011/09/06,7422
2011/09/07,7411
2011/09/08,7389
2011/09/09,7385
2011/09/10,7351
2011/09/11,7329
2011/09/12,7309
2011/09/13,7289
2011/09/14,7262
2011/09/15,7241
2011/09/16,7215
2011/09/17,7174
2011/09/18,7144
2011/09/19,7131
2011/09/20,7150
2011/09/21,7158
2011/09/22,7133
2011/09/23,7112
2011/09/24,7079
2011/09/25,7046
2011/09/26,7012
2011/09/27,6989
2011/09/28,6965
2011/09/29,6932
2011/09/30,6906
2011/10/01,6869
2011/10/02,6826
2011/10/03,6816
2011/10/04,6791
2011/10/05,6766
2011/10/06,6744
2011/10/07,6718
2011/10/08,6686
2011/10/09,6656
2011/10/10,6637
2011/10/11,6619
2011/10/12,6602
2011/10/13,6564
2011/10/14,6551
2011/10/15,6527
2011/10/16,6490
2011/10/17,6472
2011/10/18,6434
2011/10/19,6402
2011/10/20,6361
2011/10/21,6333
2011/10/22,6304
2011/10/23,6287
2011/10/24,6276
2011/10/25,6250
2011/10/26,6226
2011/10/27,6190
2011/10/28,6164
2011/10/29,6149
2011/10/30,6121
2011/10/31,6097
2011/11/01,6087
2011/11/02,6081
2011/11/03,6082
2011/11/04,6089
2011/11/05,6083
2011/11/06,6056
2011/11/07,6041
2011/11/08,6037
2011/11/09,6042
2011/11/10,6050
2011/11/11,6027
2011/11/12,6004
2011/11/13,5987
2011/11/14,5982
2011/11/15,5981
2011/11/16,5979
2011/11/17,5954
2011/11/18,5934
2011/11/19,5904
2011/11/20,5884
2011/11/21,5857
2011/11/22,5846
2011/11/23,5838
2011/11/24,5817
2011/11/25,5807
2011/11/26,5781
2011/11/27,5763
2011/11/28,5764
2011/11/29,5775
2011/11/30,5795
2011/12/01,5803
2011/12/02,5811
2011/12/03,5804
2011/12/04,5792
2011/12/05,5798
2011/12/06,5842
2011/12/07,5846
2011/12/08,5842
2011/12/09,5833
2011/12/10,5826
2011/12/11,5810
2011/12/12,5787
2011/12/13,5776
2011/12/14,5770
2011/12/15,5748
2011/12/16,5732
2011/12/17,5713
2011/12/18,5686
2011/12/19,5686
2011/12/20,5696
2011/12/21,5690
2011/12/22,5691
2011/12/23,5687
2011/12/24,5662
2011/12/25,5650
2011/12/26,5645
2011/12/27,5633
2011/12/28,5615
2011/12/29,5604
2011/12/30,5588
2011/12/31,5575
2012/01/01,5559
2012/01/02,5552
2012/01/03,5554
2012/01/04,5554
2012/01/05,5583
2012/01/06,5602
2012/01/07,5605
2012/01/08,5619
2012/01/09,5626
2012/01/10,5646
2012/01/11,5676
2012/01/12,5695
2012/01/13,5717
2012/01/14,5738
2012/01/15,5747
2012/01/16,5770
2012/01/17,5788
2012/01/18,5804
2012/01/19,5825
2012/01/20,5843
2012/01/21,5851
2012/01/22,5836
2012/01/23,5838
2012/01/24,5867
2012/01/25,5910
2012/01/26,5922
2012/01/27,5928
2012/01/28,5924
2012/01/29,5932
2012/01/30,5933
2012/01/31,5951
2012/02/01,5960
2012/02/02,5983
2012/02/03,6003
2012/02/04,6027
2012/02/05,6040
2012/02/06,6039
2012/02/07,6057
2012/02/08,6075
2012/02/09,6103
2012/02/10,6152
2012/02/11,6182
2012/02/12,6197
2012/02/13,6234
2012/02/14,6302
2012/02/15,6366
2012/02/16,6433
2012/02/17,6437
2012/02/18,6435
2012/02/19,6421
2012/02/20,6416
2012/02/21,6413
2012/02/22,6427
2012/02/23,6458
2012/02/24,6465
2012/02/25,6458
2012/02/26,6441
2012/02/27,6444
2012/02/28,6447
2012/02/29,6449
2012/03/01,6453
2012/03/02,6477
2012/03/03,6446
2012/03/04,6446
2012/03/05,6454
2012/03/06,6450
2012/03/07,6450
2012/03/08,6451
2012/03/09,6448
2012/03/10,6421
2012/03/11,6392
2012/03/12,6383
2012/03/13,6401
2012/03/14,6409
2012/03/15,6404
2012/03/16,6412
2012/03/17,6419
2012/03/18,6407
2012/03/19,6409
2012/03/20,6415
2012/03/21,6424
2012/03/22,6424
2012/03/23,6416
2012/03/24,6411
2012/03/25,6403
2012/03/26,6404
2012/03/27,6407
2012/03/28,6422
2012/03/29,6443
2012/03/30,6448
2012/03/31,6438
2012/04/01,6416
2012/04/02,6415
2012/04/03,6441
2012/04/04,6453
2012/04/05,6463
2012/04/06,6465
2012/04/07,6454
2012/04/08,6439
2012/04/09,6440
2012/04/10,6481
2012/04/11,6508
2012/04/12,6545
2012/04/13,6553
2012/04/14,6582
2012/04/15,6597
2012/04/16,6637
2012/04/17,6660
2012/04/18,6699
2012/04/19,6722
2012/04/20,6753
2012/04/21,6760
2012/04/22,6748
2012/04/23,6753
2012/04/24,6770
2012/04/25,6784
2012/04/26,6853
2012/04/27,6858
2012/04/28,6867
2012/04/29,6882
2012/04/30,6934
2012/05/01,7002
2012/05/02,7064
2012/05/03,7213
2012/05/04,7361
2012/05/05,7481
2012/05/06,7558
2012/05/07,7789
2012/05/08,8004
2012/05/09,8203
2012/05/10,8279
2012/05/11,8513
2012/05/12,8726
2012/05/13,8855
2012/05/14,9280
2012/05/15,9562
2012/05/16,9747
2012/05/17,9902
2012/05/18,10219
2012/05/19,10769
2012/05/20,11221
2012/05/21,11666
2012/05/22,11923
2012/05/23,12261
2012/05/24,12574
2012/05/25,12932
2012/05/26,13156
2012/05/27,13445
2012/05/28,13803
2012/05/29,14152
2012/05/30,14401
2012/05/31,14543
2012/06/01,14815
2012/06/02,14767
2012/06/03,15178
2012/06/04,15850
2012/06/05,16474
2012/06/06,16459
2012/06/07,16823
2012/06/08,16976
2012/06/09,17325
2012/06/10,17836
2012/06/11,18156
2012/06/12,18154
2012/06/13,19000
2012/06/14,19940
2012/06/15,20707
2012/06/16,21200
2012/06/17,21695
2012/06/18,22073
2012/06/19,22375
2012/06/20,22589
2012/06/21,22678
2012/06/22,22695
2012/06/23,22683
2012/06/24,22673
2012/06/25,22803
2012/06/26,22963
2012/06/27,23133
2012/06/28,23205
2012/06/29,23194
2012/06/30,23179
2012/07/01,23090
2012/07/02,23132
2012/07/03,23118
2012/07/04,23116
2012/07/05,23080
2012/07/06,23095
2012/07/07,23147
2012/07/08,23092
2012/07/09,23133
2012/07/10,23392
2012/07/11,23562
2012/07/12,23575
2012/07/13,23593
2012/07/14,23572
2012/07/15,23630
2012/07/16,23797
2012/07/17,24043
2012/07/18,24228
2012/07/19,24374
2012/07/20,24644
2012/07/21,24860
2012/07/22,25076
2012/07/23,25241
2012/07/24,25306
2012/07/25,25347
2012/07/26,25461
2012/07/27,25494
2012/07/28,25705
2012/07/29,25894
2012/07/30,26077
2012/07/31,26413
2012/08/01,26501
2012/08/02,26645
2012/08/03,26666
2012/08/04,26714
2012/08/05,26856
2012/08/06,27040
2012/08/07,27093
2012/08/08,27377
2012/08/09,27429
2012/08/10,27447
2012/08/11,27568
2012/08/12,27720
2012/08/13,28181
2012/08/14,28317
2012/08/15,28855
2012/08/16,29239
2012/08/17,29485
2012/08/18,29650
2012/08/19,29806
2012/08/20,29935
2012/08/21,30206
2012/08/22,30371
2012/08/23,30399
2012/08/24,30437
2012/08/25,30500
2012/08/26,30474
2012/08/27,30529
2012/08/28,30510
2012/08/29,30588
2012/08/30,30658
2012/08/31,30874
2012/09/01,31088
2012/09/02,31139
2012/09/03,31292
2012/09/04,31478
2012/09/05,31687
2012/09/06,31927
2012/09/07,31957
2012/09/08,31937
2012/09/09,31923
2012/09/10,31957
2012/09/11,32092
2012/09/12,32001
2012/09/13,31932
2012/09/14,32021
2012/09/15,31913
2012/09/16,31832
2012/09/17,31666
2012/09/18,31688
2012/09/19,31697
2012/09/20,31684
2012/09/21,31651
2012/09/22,31436
2012/09/23,31357
2012/09/24,31306
2012/09/25,31146
2012/09/26,31171
2012/09/27,31106
2012/09/28,31139
2012/09/29,30978
2012/09/30,30748
2012/10/01,30613
2012/10/02,30659
2012/10/03,30569
2012/10/04,30611
2012/10/05,30734
2012/10/06,30773
2012/10/07,30858
2012/10/08,31015
2012/10/09,31110
2012/10/10,31109
2012/10/11,31031
2012/10/12,30976
2012/10/13,31019
2012/10/14,30937
2012/10/15,30935
2012/10/16,31010
2012/10/17,31025
2012/10/18,30961
2012/10/19,30834
2012/10/20,30822
2012/10/21,31039
2012/10/22,31302
2012/10/23,31315
2012/10/24,31331
2012/10/25,31232
2012/10/26,31024
2012/10/27,30697
2012/10/28,30413
2012/10/29,30214
2012/10/30,30223
2012/10/31,30165
2012/11/01,30019
2012/11/02,29993
2012/11/03,29856
2012/11/04,29730
2012/11/05,29781
2012/11/06,29826
2012/11/07,29969
2012/11/08,30019
2012/11/09,29909
2012/11/10,29845
2012/11/11,29703
2012/11/12,29573
2012/11/13,29516
2012/11/14,29521
2012/11/15,29696
2012/11/16,29907
2012/11/17,29962
2012/11/18,30050
2012/11/19,30198
2012/11/20,30341
2012/11/21,30530
2012/11/22,30535
2012/11/23,30571
2012/11/24,30549
2012/11/25,30682
2012/11/26,30793
2012/11/27,30720
2012/11/28,30860
2012/11/29,31001
2012/11/30,30971
2012/12/01,31022
2012/12/02,30790
2012/12/03,30586
2012/12/04,30623
2012/12/05,30689
2012/12/06,30828
2012/12/07,30854
2012/12/08,30902
2012/12/09,30925
2012/12/10,31038
2012/12/11,31161
2012/12/12,31281
2012/12/13,31525
2012/12/14,31687
2012/12/15,31699
2012/12/16,31780
2012/12/17,31980
2012/12/18,32370
2012/12/19,32639
2012/12/20,32709
2012/12/21,32967
2012/12/22,33365
2012/12/23,33437
2012/12/24,33493
2012/12/25,33386
2012/12/26,33453
2012/12/27,33676
2012/12/28,33968
2012/12/29,34056
2012/12/30,34302
2012/12/31,34206
2013/01/01,34151
2013/01/02,34264
2013/01/03,34437
2013/01/04,34745
2013/01/05,34849
2013/01/06,34805
2013/01/07,34922
2013/01/08,35001
2013/01/09,35178
2013/01/10,35556
2013/01/11,35931
2013/01/12,36143
2013/01/13,36432
2013/01/14,36607
2013/01/15,36789
2013/01/16,37157
2013/01/17,37395
2013/01/18,37650
2013/01/19,38054
2013/01/20,38124
2013/01/21,38172
2013/01/22,38291
2013/01/23,38473
2013/01/24,38640
2013/01/25,38854
2013/01/26,39147
2013/01/27,39501
2013/01/28,39777
2013/01/29,40036
2013/01/30,40058
2013/01/31,40308
2013/02/01,40724
2013/02/02,41023
2013/02/03,41462
2013/02/04,41756
2013/02/05,42008
2013/02/06,42017
2013/02/07,42436
2013/02/08,42839
2013/02/09,43164
2013/02/10,43452
2013/02/11,43759
2013/02/12,44081
2013/02/13,44407
2013/02/14,44547
2013/02/15,44787
2013/02/16,44929
2013/02/17,45029
2013/02/18,45143
2013/02/19,45345
2013/02/20,45657
2013/02/21,45879
2013/02/22,46233
2013/02/23,46486
2013/02/24,46717
2013/02/25,47162
2013/02/26,47516
2013/02/27,47807
2013/02/28,48137
2013/03/01,48494
2013/03/02,48652
2013/03/03,48776
2013/03/04,49108
2013/03/05,49275
2013/03/06,49568
2013/03/07,49943
2013/03/08,50069
2013/03/09,50186
2013/03/10,50702
2013/03/11,50887
2013/03/12,50831
2013/03/13,50957
2013/03/14,51109
2013/03/15,51362
2013/03/16,50980
2013/03/17,50632
2013/03/18,50471
2013/03/19,50371
2013/03/20,50277
2013/03/21,50388
2013/03/22,50607
2013/03/23,50653
2013/03/24,50664
2013/03/25,50624
2013/03/26,50586
2013/03/27,50641
2013/03/28,50864
2013/03/29,51111
2013/03/30,51285
2013/03/31,51121
2013/04/01,51153
2013/04/02,51415
2013/04/03,51687
2013/04/04,52017
2013/04/05,52220
2013/04/06,52205
2013/04/07,52451
2013/04/08,52650
2013/04/09,52961
2013/04/10,53197
2013/04/11,53528
2013/04/12,53637
2013/04/13,53631
2013/04/14,53668
2013/04/15,53683
2013/04/16,53989
2013/04/17,54045
2013/04/18,53878
2013/04/19,54000
2013/04/20,53871
2013/04/21,53655
2013/04/22,53510
2013/04/23,53685
2013/04/24,53931
2013/04/25,54117
2013/04/26,54138
2013/04/27,53920
2013/04/28,53652
2013/04/29,53607
2013/04/30,53472
2013/05/01,53509
2013/05/02,53548
2013/05/03,53498
2013/05/04,53424
2013/05/05,53352
2013/05/06,53348
2013/05/07,53419
2013/05/08,53350
2013/05/09,53641
2013/05/10,53950
2013/05/11,54374
2013/05/12,54613
2013/05/13,54750
2013/05/14,55004
2013/05/15,55202
2013/05/16,55330
2013/05/17,55401
2013/05/18,55328
2013/05/19,55159
2013/05/20,55017
2013/05/21,54990
2013/05/22,54921
2013/05/23,55024
2013/05/24,55029
2013/05/25,54943
2013/05/26,54627
2013/05/27,54582
2013/05/28,54633
2013/05/29,54639
2013/05/30,54696
2013/05/31,54684
2013/06/01,54671
2013/06/02,54563
2013/06/03,54587
2013/06/04,54649
2013/06/05,54687
2013/06/06,54682
2013/06/07,54624
2013/06/08,54479
2013/06/09,54256
2013/06/10,54048
2013/06/11,53948
2013/06/12,53767
2013/06/13,53530
2013/06/14,53453
2013/06/15,53061
2013/06/16,52835
2013/06/17,52681
2013/06/18,52531
2013/06/19,52407
2013/06/20,52406
2013/06/21,52284
2013/06/22,52112
2013/06/23,51809
2013/06/24,51639
2013/06/25,51482
2013/06/26,51349
2013/06/27,51231
2013/06/28,51190
2013/06/29,50865
2013/06/30,50424
2013/07/01,50172
2013/07/02,49937
2013/07/03,49617
2013/07/04,49298
2013/07/05,49025
2013/07/06,48677
2013/07/07,48270
2013/07/08,48076
2013/07/09,47912
2013/07/10,47718
2013/07/11,47620
2013/07/12,47630
2013/07/13,47415
2013/07/14,47136
2013/07/15,46905
2013/07/16,46736
2013/07/17,46598
2013/07/18,46475
2013/07/19,46258
2013/07/20,45978
2013/07/21,45742
2013/07/22,45612
2013/07/23,45451
2013/07/24,45380
2013/07/25,45314
2013/07/26,45136
2013/07/27,44950
2013/07/28,44779
2013/07/29,44710
2013/07/30,44649
2013/07/31,44752
2013/08/01,44883
2013/08/02,45028
2013/08/03,45040
2013/08/04,44990
2013/08/05,45118
2013/08/06,45317
2013/08/07,45583
2013/08/08,45852
2013/08/09,45931
2013/08/10,46054
2013/08/11,45881
2013/08/12,45972
2013/08/13,46124
2013/08/14,46242
2013/08/15,46500
2013/08/16,47037
2013/08/17,47242
2013/08/18,47439
2013/08/19,47960
2013/08/20,48291
2013/08/21,48556
2013/08/22,48952
2013/08/23,49085
2013/08/24,49141
2013/08/25,49035
2013/08/26,49186
2013/08/27,49468
2013/08/28,49800
2013/08/29,49998
2013/08/30,50270
2013/08/31,50205
2013/09/01,50121
2013/09/02,50141
2013/09/03,50181
2013/09/04,50239
2013/09/05,50466
2013/09/06,50690
2013/09/07,50715
2013/09/08,50618
2013/09/09,50768
2013/09/10,50819
2013/09/11,50780
2013/09/12,50808
2013/09/13,50673
2013/09/14,50511
2013/09/15,50577
2013/09/16,50602
2013/09/17,50979
2013/09/18,51186
2013/09/19,51371
2013/09/20,51535
2013/09/21,51552
2013/09/22,51533
2013/09/23,51831
2013/09/24,52063
2013/09/25,52113
2013/09/26,52229
2013/09/27,52109
2013/09/28,51895
2013/09/29,51656
2013/09/30,51554
2013/10/01,51673
2013/10/02,51895
2013/10/03,52059
2013/10/04,52052
2013/10/05,51903
2013/10/06,51700
2013/10/07,51539
2013/10/08,51395
2013/10/09,51375
2013/10/10,51491
2013/10/11,51497
2013/10/12,51448
2013/10/13,51440
2013/10/14,51566
2013/10/15,51654
2013/10/16,51631
2013/10/17,51523
2013/10/18,51698
2013/10/19,51772
2013/10/20,51716
2013/10/21,51903
2013/10/22,52187
2013/10/23,52251
2013/10/24,52496
2013/10/25,52600
2013/10/26,52490
2013/10/27,52292
2013/10/28,52262
2013/10/29,52208
2013/10/30,52121
2013/10/31,52249
2013/11/01,52094
2013/11/02,51805
2013/11/03,51453
2013/11/04,51318
2013/11/05,51320
2013/11/06,51398
2013/11/07,51595
2013/11/08,51760
2013/11/09,51833
2013/11/10,51954
2013/11/11,52070
2013/11/12,52203
2013/11/13,52477
2013/11/14,52845
2013/11/15,53019
2013/11/16,52886
2013/11/17,52848
2013/11/18,53420
2013/11/19,54284
2013/11/20,54792
2013/11/21,55163
2013/11/22,55638
2013/11/23,56006
2013/11/24,56109
2013/11/25,56450
2013/11/26,57038
2013/11/27,57881
2013/11/28,58779
2013/11/29,59463
2013/11/30,59805
2013/12/01,60071
2013/12/02,60409
2013/12/03,60783
2013/12/04,61194
2013/12/05,61676
2013/12/06,61900
2013/12/07,62024
2013/12/08,61700
2013/12/09,61738
2013/12/10,61863
2013/12/11,61979
2013/12/12,61893
2013/12/13,61850
2013/12/14,61674
2013/12/15,61465
2013/12/16,61634
2013/12/17,61764
2013/12/18,62194
2013/12/19,62366
2013/12/20,62422
2013/12/21,62279
2013/12/22,62069
2013/12/23,61894
2013/12/24,61758
2013/12/25,61615
2013/12/26,61384
2013/12/27,61188
2013/12/28,60896
2013/12/29,60681
2013/12/30,60566
2013/12/31,60305
2014/01/01,59921
2014/01/02,59805
2014/01/03,59827
2014/01/04,59654
2014/01/05,59627
2014/01/06,59793
2014/01/07,59858
2014/01/08,59888
2014/01/09,59865
2014/01/10,59736
2014/01/11,59646
2014/01/12,59441
2014/01/13,59306
2014/01/14,59260
2014/01/15,59308
2014/01/16,59246
2014/01/17,59238
2014/01/18,59066
2014/01/19,58819
2014/01/20,58907
2014/01/21,59203
2014/01/22,59345
2014/01/23,59434
2014/01/24,59565
2014/01/25,59437
2014/01/26,59305
2014/01/27,59412
2014/01/28,59548
2014/01/29,59548
2014/01/30,59572
2014/01/31,59583
2014/02/01,59474
2014/02/02,59317
2014/02/03,59275
2014/02/04,59502
2014/02/05,59675
2014/02/06,59902
2014/02/07,60131
2014/02/08,60235
2014/02/09,60151
2014/02/10,60295
2014/02/11,60444
2014/02/12,60477
2014/02/13,60624
2014/02/14,60933
2014/02/15,60950
2014/02/16,60871
2014/02/17,60867
2014/02/18,60963
2014/02/19,61161
2014/02/20,61376
2014/02/21,61549
2014/02/22,61482
2014/02/23,61447
2014/02/24,61714
2014/02/25,62114
2014/02/26,62353
2014/02/27,62536
2014/02/28,62703
2014/03/01,62715
2014/03/02,62578
2014/03/03,62986
2014/03/04,63457
2014/03/05,63650
2014/03/06,63798
2014/03/07,63982
2014/03/08,63992
2014/03/09,63947
2014/03/10,64097
2014/03/11,64359
2014/03/12,64618
2014/03/13,64795
2014/03/14,64920
2014/03/15,64815
2014/03/16,64690
2014/03/17,64724
2014/03/18,64489
2014/03/19,64690
2014/03/20,64825
2014/03/21,65002
2014/03/22,65035
2014/03/23,64872
2014/03/24,65002
2014/03/25,65150
2014/03/26,65216
2014/03/27,65355
2014/03/28,65389
2014/03/29,65119
2014/03/30,64934
2014/03/31,64932
2014/04/01,64911
2014/04/02,64951
2014/04/03,64992
2014/04/04,65003
2014/04/05,64797
2014/04/06,64469
2014/04/07,64495
2014/04/08,64565
2014/04/09,64575
2014/04/10,64647
2014/04/11,64667
2014/04/12,64292
2014/04/13,63999
2014/04/14,64132
2014/04/15,64318
2014/04/16,64409
2014/04/17,64422
2014/04/18,64256
2014/04/19,64016
2014/04/20,63683
2014/04/21,63557
2014/04/22,63872
2014/04/23,64090
2014/04/24,64275
2014/04/25,64456
2014/04/26,64182
2014/04/27,63924
2014/04/28,63935
2014/04/29,63955
2014/04/30,63946
2014/05/01,63847
2014/05/02,63759
2014/05/03,63545
2014/05/04,63283
2014/05/05,63378
2014/05/06,63678
2014/05/07,63810
2014/05/08,63919
2014/05/09,63968
2014/05/10,63798
2014/05/11,63548
2014/05/12,63783
2014/05/13,63902
2014/05/14,64029
2014/05/15,64264
2014/05/16,64284
2014/05/17,64043
2014/05/18,63729
2014/05/19,63733
2014/05/20,63901
2014/05/21,64007
2014/05/22,64208
2014/05/23,64393
2014/05/24,64137
2014/05/25,63989
2014/05/26,64052
2014/05/27,64147
2014/05/28,64323
2014/05/29,64343
2014/05/30,64357
2014/05/31,64086
2014/06/01,63887
2014/06/02,63895
2014/06/03,64018
2014/06/04,64037
2014/06/05,64098
2014/06/06,64056
2014/06/07,63770
2014/06/08,63428
2014/06/09,63346
2014/06/10,63342
2014/06/11,63327
2014/06/12,63355
2014/06/13,63381
2014/06/14,63162
2014/06/15,62955
2014/06/16,63067
2014/06/17,63218
2014/06/18,63229
2014/06/19,63208
2014/06/20,63076
2014/06/21,62810
2014/06/22,62527
2014/06/23,62472
2014/06/24,62521
2014/06/25,62558
2014/06/26,62530
2014/06/27,62535
2014/06/28,62352
2014/06/29,62057
2014/06/30,62234
2014/07/01,62390
2014/07/02,62482
2014/07/03,62487
2014/07/04,62417
2014/07/05,62140
2014/07/06,61917
2014/07/07,61975
2014/07/08,62150
2014/07/09,62287
2014/07/10,62334
2014/07/11,62259
2014/07/12,62062
2014/07/13,61847
2014/07/14,61864
2014/07/15,62090
2014/07/16,62164
2014/07/17,62249
2014/07/18,62285
2014/07/19,62221
2014/07/20,61993
2014/07/21,62038
2014/07/22,62141
2014/07/23,62242
2014/07/24,62328
2014/07/25,62306
2014/07/26,62172
2014/07/27,61944
2014/07/28,62003
2014/07/29,61991
2014/07/30,62078
2014/07/31,62244
2014/08/01,62365
2014/08/02,62199
2014/08/03,62007
2014/08/04,62133
2014/08/05,62365
2014/08/06,62758
2014/08/07,62911
2014/08/08,63026
2014/08/09,62969
2014/08/10,62854
2014/08/11,63130
2014/08/12,63430
2014/08/13,63698
2014/08/14,64032
2014/08/15,64229
2014/08/16,64308
2014/08/17,64215
2014/08/18,64398
2014/08/19,64621
2014/08/20,64820
2014/08/21,65000
2014/08/22,65040
2014/08/23,64873
2014/08/24,64690
2014/08/25,64802
2014/08/26,64971
2014/08/27,65178
2014/08/28,65250
2014/08/29,65320
2014/08/30,65226
2014/08/31,65058
2014/09/01,65172
2014/09/02,65317
2014/09/03,65457
2014/09/04,65571
2014/09/05,65622
2014/09/06,65569
2014/09/07,65451
2014/09/08,65674
2014/09/09,66026
2014/09/10,66166
2014/09/11,66159
2014/09/12,66204
2014/09/13,66091
2014/09/14,66122
2014/09/15,66395
2014/09/16,66849
2014/09/17,67140
2014/09/18,67361
2014/09/19,67403
2014/09/20,67313
2014/09/21,67144
2014/09/22,67271
2014/09/23,67488
2014/09/24,67649
2014/09/25,67884
2014/09/26,67984
2014/09/27,67874
2014/09/28,67752
2014/09/29,67972
2014/09/30,68190
2014/10/01,68419
2014/10/02,68496
2014/10/03,68638
2014/10/04,68591
2014/10/05,68559
2014/10/06,68764
2014/10/07,68988
2014/10/08,69201
2014/10/09,69496
2014/10/10,69747
2014/10/11,69640
2014/10/12,69502
2014/10/13,69684
2014/10/14,69938
2014/10/15,70073
2014/10/16,70195
2014/10/17,70206
2014/10/18,70120
2014/10/19,69966
2014/10/20,70243
2014/10/21,70490
2014/10/22,70696
2014/10/23,70911
2014/10/24,71061
2014/10/25,71090
2014/10/26,71080
2014/10/27,71360
2014/10/28,71722
2014/10/29,72201
2014/10/30,72646
2014/10/31,72929
2014/11/01,72852
2014/11/02,72943
2014/11/03,73322
2014/11/04,73633
2014/11/05,73978
2014/11/06,74421
2014/11/07,74627
2014/11/08,74582
2014/11/09,74526
2014/11/10,74841
2014/11/11,75075
2014/11/12,75523
2014/11/13,75903
2014/11/14,76128
2014/11/15,76061
2014/11/16,76057
2014/11/17,76324
2014/11/18,76567
2014/11/19,76755
2014/11/20,77030
2014/11/21,77140
2014/11/22,77084
2014/11/23,77085
2014/11/24,77273
2014/11/25,77465
2014/11/26,77630
2014/11/27,77782
2014/11/28,77957
2014/11/29,77979
2014/11/30,78130
2014/12/01,78556
2014/12/02,79011
2014/12/03,79455
2014/12/04,79867
2014/12/05,80106
2014/12/06,80128
2014/12/07,80008
2014/12/08,80240
2014/12/09,80457
2014/12/10,80637
2014/12/11,80708
2014/12/12,80717
2014/12/13,80615
2014/12/14,80592
2014/12/15,80894
2014/12/16,81334
2014/12/17,81707
2014/12/18,82001
2014/12/19,82293
2014/12/20,82391
2014/12/21,82313
2014/12/22,82621
2014/12/23,82988
2014/12/24,82971
2014/12/25,82636
2014/12/26,82491
2014/12/27,82363
2014/12/28,82214
2014/12/29,82237
2014/12/30,82295
2014/12/31,82185
2015/01/01,81679
2015/01/02,81623
2015/01/03,81633
2015/01/04,81718
2015/01/05,82019
2015/01/06,82143
2015/01/07,82311
2015/01/08,82853
2015/01/09,83277
2015/01/10,83749
2015/01/11,83897
2015/01/12,84225
2015/01/13,84619
2015/01/14,85059
2015/01/15,85832
2015/01/16,86244
2015/01/17,86334
2015/01/18,86262
2015/01/19,86527
2015/01/20,86797
2015/01/21,87017
2015/01/22,87161
2015/01/23,87265
2015/01/24,87181
2015/01/25,87164
2015/01/26,87623
2015/01/27,87879
2015/01/28,87817
2015/01/29,87881
2015/01/30,87731
2015/01/31,87696
2015/02/01,87501
2015/02/02,87464
2015/02/03,87557
2015/02/04,87625
2015/02/05,87598
2015/02/06,87553
2015/02/07,87508
2015/02/08,87399
2015/02/09,87777
2015/02/10,88108
2015/02/11,88301
2015/02/12,88279
2015/02/13,88834
2015/02/14,89049
2015/02/15,88963
2015/02/16,89304
2015/02/17,89601
2015/02/18,89952
2015/02/19,90049
2015/02/20,90236
2015/02/21,90180
2015/02/22,90062
2015/02/23,90310
2015/02/24,90633
2015/02/25,90954
2015/02/26,91167
2015/02/27,91391
2015/02/28,91349
2015/03/01,91288
2015/03/02,91585
2015/03/03,92007
2015/03/04,92148
2015/03/05,92342
2015/03/06,92372
2015/03/07,92350
2015/03/08,92241
2015/03/09,92530
2015/03/10,92812
2015/03/11,92984
2015/03/12,93071
2015/03/13,93133
2015/03/14,93051
2015/03/15,92869
2015/03/16,93137
2015/03/17,93276
2015/03/18,93412
2015/03/19,93692
2015/03/20,93901
2015/03/21,93874
2015/03/22,93799
2015/03/23,94064
2015/03/24,94035
2015/03/25,94100
2015/03/26,94252
2015/03/27,94364
2015/03/28,94207
2015/03/29,94122
2015/03/30,94388
2015/03/31,94840
2015/04/01,95376
2015/04/02,95739
2015/04/03,95929
2015/04/04,95788
2015/04/05,95768
2015/04/06,96022
2015/04/07,96298
2015/04/08,96612
2015/04/09,97049
2015/04/10,97393
2015/04/11,97434
2015/04/12,97202
2015/04/13,97599
2015/04/14,97871
2015/04/15,98083
2015/04/16,98101
2015/04/17,98200
2015/04/18,98186
2015/04/19,98028
2015/04/20,98436
2015/04/21,98742
2015/04/22,99027
2015/04/23,99262
2015/04/24,99468
2015/04/25,99443
2015/04/26,99298
2015/04/27,99613
2015/04/28,99908
2015/04/29,100287
2015/04/30,100562
2015/05/01,100537
2015/05/02,100414
2015/05/03,100064
2015/05/04,100147
2015/05/05,100478
2015/05/06,100722
2015/05/07,100948
2015/05/08,101124
2015/05/09,100981
2015/05/10,100724
2015/05/11,100954
2015/05/12,101152
2015/05/13,101318
2015/05/14,101320
2015/05/15,101401
2015/05/16,101163
2015/05/17,100851
2015/05/18,100798
2015/05/19,100939
2015/05/20,101067
2015/05/21,101003
2015/05/22,101039
2015/05/23,100712
2015/05/24,100562
2015/05/25,100680
2015/05/26,100846
2015/05/27,101003
2015/05/28,101219
2015/05/29,101717
2015/05/30,102288
2015/05/31,102207
2015/06/01,102787
2015/06/02,103342
2015/06/03,103872
2015/06/04,104187
2015/06/05,104316
2015/06/06,104057
2015/06/07,103605
2015/06/08,103702
2015/06/09,104092
2015/06/10,104686
2015/06/11,105034
2015/06/12,105512
2015/06/13,105516
2015/06/14,105458
2015/06/15,105981
2015/06/16,106320
2015/06/17,106906
2015/06/18,107298
2015/06/19,107689
2015/06/20,107561
2015/06/21,107319
2015/06/22,107580
2015/06/23,107972
2015/06/24,108081
2015/06/25,108152
2015/06/26,108331
2015/06/27,108277
2015/06/28,108073
2015/06/29,108424
2015/06/30,109464
2015/07/01,110222
2015/07/02,110920
2015/07/03,111330
2015/07/04,111178
2015/07/05,111261
2015/07/06,112638
2015/07/07,114351
2015/07/08,116269
2015/07/09,117912
2015/07/10,119559
2015/07/11,121020
2015/07/12,122944
2015/07/13,123749
2015/07/14,123721
2015/07/15,123538
2015/07/16,123334
2015/07/17,123190
2015/07/18,123351
2015/07/19,123294
2015/07/20,123333
2015/07/21,123560
2015/07/22,123726
2015/07/23,123413
2015/07/24,123113
2015/07/25,122613
2015/07/26,121954
2015/07/27,121803
2015/07/28,121724
2015/07/29,122193
2015/07/30,122207
2015/07/31,122759
2015/08/01,123299
2015/08/02,122863
2015/08/03,122793
2015/08/04,123004
2015/08/05,123238
2015/08/06,123490
2015/08/07,123220
2015/08/08,122739
2015/08/09,122028
2015/08/10,121911
2015/08/11,121749
2015/08/12,121662
2015/08/13,121567
2015/08/14,121338
2015/08/15,120755
2015/08/16,120065
2015/08/17,119951
2015/08/18,119945
2015/08/19,119946
2015/08/20,119905
2015/08/21,119767
2015/08/22,119453
2015/08/23,118903
2015/08/24,119041
2015/08/25,119103
2015/08/26,119182
2015/08/27,119198
2015/08/28,119221
2015/08/29,118960
2015/08/30,118503
2015/08/31,118692
2015/09/01,118946
2015/09/02,119627
2015/09/03,119823
2015/09/04,119471
2015/09/05,119572
2015/09/06,119277
2015/09/07,119410
2015/09/08,119538
2015/09/09,119687
2015/09/10,119799
2015/09/11,121118
2015/09/12,121481
2015/09/13,122017
2015/09/14,122996
2015/09/15,123872
2015/09/16,124823
2015/09/17,127774
2015/09/18,128513
2015/09/19,128210
2015/09/20,127788
2015/09/21,127871
2015/09/22,128063
2015/09/23,128133
2015/09/24,128069
2015/09/25,128068
2015/09/26,127791
2015/09/27,127369
2015/09/28,127612
2015/09/29,127895
2015/09/30,128155
2015/10/01,128287
2015/10/02,128536
2015/10/03,128335
2015/10/04,127787
2015/10/05,127734
2015/10/06,128100
2015/10/07,128247
2015/10/08,128510
2015/10/09,128203
2015/10/10,128173
2015/10/11,127650
2015/10/12,127796
2015/10/13,127948
2015/10/14,128254
2015/10/15,128805
2015/10/16,129120
2015/10/17,129266
2015/10/18,129053
2015/10/19,129377
2015/10/20,129747
2015/10/21,130193
2015/10/22,130568
2015/10/23,130849
2015/10/24,131049
2015/10/25,131056
2015/10/26,130730
2015/10/27,131232
2015/10/28,131865
2015/10/29,132504
2015/10/30,133252
2015/10/31,133735
2015/11/01,134144
2015/11/02,134975
2015/11/03,136101
2015/11/04,137594
2015/11/05,138585
2015/11/06,139204
2015/11/07,139470
2015/11/08,139315
2015/11/09,139763
2015/11/10,140248
2015/11/11,140655
2015/11/12,141029
2015/11/13,141329
2015/11/14,141527
2015/11/15,141563
2015/11/16,141928
2015/11/17,142249
2015/11/18,142752
2015/11/19,143006
2015/11/20,143283
2015/11/21,143450
2015/11/22,143143
2015/11/23,143186
2015/11/24,143384
2015/11/25,143567
2015/11/26,144027
2015/11/27,144380
2015/11/28,144845
2015/11/29,144512
2015/11/30,145346
2015/12/01,146063
2015/12/02,146883
2015/12/03,147273
2015/12/04,147848
2015/12/05,148687
2015/12/06,149365
2015/12/07,150317
2015/12/08,151300
2015/12/09,152813
2015/12/10,154110
2015/12/11,155341
2015/12/12,156410
2015/12/13,157143
2015/12/14,158772
2015/12/15,160202
2015/12/16,161522
2015/12/17,162722
2015/12/18,163842
2015/12/19,164938
2015/12/20,165570
2015/12/21,166971
2015/12/22,168192
2015/12/23,169351
2015/12/24,170247
2015/12/25,170466
2015/12/26,170658
2015/12/27,170425
2015/12/28,170481
2015/12/29,170788
2015/12/30,170909
2015/12/31,170564
2016/01/01,169540
2016/01/02,169086
2016/01/03,168501
2016/01/04,168779
2016/01/05,169075
2016/01/06,169138
2016/01/07,169598
2016/01/08,169854
2016/01/09,170073
2016/01/10,169877
2016/01/11,170341
2016/01/12,170877
2016/01/13,171253
2016/01/14,171512
2016/01/15,171776
2016/01/16,172202
2016/01/17,172900
2016/01/18,173798
2016/01/19,174082
2016/01/20,174848
2016/01/21,175897
2016/01/22,176724
2016/01/23,177020
2016/01/24,177553
2016/01/25,178530
2016/01/26,179669
2016/01/27,180764
2016/01/28,181734
2016/01/29,182668
2016/01/30,182930
2016/01/31,182775
2016/02/01,183642
2016/02/02,184915
2016/02/03,185050
2016/02/04,185389
2016/02/05,186266
2016/02/06,187094
2016/02/07,187642
2016/02/08,188455
2016/02/09,189391
2016/02/10,190401
2016/02/11,191068
2016/02/12,191316
2016/02/13,191167
2016/02/14,191052
2016/02/15,191692
2016/02/16,192222
2016/02/17,192988
2016/02/18,193424
2016/02/19,193948
2016/02/20,194424
2016/02/21,194689
2016/02/22,195631
2016/02/23,196708
2016/02/24,197325
2016/02/25,197739
2016/02/26,197865
2016/02/27,197517
2016/02/28,198304
2016/02/29,199774
2016/03/01,201470
2016/03/02,202977
2016/03/03,203385
2016/03/04,203471
2016/03/05,204161
2016/03/06,203225
2016/03/07,202783
2016/03/08,202725
2016/03/09,202451
2016/03/10,202146
2016/03/11,201871
2016/03/12,201124
2016/03/13,199993
2016/03/14,199799
2016/03/15,199854
2016/03/16,200117
2016/03/17,200294
2016/03/18,200417
2016/03/19,199910
2016/03/20,199428
2016/03/21,199416
2016/03/22,199540
2016/03/23,199257
2016/03/24,199052
2016/03/25,198461
2016/03/26,197592
2016/03/27,196768
2016/03/28,196749
2016/03/29,196761
2016/03/30,196851
2016/03/31,197060
2016/04/01,197383
2016/04/02,197075
2016/04/03,196662
2016/04/04,196928
2016/04/05,197348
2016/04/06,197827
2016/04/07,198277
2016/04/08,198624
2016/04/09,198572
2016/04/10,198313
2016/04/11,199007
2016/04/12,199909
2016/04/13,200424
2016/04/14,201025
2016/04/15,201267
2016/04/16,200841
2016/04/17,200652
2016/04/18,201083
2016/04/19,201639
2016/04/20,201968
2016/04/21,202203
2016/04/22,202392
2016/04/23,202012
2016/04/24,201594
2016/04/25,201942
2016/04/26,203012
2016/04/27,203809
2016/04/28,204777
2016/04/29,206028
2016/04/30,206238
2016/05/01,205909
2016/05/02,206299
2016/05/03,206939
2016/05/04,207524
2016/05/05,208005
2016/05/06,208556
2016/05/07,208410
2016/05/08,207980
2016/05/09,208382
2016/05/10,209199
2016/05/11,209751
2016/05/12,210158
2016/05/13,210637
2016/05/14,210648
2016/05/15,210415
2016/05/16,211058
2016/05/17,211661
2016/05/18,212172
2016/05/19,212323
2016/05/20,212255
2016/05/21,211795
2016/05/22,211188
2016/05/23,211438
2016/05/24,212206
2016/05/25,212986
2016/05/26,213139
2016/05/27,213183
2016/05/28,212738
2016/05/29,211988
2016/05/30,211971
2016/05/31,212040
2016/06/01,212528
2016/06/02,212933
2016/06/03,213408
2016/06/04,213037
2016/06/05,212523
2016/06/06,212709
2016/06/07,213108
2016/06/08,213475
2016/06/09,213974
2016/06/10,214287
2016/06/11,214259
2016/06/12,214178
2016/06/13,214992
2016/06/14,215688
2016/06/15,216641
2016/06/16,217764
2016/06/17,218552
2016/06/18,218917
2016/06/19,218899
2016/06/20,219564
2016/06/21,220190
2016/06/22,220526
2016/06/23,220980
2016/06/24,221343
2016/06/25,221022
2016/06/26,220147
2016/06/27,220075
2016/06/28,219908
2016/06/29,219997
2016/06/30,220257
2016/07/01,219936
2016/07/02,219470
2016/07/03,218536
2016/07/04,218430
2016/07/05,218351
2016/07/06,218267
2016/07/07,218205
2016/07/08,218037
2016/07/09,217316
2016/07/10,216110
2016/07/11,216151
2016/07/12,216211
2016/07/13,216214
2016/07/14,216244
2016/07/15,216237
2016/07/16,215486
2016/07/17,214505
2016/07/18,214685
2016/07/19,214846
2016/07/20,215119
2016/07/21,215171
2016/07/22,215305
2016/07/23,214873
2016/07/24,214190
2016/07/25,214748
2016/07/26,215249
2016/07/27,215693
2016/07/28,216112
2016/07/29,216445
2016/07/30,216069
2016/07/31,215543
2016/08/01,215748
2016/08/02,216522
2016/08/03,217073
2016/08/04,217394
2016/08/05,217629
2016/08/06,217143
2016/08/07,216596
2016/08/08,217004
2016/08/09,217317
2016/08/10,217917
2016/08/11,218718
2016/08/12,219028
2016/08/13,218926
2016/08/14,218511
2016/08/15,218164
2016/08/16,218958
2016/08/17,219374
2016/08/18,219814
2016/08/19,220388
2016/08/20,220117
2016/08/21,219340
2016/08/22,219535
2016/08/23,219960
2016/08/24,220290
2016/08/25,220589
2016/08/26,220722
2016/08/27,220067
2016/08/28,219062
2016/08/29,219196
2016/08/30,219913
2016/08/31,220030
2016/09/01,220410
2016/09/02,220526
2016/09/03,219681
2016/09/04,218877
2016/09/05,219067
2016/09/06,219351
2016/09/07,220039
2016/09/08,220189
2016/09/09,220193
2016/09/10,219599
2016/09/11,218734
2016/09/12,218509
2016/09/13,218975
2016/09/14,219253
2016/09/15,219563
2016/09/16,219374
2016/09/17,219286
2016/09/18,218675
2016/09/19,218779
2016/09/20,219337
2016/09/21,219770
2016/09/22,220019
2016/09/23,220085
2016/09/24,219830
2016/09/25,219295
2016/09/26,219543
2016/09/27,219997
2016/09/28,220323
2016/09/29,220812
2016/09/30,221472
2016/10/01,221302
2016/10/02,220670
2016/10/03,221505
2016/10/04,222450
2016/10/05,223421
2016/10/06,224540
2016/10/07,225455
2016/10/08,226006
2016/10/09,225663
2016/10/10,225601
2016/10/11,226433
2016/10/12,226583
2016/10/13,226649
2016/10/14,226934
2016/10/15,226568
2016/10/16,225935
2016/10/17,226180
2016/10/18,226734
2016/10/19,226123
2016/10/20,227093
2016/10/21,227930
2016/10/22,227680
2016/10/23,226884
2016/10/24,226883
2016/10/25,227103
2016/10/26,227016
2016/10/27,229197
2016/10/28,229670
2016/10/29,229667
2016/10/30,229187
2016/10/31,229460
2016/11/01,229835
2016/11/02,230680
2016/11/03,231585
2016/11/04,231944
2016/11/05,232078
2016/11/06,231937
2016/11/07,232864
2016/11/08,234249
2016/11/09,235034
2016/11/10,235829
2016/11/11,236238
2016/11/12,236073
2016/11/13,235709
2016/11/14,236470
2016/11/15,237431
2016/11/16,238578
2016/11/17,239429
2016/11/18,240228
2016/11/19,240434
2016/11/20,240501
2016/11/21,241493
2016/11/22,242461
2016/11/23,243215
2016/11/24,245086
2016/11/25,246628
2016/11/26,247306
2016/11/27,247085
2016/11/28,248212
2016/11/29,249119
2016/11/30,250073
2016/12/01,249841
2016/12/02,251281
2016/12/03,252084
2016/12/04,251939
2016/12/05,252508
2016/12/06,253983
2016/12/07,255227
2016/12/08,255828
2016/12/09,256110
2016/12/10,255978
2016/12/11,255402
2016/12/12,255690
2016/12/13,256479
2016/12/14,257131
2016/12/15,257690
2016/12/16,258164
2016/12/17,257720
2016/12/18,257235
2016/12/19,257779
2016/12/20,258626
2016/12/21,260096
2016/12/22,261292
2016/12/23,262249
2016/12/24,261775
2016/12/25,260356
2016/12/26,260013
2016/12/27,260813
2016/12/28,261789
2016/12/29,262727
2016/12/30,263253
2016/12/31,262964
2017/01/01,261148
2017/01/02,261800
2017/01/03,262672
2017/01/04,264119
2017/01/05,264652
2017/01/06,266445
2017/01/07,266785
2017/01/08,266635
2017/01/09,266704
2017/01/10,267958
2017/01/11,268726
2017/01/12,269302
2017/01/13,269375
2017/01/14,268775
2017/01/15,268051
2017/01/16,268038
2017/01/17,268577
2017/01/18,269200
2017/01/19,269887
2017/01/20,270509
2017/01/21,270352
2017/01/22,269613
2017/01/23,268861
2017/01/24,269062
2017/01/25,269843
2017/01/26,270804
2017/01/27,270636
2017/01/28,270100
2017/01/29,269471
2017/01/30,268983
2017/01/31,269830
2017/02/01,271600
2017/02/02,271332
2017/02/03,272477
2017/02/04,272744
2017/02/05,273166
2017/02/06,272215
2017/02/07,273378
2017/02/08,274142
2017/02/09,275730
2017/02/10,276299
2017/02/11,275997
2017/02/12,275153
2017/02/13,275438
2017/02/14,276306
2017/02/15,276709
2017/02/16,276849
2017/02/17,277789
2017/02/18,277969
2017/02/19,277389
2017/02/20,277503
2017/02/21,277535
2017/02/22,277634
2017/02/23,278692
2017/02/24,280120
2017/02/25,281136
2017/02/26,280782
2017/02/27,280861
2017/02/28,281837
2017/03/01,282582
2017/03/02,283608
2017/03/03,284785
2017/03/04,284365
2017/03/05,284282
2017/03/06,284355
2017/03/07,285308
2017/03/08,285564
2017/03/09,285958
2017/03/10,286450
2017/03/11,286320
2017/03/12,284883
2017/03/13,284621
2017/03/14,285184
2017/03/15,285340
2017/03/16,286253
2017/03/17,286380
2017/03/18,285874
2017/03/19,285507
2017/03/20,285318
2017/03/21,285375
2017/03/22,286058
2017/03/23,286094
2017/03/24,286166
2017/03/25,285214
2017/03/26,283766
2017/03/27,282632
2017/03/28,282878
2017/03/29,282898
2017/03/30,283024
2017/03/31,282502
2017/04/01,281914
2017/04/02,281081
2017/04/03,281233
2017/04/04,280676
2017/04/05,281461
2017/04/06,281655
2017/04/07,281955
2017/04/08,280744
2017/04/09,279807
2017/04/10,279663
2017/04/11,280279
2017/04/12,280228
2017/04/13,279092
2017/04/14,279334
2017/04/15,279141
2017/04/16,277658
2017/04/17,276941
2017/04/18,277513
2017/04/19,278226
2017/04/20,277996
2017/04/21,279143
2017/04/22,278911
2017/04/23,278163
2017/04/24,276941
2017/04/25,278002
2017/04/26,279240
2017/04/27,279647
2017/04/28,280207
2017/04/29,281546
2017/04/30,281542
2017/05/01,281829
2017/05/02,282954
2017/05/03,283219
2017/05/04,284787
2017/05/05,284398
2017/05/06,286122
2017/05/07,286775
2017/05/08,288493
2017/05/09,289465
2017/05/10,289943
2017/05/11,290046
2017/05/12,290650
2017/05/13,291496
2017/05/14,293197
2017/05/15,293986
2017/05/16,292664
2017/05/17,293207
2017/05/18,293109
2017/05/19,293686
2017/05/20,294981
2017/05/21,295661
2017/05/22,296366
2017/05/23,297930
2017/05/24,298821
2017/05/25,299945
2017/05/26,300676
2017/05/27,301359
2017/05/28,301504
2017/05/29,301943
2017/05/30,302951
2017/05/31,303358
2017/06/01,303713
2017/06/02,303003
2017/06/03,303050
2017/06/04,302233
2017/06/05,301959
2017/06/06,301856
2017/06/07,302684
2017/06/08,302784
2017/06/09,302328
2017/06/10,301284
2017/06/11,299558
2017/06/12,298886
2017/06/13,298726
2017/06/14,298480
2017/06/15,298310
2017/06/16,297683
2017/06/17,296336
2017/06/18,294421
2017/06/19,293876
2017/06/20,293306
2017/06/21,293015
2017/06/22,292499
2017/06/23,291780
2017/06/24,290356
2017/06/25,287944
2017/06/26,287368
2017/06/27,286758
2017/06/28,286602
2017/06/29,285378
2017/06/30,284979
2017/07/01,283588
2017/07/02,281671
2017/07/03,281042
2017/07/04,280477
2017/07/05,279519
2017/07/06,278320
2017/07/07,277554
2017/07/08,276303
2017/07/09,274362
2017/07/10,273860
2017/07/11,273679
2017/07/12,273311
2017/07/13,272705
2017/07/14,271717
2017/07/15,270619
2017/07/16,269133
2017/07/17,268276
2017/07/18,268103
2017/07/19,267785
2017/07/20,266955
2017/07/21,266985
2017/07/22,266022
2017/07/23,264151
2017/07/24,263618
2017/07/25,263184
2017/07/26,262624
2017/07/27,261802
2017/07/28,261478
2017/07/29,260368
2017/07/30,258689
2017/07/31,258078
2017/08/01,255301
2017/08/02,254287
2017/08/03,253377
2017/08/04,252987
2017/08/05,252692
2017/08/06,251523
2017/08/07,251464
2017/08/08,251990
2017/08/09,252184
2017/08/10,252308
2017/08/11,253002
2017/08/12,253164
2017/08/13,253384
2017/08/14,253424
2017/08/15,254687
2017/08/16,255127
2017/08/17,257149
2017/08/18,258357
2017/08/19,258540
2017/08/20,257489
2017/08/21,257031
2017/08/22,255694
2017/08/23,257010
2017/08/24,255839
2017/08/25,254789
2017/08/26,254164
2017/08/27,254331
2017/08/28,253656
2017/08/29,254257
2017/08/30,254631
2017/08/31,255201
2017/09/01,255823
2017/09/02,255401
2017/09/03,254077
2017/09/04,254407
2017/09/05,254920
2017/09/06,255385
2017/09/07,255403
2017/09/08,255928
2017/09/09,255089
2017/09/10,253726
2017/09/11,253717
2017/09/12,253768
2017/09/13,253974
2017/09/14,254280
2017/09/15,255107
2017/09/16,254513
2017/09/17,253260
2017/09/18,252487
2017/09/19,253152
2017/09/20,252767
2017/09/21,252817
2017/09/22,252261
2017/09/23,251193
2017/09/24,249741
2017/09/25,249230
2017/09/26,249544
2017/09/27,249726
2017/09/28,250299
2017/09/29,250386
2017/09/30,249554
2017/10/01,248542
2017/10/02,249560
2017/10/03,250272
2017/10/04,249886
2017/10/05,250396
2017/10/06,251125
2017/10/07,250684
2017/10/08,250410
2017/10/09,251429
2017/10/10,252561
2017/10/11,253435
2017/10/12,254305
2017/10/13,255522
2017/10/14,256345
2017/10/15,256937
2017/10/16,258204
2017/10/17,259875
2017/10/18,261404
2017/10/19,263501
2017/10/20,264572
2017/10/21,265616
2017/10/22,266129
2017/10/23,267224
2017/10/24,268795
2017/10/25,269856
2017/10/26,270205
2017/10/27,269255
2017/10/28,268332
2017/10/29,269811
2017/10/30,270752
2017/10/31,270888
2017/11/01,272415
2017/11/02,274168
2017/11/03,274167
2017/11/04,274603
2017/11/05,274097
2017/11/06,274026
2017/11/07,275377
2017/11/08,275945
2017/11/09,277377
2017/11/10,277251
2017/11/11,275433
2017/11/12,273465
2017/11/13,274250
2017/11/14,274197
2017/11/15,275240
2017/11/16,276009
2017/11/17,276678
2017/11/18,276548
2017/11/19,276287
2017/11/20,277600
2017/11/21,279651
2017/11/22,280360
2017/11/23,281935
2017/11/24,282455
2017/11/25,283644
2017/11/26,284652
2017/11/27,286727
2017/11/28,288466
2017/11/29,290871
2017/11/30,292923
2017/12/01,295556
2017/12/02,296229
2017/12/03,297474
2017/12/04,299738
2017/12/05,302064
2017/12/06,305170
2017/12/07,306699
2017/12/08,308419
2017/12/09,310502
2017/12/10,311178
2017/12/11,312437
2017/12/12,313764
2017/12/13,316195
2017/12/14,320025
2017/12/15,321904
2017/12/16,322830
2017/12/17,324344
2017/12/18,325876
2017/12/19,327033
2017/12/20,327980
2017/12/21,328142
2017/12/22,329293
2017/12/23,328826
2017/12/24,327739
2017/12/25,325565
2017/12/26,323844
2017/12/27,323485
2017/12/28,323077
2017/12/29,323749
2017/12/30,324200
2017/12/31,323454
2018/01/01,321655
2018/01/02,322076
2018/01/03,323696
2018/01/04,325919
2018/01/05,326285
2018/01/06,326997
2018/01/07,327898
2018/01/08,328285
2018/01/09,328985
2018/01/10,329386
2018/01/11,329570
2018/01/12,328918
2018/01/13,327526
2018/01/14,325490
2018/01/15,324347
2018/01/16,323890
2018/01/17,323708
2018/01/18,323392
2018/01/19,321635
2018/01/20,319850
2018/01/21,317556
2018/01/22,315970
2018/01/23,314998
2018/01/24,313575
2018/01/25,311879
2018/01/26,309867
2018/01/27,307307
2018/01/28,305241
2018/01/29,303632
2018/01/30,302155
2018/01/31,300001
2018/02/01,299067
2018/02/02,297676
2018/02/03,295413
2018/02/04,292734
2018/02/05,291052
2018/02/06,290016
2018/02/07,288336
2018/02/08,285805
2018/02/09,283430
2018/02/10,281192
2018/02/11,278244
2018/02/12,276234
2018/02/13,274181
2018/02/14,272468
2018/02/15,270832
2018/02/16,269002
2018/02/17,266906
2018/02/18,264542
2018/02/19,262842
2018/02/20,261424
2018/02/21,260185
2018/02/22,258490
2018/02/23,256876
2018/02/24,254624
2018/02/25,252208
2018/02/26,250760
2018/02/27,250072
2018/02/28,248731
2018/03/01,248398
2018/03/02,247223
2018/03/03,245676
2018/03/04,243795
2018/03/05,242861
2018/03/06,242048
2018/03/07,241427
2018/03/08,240435
2018/03/09,239503
2018/03/10,237669
2018/03/11,235759
2018/03/12,234714
2018/03/13,233863
2018/03/14,232919
2018/03/15,232328
2018/03/16,231328
2018/03/17,229636
2018/03/18,228199
2018/03/19,227390
2018/03/20,226679
2018/03/21,225976
2018/03/22,225076
2018/03/23,224078
2018/03/24,222603
2018/03/25,220680
2018/03/26,219956
2018/03/27,219229
2018/03/28,218310
2018/03/29,217737
2018/03/30,217035
2018/03/31,215528
2018/04/01,213758
2018/04/02,212752
2018/04/03,212445
2018/04/04,211854
2018/04/05,211191
2018/04/06,210346
2018/04/07,209118
2018/04/08,207563
2018/04/09,206878
2018/04/10,206425
2018/04/11,205912
2018/04/12,206018
2018/04/13,206262
2018/04/14,205283
2018/04/15,204592
2018/04/16,204402
2018/04/17,204342
2018/04/18,204259
2018/04/19,204459
2018/04/20,204529
2018/04/21,204294
2018/04/22,203577
2018/04/23,204075
2018/04/24,205179
2018/04/25,205352
2018/04/26,205599
2018/04/27,205717
2018/04/28,205670
2018/04/29,205119
2018/04/30,205336
2018/05/01,205214
2018/05/02,205366
2018/05/03,205872
2018/05/04,206159
2018/05/05,206080
2018/05/06,205322
2018/05/07,205313
2018/05/08,205585
2018/05/09,205603
2018/05/10,205674
2018/05/11,205846
2018/05/12,205319
2018/05/13,204293
2018/05/14,204409
2018/05/15,204634
2018/05/16,204714
2018/05/17,204447
2018/05/18,204598
2018/05/19,203907
2018/05/20,202909
2018/05/21,202900
2018/05/22,202906
2018/05/23,203349
2018/05/24,203422
2018/05/25,203259
2018/05/26,202278
2018/05/27,201000
2018/05/28,200734
2018/05/29,200820
2018/05/30,200888
2018/05/31,201074
2018/06/01,201167
2018/06/02,200577
2018/06/03,199758
2018/06/04,199977
2018/06/05,200257
2018/06/06,200389
2018/06/07,200545
2018/06/08,200538
2018/06/09,199893
2018/06/10,199449
2018/06/11,199748
2018/06/12,200071
2018/06/13,200326
2018/06/14,200536
2018/06/15,200650
2018/06/16,199733
2018/06/17,198524
2018/06/18,198472
2018/06/19,198322
2018/06/20,198331
2018/06/21,198322
2018/06/22,198447
2018/06/23,197671
2018/06/24,196796
2018/06/25,196867
2018/06/26,196831
2018/06/27,196637
2018/06/28,196435
2018/06/29,196464
2018/06/30,196122
2018/07/01,195242
2018/07/02,195328
2018/07/03,195797
2018/07/04,196035
2018/07/05,196111
2018/07/06,196214
2018/07/07,195638
2018/07/08,194757
2018/07/09,195013
2018/07/10,195472
2018/07/11,195626
2018/07/12,195797
2018/07/13,196060
2018/07/14,195626
2018/07/15,194866
2018/07/16,195148
2018/07/17,195998
2018/07/18,196934
2018/07/19,197548
2018/07/20,198160
2018/07/21,197863
2018/07/22,197184
2018/07/23,197890
2018/07/24,199237
2018/07/25,200354
2018/07/26,201038
2018/07/27,201658
2018/07/28,201360
2018/07/29,200632
2018/07/30,201295
2018/07/31,202208
2018/08/01,203058
2018/08/02,203534
2018/08/03,204109
2018/08/04,203831
2018/08/05,203132
2018/08/06,203469
2018/08/07,204116
2018/08/08,204798
2018/08/09,205180
2018/08/10,205637
2018/08/11,205343
2018/08/12,204454
2018/08/13,204842
2018/08/14,205779
2018/08/15,206661
2018/08/16,207221
2018/08/17,207802
2018/08/18,207428
2018/08/19,206545
2018/08/20,206727
2018/08/21,206967
2018/08/22,207477
2018/08/23,207691
2018/08/24,207955
2018/08/25,207698
2018/08/26,206926
2018/08/27,207290
2018/08/28,207962
2018/08/29,208608
2018/08/30,209106
2018/08/31,209717
2018/09/01,209793
2018/09/02,209292
2018/09/03,209588
2018/09/04,210084
2018/09/05,210881
2018/09/06,211787
2018/09/07,212201
2018/09/08,212027
2018/09/09,211515
2018/09/10,211762
2018/09/11,212326
2018/09/12,212783
2018/09/13,213250
2018/09/14,213467
2018/09/15,213412
2018/09/16,212663
2018/09/17,213264
2018/09/18,213942
2018/09/19,214754
2018/09/20,215606
2018/09/21,216865
2018/09/22,217053
2018/09/23,216681
2018/09/24,217139
2018/09/25,217904
2018/09/26,218473
2018/09/27,219134
2018/09/28,219902
2018/09/29,219865
2018/09/30,219605
2018/10/01,220112
2018/10/02,220651
2018/10/03,221123
2018/10/04,221604
2018/10/05,222109
2018/10/06,221947
2018/10/07,221895
2018/10/08,222467
2018/10/09,222758
2018/10/10,223243
2018/10/11,224101
2018/10/12,224518
2018/10/13,224088
2018/10/14,223364
2018/10/15,224318
2018/10/16,225055
2018/10/17,225828
2018/10/18,226432
2018/10/19,227031
2018/10/20,227045
2018/10/21,226700
2018/10/22,227326
2018/10/23,227897
2018/10/24,228470
2018/10/25,229041
2018/10/26,229565
2018/10/27,229654
2018/10/28,229436
2018/10/29,230318
2018/10/30,231480
2018/10/31,232725
2018/11/01,233803
2018/11/02,235095
2018/11/03,235409
2018/11/04,235205
2018/11/05,236544
2018/11/06,237616
2018/11/07,238847
2018/11/08,239696
2018/11/09,240664
2018/11/10,240922
2018/11/11,241052
2018/11/12,242344
2018/11/13,243151
2018/11/14,244238
2018/11/15,245275
2018/11/16,246104
2018/11/17,246464
2018/11/18,246315
2018/11/19,246788
2018/11/20,247701
2018/11/21,247858
2018/11/22,248256
2018/11/23,248847
2018/11/24,248870
2018/11/25,248656
2018/11/26,248838
2018/11/27,249268
2018/11/28,249379
2018/11/29,249308
2018/11/30,249324
2018/12/01,249157
2018/12/02,248573
2018/12/03,248396
2018/12/04,248872
2018/12/05,249037
2018/12/06,249707
2018/12/07,249796
2018/12/08,249383
2018/12/09,249142
2018/12/10,249342
2018/12/11,249386
2018/12/12,249648
2018/12/13,250058
2018/12/14,250620
2018/12/15,250887
2018/12/16,250347
2018/12/17,251409
2018/12/18,251732
2018/12/19,252842
2018/12/20,253596
2018/12/21,254186
2018/12/22,254117
2018/12/23,254039
2018/12/24,254437
2018/12/25,254667
2018/12/26,255249
2018/12/27,256229
2018/12/28,257369
2018/12/29,257533
2018/12/30,257751
2018/12/31,257790
2019/01/01,257280
2019/01/02,257594
2019/01/03,258325
2019/01/04,258837
2019/01/05,258973
2019/01/06,258960
2019/01/07,259524
2019/01/08,260817
2019/01/09,262094
2019/01/10,263524
2019/01/11,264507
2019/01/12,264877
2019/01/13,265141
2019/01/14,266490
2019/01/15,267274
2019/01/16,268115
2019/01/17,268741
2019/01/18,269556
2019/01/19,269830
2019/01/20,270361
2019/01/21,271343
2019/01/22,271883
2019/01/23,272355
2019/01/24,273138
2019/01/25,273749
2019/01/26,274065
2019/01/27,274119
2019/01/28,274862
2019/01/29,275986
2019/01/30,276994
2019/01/31,278682
2019/02/01,280011
2019/02/02,280932
2019/02/03,281352
2019/02/04,282534
2019/02/05,284103
2019/02/06,285539
2019/02/07,287018
2019/02/08,288075
2019/02/09,288574
2019/02/10,288813
2019/02/11,289401
2019/02/12,289007
2019/02/13,290402
2019/02/14,291807
2019/02/15,291913
2019/02/16,292794
2019/02/17,293552
2019/02/18,294663
2019/02/19,295838
2019/02/20,296241
2019/02/21,296268
2019/02/22,297398
2019/02/23,298073
2019/02/24,298561
2019/02/25,299395
2019/02/26,300868
2019/02/27,301825
2019/02/28,303272
2019/03/01,304393
2019/03/02,305082
2019/03/03,306146
2019/03/04,306100
2019/03/05,305649
2019/03/06,305036
2019/03/07,304538
2019/03/08,304111
2019/03/09,302688
2019/03/10,300711
2019/03/11,300577
2019/03/12,300245
2019/03/13,299928
2019/03/14,299925
2019/03/15,299857
2019/03/16,299027
2019/03/17,297447
2019/03/18,297313
2019/03/19,297472
2019/03/20,297634
2019/03/21,297698
2019/03/22,297713
2019/03/23,296695
2019/03/24,295142
2019/03/25,295733
2019/03/26,297284
2019/03/27,299168
2019/03/28,301243
2019/03/29,302747
2019/03/30,304393
2019/03/31,306088
2019/04/01,307465
2019/04/02,309529
2019/04/03,310640
2019/04/04,311605
2019/04/05,313260
2019/04/06,314275
2019/04/07,315071
2019/04/08,316328
2019/04/09,316979
2019/04/10,318723
2019/04/11,320568
2019/04/12,321800
2019/04/13,322792
2019/04/14,323102
2019/04/15,324382
2019/04/16,325129
2019/04/17,325688
2019/04/18,326944
2019/04/19,327714
2019/04/20,327538
2019/04/21,328924
2019/04/22,329208
2019/04/23,328822
2019/04/24,330477
2019/04/25,331652
2019/04/26,332738
2019/04/27,333312
2019/04/28,334407
2019/04/29,335037
2019/04/30,335285
2019/05/01,337573
2019/05/02,340098
2019/05/03,341038
2019/05/04,341362
2019/05/05,341126
2019/05/06,341943
2019/05/07,341677
2019/05/08,342803
2019/05/09,343212
2019/05/10,342765
2019/05/11,342810
2019/05/12,342713
2019/05/13,343758
2019/05/14,344274
2019/05/15,344812
2019/05/16,345473
2019/05/17,345826
2019/05/18,346127
2019/05/19,346140
2019/05/20,346915
2019/05/21,347659
2019/05/22,348693
2019/05/23,349583
2019/05/24,350114
2019/05/25,349853
2019/05/26,350382
2019/05/27,351459
2019/05/28,352312
2019/05/29,353470
2019/05/30,353981
2019/05/31,352770
2019/06/01,352312
2019/06/02,351181
2019/06/03,349922
2019/06/04,350465
2019/06/05,350955
2019/06/06,351250
2019/06/07,351219
2019/06/08,349967
2019/06/09,348886
2019/06/10,348987
2019/06/11,348796
2019/06/12,348346
2019/06/13,348695
2019/06/14,349036
2019/06/15,348636
2019/06/16,347460
2019/06/17,346877
2019/06/18,347927
2019/06/19,349091
2019/06/20,348670
2019/06/21,348427
2019/06/22,348548
2019/06/23,349237
2019/06/24,350093
2019/06/25,350338
2019/06/26,351417
2019/06/27,351626
2019/06/28,352841
2019/06/29,352922
2019/06/30,352431
2019/07/01,352086
2019/07/02,352551
2019/07/03,353536
2019/07/04,353910
2019/07/05,354445
2019/07/06,354314
2019/07/07,353409
2019/07/08,353967
2019/07/09,354219
2019/07/10,353368
2019/07/11,352759
2019/07/12,352935
2019/07/13,351868
2019/07/14,350797
2019/07/15,350757
2019/07/16,351030
2019/07/17,350452
2019/07/18,349687
2019/07/19,348590
2019/07/20,348024
2019/07/21,346612
2019/07/22,346010
2019/07/23,345443
2019/07/24,344344
2019/07/25,344169
2019/07/26,343626
2019/07/27,342310
2019/07/28,340782
2019/07/29,340621
2019/07/30,340349
2019/07/31,340806
2019/08/01,340696
2019/08/02,340887
2019/08/03,340591
2019/08/04,339669
2019/08/05,339654
2019/08/06,340281
2019/08/07,340951
2019/08/08,340843
2019/08/09,340846
2019/08/10,340036
2019/08/11,338566
2019/08/12,337659
2019/08/13,338383
2019/08/14,338854
2019/08/15,339220
2019/08/16,338874
2019/08/17,337759
2019/08/18,336407
2019/08/19,336273
2019/08/20,336204
2019/08/21,335599
2019/08/22,335307
2019/08/23,335411
2019/08/24,334728
2019/08/25,333718
2019/08/26,333375
2019/08/27,333209
2019/08/28,333382
2019/08/29,333671
2019/08/30,334009
2019/08/31,334185
2019/09/01,333112
2019/09/02,332979
2019/09/03,333803
2019/09/04,333601
2019/09/05,334011
2019/09/06,334700
2019/09/07,334251
2019/09/08,333242
2019/09/09,332879
2019/09/10,333028
2019/09/11,333139
2019/09/12,333196
2019/09/13,332658
2019/09/14,331934
2019/09/15,330661
2019/09/16,331024
2019/09/17,331301
2019/09/18,331998
2019/09/19,332305
2019/09/20,332491
2019/09/21,332565
2019/09/22,332257
2019/09/23,331285
2019/09/24,331764
2019/09/25,332112
2019/09/26,332628
2019/09/27,331994
2019/09/28,331605
2019/09/29,330589
2019/09/30,330165
2019/10/01,330317
2019/10/02,330231
2019/10/03,330146
2019/10/04,330299
2019/10/05,330216
2019/10/06,329056
2019/10/07,329047
2019/10/08,329204
2019/10/09,328802
2019/10/10,329156
2019/10/11,329510
2019/10/12,328896
2019/10/13,327807
2019/10/14,327291
2019/10/15,327560
2019/10/16,327797
2019/10/17,327932
2019/10/18,328180
2019/10/19,327662
2019/10/20,326827
2019/10/21,327372
2019/10/22,327678
2019/10/23,328150
2019/10/24,327613
2019/10/25,327631
2019/10/26,327147
2019/10/27,325586
2019/10/28,325232
2019/10/29,324849
2019/10/30,324611
2019/10/31,323931
2019/11/01,323758
2019/11/02,322891
2019/11/03,322261
2019/11/04,322010
2019/11/05,322245
2019/11/06,322076
2019/11/07,322126
2019/11/08,321888
2019/11/09,321540
2019/11/10,321056
2019/11/11,321177
2019/11/12,320739
2019/11/13,320697
2019/11/14,321338
2019/11/15,321418
2019/11/16,320580
2019/11/17,319342
2019/11/18,319016
2019/11/19,319202
2019/11/20,319241
2019/11/21,319341
2019/11/22,319145
2019/11/23,318861
2019/11/24,317727
2019/11/25,316883
2019/11/26,316978
2019/11/27,316988
2019/11/28,316823
2019/11/29,316698
2019/11/30,315833
2019/12/01,314924
2019/12/02,314917
2019/12/03,315388
2019/12/04,315866
2019/12/05,315766
2019/12/06,315754
2019/12/07,315081
2019/12/08,314282
2019/12/09,314264
2019/12/10,314388
2019/12/11,313877
2019/12/12,313828
2019/12/13,314024
2019/12/14,313569
2019/12/15,312465
2019/12/16,312783
2019/12/17,312922
2019/12/18,312948
2019/12/19,313090
2019/12/20,313517
2019/12/21,313460
2019/12/22,312744
2019/12/23,312568
2019/12/24,312078
2019/12/25,310594
2019/12/26,310271
2019/12/27,310530
2019/12/28,310258
2019/12/29,309588
2019/12/30,309912
2019/12/31,309547
2020/01/01,308272
2020/01/02,307990
2020/01/03,308174
2020/01/04,307709
2020/01/05,307268
2020/01/06,307086
2020/01/07,307895
2020/01/08,308115
2020/01/09,308418
2020/01/10,308905
2020/01/11,308905
2020/01/12,308335
2020/01/13,307964
2020/01/14,308818
2020/01/15,309339
2020/01/16,309700
2020/01/17,310011
2020/01/18,309507
2020/01/19,308943
2020/01/20,309043
2020/01/21,309175
2020/01/22,309598
2020/01/23,310041
2020/01/24,310123
2020/01/25,309580
2020/01/26,308514
2020/01/27,307868
2020/01/28,308572
2020/01/29,309272
2020/01/30,309780
2020/01/31,310319
2020/02/01,310171
2020/02/02,309743
2020/02/03,310208
2020/02/04,310182
2020/02/05,311463
2020/02/06,311546
2020/02/07,312057
2020/02/08,312192
2020/02/09,312296
2020/02/10,311982
2020/02/11,313156
2020/02/12,313845
2020/02/13,314418
2020/02/14,314671
2020/02/15,314845
2020/02/16,314345
2020/02/17,314938
2020/02/18,315236
2020/02/19,315663
2020/02/20,315681
2020/02/21,316179
2020/02/22,315921
2020/02/23,315251
2020/02/24,315548
2020/02/25,315963
2020/02/26,316268
2020/02/27,316759
2020/02/28,317895
2020/02/29,317664
2020/03/01,317488
2020/03/02,318042
2020/03/03,318572
2020/03/04,319452
2020/03/05,320109
2020/03/06,320507
2020/03/07,320346
2020/03/08,319954
2020/03/09,320572
2020/03/10,320770
2020/03/11,320036
2020/03/12,320690
2020/03/13,319723
2020/03/14,318843
2020/03/15,316739
2020/03/16,315718
2020/03/17,314894
2020/03/18,313053
2020/03/19,312010
2020/03/20,311405
2020/03/21,309963
2020/03/22,307744
2020/03/23,306688
2020/03/24,306058
2020/03/25,304124
2020/03/26,303873
2020/03/27,303269
2020/03/28,301889
2020/03/29,300368
2020/03/30,299847
2020/03/31,299632
2020/04/01,299238
2020/04/02,299233
2020/04/03,298780
2020/04/04,297777
2020/04/05,296509
2020/04/06,296154
2020/04/07,296515
2020/04/08,296280
2020/04/09,296066
2020/04/10,295898
2020/04/11,294839
2020/04/12,293378
2020/04/13,293258
2020/04/14,293389
2020/04/15,293756
2020/04/16,294394
2020/04/17,294167
2020/04/18,294053
2020/04/19,293125
2020/04/20,293510
2020/04/21,293888
2020/04/22,293553
2020/04/23,294330
2020/04/24,294892
2020/04/25,294579
2020/04/26,293659
2020/04/27,294042
2020/04/28,294685
2020/04/29,295489
2020/04/30,296068
2020/05/01,297043
2020/05/02,296814
2020/05/03,296479
2020/05/04,297127
2020/05/05,297825
2020/05/06,298604
2020/05/07,299554
2020/05/08,300080
2020/05/09,300348
2020/05/10,300046
2020/05/11,300170
2020/05/12,301157
2020/05/13,301058
2020/05/14,300346
2020/05/15,300569
2020/05/16,300478
2020/05/17,299077
2020/05/18,298517
2020/05/19,297995
2020/05/20,297598
2020/05/21,297614
2020/05/22,297198
2020/05/23,296581
2020/05/24,294775
2020/05/25,294137
2020/05/26,294170
2020/05/27,294140
2020/05/28,294264
2020/05/29,293969
2020/05/30,293791
2020/05/31,293011
2020/06/01,293344
2020/06/02,293578
2020/06/03,294024
2020/06/04,294554
2020/06/05,295265
2020/06/06,295032
2020/06/07,294091
2020/06/08,294597
2020/06/09,295307
2020/06/10,295960
2020/06/11,296758
2020/06/12,297228
2020/06/13,296850
2020/06/14,296381
2020/06/15,296336
2020/06/16,297304
2020/06/17,298098
2020/06/18,297710
2020/06/19,298800
2020/06/20,298475
2020/06/21,297613
2020/06/22,297693
2020/06/23,298955
2020/06/24,299246
2020/06/25,299527
2020/06/26,300202
2020/06/27,299655
2020/06/28,298888
2020/06/29,299249
2020/06/30,299256
2020/07/01,301084
2020/07/02,301924
2020/07/03,302559
2020/07/04,302250
2020/07/05,301628
2020/07/06,302441
2020/07/07,303394
2020/07/08,304359
2020/07/09,305638
2020/07/10,306521
2020/07/11,306524
2020/07/12,305989
2020/07/13,306079
2020/07/14,307258
2020/07/15,307448
2020/07/16,308289
2020/07/17,307970
2020/07/18,308035
2020/07/19,307352
2020/07/20,307401
2020/07/21,307519
2020/07/22,308774
2020/07/23,309375
2020/07/24,310692
2020/07/25,310319
2020/07/26,310058
2020/07/27,310422
2020/07/28,311392
2020/07/29,312161
2020/07/30,312502
2020/07/31,313474
2020/08/01,313103
2020/08/02,312545
2020/08/03,313008
2020/08/04,313357
2020/08/05,312880
2020/08/06,313838
2020/08/07,314113
2020/08/08,313440
2020/08/09,312447
2020/08/10,312354
2020/08/11,313177
2020/08/12,313904
2020/08/13,314152
2020/08/14,315281
2020/08/15,315244
2020/08/16,314577
2020/08/17,314099
2020/08/18,314798
2020/08/19,315214
2020/08/20,315617
2020/08/21,315585
2020/08/22,315496
2020/08/23,314904
2020/08/24,315214
2020/08/25,314974
2020/08/26,315173
2020/08/27,315455
2020/08/28,316271
2020/08/29,315751
2020/08/30,314724
2020/08/31,314461
2020/09/01,315821
2020/09/02,315854
2020/09/03,315743
2020/09/04,315356
2020/09/05,315576
2020/09/06,314414
2020/09/07,314701
2020/09/08,315092
2020/09/09,315084
2020/09/10,315760
2020/09/11,315593
2020/09/12,315250
2020/09/13,313925
2020/09/14,314802
2020/09/15,315198
2020/09/16,315797
2020/09/17,316513
2020/09/18,316700
2020/09/19,316249
2020/09/20,314990
2020/09/21,314605
2020/09/22,314566
2020/09/23,315341
2020/09/24,315364
2020/09/25,316189
2020/09/26,315306
2020/09/27,314074
2020/09/28,313662
2020/09/29,314407
2020/09/30,315217
2020/10/01,314985
2020/10/02,314992
2020/10/03,314897
2020/10/04,313864
2020/10/05,313446
2020/10/06,313541
2020/10/07,314791
2020/10/08,315127
2020/10/09,315656
2020/10/10,315275
2020/10/11,313971
2020/10/12,313973
2020/10/13,314392
2020/10/14,314392
2020/10/15,314973
2020/10/16,315182
2020/10/17,314297
2020/10/18,312476
2020/10/19,312286
2020/10/20,312684
2020/10/21,312651
2020/10/22,313229
2020/10/23,313460
2020/10/24,313309
2020/10/25,311746
2020/10/26,310441
2020/10/27,309153
2020/10/28,308100
2020/10/29,307394
2020/10/30,306533
2020/10/31,305855
2020/11/01,305203
2020/11/02,303429
2020/11/03,304047
2020/11/04,304409
2020/11/05,304720
2020/11/06,305499
2020/11/07,304736
2020/11/08,303377
2020/11/09,303878
2020/11/10,303862
2020/11/11,304263
2020/11/12,304712
2020/11/13,304607
2020/11/14,303920
2020/11/15,302791
2020/11/16,302979
2020/11/17,303960
2020/11/18,305232
2020/11/19,305357
2020/11/20,306291
2020/11/21,306395
2020/11/22,305616
2020/11/23,305442
2020/11/24,306051
2020/11/25,307277
2020/11/26,307641
2020/11/27,307963
2020/11/28,307651
2020/11/29,306679
2020/11/30,305575
2020/12/01,307165
2020/12/02,307598
2020/12/03,308459
2020/12/04,308685
2020/12/05,308109
2020/12/06,307018
2020/12/07,306881
2020/12/08,307407
2020/12/09,307704
2020/12/10,307832
2020/12/11,307761
2020/12/12,307487
2020/12/13,306795
2020/12/14,306958
2020/12/15,307251
2020/12/16,307423
2020/12/17,307465
2020/12/18,308958
2020/12/19,309715
2020/12/20,309103
2020/12/21,308237
2020/12/22,308584
2020/12/23,309237
2020/12/24,308362
2020/12/25,308261
2020/12/26,307504
2020/12/27,307534
2020/12/28,307562
2020/12/29,308191
2020/12/30,308848
2020/12/31,309637
2021/01/01,308500
2021/01/02,308247
2021/01/03,309361
2021/01/04,310772
2021/01/05,311721
2021/01/06,313600
2021/01/07,315533
2021/01/08,316475
2021/01/09,316580
2021/01/10,316912
2021/01/11,317284
2021/01/12,317705
2021/01/13,317734
2021/01/14,318194
2021/01/15,318758
2021/01/16,318528
2021/01/17,317500
2021/01/18,317416
2021/01/19,317581
2021/01/20,317517
2021/01/21,316926
2021/01/22,317076
2021/01/23,316879
2021/01/24,315493
2021/01/25,315350
2021/01/26,315821
2021/01/27,315987
2021/01/28,316185
2021/01/29,316728
2021/01/30,316628
2021/01/31,316056
2021/02/01,315208
2021/02/02,316361
2021/02/03,316975
2021/02/04,318088
2021/02/05,319017
2021/02/06,319341
2021/02/07,318613
2021/02/08,318974
2021/02/09,319876
2021/02/10,320331
2021/02/11,319986
2021/02/12,320495
2021/02/13,320846
2021/02/14,320284
2021/02/15,320084
2021/02/16,319561
2021/02/17,319516
2021/02/18,319457
2021/02/19,319940
2021/02/20,319948
2021/02/21,318883
2021/02/22,318144
2021/02/23,317476
2021/02/24,318366
2021/02/25,318532
2021/02/26,318263
2021/02/27,318315
2021/02/28,316906
2021/03/01,316102
2021/03/02,316584
2021/03/03,316950
2021/03/04,316347
2021/03/05,316375
2021/03/06,315747
2021/03/07,314535
2021/03/08,314035
2021/03/09,313717
2021/03/10,314394
2021/03/11,313883
2021/03/12,314030
2021/03/13,313215
2021/03/14,313098
2021/03/15,312636
2021/03/16,312783
2021/03/17,312414
2021/03/18,312835
2021/03/19,312905
2021/03/20,312331
2021/03/21,310627
2021/03/22,310333
2021/03/23,310415
2021/03/24,310295
2021/03/25,310473
2021/03/26,310100
2021/03/27,309616
2021/03/28,308272
2021/03/29,308159
2021/03/30,308440
2021/03/31,308971
2021/04/01,309033
2021/04/02,308959
2021/04/03,308357
2021/04/04,306984
2021/04/05,306586
2021/04/06,306648
2021/04/07,306967
2021/04/08,306339
2021/04/09,306740
2021/04/10,306568
2021/04/11,305398
2021/04/12,305086
2021/04/13,305196
2021/04/14,305024
2021/04/15,306216
2021/04/16,304312
2021/04/17,301898
2021/04/18,301299
2021/04/19,299255
2021/04/20,298829
2021/04/21,297226
2021/04/22,296726
2021/04/23,296701
2021/04/24,296566
2021/04/25,295342
2021/04/26,294139
2021/04/27,294223
2021/04/28,293844
2021/04/29,293086
2021/04/30,293001
2021/05/01,292339
2021/05/02,291079
2021/05/03,290986
2021/05/04,291198
2021/05/05,291603
2021/05/06,292034
2021/05/07,292381
2021/05/08,291988
2021/05/09,291014
2021/05/10,291280
2021/05/11,291734
2021/05/12,291922
2021/05/13,291579
2021/05/14,291015
2021/05/15,289718
2021/05/16,288170
2021/05/17,287348
2021/05/18,285888
2021/05/19,285392
2021/05/20,284129
2021/05/21,282857
2021/05/22,281556
2021/05/23,279636
2021/05/24,278647
2021/05/25,277655
2021/05/26,276622
2021/05/27,275244
2021/05/28,273990
2021/05/29,272324
2021/05/30,270288
2021/05/31,269322
2021/06/01,268554
2021/06/02,268156
2021/06/03,267877
2021/06/04,267189
2021/06/05,265590
2021/06/06,263822
2021/06/07,263196
2021/06/08,262835
2021/06/09,261691
2021/06/10,261497
2021/06/11,260506
2021/06/12,259674
2021/06/13,258076
2021/06/14,257728
2021/06/15,257377
2021/06/16,257277
2021/06/17,256844
2021/06/18,256096
2021/06/19,254576
2021/06/20,252654
2021/06/21,251606
2021/06/22,250393
2021/06/23,250002
2021/06/24,249632
2021/06/25,248940
2021/06/26,247459
2021/06/27,244690
2021/06/28,244167
2021/06/29,243318
2021/06/30,242700
2021/07/01,242500
2021/07/02,241313
2021/07/03,241225
2021/07/04,239698
2021/07/05,239345
2021/07/06,239099
2021/07/07,238703
2021/07/08,238525
2021/07/09,238280
2021/07/10,237155
2021/07/11,235591
2021/07/12,235252
2021/07/13,235132
2021/07/14,235152
2021/07/15,234953
2021/07/16,234697
2021/07/17,233537
2021/07/18,231942
2021/07/19,231826
2021/07/20,231794
2021/07/21,231876
2021/07/22,231838
2021/07/23,231819
2021/07/24,231075
2021/07/25,229829
2021/07/26,230531
2021/07/27,231070
2021/07/28,231510
2021/07/29,232190
2021/07/30,232696
2021/07/31,232136
2021/08/01,231100
2021/08/02,231277
2021/08/03,231601
2021/08/04,231774
2021/08/05,232087
2021/08/06,232714
2021/08/07,232260
2021/08/08,231364
2021/08/09,231829
2021/08/10,232465
2021/08/11,233121
2021/08/12,233510
2021/08/13,234102
2021/08/14,233549
2021/08/15,232505
2021/08/16,233183
2021/08/17,233720
2021/08/18,234016
2021/08/19,234440
2021/08/20,235258
2021/08/21,234906
2021/08/22,233929
2021/08/23,234734
2021/08/24,235373
2021/08/25,235977
2021/08/26,236471
2021/08/27,236915
2021/08/28,236502
2021/08/29,235513
2021/08/30,235849
2021/08/31,236622
2021/09/01,237591
2021/09/02,238738
2021/09/03,239729
2021/09/04,239462
2021/09/05,238703
2021/09/06,239362
2021/09/07,240178
2021/09/08,240840
2021/09/09,241575
2021/09/10,242007
2021/09/11,241486
2021/09/12,240410
2021/09/13,240748
2021/09/14,241347
2021/09/15,241950
2021/09/16,242591
2021/09/17,243213
2021/09/18,242867
2021/09/19,241933
2021/09/20,242551
2021/09/21,242593
2021/09/22,243308
2021/09/23,243862
2021/09/24,244599
2021/09/25,243892
2021/09/26,242827
2021/09/27,243110
2021/09/28,243529
2021/09/29,243492
2021/09/30,244578
2021/10/01,245288
2021/10/02,245607
2021/10/03,244999
2021/10/04,245522
2021/10/05,246991
2021/10/06,247445
2021/10/07,249165
2021/10/08,249841
2021/10/09,249757
2021/10/10,248913
2021/10/11,249597
2021/10/12,250134
2021/10/13,250983
2021/10/14,251670
2021/10/15,252679
2021/10/16,253058
2021/10/17,252238
2021/10/18,252963
2021/10/19,254257
2021/10/20,255079
2021/10/21,256519
2021/10/22,257198
2021/10/23,256464
2021/10/24,255466
2021/10/25,256104
2021/10/26,256934
2021/10/27,257704
2021/10/28,258532
2021/10/29,259566
2021/10/30,259398
2021/10/31,258472
2021/11/01,259234
2021/11/02,260070
2021/11/03,260696
2021/11/04,261318
2021/11/05,261856
2021/11/06,261290
2021/11/07,260514
2021/11/08,261066
2021/11/09,262697
2021/11/10,263536
2021/11/11,264195
2021/11/12,264584
2021/11/13,264010
2021/11/14,263128
2021/11/15,263681
2021/11/16,264500
2021/11/17,265066
2021/11/18,265696
2021/11/19,266111
2021/11/20,265746
2021/11/21,264802
2021/11/22,265115
2021/11/23,265514
2021/11/24,266244
2021/11/25,266709
2021/11/26,267276
2021/11/27,266690
2021/11/28,265524
2021/11/29,266307
2021/11/30,266910
2021/12/01,267379
2021/12/02,268384
2021/12/03,268859
2021/12/04,268522
2021/12/05,267346
2021/12/06,267719
2021/12/07,268169
2021/12/08,268120
2021/12/09,268438
2021/12/10,268499
2021/12/11,267556
2021/12/12,266394
2021/12/13,266650
