Date,transactions7rsi
2010/07/17,45.37
2010/07/18,45.47
2010/07/19,46.404
2010/07/20,46.994
2010/07/21,45.442
2010/07/22,45.055
2010/07/23,45.003
2010/07/24,52.65
2010/07/25,63.432
2010/07/26,44.996
2010/07/27,45.483
2010/07/28,62.117
2010/07/29,60.638
2010/07/30,43.049
2010/07/31,42.573
2010/08/01,43.048
2010/08/02,43.56
2010/08/03,48.203
2010/08/04,44.571
2010/08/05,46.675
2010/08/06,44.998
2010/08/07,43.004
2010/08/08,45.233
2010/08/09,46.615
2010/08/10,43.993
2010/08/11,45.261
2010/08/12,45.102
2010/08/13,51.372
2010/08/14,44.42
2010/08/15,42.385
2010/08/16,53.354
2010/08/17,47.164
2010/08/18,50.325
2010/08/19,47.097
2010/08/20,49.875
2010/08/21,45.614
2010/08/22,44.522
2010/08/23,44.728
2010/08/24,45.668
2010/08/25,44.03
2010/08/26,45.401
2010/08/27,40.86
2010/08/28,48.724
2010/08/29,39.311
2010/08/30,51.846
2010/08/31,60.731
2010/09/01,55.46
2010/09/02,47.29
2010/09/03,45.929
2010/09/04,38.015
2010/09/05,47.105
2010/09/06,43.458
2010/09/07,43.848
2010/09/08,53.567
2010/09/09,56.123
2010/09/10,54.717
2010/09/11,46.173
2010/09/12,57.725
2010/09/13,66.889
2010/09/14,56.848
2010/09/15,62.775
2010/09/16,53.734
2010/09/17,42.511
2010/09/18,44.36
2010/09/19,41.586
2010/09/20,61.794
2010/09/21,83.448
2010/09/22,67.056
2010/09/23,59.416
2010/09/24,47.448
2010/09/25,51.456
2010/09/26,42.092
2010/09/27,55.191
2010/09/28,48.411
2010/09/29,71.381
2010/09/30,45.234
2010/10/01,52.473
2010/10/02,51.384
2010/10/03,45.8
2010/10/04,45.761
2010/10/05,45.348
2010/10/06,44.875
2010/10/07,41.719
2010/10/08,44.094
2010/10/09,47.047
2010/10/10,42.572
2010/10/11,42.41
2010/10/12,44.149
2010/10/13,43.171
2010/10/14,40.173
2010/10/15,38.842
2010/10/16,45.025
2010/10/17,45.824
2010/10/18,66.266
2010/10/19,83.468
2010/10/20,60.246
2010/10/21,53.646
2010/10/22,58.843
2010/10/23,50.333
2010/10/24,50.725
2010/10/25,40.324
2010/10/26,46.699
2010/10/27,53.199
2010/10/28,45.841
2010/10/29,43.986
2010/10/30,38.46
2010/10/31,35.081
2010/11/01,41.117
2010/11/02,35.725
2010/11/03,42.217
2010/11/04,40.589
2010/11/05,51.721
2010/11/06,45.962
2010/11/07,50.604
2010/11/08,54.617
2010/11/09,47.425
2010/11/10,47.759
2010/11/11,44.769
2010/11/12,36.122
2010/11/13,36.845
2010/11/14,46.307
2010/11/15,97.408
2010/11/16,98.731
2010/11/17,44.359
2010/11/18,48.351
2010/11/19,68.847
2010/11/20,69.077
2010/11/21,69.648
2010/11/22,40.397
2010/11/23,40.46
2010/11/24,50.751
2010/11/25,53.499
2010/11/26,43.5
2010/11/27,41.404
2010/11/28,41.47
2010/11/29,41.352
2010/11/30,41.389
2010/12/01,41.824
2010/12/02,41.564
2010/12/03,41.122
2010/12/04,41.082
2010/12/05,41.149
2010/12/06,41.52
2010/12/07,43.107
2010/12/08,42.508
2010/12/09,42.2
2010/12/10,41.61
2010/12/11,45.212
2010/12/12,47.664
2010/12/13,48.578
2010/12/14,47.898
2010/12/15,46.704
2010/12/16,43.605
2010/12/17,41.35
2010/12/18,43.653
2010/12/19,45.381
2010/12/20,63.608
2010/12/21,48.003
2010/12/22,50.826
2010/12/23,45.412
2010/12/24,45.885
2010/12/25,50.499
2010/12/26,48.916
2010/12/27,44.188
2010/12/28,53.036
2010/12/29,44.131
2010/12/30,49.366
2010/12/31,47.259
2011/01/01,53.595
2011/01/02,47.075
2011/01/03,73.225
2011/01/04,64.593
2011/01/05,73.306
2011/01/06,47.466
2011/01/07,56.463
2011/01/08,65.728
2011/01/09,58.438
2011/01/10,60.662
2011/01/11,61.724
2011/01/12,53.508
2011/01/13,56.391
2011/01/14,56.505
2011/01/15,44.148
2011/01/16,42.273
2011/01/17,38.031
2011/01/18,39.857
2011/01/19,44.677
2011/01/20,44.096
2011/01/21,59.642
2011/01/22,69.848
2011/01/23,50.424
2011/01/24,58.902
2011/01/25,43.281
2011/01/26,47.067
2011/01/27,41.953
2011/01/28,52.147
2011/01/29,60.861
2011/01/30,80.526
2011/01/31,51.329
2011/02/01,45.407
2011/02/02,43.662
2011/02/03,41.822
2011/02/04,45.069
2011/02/05,42.793
2011/02/06,45.177
2011/02/07,44.012
2011/02/08,43.676
2011/02/09,56.31
2011/02/10,72.625
2011/02/11,76.643
2011/02/12,61.727
2011/02/13,59.006
2011/02/14,62.867
2011/02/15,66.596
2011/02/16,61.243
2011/02/17,64.992
2011/02/18,57.891
2011/02/19,44.28
2011/02/20,53.849
2011/02/21,54.842
2011/02/22,60.727
2011/02/23,61.702
2011/02/24,56.212
2011/02/25,53.084
2011/02/26,45.995
2011/02/27,59.756
2011/02/28,43.066
2011/03/01,67.222
2011/03/02,49.26
2011/03/03,65.81
2011/03/04,46.793
2011/03/05,46.936
2011/03/06,46.731
2011/03/07,46.031
2011/03/08,55.911
2011/03/09,45.461
2011/03/10,43.448
2011/03/11,47.891
2011/03/12,64.777
2011/03/13,60.033
2011/03/14,58.611
2011/03/15,62.116
2011/03/16,66.85
2011/03/17,69.462
2011/03/18,46.282
2011/03/19,59.569
2011/03/20,68.978
2011/03/21,80.049
2011/03/22,43.388
2011/03/23,57.803
2011/03/24,44.093
2011/03/25,43.168
2011/03/26,51.856
2011/03/27,46.546
2011/03/28,49.588
2011/03/29,48.089
2011/03/30,41.386
2011/03/31,44.181
2011/04/01,40.425
2011/04/02,42.616
2011/04/03,43.106
2011/04/04,49.719
2011/04/05,47.094
2011/04/06,44.323
2011/04/07,41.771
2011/04/08,43.227
2011/04/09,42.805
2011/04/10,42.683
2011/04/11,48.612
2011/04/12,52.303
2011/04/13,59.039
2011/04/14,69.45
2011/04/15,47.655
2011/04/16,49.823
2011/04/17,52.069
2011/04/18,66.727
2011/04/19,73.282
2011/04/20,58.372
2011/04/21,41.536
2011/04/22,44.251
2011/04/23,48.23
2011/04/24,47.736
2011/04/25,53.668
2011/04/26,66.765
2011/04/27,76.856
2011/04/28,52.091
2011/04/29,56.996
2011/04/30,65.461
2011/05/01,58.226
2011/05/02,47.775
2011/05/03,46.018
2011/05/04,44.389
2011/05/05,53.463
2011/05/06,50.854
2011/05/07,58.968
2011/05/08,44.721
2011/05/09,52.736
2011/05/10,48.497
2011/05/11,47.502
2011/05/12,52.345
2011/05/13,61.699
2011/05/14,65.448
2011/05/15,53.407
2011/05/16,60.862
2011/05/17,62.204
2011/05/18,73.266
2011/05/19,58.526
2011/05/20,59.511
2011/05/21,61.673
2011/05/22,65.328
2011/05/23,70.286
2011/05/24,71.473
2011/05/25,75.571
2011/05/26,81.399
2011/05/27,46.055
2011/05/28,48.324
2011/05/29,44.691
2011/05/30,53.432
2011/05/31,61.851
2011/06/01,66.145
2011/06/02,71.252
2011/06/03,79.216
2011/06/04,80.879
2011/06/05,76.702
2011/06/06,82.381
2011/06/07,70.588
2011/06/08,83.023
2011/06/09,83.94
2011/06/10,71.338
2011/06/11,66.216
2011/06/12,74.527
2011/06/13,61.173
2011/06/14,74.268
2011/06/15,61.093
2011/06/16,62.276
2011/06/17,51.253
2011/06/18,52.961
2011/06/19,51.99
2011/06/20,49.647
2011/06/21,37.791
2011/06/22,53.124
2011/06/23,45.33
2011/06/24,49.548
2011/06/25,41.391
2011/06/26,44.05
2011/06/27,57.712
2011/06/28,49.457
2011/06/29,44.201
2011/06/30,41.484
2011/07/01,50.555
2011/07/02,34.301
2011/07/03,37.481
2011/07/04,47.869
2011/07/05,43.698
2011/07/06,55.201
2011/07/07,45.858
2011/07/08,41.569
2011/07/09,37.614
2011/07/10,42.915
2011/07/11,58.586
2011/07/12,43.14
2011/07/13,49.673
2011/07/14,46.955
2011/07/15,42.331
2011/07/16,49.318
2011/07/17,45.595
2011/07/18,50.679
2011/07/19,52.725
2011/07/20,49.406
2011/07/21,42.704
2011/07/22,51.715
2011/07/23,38.372
2011/07/24,46.421
2011/07/25,57.007
2011/07/26,47.314
2011/07/27,44.397
2011/07/28,45.889
2011/07/29,38.955
2011/07/30,31.485
2011/07/31,50.415
2011/08/01,51.306
2011/08/02,56.725
2011/08/03,46.415
2011/08/04,52.031
2011/08/05,43.509
2011/08/06,39.505
2011/08/07,38.465
2011/08/08,45.607
2011/08/09,63.266
2011/08/10,53.908
2011/08/11,47.272
2011/08/12,43.597
2011/08/13,46.28
2011/08/14,47.169
2011/08/15,57.664
2011/08/16,67.835
2011/08/17,47.437
2011/08/18,44.838
2011/08/19,47.113
2011/08/20,42.801
2011/08/21,48.588
2011/08/22,50.329
2011/08/23,43.804
2011/08/24,45.549
2011/08/25,43.736
2011/08/26,46.991
2011/08/27,33.189
2011/08/28,26.475
2011/08/29,58.344
2011/08/30,55.006
2011/08/31,49.257
2011/09/01,48.541
2011/09/02,46.016
2011/09/03,34.746
2011/09/04,51.746
2011/09/05,49.072
2011/09/06,57.53
2011/09/07,48.9
2011/09/08,42.84
2011/09/09,52.788
2011/09/10,39.875
2011/09/11,45.14
2011/09/12,46.617
2011/09/13,45.862
2011/09/14,41.926
2011/09/15,46.319
2011/09/16,43.039
2011/09/17,33.649
2011/09/18,43.189
2011/09/19,53.83
2011/09/20,68.442
2011/09/21,61.296
2011/09/22,43.672
2011/09/23,46.058
2011/09/24,40.248
2011/09/25,40.109
2011/09/26,39.208
2011/09/27,47.212
2011/09/28,45.725
2011/09/29,39.686
2011/09/30,45.461
2011/10/01,37.727
2011/10/02,33.598
2011/10/03,58.208
2011/10/04,48.474
2011/10/05,47.504
2011/10/06,50.095
2011/10/07,45.943
2011/10/08,41.818
2011/10/09,42.929
2011/10/10,52.57
2011/10/11,54.21
2011/10/12,53.987
2011/10/13,34.468
2011/10/14,55.896
2011/10/15,47.158
2011/10/16,39.241
2011/10/17,52.124
2011/10/18,40.591
2011/10/19,44.543
2011/10/20,39.022
2011/10/21,47.975
2011/10/22,46.968
2011/10/23,54.745
2011/10/24,59.175
2011/10/25,46.811
2011/10/26,47.849
2011/10/27,38.996
2011/10/28,47.538
2011/10/29,55.393
2011/10/30,45.101
2011/10/31,48.416
2011/11/01,57.819
2011/11/02,60.854
2011/11/03,64.933
2011/11/04,68.429
2011/11/05,53.96
2011/11/06,39.673
2011/11/07,48.179
2011/11/08,55.592
2011/11/09,61.497
2011/11/10,62.966
2011/11/11,40.321
2011/11/12,40.496
2011/11/13,45.117
2011/11/14,54.151
2011/11/15,56.876
2011/11/16,56.255
2011/11/17,37.583
2011/11/18,42.02
2011/11/19,36.007
2011/11/20,44.171
2011/11/21,39.127
2011/11/22,52.525
2011/11/23,54.417
2011/11/24,44.24
2011/11/25,52.508
2011/11/26,41.058
2011/11/27,46.969
2011/11/28,59.761
2011/11/29,65.176
2011/11/30,69.428
2011/12/01,58.913
2011/12/02,58.941
2011/12/03,46.339
2011/12/04,42.797
2011/12/05,56.726
2011/12/06,72.808
2011/12/07,50.069
2011/12/08,46.853
2011/12/09,44.739
2011/12/10,45.969
2011/12/11,41.092
2011/12/12,37.055
2011/12/13,45.978
2011/12/14,50.04
2011/12/15,39.552
2011/12/16,44.747
2011/12/17,41.973
2011/12/18,37.261
2011/12/19,56.481
2011/12/20,61.897
2011/12/21,50.587
2011/12/22,54.345
2011/12/23,51.58
2011/12/24,38.024
2011/12/25,47.426
2011/12/26,52.379
2011/12/27,46.589
2011/12/28,43.476
2011/12/29,47.701
2011/12/30,44.881
2011/12/31,46.6
2012/01/01,43.747
2012/01/02,53.613
2012/01/03,60.579
2012/01/04,59.637
2012/01/05,76.494
2012/01/06,66.862
2012/01/07,51.617
2012/01/08,59.134
2012/01/09,53.654
2012/01/10,61.917
2012/01/11,67.147
2012/01/12,57.963
2012/01/13,60.325
2012/01/14,59.157
2012/01/15,48.544
2012/01/16,59.506
2012/01/17,55.048
2012/01/18,53.311
2012/01/19,58.044
2012/01/20,54.79
2012/01/21,44.113
2012/01/22,28.797
2012/01/23,45.072
2012/01/24,61.629
2012/01/25,68.041
2012/01/26,49.105
2012/01/27,46.18
2012/01/28,41.473
2012/01/29,48.493
2012/01/30,44.953
2012/01/31,55.722
2012/02/01,49.796
2012/02/02,57.918
2012/02/03,56.062
2012/02/04,58.636
2012/02/05,50.424
2012/02/06,40.857
2012/02/07,54.684
2012/02/08,54.74
2012/02/09,61.204
2012/02/10,71.266
2012/02/11,57.249
2012/02/12,48.065
2012/02/13,59.426
2012/02/14,70.777
2012/02/15,68.563
2012/02/16,70.013
2012/02/17,39.759
2012/02/18,37.826
2012/02/19,34.079
2012/02/20,39.222
2012/02/21,40.471
2012/02/22,50.142
2012/02/23,58.696
2012/02/24,46.485
2012/02/25,40.577
2012/02/26,36.593
2012/02/27,48.103
2012/02/28,47.925
2012/02/29,47.603
2012/03/01,49.503
2012/03/02,61.155
2012/03/03,34.533
2012/03/04,49.155
2012/03/05,52.559
2012/03/06,46.763
2012/03/07,49.459
2012/03/08,49.459
2012/03/09,47.533
2012/03/10,35.235
2012/03/11,34.176
2012/03/12,48.089
2012/03/13,61.568
2012/03/14,55.234
2012/03/15,48.041
2012/03/16,55.133
2012/03/17,54.075
2012/03/18,43.489
2012/03/19,51.864
2012/03/20,53.95
2012/03/21,56.204
2012/03/22,49.285
2012/03/23,43.28
2012/03/24,46.357
2012/03/25,44.005
2012/03/26,52.538
2012/03/27,53.381
2012/03/28,63.738
2012/03/29,67.879
2012/03/30,51.221
2012/03/31,40.473
2012/04/01,33.022
2012/04/02,49.798
2012/04/03,63.9
2012/04/04,55.214
2012/04/05,53.862
2012/04/06,48.758
2012/04/07,40.821
2012/04/08,38.594
2012/04/09,50.544
2012/04/10,68.992
2012/04/11,60.409
2012/04/12,64.242
2012/04/13,48.844
2012/04/14,57.995
2012/04/15,51.13
2012/04/16,61.134
2012/04/17,52.909
2012/04/18,59.465
2012/04/19,51.834
2012/04/20,55.491
2012/04/21,44.483
2012/04/22,37.766
2012/04/23,46.335
2012/04/24,51.984
2012/04/25,50.943
2012/04/26,70.057
2012/04/27,46.046
2012/04/28,47.608
2012/04/29,49.777
2012/04/30,61.242
2012/05/01,65.615
2012/05/02,63.434
2012/05/03,79.005
2012/05/04,79.241
2012/05/05,68.442
2012/05/06,54.094
2012/05/07,76.337
2012/05/08,73.22
2012/05/09,70.31
2012/05/10,45.588
2012/05/11,64.878
2012/05/12,62.324
2012/05/13,50.68
2012/05/14,72.96
2012/05/15,59.012
2012/05/16,51.246
2012/05/17,49.175
2012/05/18,61.246
2012/05/19,72.368
2012/05/20,64.58
2012/05/21,64.755
2012/05/22,49.786
2012/05/23,55.597
2012/05/24,54.044
2012/05/25,57.988
2012/05/26,46.835
2012/05/27,52.665
2012/05/28,58.492
2012/05/29,58.357
2012/05/30,48.427
2012/05/31,39.888
2012/06/01,52.733
2012/06/02,33.184
2012/06/03,59.017
2012/06/04,67.664
2012/06/05,65.613
2012/06/06,39.962
2012/06/07,52.992
2012/06/08,46.632
2012/06/09,53.073
2012/06/10,58.043
2012/06/11,51.301
2012/06/12,41.457
2012/06/13,63.489
2012/06/14,65.507
2012/06/15,60.248
2012/06/16,52.047
2012/06/17,52.446
2012/06/18,48.735
2012/06/19,46.306
2012/06/20,43.273
2012/06/21,38.907
2012/06/22,36.38
2012/06/23,35.309
2012/06/24,35.519
2012/06/25,46.052
2012/06/26,48.434
2012/06/27,49.501
2012/06/28,42.424
2012/06/29,37.186
2012/06/30,36.83
2012/07/01,31.952
2012/07/02,46.427
2012/07/03,42.002
2012/07/04,43.287
2012/07/05,40.183
2012/07/06,46.825
2012/07/07,51.513
2012/07/08,39.851
2012/07/09,51.397
2012/07/10,67.951
2012/07/11,58.98
2012/07/12,46.035
2012/07/13,46.507
2012/07/14,43.257
2012/07/15,51.3
2012/07/16,60.476
2012/07/17,66.11
2012/07/18,59.365
2012/07/19,55.466
2012/07/20,65.402
2012/07/21,59.49
2012/07/22,59.976
2012/07/23,53.597
2012/07/24,42.835
2012/07/25,40.561
2012/07/26,50.492
2012/07/27,41.87
2012/07/28,59.997
2012/07/29,58.017
2012/07/30,57.73
2012/07/31,70.254
2012/08/01,45.92
2012/08/02,50.716
2012/08/03,41.826
2012/08/04,44.414
2012/08/05,52.9
2012/08/06,56.704
2012/08/07,45.032
2012/08/08,61.715
2012/08/09,45.956
2012/08/10,43.967
2012/08/11,51.464
2012/08/12,53.752
2012/08/13,69.57
2012/08/14,49.6
2012/08/15,64.762
2012/08/16,57.657
2012/08/17,51.632
2012/08/18,48.242
2012/08/19,47.98
2012/08/20,46.634
2012/08/21,55.333
2012/08/22,48.934
2012/08/23,41.439
2012/08/24,42.245
2012/08/25,44.456
2012/08/26,38.636
2012/08/27,46.136
2012/08/28,40.867
2012/08/29,49.79
2012/08/30,49.231
2012/08/31,61.352
2012/09/01,61.558
2012/09/02,45.748
2012/09/03,54.566
2012/09/04,57.527
2012/09/05,59.612
2012/09/06,62.672
2012/09/07,41.941
2012/09/08,38.307
2012/09/09,39.053
2012/09/10,45.137
2012/09/11,55.969
2012/09/12,37.117
2012/09/13,39.359
2012/09/14,53.635
2012/09/15,39.898
2012/09/16,42.144
2012/09/17,36.623
2012/09/18,52.058
2012/09/19,51.08
2012/09/20,49.245
2012/09/21,47.279
2012/09/22,33.601
2012/09/23,46.57
2012/09/24,48.897
2012/09/25,40.33
2012/09/26,55.361
2012/09/27,48.314
2012/09/28,55.472
2012/09/29,41.997
2012/09/30,37.94
2012/10/01,45.511
2012/10/02,57.541
2012/10/03,48.105
2012/10/04,56.157
2012/10/05,60.65
2012/10/06,54.224
2012/10/07,57.19
2012/10/08,61.929
2012/10/09,56.169
2012/10/10,48.071
2012/10/11,42.153
2012/10/12,44.41
2012/10/13,53.696
2012/10/14,42.936
2012/10/15,50.225
2012/10/16,56.691
2012/10/17,50.817
2012/10/18,43.827
2012/10/19,38.802
2012/10/20,50.452
2012/10/21,65.957
2012/10/22,68.528
2012/10/23,48.24
2012/10/24,48.45
2012/10/25,40.808
2012/10/26,34.554
2012/10/27,28.856
2012/10/28,32.681
2012/10/29,40.625
2012/10/30,56.339
2012/10/31,51.227
2012/11/01,44.727
2012/11/02,53.652
2012/11/03,45.487
2012/11/04,46.225
2012/11/05,59.137
2012/11/06,58.776
2012/11/07,65.194
2012/11/08,55.961
2012/11/09,43.208
2012/11/10,47.013
2012/11/11,41.172
2012/11/12,42.03
2012/11/13,49.629
2012/11/14,55.479
2012/11/15,67.682
2012/11/16,69.965
2012/11/17,53.391
2012/11/18,56.184
2012/11/19,60.962
2012/11/20,60.778
2012/11/21,64.885
2012/11/22,44.675
2012/11/23,47.984
2012/11/24,42.544
2012/11/25,57.595
2012/11/26,55.543
2012/11/27,39.553
2012/11/28,56.529
2012/11/29,56.784
2012/11/30,43.62
2012/12/01,50.149
2012/12/02,34.099
2012/12/03,36.047
2012/12/04,52.723
2012/12/05,54.5
2012/12/06,58.948
2012/12/07,50.476
2012/12/08,52.11
2012/12/09,50.027
2012/12/10,57.48
2012/12/11,58.452
2012/12/12,58.371
2012/12/13,68.514
2012/12/14,58.508
2012/12/15,44.111
2012/12/16,50.73
2012/12/17,60.448
2012/12/18,71.017
2012/12/19,60.194
2012/12/20,45.978
2012/12/21,57.471
2012/12/22,64.295
2012/12/23,45.671
2012/12/24,45.002
2012/12/25,37.585
2012/12/26,48.166
2012/12/27,56.156
2012/12/28,59.499
2012/12/29,47.926
2012/12/30,56.058
2012/12/31,40.536
2013/01/01,42.735
2013/01/02,51.394
2013/01/03,54.447
2013/01/04,60.755
2013/01/05,49.365
2013/01/06,42.553
2013/01/07,51.204
2013/01/08,49.256
2013/01/09,54.873
2013/01/10,64.29
2013/01/11,64.512
2013/01/12,53.129
2013/01/13,57.746
2013/01/14,50.216
2013/01/15,50.974
2013/01/16,62.47
2013/01/17,53.152
2013/01/18,54.627
2013/01/19,63.695
2013/01/20,42.683
2013/01/21,41.671
2013/01/22,46.871
2013/01/23,51.384
2013/01/24,50.555
2013/01/25,54.605
2013/01/26,60.824
2013/01/27,65.244
2013/01/28,57.269
2013/01/29,56.061
2013/01/30,36.676
2013/01/31,54.748
2013/02/01,63.804
2013/02/02,55.605
2013/02/03,63.096
2013/02/04,53.415
2013/02/05,51.05
2013/02/06,37.74
2013/02/07,59.142
2013/02/08,58.747
2013/02/09,54.46
2013/02/10,52.585
2013/02/11,54.186
2013/02/12,55.667
2013/02/13,56.518
2013/02/14,41.572
2013/02/15,50.39
2013/02/16,43.494
2013/02/17,40.728
2013/02/18,42.545
2013/02/19,51.867
2013/02/20,61.092
2013/02/21,52.475
2013/02/22,62.581
2013/02/23,53.509
2013/02/24,52.04
2013/02/25,66.819
2013/02/26,58.987
2013/02/27,53.929
2013/02/28,57.475
2013/03/01,60.09
2013/03/02,42.676
2013/03/03,40.501
2013/03/04,57.848
2013/03/05,46.141
2013/03/06,54.908
2013/03/07,60.075
2013/03/08,44.034
2013/03/09,43.635
2013/03/10,64.847
2013/03/11,48.069
2013/03/12,39.279
2013/03/13,47.745
2013/03/14,49.118
2013/03/15,54.013
2013/03/16,32.136
2013/03/17,33.377
2013/03/18,42.287
2013/03/19,45.064
2013/03/20,45.212
2013/03/21,55.436
2013/03/22,60.121
2013/03/23,50.627
2013/03/24,48.806
2013/03/25,45.95
2013/03/26,46.048
2013/03/27,52.847
2013/03/28,62.953
2013/03/29,64.425
2013/03/30,57.99
2013/03/31,36.733
2013/04/01,49.233
2013/04/02,60.247
2013/04/03,60.878
2013/04/04,63.846
2013/04/05,54.829
2013/04/06,42.564
2013/04/07,56.468
2013/04/08,54.075
2013/04/09,59.746
2013/04/10,55.067
2013/04/11,60.368
2013/04/12,46.657
2013/04/13,40.902
2013/04/14,43.973
2013/04/15,42.676
2013/04/16,60.82
2013/04/17,46.499
2013/04/18,37.218
2013/04/19,51.67
2013/04/20,41.874
2013/04/21,38.749
2013/04/22,42.41
2013/04/23,56.921
2013/04/24,59.676
2013/04/25,56.577
2013/04/26,47.976
2013/04/27,37.952
2013/04/28,35.922
2013/04/29,48.537
2013/04/30,44.273
2013/05/01,53.199
2013/05/02,53.334
2013/05/03,47.914
2013/05/04,46.311
2013/05/05,46.427
2013/05/06,52.014
2013/05/07,57.806
2013/05/08,45.835
2013/05/09,66.713
2013/05/10,67.69
2013/05/11,72.427
2013/05/12,58.079
2013/05/13,51.452
2013/05/14,58.321
2013/05/15,54.571
2013/05/16,49.651
2013/05/17,45.762
2013/05/18,36.798
2013/05/19,31.869
2013/05/20,34.268
2013/05/21,45.394
2013/05/22,42.196
2013/05/23,56.434
2013/05/24,48.571
2013/05/25,42.138
2013/05/26,30.181
2013/05/27,49.299
2013/05/28,54.53
2013/05/29,51.631
2013/05/30,54.893
2013/05/31,49.777
2013/06/01,49.649
2013/06/02,42.114
2013/06/03,53.343
2013/06/04,56.269
2013/06/05,53.937
2013/06/06,49.492
2013/06/07,44.12
2013/06/08,36.525
2013/06/09,30.758
2013/06/10,32.474
2013/06/11,46.494
2013/06/12,38.856
2013/06/13,34.181
2013/06/14,51.73
2013/06/15,31.571
2013/06/16,44.185
2013/06/17,48.842
2013/06/18,48.972
2013/06/19,50.851
2013/06/20,60.061
2013/06/21,49.228
2013/06/22,45.024
2013/06/23,36.078
2013/06/24,47.583
2013/06/25,48.295
2013/06/26,50.341
2013/06/27,51.5
2013/06/28,59.021
2013/06/29,34.973
2013/06/30,29.052
2013/07/01,44.977
2013/07/02,45.889
2013/07/03,39.814
2013/07/04,39.49
2013/07/05,43.673
2013/07/06,37.28
2013/07/07,32.689
2013/07/08,53.308
2013/07/09,55.39
2013/07/10,51.817
2013/07/11,59.775
2013/07/12,67.068
2013/07/13,46.278
2013/07/14,41.796
2013/07/15,45.487
2013/07/16,50.743
2013/07/17,53.2
2013/07/18,54.386
2013/07/19,43.944
2013/07/20,38.025
2013/07/21,43.093
2013/07/22,54.464
2013/07/23,50.527
2013/07/24,59.333
2013/07/25,59.722
2013/07/26,45.33
2013/07/27,44.136
2013/07/28,45.557
2013/07/29,58.622
2013/07/30,59.386
2013/07/31,73.404
2013/08/01,75.279
2013/08/02,76.343
2013/08/03,54.935
2013/08/04,47.546
2013/08/05,63.811
2013/08/06,68.57
2013/08/07,72.614
2013/08/08,73.108
2013/08/09,50.655
2013/08/10,54.593
2013/08/11,33.878
2013/08/12,52.552
2013/08/13,56.088
2013/08/14,53.81
2013/08/15,62.081
2013/08/16,73.29
2013/08/17,52.824
2013/08/18,52.644
2013/08/19,65.872
2013/08/20,55.979
2013/08/21,52.886
2013/08/22,59.006
2013/08/23,46.073
2013/08/24,42.89
2013/08/25,36.479
2013/08/26,50.235
2013/08/27,56.049
2013/08/28,58.423
2013/08/29,51.14
2013/08/30,55.202
2013/08/31,39.21
2013/09/01,38.432
2013/09/02,45.005
2013/09/03,46.318
2013/09/04,47.663
2013/09/05,58.691
2013/09/06,58.84
2013/09/07,44.351
2013/09/08,37.599
2013/09/09,54.09
2013/09/10,48.258
2013/09/11,43.196
2013/09/12,47.994
2013/09/13,38.742
2013/09/14,37.293
2013/09/15,53.334
2013/09/16,50.71
2013/09/17,67.628
2013/09/18,57.113
2013/09/19,56.062
2013/09/20,54.778
2013/09/21,45.328
2013/09/22,43.172
2013/09/23,62.045
2013/09/24,57.793
2013/09/25,46.806
2013/09/26,50.924
2013/09/27,38.695
2013/09/28,34.728
2013/09/29,33.444
2013/09/30,43.848
2013/10/01,56.958
2013/10/02,61.929
2013/10/03,57.98
2013/10/04,47.012
2013/10/05,39.541
2013/10/06,36.822
2013/10/07,40.018
2013/10/08,41.187
2013/10/09,51.67
2013/10/10,60.777
2013/10/11,51.702
2013/10/12,47.536
2013/10/13,50.931
2013/10/14,60.851
2013/10/15,57.241
2013/10/16,47.331
2013/10/17,40.814
2013/10/18,61.166
2013/10/19,53.764
2013/10/20,45.213
2013/10/21,59.37
2013/10/22,63.879
2013/10/23,50.082
2013/10/24,58.951
2013/10/25,51.087
2013/10/26,41.085
2013/10/27,37.496
2013/10/28,47.321
2013/10/29,46.003
2013/10/30,44.123
2013/10/31,57.182
2013/11/01,42.068
2013/11/02,36.615
2013/11/03,33.94
2013/11/04,47.284
2013/11/05,54.162
2013/11/06,57.771
2013/11/07,63.242
2013/11/08,61.075
2013/11/09,54.344
2013/11/10,57.477
2013/11/11,57.182
2013/11/12,58.658
2013/11/13,68.168
2013/11/14,73.12
2013/11/15,54.568
2013/11/16,36.859
2013/11/17,43.336
2013/11/18,68.497
2013/11/19,74.979
2013/11/20,59.24
2013/11/21,54.285
2013/11/22,57.945
2013/11/23,53.626
2013/11/24,43.568
2013/11/25,53.156
2013/11/26,61.302
2013/11/27,68.075
2013/11/28,69.794
2013/11/29,59.96
2013/11/30,46.941
2013/12/01,44.615
2013/12/02,48.01
2013/12/03,50.128
2013/12/04,52.316
2013/12/05,56.427
2013/12/06,43.127
2013/12/07,38.952
2013/12/08,25.584
2013/12/09,43.62
2013/12/10,47.29
2013/12/11,47.029
2013/12/12,39.157
2013/12/13,41.527
2013/12/14,36.217
2013/12/15,34.744
2013/12/16,55.549
2013/12/17,53.626
2013/12/18,65.352
2013/12/19,52.655
2013/12/20,47.711
2013/12/21,40.054
2013/12/22,37.554
2013/12/23,39.442
2013/12/24,41.843
2013/12/25,41.329
2013/12/26,36.289
2013/12/27,39.182
2013/12/28,33.319
2013/12/29,40.692
2013/12/30,49.202
2013/12/31,38.898
2014/01/01,32.173
2014/01/02,51.879
2014/01/03,59.152
2014/01/04,47.169
2014/01/05,54.999
2014/01/06,63.397
2014/01/07,57.062
2014/01/08,54.915
2014/01/09,51.253
2014/01/10,44.352
2014/01/11,47.205
2014/01/12,39.642
2014/01/13,45.335
2014/01/14,52.291
2014/01/15,58.848
2014/01/16,49.581
2014/01/17,53.665
2014/01/18,41.285
2014/01/19,36.59
2014/01/20,59.286
2014/01/21,67.887
2014/01/22,57.84
2014/01/23,54.708
2014/01/24,57.136
2014/01/25,41.887
2014/01/26,41.59
2014/01/27,56.138
2014/01/28,57.743
2014/01/29,48.756
2014/01/30,50.377
2014/01/31,49.478
2014/02/01,40.884
2014/02/02,37.588
2014/02/03,48.198
2014/02/04,64.825
2014/02/05,60.612
2014/02/06,63.784
2014/02/07,64.272
2014/02/08,52.316
2014/02/09,39.365
2014/02/10,55.188
2014/02/11,55.677
2014/02/12,47.371
2014/02/13,55.297
2014/02/14,64.353
2014/02/15,45.728
2014/02/16,41.06
2014/02/17,46.004
2014/02/18,52.315
2014/02/19,58.202
2014/02/20,59.476
2014/02/21,56.111
2014/02/22,39.788
2014/02/23,42.361
2014/02/24,61.139
2014/02/25,66.934
2014/02/26,56.207
2014/02/27,52.894
2014/02/28,52.028
2014/03/01,42.199
2014/03/02,34.658
2014/03/03,62.852
2014/03/04,65.223
2014/03/05,51.245
2014/03/06,49.344
2014/03/07,51.385
2014/03/08,42.83
2014/03/09,40.365
2014/03/10,51.944
2014/03/11,57.742
2014/03/12,57.877
2014/03/13,52.212
2014/03/14,48.786
2014/03/15,35.707
2014/03/16,34.677
2014/03/17,47.424
2014/03/18,34.023
2014/03/19,56.857
2014/03/20,53.743
2014/03/21,55.826
2014/03/22,48.057
2014/03/23,39.204
2014/03/24,53.891
2014/03/25,54.789
2014/03/26,50.395
2014/03/27,54.443
2014/03/28,48.165
2014/03/29,34.395
2014/03/30,39.667
2014/03/31,50.186
2014/04/01,49.087
2014/04/02,52.786
2014/04/03,52.937
2014/04/04,50.541
2014/04/05,36.253
2014/04/06,30.399
2014/04/07,54.099
2014/04/08,56.347
2014/04/09,52.38
2014/04/10,56.197
2014/04/11,52.277
2014/04/12,31.999
2014/04/13,37.361
2014/04/14,58.655
2014/04/15,60.78
2014/04/16,55.425
2014/04/17,51.144
2014/04/18,42.057
2014/04/19,38.651
2014/04/20,34.45
2014/04/21,47.819
2014/04/22,65.74
2014/04/23,60.74
2014/04/24,59.144
2014/04/25,59.035
2014/04/26,37.225
2014/04/27,37.802
2014/04/28,51.816
2014/04/29,52.333
2014/04/30,50.554
2014/05/01,45.337
2014/05/02,45.885
2014/05/03,38.21
2014/05/04,35.361
2014/05/05,59.126
2014/05/06,67.342
2014/05/07,56.882
2014/05/08,55.655
2014/05/09,51.805
2014/05/10,39.807
2014/05/11,36.062
2014/05/12,60.78
2014/05/13,55.025
2014/05/14,55.475
2014/05/15,60.517
2014/05/16,48.455
2014/05/17,37.602
2014/05/18,34.836
2014/05/19,51.31
2014/05/20,57.815
2014/05/21,54.805
2014/05/22,59.033
2014/05/23,58.28
2014/05/24,37.261
2014/05/25,42.911
2014/05/26,52.885
2014/05/27,54.4
2014/05/28,58.247
2014/05/29,49.325
2014/05/30,48.996
2014/05/31,35.362
2014/06/01,39.919
2014/06/02,51.944
2014/06/03,57.623
2014/06/04,51.387
2014/06/05,53.799
2014/06/06,47.26
2014/06/07,35.153
2014/06/08,32.631
2014/06/09,49.546
2014/06/10,53.584
2014/06/11,52.91
2014/06/12,55.547
2014/06/13,55.553
2014/06/14,38.323
2014/06/15,38.933
2014/06/16,60.281
2014/06/17,62.234
2014/06/18,52.107
2014/06/19,49.89
2014/06/20,42.452
2014/06/21,35.025
2014/06/22,33.843
2014/06/23,51.883
2014/06/24,58.027
2014/06/25,57.14
2014/06/26,51.551
2014/06/27,54.222
2014/06/28,39.72
2014/06/29,33.315
2014/06/30,62.002
2014/07/01,60.863
2014/07/02,56.678
2014/07/03,50.854
2014/07/04,46.044
2014/07/05,35.126
2014/07/06,39.013
2014/07/07,56.419
2014/07/08,61.911
2014/07/09,59.318
2014/07/10,53.061
2014/07/11,45.166
2014/07/12,38.393
2014/07/13,37.19
2014/07/14,53.968
2014/07/15,64.219
2014/07/16,54.264
2014/07/17,55.03
2014/07/18,51.579
2014/07/19,44.767
2014/07/20,35.614
2014/07/21,53.55
2014/07/22,56.649
2014/07/23,56.675
2014/07/24,55.54
2014/07/25,46.842
2014/07/26,39.18
2014/07/27,33.716
2014/07/28,55.088
2014/07/29,50.425
2014/07/30,56.606
2014/07/31,61.138
2014/08/01,57.562
2014/08/02,38.964
2014/08/03,37.479
2014/08/04,57.358
2014/08/05,62.242
2014/08/06,68.613
2014/08/07,53.882
2014/08/08,51.881
2014/08/09,42.975
2014/08/10,40.181
2014/08/11,60.108
2014/08/12,61.313
2014/08/13,59.513
2014/08/14,62.968
2014/08/15,53.51
2014/08/16,46.309
2014/08/17,37.532
2014/08/18,53.94
2014/08/19,56.086
2014/08/20,54.771
2014/08/21,53.648
2014/08/22,44.028
2014/08/23,33.362
2014/08/24,32.501
2014/08/25,53.477
2014/08/26,56.72
2014/08/27,59.067
2014/08/28,49.395
2014/08/29,49.378
2014/08/30,38.66
2014/08/31,34.568
2014/09/01,54.934
2014/09/02,56.808
2014/09/03,56.693
2014/09/04,54.563
2014/09/05,48.914
2014/09/06,40.562
2014/09/07,35.998
2014/09/08,61.824
2014/09/09,67.77
2014/09/10,53.006
2014/09/11,44.938
2014/09/12,48.27
2014/09/13,39.791
2014/09/14,49.146
2014/09/15,61.19
2014/09/16,68.049
2014/09/17,58.293
2014/09/18,54.445
2014/09/19,45.076
2014/09/20,39.159
2014/09/21,35.785
2014/09/22,52.899
2014/09/23,57.151
2014/09/24,54.039
2014/09/25,58.101
2014/09/26,49.528
2014/09/27,38.895
2014/09/28,38.19
2014/09/29,57.997
2014/09/30,58.064
2014/10/01,58.954
2014/10/02,48.542
2014/10/03,52.903
2014/10/04,41.358
2014/10/05,42.538
2014/10/06,58.014
2014/10/07,59.264
2014/10/08,58.755
2014/10/09,64.202
2014/10/10,60.142
2014/10/11,35.794
2014/10/12,34.264
2014/10/13,55.427
2014/10/14,59.096
2014/10/15,51.708
2014/10/16,50.958
2014/10/17,43.927
2014/10/18,38.39
2014/10/19,34.678
2014/10/20,61.286
2014/10/21,59.731
2014/10/22,57.082
2014/10/23,57.941
2014/10/24,52.813
2014/10/25,43.902
2014/10/26,41.302
2014/10/27,61.601
2014/10/28,65.812
2014/10/29,71.034
2014/10/30,68.744
2014/10/31,55.165
2014/11/01,35.955
2014/11/02,46.251
2014/11/03,59.455
2014/11/04,56.123
2014/11/05,58.003
2014/11/06,62.802
2014/11/07,48.84
2014/11/08,38.092
2014/11/09,37.66
2014/11/10,56.772
2014/11/11,52.981
2014/11/12,61.794
2014/11/13,58.429
2014/11/14,50.301
2014/11/15,38.164
2014/11/16,41.635
2014/11/17,54.873
2014/11/18,53.903
2014/11/19,51.093
2014/11/20,56.014
2014/11/21,46.481
2014/11/22,38.53
2014/11/23,42.474
2014/11/24,53.91
2014/11/25,54.335
2014/11/26,52.632
2014/11/27,51.834
2014/11/28,54.127
2014/11/29,41.325
2014/11/30,52.647
2014/12/01,68.033
2014/12/02,69.649
2014/12/03,69.564
2014/12/04,66.897
2014/12/05,50.531
2014/12/06,36.901
2014/12/07,30.508
2014/12/08,53.69
2014/12/09,53.035
2014/12/10,50.991
2014/12/11,44.276
2014/12/12,40.752
2014/12/13,34.677
2014/12/14,41.65
2014/12/15,61.735
2014/12/16,67.564
2014/12/17,63.137
2014/12/18,57.659
2014/12/19,57.909
2014/12/20,44.265
2014/12/21,35.226
2014/12/22,57.548
2014/12/23,60.259
2014/12/24,42.16
2014/12/25,32.547
2014/12/26,41.483
2014/12/27,42.148
2014/12/28,41.159
2014/12/29,50.539
2014/12/30,52.383
2014/12/31,43.431
2015/01/01,29.501
2015/01/02,50.098
2015/01/03,52.488
2015/01/04,55.414
2015/01/05,63.027
2015/01/06,54.514
2015/01/07,56.384
2015/01/08,68.636
2015/01/09,62.833
2015/01/10,64.694
2015/01/11,48.964
2015/01/12,56.239
2015/01/13,58.979
2015/01/14,61.047
2015/01/15,71.707
2015/01/16,54.303
2015/01/17,43.22
2015/01/18,38.49
2015/01/19,51.441
2015/01/20,51.802
2015/01/21,49.948
2015/01/22,46.773
2015/01/23,45.049
2015/01/24,37.016
2015/01/25,41.348
2015/01/26,62.828
2015/01/27,53.512
2015/01/28,41.859
2015/01/29,47.202
2015/01/30,39.891
2015/01/31,45.115
2015/02/01,39.377
2015/02/02,46.912
2015/02/03,52.647
2015/02/04,51.522
2015/02/05,46.64
2015/02/06,45.595
2015/02/07,45.615
2015/02/08,41.331
2015/02/09,67.535
2015/02/10,64.829
2015/02/11,56.021
2015/02/12,44.615
2015/02/13,66.426
2015/02/14,52.667
2015/02/15,43.215
2015/02/16,56.332
2015/02/17,55.077
2015/02/18,56.934
2015/02/19,47.507
2015/02/20,51.039
2015/02/21,42.369
2015/02/22,40.245
2015/02/23,55.24
2015/02/24,57.931
2015/02/25,58.125
2015/02/26,52.712
2015/02/27,53.437
2015/02/28,40.381
2015/03/01,39.522
2015/03/02,58.158
2015/03/03,63.109
2015/03/04,49.151
2015/03/05,51.748
2015/03/06,44.349
2015/03/07,42.072
2015/03/08,38.194
2015/03/09,58.387
2015/03/10,58.383
2015/03/11,52.226
2015/03/12,47.742
2015/03/13,46.374
2015/03/14,38.561
2015/03/15,33.869
2015/03/16,59.371
2015/03/17,52.764
2015/03/18,52.787
2015/03/19,59.982
2015/03/20,55.618
2015/03/21,42.731
2015/03/22,40.403
2015/03/23,58.544
2015/03/24,44.966
2015/03/25,49.374
2015/03/26,53.545
2015/03/27,51.457
2015/03/28,38.945
2015/03/29,43.129
2015/03/30,59.495
2015/03/31,65.827
2015/04/01,68.608
2015/04/02,58.979
2015/04/03,50.489
2015/04/04,37.862
2015/04/05,43.781
2015/04/06,55.285
2015/04/07,56.322
2015/04/08,58.208
2015/04/09,63.436
2015/04/10,57.935
2015/04/11,42.752
2015/04/12,33.304
2015/04/13,58.032
2015/04/14,53.732
2015/04/15,51.594
2015/04/16,44.548
2015/04/17,48.134
2015/04/18,43.65
2015/04/19,38.256
2015/04/20,60.459
2015/04/21,56.529
2015/04/22,55.906
2015/04/23,53.673
2015/04/24,52.395
2015/04/25,41.181
2015/04/26,36.398
2015/04/27,58.074
2015/04/28,57.417
2015/04/29,60.945
2015/04/30,55.316
2015/05/01,41.425
2015/05/02,37.749
2015/05/03,30.352
2015/05/04,51.052
2015/05/05,59.286
2015/05/06,55.783
2015/05/07,55.166
2015/05/08,52.858
2015/05/09,39.05
2015/05/10,35.109
2015/05/11,56.352
2015/05/12,55.138
2015/05/13,53.796
2015/05/14,46.201
2015/05/15,50.243
2015/05/16,37.116
2015/05/17,34.523
2015/05/18,48.107
2015/05/19,56.236
2015/05/20,55.688
2015/05/21,46.15
2015/05/22,51.234
2015/05/23,36.482
2015/05/24,45.136
2015/05/25,56.027
2015/05/26,57.885
2015/05/27,57.528
2015/05/28,60.387
2015/05/29,70.737
2015/05/30,73.103
2015/05/31,42.327
2015/06/01,61.714
2015/06/02,61.307
2015/06/03,60.754
2015/06/04,52.263
2015/06/05,45.705
2015/06/06,34.745
2015/06/07,30.368
2015/06/08,50.226
2015/06/09,57.914
2015/06/10,62.713
2015/06/11,54.683
2015/06/12,58.379
2015/06/13,44.285
2015/06/14,42.693
2015/06/15,58.931
2015/06/16,53.666
2015/06/17,59.842
2015/06/18,53.894
2015/06/19,54.09
2015/06/20,39.153
2015/06/21,36.446
2015/06/22,52.636
2015/06/23,56.212
2015/06/24,47.776
2015/06/25,46.714
2015/06/26,50.633
2015/06/27,42.913
2015/06/28,38.401
2015/06/29,57.428
2015/06/30,70.762
2015/07/01,62.319
2015/07/02,60.892
2015/07/03,52.131
2015/07/04,38.932
2015/07/05,45.648
2015/07/06,68.391
2015/07/07,72.237
2015/07/08,74.602
2015/07/09,68.092
2015/07/10,68.647
2015/07/11,63.837
2015/07/12,71.523
2015/07/13,46.442
2015/07/14,35.465
2015/07/15,33.696
2015/07/16,33.376
2015/07/17,34.93
2015/07/18,43.401
2015/07/19,39.168
2015/07/20,42.1
2015/07/21,47.848
2015/07/22,46.25
2015/07/23,34.772
2015/07/24,35.006
2015/07/25,30.556
2015/07/26,27.21
2015/07/27,46.852
2015/07/28,49.092
2015/07/29,63.356
2015/07/30,50.027
2015/07/31,61.489
2015/08/01,61.472
2015/08/02,39.458
2015/08/03,47.565
2015/08/04,53.284
2015/08/05,53.845
2015/08/06,54.407
2015/08/07,41.468
2015/08/08,37.143
2015/08/09,32.717
2015/08/10,49.541
2015/08/11,48.415
2015/08/12,50.418
2015/08/13,50.125
2015/08/14,45.452
2015/08/15,35.4
2015/08/16,32.591
2015/08/17,52.995
2015/08/18,55.895
2015/08/19,56.119
2015/08/20,54.293
2015/08/21,49.888
2015/08/22,42.545
2015/08/23,34.449
2015/08/24,59.429
2015/08/25,56.669
2015/08/26,57.255
2015/08/27,54.488
2015/08/28,54.755
2015/08/29,41.898
2015/08/30,35.088
2015/08/31,59.427
2015/09/01,61.274
2015/09/02,70.906
2015/09/03,53.898
2015/09/04,40.717
2015/09/05,51.95
2015/09/06,43.451
2015/09/07,53.037
2015/09/08,52.997
2015/09/09,53.592
2015/09/10,52.481
2015/09/11,74.612
2015/09/12,52.662
2015/09/13,55.65
2015/09/14,62.528
2015/09/15,60.554
2015/09/16,62.159
2015/09/17,81.254
2015/09/18,49.983
2015/09/19,41.168
2015/09/20,40.159
2015/09/21,46.238
2015/09/22,47.638
2015/09/23,46.151
2015/09/24,44.348
2015/09/25,45.494
2015/09/26,41.042
2015/09/27,38.622
2015/09/28,52.73
2015/09/29,53.591
2015/09/30,53.158
2015/10/01,49.876
2015/10/02,53.192
2015/10/03,41.333
2015/10/04,34.253
2015/10/05,48.404
2015/10/06,57.582
2015/10/07,52.126
2015/10/08,54.942
2015/10/09,41.438
2015/10/10,48.521
2015/10/11,38.604
2015/10/12,53.393
2015/10/13,53.6
2015/10/14,56.938
2015/10/15,62.095
2015/10/16,55.254
2015/10/17,50.555
2015/10/18,41.494
2015/10/19,55.429
2015/10/20,56.631
2015/10/21,58.691
2015/10/22,56.407
2015/10/23,53.024
2015/10/24,50.055
2015/10/25,42.805
2015/10/26,33.055
2015/10/27,59.612
2015/10/28,62.597
2015/10/29,63.03
2015/10/30,65.978
2015/10/31,55.594
2015/11/01,53.071
2015/11/02,65.391
2015/11/03,71.69
2015/11/04,77.633
2015/11/05,60.014
2015/11/06,50.132
2015/11/07,42.273
2015/11/08,34.514
2015/11/09,49.953
2015/11/10,51.005
2015/11/11,49.271
2015/11/12,48.593
2015/11/13,46.497
2015/11/14,43.363
2015/11/15,38.401
2015/11/16,51.872
2015/11/17,50.488
2015/11/18,57.551
2015/11/19,47.604
2015/11/20,48.811
2015/11/21,44.322
2015/11/22,29.881
2015/11/23,45.126
2015/11/24,50.769
2015/11/25,50.379
2015/11/26,60.351
2015/11/27,55.851
2015/11/28,60.13
2015/11/29,34.412
2015/11/30,62.204
2015/12/01,59.666
2015/12/02,61.833
2015/12/03,50.82
2015/12/04,55.195
2015/12/05,60.985
2015/12/06,56.601
2015/12/07,62.917
2015/12/08,64.016
2015/12/09,73.688
2015/12/10,66.741
2015/12/11,65.259
2015/12/12,59.754
2015/12/13,48.641
2015/12/14,68.567
2015/12/15,63.405
2015/12/16,60.857
2015/12/17,57.728
2015/12/18,55.726
2015/12/19,55.756
2015/12/20,40.299
2015/12/21,62.091
2015/12/22,57.468
2015/12/23,56.27
2015/12/24,48.52
2015/12/25,33.62
2015/12/26,33.21
2015/12/27,26.265
2015/12/28,36.692
2015/12/29,44.791
2015/12/30,40.487
2015/12/31,31.416
2016/01/01,22.634
2016/01/02,38.605
2016/01/03,36.347
2016/01/04,54.877
2016/01/05,55.286
2016/01/06,50.072
2016/01/07,58.199
2016/01/08,53.262
2016/01/09,52.432
2016/01/10,42.292
2016/01/11,57.6
2016/01/12,59.156
2016/01/13,54.864
2016/01/14,51.655
2016/01/15,51.967
2016/01/16,57.208
2016/01/17,64.74
2016/01/18,69.506
2016/01/19,48.384
2016/01/20,60.029
2016/01/21,65.612
2016/01/22,59.199
2016/01/23,45.827
2016/01/24,51.841
2016/01/25,61.267
2016/01/26,64.538
2016/01/27,63.906
2016/01/28,60.113
2016/01/29,59.532
2016/01/30,39.415
2016/01/31,31.545
2016/02/01,56.574
2016/02/02,63.122
2016/02/03,43.229
2016/02/04,46.883
2016/02/05,55.631
2016/02/06,55.058
2016/02/07,49.745
2016/02/08,55.078
2016/02/09,57.759
2016/02/10,59.631
2016/02/11,50.715
2016/02/12,41.591
2016/02/13,34.555
2016/02/14,35.555
2016/02/15,55.113
2016/02/16,52.719
2016/02/17,58.159
2016/02/18,49.715
2016/02/19,52.255
2016/02/20,51.104
2016/02/21,44.972
2016/02/22,62.786
2016/02/23,65.72
2016/02/24,52.216
2016/02/25,47.254
2016/02/26,40.682
2016/02/27,31.893
2016/02/28,57.487
2016/02/29,66.595
2016/03/01,69.415
2016/03/02,65.622
2016/03/03,45.314
2016/03/04,40.988
2016/03/05,51.47
2016/03/06,33.169
2016/03/07,40.432
2016/03/08,45.859
2016/03/09,43.183
2016/03/10,42.7
2016/03/11,43.188
2016/03/12,36.007
2016/03/13,30.986
2016/03/14,49.667
2016/03/15,53.578
2016/03/16,56.952
2016/03/17,55.163
2016/03/18,53.926
2016/03/19,40.676
2016/03/20,41.064
2016/03/21,52.583
2016/03/22,55.588
2016/03/23,45.575
2016/03/24,47.545
2016/03/25,38.706
2016/03/26,33.315
2016/03/27,34.304
2016/03/28,56.311
2016/03/29,56.942
2016/03/30,58.819
2016/03/31,61.751
2016/04/01,64.658
2016/04/02,44.138
2016/04/03,41.398
2016/04/04,59.154
2016/04/05,62.325
2016/04/06,63.734
2016/04/07,63.019
2016/04/08,58.943
2016/04/09,44.874
2016/04/10,39.06
2016/04/11,63.856
2016/04/12,67.497
2016/04/13,56.571
2016/04/14,58.637
2016/04/15,48.971
2016/04/16,35.77
2016/04/17,42.053
2016/04/18,55.667
2016/04/19,58.166
2016/04/20,52.636
2016/04/21,50.36
2016/04/22,49.227
2016/04/23,35.848
2016/04/24,34.966
2016/04/25,56.118
2016/04/26,67.866
2016/04/27,61.344
2016/04/28,64.359
2016/04/29,68.969
2016/04/30,45.948
2016/05/01,38.134
2016/05/02,51.066
2016/05/03,55.072
2016/05/04,54.225
2016/05/05,52.236
2016/05/06,53.988
2016/05/07,39.551
2016/05/08,34.979
2016/05/09,53.107
2016/05/10,59.84
2016/05/11,54.498
2016/05/12,51.635
2016/05/13,53.405
2016/05/14,43.098
2016/05/15,38.485
2016/05/16,57.451
2016/05/17,56.841
2016/05/18,54.8
2016/05/19,46.152
2016/05/20,41.459
2016/05/21,34.052
2016/05/22,31.437
2016/05/23,53.704
2016/05/24,62.505
2016/05/25,62.965
2016/05/26,48.509
2016/05/27,46.361
2016/05/28,37.407
2016/05/29,32.666
2016/05/30,49.631
2016/05/31,51.34
2016/06/01,59.251
2016/06/02,57.384
2016/06/03,59.022
2016/06/04,39.944
2016/06/05,37.378
2016/06/06,53.268
2016/06/07,57.252
2016/06/08,56.632
2016/06/09,59.634
2016/06/10,54.187
2016/06/11,45.019
2016/06/12,43.639
2016/06/13,64.683
2016/06/14,61.709
2016/06/15,66.628
2016/06/16,69.805
2016/06/17,59.115
2016/06/18,47.928
2016/06/19,39.809
2016/06/20,55.747
2016/06/21,55.114
2016/06/22,48.198
2016/06/23,51.411
2016/06/24,49.106
2016/06/25,34.128
2016/06/26,26.337
2016/06/27,46.305
2016/06/28,44.558
2016/06/29,50.254
2016/06/30,54.011
2016/07/01,41.742
2016/07/02,39.008
2016/07/03,31.452
2016/07/04,50.401
2016/07/05,50.86
2016/07/06,50.725
2016/07/07,51.22
2016/07/08,48.042
2016/07/09,34.886
2016/07/10,27.086
2016/07/11,55.398
2016/07/12,55.74
2016/07/13,54.445
2016/07/14,55.016
2016/07/15,53.94
2016/07/16,36.415
2016/07/17,32.373
2016/07/18,57.754
2016/07/19,57.429
2016/07/20,59.517
2016/07/21,53.782
2016/07/22,55.712
2016/07/23,41.944
2016/07/24,36.989
2016/07/25,61.731
2016/07/26,60.714
2016/07/27,59.554
2016/07/28,59.078
2016/07/29,56.634
2016/07/30,39.193
2016/07/31,36.229
2016/08/01,54.394
2016/08/02,63.918
2016/08/03,58.789
2016/08/04,53.459
2016/08/05,51.482
2016/08/06,37.046
2016/08/07,35.88
2016/08/08,56.869
2016/08/09,54.974
2016/08/10,60.284
2016/08/11,63.929
2016/08/12,51.726
2016/08/13,43.452
2016/08/14,37.921
2016/08/15,39.627
2016/08/16,62.345
2016/08/17,54.698
2016/08/18,55.285
2016/08/19,58.046
2016/08/20,40.988
2016/08/21,33.841
2016/08/22,52.027
2016/08/23,55.524
2016/08/24,53.85
2016/08/25,53.321
2016/08/26,49.576
2016/08/27,35.319
2016/08/28,30.546
2016/08/29,53.133
2016/08/30,60.927
2016/08/31,51.056
2016/09/01,54.929
2016/09/02,50.455
2016/09/03,37.188
2016/09/04,37.621
2016/09/05,54.213
2016/09/06,55.588
2016/09/07,61.295
2016/09/08,51.465
2016/09/09,48.973
2016/09/10,39.568
2016/09/11,35.761
2016/09/12,48.41
2016/09/13,58.857
2016/09/14,55.469
2016/09/15,56.086
2016/09/16,46.207
2016/09/17,48.289
2016/09/18,38.737
2016/09/19,53.177
2016/09/20,60.274
2016/09/21,57.758
2016/09/22,53.685
2016/09/23,49.572
2016/09/24,42.658
2016/09/25,37.239
2016/09/26,55.17
2016/09/27,58.893
2016/09/28,55.877
2016/09/29,59.405
2016/09/30,63.061
2016/10/01,42.791
2016/10/02,35.219
2016/10/03,60.569
2016/10/04,62.1
2016/10/05,62.718
2016/10/06,65.1
2016/10/07,60.332
2016/10/08,51.808
2016/10/09,36.44
2016/10/10,42.62
2016/10/11,58.07
2016/10/12,47.082
2016/10/13,45.832
2016/10/14,49.998
2016/10/15,39.605
2016/10/16,35.874
2016/10/17,52.304
2016/10/18,56.964
2016/10/19,40.145
2016/10/20,59.243
2016/10/21,57.719
2016/10/22,44.79
2016/10/23,39.463
2016/10/24,49.364
2016/10/25,51.967
2016/10/26,48.038
2016/10/27,68.752
2016/10/28,51.278
2016/10/29,47.34
2016/10/30,43.356
2016/10/31,50.865
2016/11/01,51.937
2016/11/02,56.843
2016/11/03,57.667
2016/11/04,50.16
2016/11/05,47.205
2016/11/06,43.439
2016/11/07,58.504
2016/11/08,63.58
2016/11/09,54.333
2016/11/10,54.706
2016/11/11,48.551
2016/11/12,40.402
2016/11/13,37.759
2016/11/14,56.216
2016/11/15,58.97
2016/11/16,61.659
2016/11/17,56.057
2016/11/18,55.331
2016/11/19,43.939
2016/11/20,41.589
2016/11/21,59.09
2016/11/22,59.015
2016/11/23,54.431
2016/11/24,70.333
2016/11/25,63.725
2016/11/26,48.457
2016/11/27,37.346
2016/11/28,55.458
2016/11/29,52.872
2016/11/30,53.727
2016/12/01,39.147
2016/12/02,58.119
2016/12/03,51.339
2016/12/04,42.455
2016/12/05,50.149
2016/12/06,58.505
2016/12/07,56.131
2016/12/08,48.942
2016/12/09,45.571
2016/12/10,41.145
2016/12/11,36.598
2016/12/12,49.091
2016/12/13,55.22
2016/12/14,53.465
2016/12/15,52.163
2016/12/16,50.838
2016/12/17,37.19
2016/12/18,36.541
2016/12/19,54.78
2016/12/20,59.036
2016/12/21,66.512
2016/12/22,61.557
2016/12/23,57.212
2016/12/24,36.958
2016/12/25,28.875
2016/12/26,44.397
2016/12/27,56.432
2016/12/28,58.238
2016/12/29,57.992
2016/12/30,52.1
2016/12/31,41.901
2017/01/01,29.176
2017/01/02,54.624
2017/01/03,56.396
2017/01/04,60.887
2017/01/05,51.657
2017/01/06,61.483
2017/01/07,48.66
2017/01/08,44.924
2017/01/09,47.054
2017/01/10,57.521
2017/01/11,52.816
2017/01/12,50.959
2017/01/13,45.691
2017/01/14,39.235
2017/01/15,37.949
2017/01/16,47.987
2017/01/17,54.753
2017/01/18,55.93
2017/01/19,56.96
2017/01/20,55.976
2017/01/21,42.639
2017/01/22,35.152
2017/01/23,34.8
2017/01/24,52.693
2017/01/25,60.557
2017/01/26,62.996
2017/01/27,44.892
2017/01/28,40.354
2017/01/29,39.052
2017/01/30,41.714
2017/01/31,61.887
2017/02/01,70.384
2017/02/02,45.338
2017/02/03,57.696
2017/02/04,49.747
2017/02/05,51.224
2017/02/06,39.672
2017/02/07,57.026
2017/02/08,53.811
2017/02/09,59.775
2017/02/10,50.813
2017/02/11,44.076
2017/02/12,40.116
2017/02/13,50.602
2017/02/14,55.43
2017/02/15,51.028
2017/02/16,48.459
2017/02/17,56.513
2017/02/18,48.399
2017/02/19,41.318
2017/02/20,49.139
2017/02/21,48.26
2017/02/22,49.167
2017/02/23,60.533
2017/02/24,64.339
2017/02/25,58.027
2017/02/26,41.271
2017/02/27,46.923
2017/02/28,57.078
2017/03/01,54.255
2017/03/02,57.722
2017/03/03,59.794
2017/03/04,39.38
2017/03/05,44.038
2017/03/06,46.292
2017/03/07,57.702
2017/03/08,48.49
2017/03/09,50.444
2017/03/10,52.022
2017/03/11,42.88
2017/03/12,29.788
2017/03/13,46.435
2017/03/14,55.307
2017/03/15,50.603
2017/03/16,58.533
2017/03/17,49.243
2017/03/18,42.732
2017/03/19,44.464
2017/03/20,46.959
2017/03/21,50.647
2017/03/22,59.213
2017/03/23,49.187
2017/03/24,49.748
2017/03/25,36.334
2017/03/26,31.35
2017/03/27,36.862
2017/03/28,56.478
2017/03/29,53.328
2017/03/30,54.743
2017/03/31,45.057
2017/04/01,43.966
2017/04/02,40.203
2017/04/03,56.513
2017/04/04,45.856
2017/04/05,61.735
2017/04/06,53.802
2017/04/07,55.089
2017/04/08,38.082
2017/04/09,41.557
2017/04/10,51.433
2017/04/11,59.313
2017/04/12,50.982
2017/04/13,40.084
2017/04/14,54.282
2017/04/15,49.905
2017/04/16,38.874
2017/04/17,46.668
2017/04/18,57.612
2017/04/19,58.807
2017/04/20,49.098
2017/04/21,60.386
2017/04/22,48.099
2017/04/23,44.078
2017/04/24,40.364
2017/04/25,58.925
2017/04/26,60.203
2017/04/27,52.523
2017/04/28,53.91
2017/04/29,60.469
2017/04/30,47.399
2017/05/01,50.192
2017/05/02,57.744
2017/05/03,49.138
2017/05/04,60.032
2017/05/05,43.909
2017/05/06,58.235
2017/05/07,50.806
2017/05/08,57.421
2017/05/09,52.063
2017/05/10,48.537
2017/05/11,45.738
2017/05/12,50.344
2017/05/13,52.705
2017/05/14,60.292
2017/05/15,50.777
2017/05/16,35.271
2017/05/17,50.684
2017/05/18,46.28
2017/05/19,51.531
2017/05/20,56.886
2017/05/21,51.553
2017/05/22,51.909
2017/05/23,59.544
2017/05/24,52.455
2017/05/25,54.925
2017/05/26,50.453
2017/05/27,50.044
2017/05/28,43.297
2017/05/29,47.95
2017/05/30,56.127
2017/05/31,47.429
2017/06/01,46.808
2017/06/02,33.896
2017/06/03,46.059
2017/06/04,36.855
2017/06/05,44.701
2017/06/06,47.108
2017/06/07,58.885
2017/06/08,49.125
2017/06/09,42.698
2017/06/10,36.658
2017/06/11,30.677
2017/06/12,45.583
2017/06/13,51.55
2017/06/14,50.376
2017/06/15,51.392
2017/06/16,44.532
2017/06/17,35.684
2017/06/18,30.016
2017/06/19,50.425
2017/06/20,49.947
2017/06/21,53.612
2017/06/22,49.917
2017/06/23,46.449
2017/06/24,36.511
2017/06/25,26.985
2017/06/26,52.36
2017/06/27,51.802
2017/06/28,56.796
2017/06/29,43.9
2017/06/30,53.141
2017/07/01,42.816
2017/07/02,38.018
2017/07/03,52.051
2017/07/04,52.549
2017/07/05,47.802
2017/07/06,44.764
2017/07/07,50.476
2017/07/08,43.944
2017/07/09,36.125
2017/07/10,54.491
2017/07/11,57.636
2017/07/12,54.92
2017/07/13,51.253
2017/07/14,45.569
2017/07/15,43.67
2017/07/16,37.951
2017/07/17,49.21
2017/07/18,58.898
2017/07/19,56.095
2017/07/20,47.028
2017/07/21,59.436
2017/07/22,44.955
2017/07/23,35.484
2017/07/24,51.951
2017/07/25,52.9
2017/07/26,51.078
2017/07/27,47.243
2017/07/28,54.25
2017/07/29,43.194
2017/07/30,36.674
2017/07/31,51.509
2017/08/01,32.639
2017/08/02,49.499
2017/08/03,50.196
2017/08/04,54.667
2017/08/05,55.484
2017/08/06,45.79
2017/08/07,56.662
2017/08/08,61.508
2017/08/09,57.394
2017/08/10,56.492
2017/08/11,62.487
2017/08/12,54.575
2017/08/13,55.355
2017/08/14,52.359
2017/08/15,66.983
2017/08/16,54.346
2017/08/17,68.324
2017/08/18,58.254
2017/08/19,47.636
2017/08/20,37.747
2017/08/21,44.03
2017/08/22,37.197
2017/08/23,59.064
2017/08/24,42.779
2017/08/25,43.488
2017/08/26,46.721
2017/08/27,52.802
2017/08/28,46.177
2017/08/29,55.893
2017/08/30,53.975
2017/08/31,55.675
2017/09/01,56.272
2017/09/02,44.99
2017/09/03,37.266
2017/09/04,53.767
2017/09/05,55.367
2017/09/06,54.934
2017/09/07,49.605
2017/09/08,55.469
2017/09/09,40.733
2017/09/10,36.243
2017/09/11,51.499
2017/09/12,52.104
2017/09/13,53.851
2017/09/14,55.134
2017/09/15,61.438
2017/09/16,42.792
2017/09/17,36.584
2017/09/18,43.066
2017/09/19,58.592
2017/09/20,47.561
2017/09/21,51.922
2017/09/22,45.644
2017/09/23,40.699
2017/09/24,37.043
2017/09/25,48.956
2017/09/26,57.383
2017/09/27,55.732
2017/09/28,59.974
2017/09/29,52.895
2017/09/30,41.751
2017/10/01,39.645
2017/10/02,62.183
2017/10/03,58.577
2017/10/04,46.555
2017/10/05,55.333
2017/10/06,57.435
2017/10/07,44.995
2017/10/08,46.822
2017/10/09,59.659
2017/10/10,60.819
2017/10/11,57.492
2017/10/12,57.668
2017/10/13,62.081
2017/10/14,55.345
2017/10/15,51.544
2017/10/16,61.475
2017/10/17,66.524
2017/10/18,64.115
2017/10/19,71.029
2017/10/20,51.999
2017/10/21,51.953
2017/10/22,43.686
2017/10/23,53.7
2017/10/24,60.603
2017/10/25,52.008
2017/10/26,41.968
2017/10/27,29.493
2017/10/28,29.594
2017/10/29,59.656
2017/10/30,53.95
2017/10/31,45.997
2017/11/01,58.639
2017/11/02,60.648
2017/11/03,44.158
2017/11/04,48.331
2017/11/05,40.751
2017/11/06,45.308
2017/11/07,57.933
2017/11/08,50.688
2017/11/09,57.851
2017/11/10,44.672
2017/11/11,34.504
2017/11/12,33.503
2017/11/13,55.105
2017/11/14,49.437
2017/11/15,56.417
2017/11/16,54.411
2017/11/17,53.67
2017/11/18,46.684
2017/11/19,45.515
2017/11/20,59.491
2017/11/21,64.663
2017/11/22,51.646
2017/11/23,58.308
2017/11/24,49.166
2017/11/25,54.687
2017/11/26,53.161
2017/11/27,61.924
2017/11/28,58.506
2017/11/29,64.099
2017/11/30,60.068
2017/12/01,65.358
2017/12/02,44.486
2017/12/03,50.205
2017/12/04,59.004
2017/12/05,59.877
2017/12/06,66.202
2017/12/07,49.652
2017/12/08,51.738
2017/12/09,55.597
2017/12/10,42.244
2017/12/11,48.563
2017/12/12,49.604
2017/12/13,60.534
2017/12/14,70.195
2017/12/15,51.341
2017/12/16,44.531
2017/12/17,49.725
2017/12/18,50.183
2017/12/19,46.853
2017/12/20,44.988
2017/12/21,37.688
2017/12/22,49.976
2017/12/23,36.503
2017/12/24,32.457
2017/12/25,26.434
2017/12/26,31.834
2017/12/27,46.684
2017/12/28,46.18
2017/12/29,56.513
2017/12/30,54.174
2017/12/31,42.408
2018/01/01,34.525
2018/01/02,54.599
2018/01/03,62.112
2018/01/04,65.616
2018/01/05,50.25
2018/01/06,52.777
2018/01/07,54.346
2018/01/08,49.704
2018/01/09,52.756
2018/01/10,49.655
2018/01/11,47.273
2018/01/12,38.625
2018/01/13,32.361
2018/01/14,27.679
2018/01/15,40.338
2018/01/16,48.536
2018/01/17,51.637
2018/01/18,49.81
2018/01/19,34.761
2018/01/20,34.208
2018/01/21,29.654
2018/01/22,40.694
2018/01/23,48.923
2018/01/24,43.215
2018/01/25,39.738
2018/01/26,35.819
2018/01/27,30.052
2018/01/28,38.579
2018/01/29,45.844
2018/01/30,47.549
2018/01/31,37.481
2018/02/01,55.603
2018/02/02,48.864
2018/02/03,38.579
2018/02/04,34.23
2018/02/05,47.984
2018/02/06,55.113
2018/02/07,46.91
2018/02/08,38.105
2018/02/09,39.6
2018/02/10,41.024
2018/02/11,33.004
2018/02/12,46.904
2018/02/13,45.806
2018/02/14,50.427
2018/02/15,51.085
2018/02/16,46.894
2018/02/17,41.593
2018/02/18,36.636
2018/02/19,50.143
2018/02/20,54.639
2018/02/21,57.353
2018/02/22,46.705
2018/02/23,47.715
2018/02/24,35.442
2018/02/25,32.371
2018/02/26,52.849
2018/02/27,63.195
2018/02/28,51.176
2018/03/01,63.15
2018/03/02,50.579
2018/03/03,45.626
2018/03/04,41.255
2018/03/05,53.918
2018/03/06,55.168
2018/03/07,57.511
2018/03/08,50.693
2018/03/09,51.373
2018/03/10,37.223
2018/03/11,35.756
2018/03/12,51.402
2018/03/13,54.097
2018/03/14,51.894
2018/03/15,57.858
2018/03/16,48.885
2018/03/17,37.439
2018/03/18,42.25
2018/03/19,53.64
2018/03/20,55.039
2018/03/21,54.857
2018/03/22,49.522
2018/03/23,46.587
2018/03/24,36.014
2018/03/25,28.729
2018/03/26,54.582
2018/03/27,54.238
2018/03/28,49.809
2018/03/29,56.308
2018/03/30,52.83
2018/03/31,37.347
2018/04/01,33.227
2018/04/02,49.207
2018/04/03,59.675
2018/04/04,54.092
2018/04/05,52.407
2018/04/06,48.37
2018/04/07,40.846
2018/04/08,35.225
2018/04/09,53.052
2018/04/10,56.65
2018/04/11,55.066
2018/04/12,65.031
2018/04/13,67.005
2018/04/14,42.651
2018/04/15,47.534
2018/04/16,55.556
2018/04/17,57.509
2018/04/18,56.956
2018/04/19,62.002
2018/04/20,58.43
2018/04/21,50.247
2018/04/22,39.839
2018/04/23,62.298
2018/04/24,69.22
2018/04/25,52.661
2018/04/26,53.773
2018/04/27,51.545
2018/04/28,48.449
2018/04/29,39.832
2018/04/30,54.095
2018/05/01,48.208
2018/05/02,53.067
2018/05/03,58.962
2018/05/04,54.328
2018/05/05,46.865
2018/05/06,35.986
2018/05/07,50.438
2018/05/08,54.982
2018/05/09,50.242
2018/05/10,51.282
2018/05/11,53.509
2018/05/12,39.364
2018/05/13,32.088
2018/05/14,53.878
2018/05/15,55.535
2018/05/16,52.765
2018/05/17,46.115
2018/05/18,54.167
2018/05/19,39.989
2018/05/20,35.812
2018/05/21,53.044
2018/05/22,53.276
2018/05/23,59.863
2018/05/24,52.719
2018/05/25,48.326
2018/05/26,36.053
2018/05/27,32.341
2018/05/28,50.661
2018/05/29,55.589
2018/05/30,55.291
2018/05/31,57.294
2018/06/01,55.158
2018/06/02,41.368
2018/06/03,37.464
2018/06/04,57.233
2018/06/05,58.225
2018/06/06,55.012
2018/06/07,55.55
2018/06/08,51.276
2018/06/09,37.706
2018/06/10,42.875
2018/06/11,58.582
2018/06/12,59.129
2018/06/13,57.374
2018/06/14,56.102
2018/06/15,52.949
2018/06/16,30.498
2018/06/17,26.523
2018/06/18,52.636
2018/06/19,50.795
2018/06/20,53.77
2018/06/21,53.35
2018/06/22,56.391
2018/06/23,37.257
2018/06/24,35.442
2018/06/25,55.582
2018/06/26,53.389
2018/06/27,49.878
2018/06/28,49.609
2018/06/29,55.23
2018/06/30,45.528
2018/07/01,34.948
2018/07/02,55.753
2018/07/03,61.574
2018/07/04,56.614
2018/07/05,53.022
2018/07/06,53.676
2018/07/07,39.322
2018/07/08,34.297
2018/07/09,56.887
2018/07/10,59.892
2018/07/11,53.713
2018/07/12,54.094
2018/07/13,56.08
2018/07/14,41.137
2018/07/15,35.721
2018/07/16,56.217
2018/07/17,63.75
2018/07/18,65.038
2018/07/19,58.129
2018/07/20,58.32
2018/07/21,40.874
2018/07/22,35.484
2018/07/23,58.148
2018/07/24,65.018
2018/07/25,61.41
2018/07/26,54.309
2018/07/27,53.42
2018/07/28,39.749
2018/07/29,34.742
2018/07/30,55.393
2018/07/31,58.353
2018/08/01,57.635
2018/08/02,51.468
2018/08/03,53.262
2018/08/04,40.006
2018/08/05,34.852
2018/08/06,52.054
2018/08/07,56.238
2018/08/08,56.926
2018/08/09,51.506
2018/08/10,53.032
2018/08/11,39.994
2018/08/12,32.437
2018/08/13,53.74
2018/08/14,60.238
2018/08/15,59.63
2018/08/16,54.097
2018/08/17,54.622
2018/08/18,39.302
2018/08/19,33.319
2018/08/20,50.942
2018/08/21,51.815
2018/08/22,55.921
2018/08/23,50.709
2018/08/24,51.72
2018/08/25,42.243
2018/08/26,34.725
2018/08/27,54.848
2018/08/28,59.022
2018/08/29,58.794
2018/08/30,55.818
2018/08/31,58.111
2018/09/01,46.381
2018/09/02,36.82
2018/09/03,52.441
2018/09/04,55.789
2018/09/05,60.677
2018/09/06,62.633
2018/09/07,51.501
2018/09/08,41.051
2018/09/09,36.027
2018/09/10,51.257
2018/09/11,56.485
2018/09/12,54.48
2018/09/13,54.892
2018/09/14,48.959
2018/09/15,42.93
2018/09/16,31.282
2018/09/17,57.266
2018/09/18,58.503
2018/09/19,60.693
2018/09/20,61.615
2018/09/21,68.041
2018/09/22,46.012
2018/09/23,38.331
2018/09/24,52.14
2018/09/25,56.525
2018/09/26,53.303
2018/09/27,55.046
2018/09/28,57.218
2018/09/29,41.917
2018/09/30,38.522
2018/10/01,53.515
2018/10/02,54.257
2018/10/03,53.018
2018/10/04,53.443
2018/10/05,54.342
2018/10/06,38.132
2018/10/07,41.455
2018/10/08,57.085
2018/10/09,50.343
2018/10/10,54.966
2018/10/11,62.77
2018/10/12,51.346
2018/10/13,36.165
2018/10/14,32.144
2018/10/15,60.326
2018/10/16,57.055
2018/10/17,57.769
2018/10/18,54.703
2018/10/19,54.853
2018/10/20,43.16
2018/10/21,37.337
2018/10/22,55.956
2018/10/23,55.144
2018/10/24,55.416
2018/10/25,55.642
2018/10/26,54.571
2018/10/27,42.979
2018/10/28,36.457
2018/10/29,61.153
2018/10/30,65.417
2018/10/31,66.96
2018/11/01,62.777
2018/11/02,66.883
2018/11/03,44.131
2018/11/04,36.35
2018/11/05,60.678
2018/11/06,56.768
2018/11/07,59.121
2018/11/08,52.614
2018/11/09,54.875
2018/11/10,42.946
2018/11/11,41.112
2018/11/12,60.164
2018/11/13,52.396
2018/11/14,56.654
2018/11/15,56.127
2018/11/16,52.23
2018/11/17,43.612
2018/11/18,35.913
2018/11/19,48.9
2018/11/20,56.394
2018/11/21,44.065
2018/11/22,48.447
2018/11/23,52.038
2018/11/24,42.494
2018/11/25,38.949
2018/11/26,47.435
2018/11/27,52.395
2018/11/28,46.154
2018/11/29,42.689
2018/11/30,44.996
2018/12/01,40.925
2018/12/02,32.931
2018/12/03,44.745
2018/12/04,58.682
2018/12/05,51.638
2018/12/06,60.903
2018/12/07,48.779
2018/12/08,40.457
2018/12/09,44.1
2018/12/10,52.994
2018/12/11,49.787
2018/12/12,54.443
2018/12/13,57.663
2018/12/14,61.047
2018/12/15,52.46
2018/12/16,35.88
2018/12/17,62.996
2018/12/18,51.551
2018/12/19,60.779
2018/12/20,55.612
2018/12/21,53.272
2018/12/22,43.817
2018/12/23,43.67
2018/12/24,52.129
2018/12/25,49.23
2018/12/26,55.675
2018/12/27,62.126
2018/12/28,64.767
2018/12/29,45.407
2018/12/30,46.537
2018/12/31,43.368
2019/01/01,34.697
2019/01/02,51.468
2019/01/03,58.037
2019/01/04,53.962
2019/01/05,47.039
2019/01/06,44.379
2019/01/07,55.88
2019/01/08,66.314
2019/01/09,66.461
2019/01/10,68.911
2019/01/11,57.672
2019/01/12,45.425
2019/01/13,43.614
2019/01/14,62.737
2019/01/15,52.532
2019/01/16,53.763
2019/01/17,49.8
2019/01/18,53.88
2019/01/19,43.33
2019/01/20,49.148
2019/01/21,58.049
2019/01/22,48.973
2019/01/23,47.805
2019/01/24,54.96
2019/01/25,51.036
2019/01/26,44.315
2019/01/27,38.895
2019/01/28,55.9
2019/01/29,62.851
2019/01/30,60.295
2019/01/31,70.876
2019/02/01,62.055
2019/02/02,52.951
2019/02/03,43.535
2019/02/04,57.649
2019/02/05,63.364
2019/02/06,61.066
2019/02/07,62.289
2019/02/08,52.383
2019/02/09,41.749
2019/02/10,37.627
2019/02/11,46.443
2019/02/12,31.992
2019/02/13,59.195
2019/02/14,59.624
2019/02/15,43.088
2019/02/16,52.506
2019/02/17,51.197
2019/02/18,55.809
2019/02/19,56.93
2019/02/20,45.445
2019/02/21,40.719
2019/02/22,56.551
2019/02/23,50.423
2019/02/24,48.009
2019/02/25,53.416
2019/02/26,61.95
2019/02/27,53.539
2019/02/28,60.206
2019/03/01,54.904
2019/03/02,48.082
2019/03/03,54.43
2019/03/04,38.976
2019/03/05,34.685
2019/03/06,32.895
2019/03/07,35.209
2019/03/08,36.709
2019/03/09,25.287
2019/03/10,20.879
2019/03/11,51.326
2019/03/12,48.889
2019/03/13,48.986
2019/03/14,53.582
2019/03/15,52.414
2019/03/16,40.366
2019/03/17,31.783
2019/03/18,53.134
2019/03/19,56.413
2019/03/20,56.474
2019/03/21,54.807
2019/03/22,53.841
2019/03/23,37.444
2019/03/24,31.403
2019/03/25,59.914
2019/03/26,67.234
2019/03/27,69.68
2019/03/28,71.252
2019/03/29,62.648
2019/03/30,64.326
2019/03/31,65.211
2019/04/01,59.536
2019/04/02,67.874
2019/04/03,52.039
2019/04/04,50.188
2019/04/05,59.851
2019/04/06,50.209
2019/04/07,47.318
2019/04/08,54.727
2019/04/09,45.668
2019/04/10,60.335
2019/04/11,61.835
2019/04/12,52.29
2019/04/13,49.01
2019/04/14,39.936
2019/04/15,54.479
2019/04/16,47.539
2019/04/17,45.261
2019/04/18,55.562
2019/04/19,48.651
2019/04/20,37.595
2019/04/21,56.798
2019/04/22,45.559
2019/04/23,39.846
2019/04/24,58.439
2019/04/25,54.178
2019/04/26,53.526
2019/04/27,48.315
2019/04/28,54.024
2019/04/29,48.816
2019/04/30,44.641
2019/05/01,64.42
2019/05/02,66.39
2019/05/03,49.413
2019/05/04,44.269
2019/05/05,39.781
2019/05/06,50.81
2019/05/07,41.743
2019/05/08,54.159
2019/05/09,48.178
2019/05/10,41.614
2019/05/11,46.464
2019/05/12,45.187
2019/05/13,56.473
2019/05/14,51.025
2019/05/15,51.389
2019/05/16,53.027
2019/05/17,48.849
2019/05/18,48.205
2019/05/19,43.766
2019/05/20,56.414
2019/05/21,56.123
2019/05/22,60.917
2019/05/23,57.991
2019/05/24,50.146
2019/05/25,36.811
2019/05/26,51.83
2019/05/27,59.806
2019/05/28,55.929
2019/05/29,60.707
2019/05/30,48.842
2019/05/31,30.004
2019/06/01,41.236
2019/06/02,35.067
2019/06/03,33.743
2019/06/04,56.094
2019/06/05,55.601
2019/06/06,53.081
2019/06/07,48.646
2019/06/08,35.421
2019/06/09,37.738
2019/06/10,53.471
2019/06/11,49.803
2019/06/12,46.424
2019/06/13,56.697
2019/06/14,56.695
2019/06/15,45.614
2019/06/16,36.68
2019/06/17,45.662
2019/06/18,63.105
2019/06/19,64.227
2019/06/20,45.639
2019/06/21,47.549
2019/06/22,51.771
2019/06/23,58.039
2019/06/24,59.968
2019/06/25,51.039
2019/06/26,60.724
2019/06/27,49.258
2019/06/28,59.824
2019/06/29,47.248
2019/06/30,41.957
2019/07/01,43.699
2019/07/02,53.405
2019/07/03,58.87
2019/07/04,51.093
2019/07/05,53.17
2019/07/06,44.647
2019/07/07,36.528
2019/07/08,54.462
2019/07/09,51.04
2019/07/10,40.067
2019/07/11,42.966
2019/07/12,52.305
2019/07/13,40.029
2019/07/14,39.784
2019/07/15,52.145
2019/07/16,55.453
2019/07/17,45.527
2019/07/18,43.373
2019/07/19,39.582
2019/07/20,47.385
2019/07/21,37.751
2019/07/22,48.784
2019/07/23,49.071
2019/07/24,42.031
2019/07/25,54.596
2019/07/26,49.424
2019/07/27,40.086
2019/07/28,37.549
2019/07/29,55.684
2019/07/30,54.107
2019/07/31,62.026
2019/08/01,53.7
2019/08/02,57.283
2019/08/03,49.984
2019/08/04,41.839
2019/08/05,54.081
2019/08/06,61.009
2019/08/07,61.603
2019/08/08,49.662
2019/08/09,51.231
2019/08/10,40.264
2019/08/11,33.322
2019/08/12,42.402
2019/08/13,61.119
2019/08/14,57.9
2019/08/15,56.492
2019/08/16,46.752
2019/08/17,38.254
2019/08/18,35.707
2019/08/19,52.49
2019/08/20,53.238
2019/08/21,45.961
2019/08/22,50.371
2019/08/23,55.843
2019/08/24,44.356
2019/08/25,40.165
2019/08/26,50.461
2019/08/27,52.964
2019/08/28,57.828
2019/08/29,59.599
2019/08/30,60.465
2019/08/31,56.456
2019/09/01,34.728
2019/09/02,50.952
2019/09/03,62.302
2019/09/04,48.466
2019/09/05,55.426
2019/09/06,58.53
2019/09/07,44.47
2019/09/08,38.929
2019/09/09,47.305
2019/09/10,53.348
2019/09/11,52.86
2019/09/12,52.026
2019/09/13,43.04
2019/09/14,40.341
2019/09/15,33.339
2019/09/16,57.695
2019/09/17,56.527
2019/09/18,61.495
2019/09/19,55.039
2019/09/20,53.063
2019/09/21,51.03
2019/09/22,44.111
2019/09/23,34.49
2019/09/24,57.535
2019/09/25,55.601
2019/09/26,57.995
2019/09/27,41.224
2019/09/28,44.985
2019/09/29,37.326
2019/09/30,46.793
2019/10/01,54.758
2019/10/02,51.067
2019/10/03,51.051
2019/10/04,55.17
2019/10/05,50.305
2019/10/06,34.026
2019/10/07,52.669
2019/10/08,54.862
2019/10/09,46.447
2019/10/10,56.829
2019/10/11,56.939
2019/10/12,42.536
2019/10/13,36.988
2019/10/14,46.196
2019/10/15,56.62
2019/10/16,56.182
2019/10/17,54.413
2019/10/18,56.346
2019/10/19,42.53
2019/10/20,37.857
2019/10/21,59.427
2019/10/22,55.668
2019/10/23,58.023
2019/10/24,42.713
2019/10/25,50.939
2019/10/26,44.108
2019/10/27,32.964
2019/10/28,49.138
2019/10/29,48.712
2019/10/30,50.584
2019/10/31,44.379
2019/11/01,51.942
2019/11/02,42.411
2019/11/03,46.021
2019/11/04,51.914
2019/11/05,58.81
2019/11/06,51.64
2019/11/07,55.088
2019/11/08,49.592
2019/11/09,47.354
2019/11/10,44.49
2019/11/11,57.116
2019/11/12,45.742
2019/11/13,53.275
2019/11/14,63.676
2019/11/15,52.711
2019/11/16,39.436
2019/11/17,34.754
2019/11/18,49.511
2019/11/19,56.106
2019/11/20,53.771
2019/11/21,54.737
2019/11/22,49.148
2019/11/23,47.398
2019/11/24,34.102
2019/11/25,40.178
2019/11/26,56.39
2019/11/27,54.844
2019/11/28,51.325
2019/11/29,52.085
2019/11/30,38.196
2019/12/01,37.22
2019/12/02,55.769
2019/12/03,62.741
2019/12/04,62.979
2019/12/05,50.28
2019/12/06,51.995
2019/12/07,39.711
2019/12/08,37.505
2019/12/09,53.734
2019/12/10,56.19
2019/12/11,43.995
2019/12/12,52.564
2019/12/13,56.727
2019/12/14,44.605
2019/12/15,35.551
2019/12/16,57.082
2019/12/17,54.474
2019/12/18,52.678
2019/12/19,54.527
2019/12/20,59.145
2019/12/21,49.495
2019/12/22,39.119
2019/12/23,49.001
2019/12/24,43.967
2019/12/25,31.831
2019/12/26,49.924
2019/12/27,56.747
2019/12/28,49.546
2019/12/29,44.489
2019/12/30,56.931
2019/12/31,48.162
2020/01/01,38.785
2020/01/02,50.581
2020/01/03,55.367
2020/01/04,47.803
2020/01/05,47.964
2020/01/06,51.463
2020/01/07,62.923
2020/01/08,54.258
2020/01/09,55.367
2020/01/10,57.934
2020/01/11,49.622
2020/01/12,41.347
2020/01/13,44.852
2020/01/14,62.117
2020/01/15,56.761
2020/01/16,54.199
2020/01/17,53.382
2020/01/18,40.115
2020/01/19,39.098
2020/01/20,51.917
2020/01/21,52.524
2020/01/22,57.888
2020/01/23,58.433
2020/01/24,49.44
2020/01/25,37.533
2020/01/26,30.237
2020/01/27,40.269
2020/01/28,61.868
2020/01/29,61.998
2020/01/30,58.239
2020/01/31,58.925
2020/02/01,44.924
2020/02/02,40.26
2020/02/03,56.667
2020/02/04,48.263
2020/02/05,64.833
2020/02/06,48.572
2020/02/07,53.568
2020/02/08,48.875
2020/02/09,48.484
2020/02/10,42.713
2020/02/11,61.674
2020/02/12,55.066
2020/02/13,53.617
2020/02/14,48.973
2020/02/15,47.812
2020/02/16,38.23
2020/02/17,55.163
2020/02/18,50.906
2020/02/19,52.948
2020/02/20,46.363
2020/02/21,54.327
2020/02/22,42.816
2020/02/23,37.6
2020/02/24,52.862
2020/02/25,54.568
2020/02/26,52.763
2020/02/27,56
2020/02/28,65.371
2020/02/29,43.32
2020/03/01,44.143
2020/03/02,55.12
2020/03/03,54.929
2020/03/04,60.203
2020/03/05,55.917
2020/03/06,50.814
2020/03/07,40.989
2020/03/08,37.415
2020/03/09,56.422
2020/03/10,49.322
2020/03/11,36.948
2020/03/12,56.008
2020/03/13,39.635
2020/03/14,40.475
2020/03/15,31.051
2020/03/16,43.78
2020/03/17,45.743
2020/03/18,36.833
2020/03/19,45.84
2020/03/20,50.372
2020/03/21,41.978
2020/03/22,35.439
2020/03/23,48.378
2020/03/24,52.396
2020/03/25,40.385
2020/03/26,55.275
2020/03/27,51.97
2020/03/28,45.041
2020/03/29,43.564
2020/03/30,53.558
2020/03/31,56.304
2020/04/01,53.977
2020/04/02,58.155
2020/04/03,51.708
2020/04/04,44.507
2020/04/05,41.096
2020/04/06,53.844
2020/04/07,61.611
2020/04/08,52.974
2020/04/09,53.186
2020/04/10,53.798
2020/04/11,40.374
2020/04/12,35.476
2020/04/13,55.081
2020/04/14,57.907
2020/04/15,60.685
2020/04/16,63.924
2020/04/17,49.424
2020/04/18,51.06
2020/04/19,39.671
2020/04/20,57.276
2020/04/21,57.289
2020/04/22,47.091
2020/04/23,60.084
2020/04/24,57.156
2020/04/25,45.792
2020/04/26,39.294
2020/04/27,54.882
2020/04/28,57.549
2020/04/29,59.365
2020/04/30,56.045
2020/05/01,61.061
2020/05/02,44.079
2020/05/03,42.778
2020/05/04,56.08
2020/05/05,56.865
2020/05/06,58.133
2020/05/07,60.806
2020/05/08,52.465
2020/05/09,47.787
2020/05/10,38.61
2020/05/11,47.374
2020/05/12,60.848
2020/05/13,44.512
2020/05/14,37.675
2020/05/15,50.835
2020/05/16,46.945
2020/05/17,34.056
2020/05/18,44.948
2020/05/19,45.287
2020/05/20,46.939
2020/05/21,52.889
2020/05/22,46.406
2020/05/23,43.391
2020/05/24,30.268
2020/05/25,47.616
2020/05/26,55.193
2020/05/27,54.313
2020/05/28,56.292
2020/05/29,49.511
2020/05/30,51.336
2020/05/31,41.725
2020/06/01,58.218
2020/06/02,56.646
2020/06/03,59.64
2020/06/04,61
2020/06/05,63.91
2020/06/06,45.03
2020/06/07,35.597
2020/06/08,56.735
2020/06/09,59.1
2020/06/10,58.372
2020/06/11,60.534
2020/06/12,54.159
2020/06/13,40.73
2020/06/14,39.393
2020/06/15,47.794
2020/06/16,62.616
2020/06/17,59.631
2020/06/18,41.902
2020/06/19,59.594
2020/06/20,44.585
2020/06/21,40.001
2020/06/22,50.16
2020/06/23,60.24
2020/06/24,50.704
2020/06/25,50.674
2020/06/26,54.796
2020/06/27,42.336
2020/06/28,40.273
2020/06/29,53.012
2020/06/30,49.208
2020/07/01,64.771
2020/07/02,54.611
2020/07/03,52.718
2020/07/04,43.839
2020/07/05,41.068
2020/07/06,55.619
2020/07/07,56.999
2020/07/08,57.319
2020/07/09,60.804
2020/07/10,55.054
2020/07/11,43.735
2020/07/12,38.055
2020/07/13,47.192
2020/07/14,59.578
2020/07/15,47.993
2020/07/16,54.947
2020/07/17,43.199
2020/07/18,47.512
2020/07/19,40.41
2020/07/20,48.971
2020/07/21,49.781
2020/07/22,61.546
2020/07/23,53.505
2020/07/24,60.501
2020/07/25,43.22
2020/07/26,44.369
2020/07/27,51.295
2020/07/28,57.43
2020/07/29,55.052
2020/07/30,49.598
2020/07/31,57.275
2020/08/01,41.882
2020/08/02,40.038
2020/08/03,52.655
2020/08/04,51.362
2020/08/05,41.873
2020/08/06,57.734
2020/08/07,50.291
2020/08/08,41.424
2020/08/09,38.6
2020/08/10,49.199
2020/08/11,57.994
2020/08/12,57.01
2020/08/13,51.025
2020/08/14,60.331
2020/08/15,46.934
2020/08/16,41.056
2020/08/17,43.337
2020/08/18,56.52
2020/08/19,53.212
2020/08/20,53.151
2020/08/21,47.163
2020/08/22,46.353
2020/08/23,39.328
2020/08/24,53.714
2020/08/25,45.945
2020/08/26,52.374
2020/08/27,53.67
2020/08/28,61.246
2020/08/29,41.778
2020/08/30,36.444
2020/08/31,47.595
2020/09/01,63.754
2020/09/02,49.472
2020/09/03,48.086
2020/09/04,45.217
2020/09/05,52.36
2020/09/06,38.776
2020/09/07,53.365
2020/09/08,54.349
2020/09/09,49.991
2020/09/10,57.019
2020/09/11,47.58
2020/09/12,45.658
2020/09/13,36.274
2020/09/14,58.256
2020/09/15,53.661
2020/09/16,55.538
2020/09/17,56.796
2020/09/18,50.266
2020/09/19,43.149
2020/09/20,35.549
2020/09/21,46.84
2020/09/22,50.857
2020/09/23,59.434
2020/09/24,50.197
2020/09/25,58.434
2020/09/26,41.541
2020/09/27,38.692
2020/09/28,47.697
2020/09/29,58.081
2020/09/30,58.759
2020/10/01,47.484
2020/10/02,50.044
2020/10/03,48.846
2020/10/04,38.769
2020/10/05,46.83
2020/10/06,52.972
2020/10/07,64.073
2020/10/08,52.902
2020/10/09,54.976
2020/10/10,44.705
2020/10/11,36.46
2020/10/12,50.926
2020/10/13,54.854
2020/10/14,50.252
2020/10/15,56.314
2020/10/16,51.765
2020/10/17,40.259
2020/10/18,32.8
2020/10/19,50.58
2020/10/20,55.619
2020/10/21,51.212
2020/10/22,56.954
2020/10/23,52.972
2020/10/24,48.519
2020/10/25,35.431
2020/10/26,38.502
2020/10/27,38.388
2020/10/28,41.838
2020/10/29,47.236
2020/10/30,44.702
2020/10/31,47.848
2020/11/01,48.067
2020/11/02,31.293
2020/11/03,62.735
2020/11/04,59.473
2020/11/05,58.818
2020/11/06,63.812
2020/11/07,43.911
2020/11/08,38.32
2020/11/09,57.294
2020/11/10,52.113
2020/11/11,55.942
2020/11/12,56.49
2020/11/13,49.543
2020/11/14,42.95
2020/11/15,38.288
2020/11/16,54.543
2020/11/17,61.796
2020/11/18,64.394
2020/11/19,50.154
2020/11/20,58.012
2020/11/21,49.02
2020/11/22,40.962
2020/11/23,47.661
2020/11/24,55.477
2020/11/25,60.975
2020/11/26,51.198
2020/11/27,50.815
2020/11/28,43.716
2020/11/29,37.246
2020/11/30,35.823
2020/12/01,63.843
2020/12/02,52.591
2020/12/03,56.106
2020/12/04,50.008
2020/12/05,42.952
2020/12/06,38.741
2020/12/07,49.024
2020/12/08,55.258
2020/12/09,52.782
2020/12/10,50.789
2020/12/11,48.235
2020/12/12,45.449
2020/12/13,39.891
2020/12/14,53.142
2020/12/15,54.989
2020/12/16,52.903
2020/12/17,50.458
2020/12/18,69.463
2020/12/19,57.079
2020/12/20,40.787
2020/12/21,38.26
2020/12/22,53.297
2020/12/23,56.545
2020/12/24,40.648
2020/12/25,48.986
2020/12/26,42.859
2020/12/27,51.195
2020/12/28,51.186
2020/12/29,57.732
2020/12/30,58.194
2020/12/31,59.957
2021/01/01,36.541
2021/01/02,47.329
2021/01/03,59.948
2021/01/04,62.422
2021/01/05,56.91
2021/01/06,64.886
2021/01/07,65.635
2021/01/08,52.671
2021/01/09,43.964
2021/01/10,46.851
2021/01/11,47.484
2021/01/12,48.398
2021/01/13,42.73
2021/01/14,50.361
2021/01/15,52.317
2021/01/16,39.783
2021/01/17,30.895
2021/01/18,46.794
2021/01/19,50.372
2021/01/20,47.01
2021/01/21,39.76
2021/01/22,51.721
2021/01/23,46.628
2021/01/24,33.316
2021/01/25,50.171
2021/01/26,56.623
2021/01/27,52.791
2021/01/28,53.231
2021/01/29,57.807
2021/01/30,47.919
2021/01/31,41.672
2021/02/01,38.135
2021/02/02,63.162
2021/02/03,56.271
2021/02/04,61.198
2021/02/05,58.797
2021/02/06,50.335
2021/02/07,38.736
2021/02/08,52.002
2021/02/09,57.484
2021/02/10,52.089
2021/02/11,43.285
2021/02/12,53.173
2021/02/13,51.358
2021/02/14,41.256
2021/02/15,46.034
2021/02/16,42.272
2021/02/17,49.184
2021/02/18,48.955
2021/02/19,57.026
2021/02/20,49.239
2021/02/21,35.979
2021/02/22,41.182
2021/02/23,42.181
2021/02/24,62.82
2021/02/25,52.802
2021/02/26,47.375
2021/02/27,51.605
2021/02/28,35.981
2021/03/01,43.8
2021/03/02,57.227
2021/03/03,55.94
2021/03/04,45.069
2021/03/05,52.058
2021/03/06,44.98
2021/03/07,39.291
2021/03/08,48.076
2021/03/09,50.163
2021/03/10,60.837
2021/03/11,46.917
2021/03/12,53.732
2021/03/13,43.976
2021/03/14,51.293
2021/03/15,47.59
2021/03/16,54.236
2021/03/17,48.134
2021/03/18,56.775
2021/03/19,52.334
2021/03/20,44.663
2021/03/21,34.245
2021/03/22,50.444
2021/03/23,54.002
2021/03/24,51.652
2021/03/25,55.02
2021/03/26,47.825
2021/03/27,46.302
2021/03/28,36.342
2021/03/29,52.714
2021/03/30,56.918
2021/03/31,59.657
2021/04/01,52.679
2021/04/02,50.637
2021/04/03,43.02
2021/04/04,34.128
2021/04/05,48.954
2021/04/06,54.638
2021/04/07,57.775
2021/04/08,44.654
2021/04/09,56.964
2021/04/10,49.789
2021/04/11,39.468
2021/04/12,49.599
2021/04/13,54.057
2021/04/14,50.539
2021/04/15,63.891
2021/04/16,37.352
2021/04/17,34.359
2021/04/18,49.442
2021/04/19,40.466
2021/04/20,51.541
2021/04/21,44.294
2021/04/22,51.462
2021/04/23,54.438
2021/04/24,53.523
2021/04/25,44.87
2021/04/26,44.814
2021/04/27,55.995
2021/04/28,51.541
2021/04/29,47.811
2021/04/30,54.345
2021/05/01,48.139
2021/05/02,42.21
2021/05/03,54.407
2021/05/04,57.216
2021/05/05,59.125
2021/05/06,59.499
2021/05/07,58.175
2021/05/08,46.367
2021/05/09,38.935
2021/05/10,55.949
2021/05/11,58.117
2021/05/12,54.019
2021/05/13,46.207
2021/05/14,43.058
2021/05/15,34.18
2021/05/16,31.363
2021/05/17,44.597
2021/05/18,36.753
2021/05/19,51.013
2021/05/20,41.83
2021/05/21,41.415
2021/05/22,40.702
2021/05/23,33.041
2021/05/24,48.537
2021/05/25,48.18
2021/05/26,47.127
2021/05/27,41.069
2021/05/28,43.246
2021/05/29,35.996
2021/05/30,30.459
2021/05/31,52.079
2021/06/01,54.914
2021/06/02,60.33
2021/06/03,62.01
2021/06/04,52.319
2021/06/05,37.229
2021/06/06,34.655
2021/06/07,54.486
2021/06/08,57.877
2021/06/09,45.429
2021/06/10,57.813
2021/06/11,47.024
2021/06/12,48.928
2021/06/13,39.472
2021/06/14,55.151
2021/06/15,54.985
2021/06/16,57.947
2021/06/17,52.422
2021/06/18,47.304
2021/06/19,37.074
2021/06/20,32.541
2021/06/21,46.982
2021/06/22,44.481
2021/06/23,56.075
2021/06/24,56.243
2021/06/25,50.319
2021/06/26,38.736
2021/06/27,26.886
2021/06/28,54.042
2021/06/29,50.646
2021/06/30,52.824
2021/07/01,57.02
2021/07/02,45.442
2021/07/03,56.582
2021/07/04,42.87
2021/07/05,53.312
2021/07/06,54.161
2021/07/07,52.426
2021/07/08,54.707
2021/07/09,53.693
2021/07/10,42.202
2021/07/11,37.324
2021/07/12,53.442
2021/07/13,55.803
2021/07/14,57.44
2021/07/15,53.755
2021/07/16,52.648
2021/07/17,38.817
2021/07/18,33.611
2021/07/19,55.47
2021/07/20,56.427
2021/07/21,57.876
2021/07/22,55.611
2021/07/23,55.933
2021/07/24,42.267
2021/07/25,35.131
2021/07/26,62.525
2021/07/27,60.233
2021/07/28,58.751
2021/07/29,61.879
2021/07/30,58.6
2021/07/31,41.482
2021/08/01,35.843
2021/08/02,53.742
2021/08/03,55.583
2021/08/04,53.228
2021/08/05,55.427
2021/08/06,60.29
2021/08/07,42.381
2021/08/08,36.953
2021/08/09,56.304
2021/08/10,58.332
2021/08/11,58.733
2021/08/12,54.053
2021/08/13,57.39
2021/08/14,39.531
2021/08/15,34.052
2021/08/16,57.37
2021/08/17,55.655
2021/08/18,52.367
2021/08/19,54.217
2021/08/20,59.722
2021/08/21,42.655
2021/08/22,36.059
2021/08/23,57.432
2021/08/24,55.615
2021/08/25,55.316
2021/08/26,53.803
2021/08/27,53.119
2021/08/28,40.192
2021/08/29,33.6
2021/08/30,53.444
2021/08/31,58.385
2021/09/01,60.722
2021/09/02,62.977
2021/09/03,60.331
2021/09/04,41.133
2021/09/05,35.78
2021/09/06,55.003
2021/09/07,56.838
2021/09/08,54.781
2021/09/09,55.966
2021/09/10,50.794
2021/09/11,37.465
2021/09/12,31.653
2021/09/13,52.689
2021/09/14,55.741
2021/09/15,55.974
2021/09/16,56.682
2021/09/17,56.591
2021/09/18,39.936
2021/09/19,32.873
2021/09/20,56.121
2021/09/21,48.864
2021/09/22,56.682
2021/09/23,54.593
2021/09/24,57.088
2021/09/25,38.876
2021/09/26,35.425
2021/09/27,52.766
2021/09/28,54.291
2021/09/29,48.519
2021/09/30,60.767
2021/10/01,55.903
2021/10/02,50.822
2021/10/03,40.373
2021/10/04,53.837
2021/10/05,62.34
2021/10/06,51.068
2021/10/07,61.59
2021/10/08,51.418
2021/10/09,45.009
2021/10/10,39.174
2021/10/11,53.192
2021/10/12,51.968
2021/10/13,54.929
2021/10/14,53.239
2021/10/15,56.895
2021/10/16,48.861
2021/10/17,36.945
2021/10/18,53.8
2021/10/19,58.734
2021/10/20,53.665
2021/10/21,59.505
2021/10/22,50.913
2021/10/23,38.493
2021/10/24,36.419
2021/10/25,53.342
2021/10/26,55.123
2021/10/27,54.624
2021/10/28,55.467
2021/10/29,58.138
2021/10/30,42.447
2021/10/31,35.281
2021/11/01,54.792
2021/11/02,55.637
2021/11/03,53.192
2021/11/04,53.306
2021/11/05,52.153
2021/11/06,37.491
2021/11/07,35.148
2021/11/08,54.674
2021/11/09,64.912
2021/11/10,54.884
2021/11/11,52.842
2021/11/12,49.464
2021/11/13,38.666
2021/11/14,35.612
2021/11/15,54.205
2021/11/16,57.05
2021/11/17,53.755
2021/11/18,54.746
2021/11/19,51.374
2021/11/20,40.27
2021/11/21,33.787
2021/11/22,52.554
2021/11/23,53.71
2021/11/24,58.058
2021/11/25,53.728
2021/11/26,55.479
2021/11/27,38.389
2021/11/28,32.344
2021/11/29,57.604
2021/11/30,55.554
2021/12/01,53.907
2021/12/02,60.174
2021/12/03,52.423
2021/12/04,42.388
2021/12/05,34.302
2021/12/06,53.092
2021/12/07,53.956
2021/12/08,48.057
2021/12/09,52.588
2021/12/10,49.168
2021/12/11,37.707
2021/12/12,35.404
2021/12/13,54.313
