Date,transactionfees3rsiUSD
2010/07/17,0
2010/07/18,0
2010/07/19,0
2010/07/20,48.893
2010/07/21,48.893
2010/07/22,48.893
2010/07/23,49.821
2010/07/24,48.499
2010/07/25,79.173
2010/07/26,93.9
2010/07/27,50.887
2010/07/28,36.902
2010/07/29,36.816
2010/07/30,58.948
2010/07/31,71.321
2010/08/01,52.504
2010/08/02,37.014
2010/08/03,24.204
2010/08/04,24.204
2010/08/05,24.204
2010/08/06,24.204
2010/08/07,97.075
2010/08/08,39.75
2010/08/09,68.616
2010/08/10,39.924
2010/08/11,39.924
2010/08/12,39.924
2010/08/13,39.924
2010/08/14,39.924
2010/08/15,39.924
2010/08/16,61.269
2010/08/17,39.968
2010/08/18,77.198
2010/08/19,39.994
2010/08/20,39.994
2010/08/21,39.994
2010/08/22,39.994
2010/08/23,39.994
2010/08/24,83.464
2010/08/25,39.999
2010/08/26,39.999
2010/08/27,39.999
2010/08/28,39.999
2010/08/29,73.411
2010/08/30,65.624
2010/08/31,40.944
2010/09/01,34.708
2010/09/02,28.978
2010/09/03,28.978
2010/09/04,28.978
2010/09/05,35.765
2010/09/06,31.281
2010/09/07,31.281
2010/09/08,31.281
2010/09/09,84.87
2010/09/10,39.115
2010/09/11,39.115
2010/09/12,76.266
2010/09/13,39.82
2010/09/14,42.25
2010/09/15,39.837
2010/09/16,39.837
2010/09/17,39.837
2010/09/18,89.573
2010/09/19,39.987
2010/09/20,39.987
2010/09/21,39.987
2010/09/22,39.987
2010/09/23,39.987
2010/09/24,39.987
2010/09/25,39.987
2010/09/26,39.987
2010/09/27,64.845
2010/09/28,99.416
2010/09/29,39.917
2010/09/30,39.917
2010/10/01,55.155
2010/10/02,40.119
2010/10/03,40.325
2010/10/04,39.755
2010/10/05,39.754
2010/10/06,39.755
2010/10/07,39.754
2010/10/08,39.754
2010/10/09,39.754
2010/10/10,39.754
2010/10/11,39.759
2010/10/12,39.755
2010/10/13,98.894
2010/10/14,39.998
2010/10/15,39.998
2010/10/16,39.998
2010/10/17,39.998
2010/10/18,45.568
2010/10/19,39.999
2010/10/20,39.999
2010/10/21,45.24
2010/10/22,39.999
2010/10/23,73.356
2010/10/24,40
2010/10/25,40
2010/10/26,40
2010/10/27,40
2010/10/28,40
2010/10/29,40
2010/10/30,40
2010/10/31,40
2010/11/01,40
2010/11/02,40
2010/11/03,40
2010/11/04,40
2010/11/05,40
2010/11/06,40
2010/11/07,40
2010/11/08,99.995
2010/11/09,40
2010/11/10,40
2010/11/11,40
2010/11/12,40
2010/11/13,40
2010/11/14,40
2010/11/15,49.525
2010/11/16,40
2010/11/17,40
2010/11/18,40
2010/11/19,43.041
2010/11/20,69.806
2010/11/21,69.371
2010/11/22,99.095
2010/11/23,73.989
2010/11/24,32.469
2010/11/25,31.888
2010/11/26,42.013
2010/11/27,35.857
2010/11/28,33.647
2010/11/29,41.515
2010/11/30,36.796
2010/12/01,44.498
2010/12/02,56.052
2010/12/03,37.872
2010/12/04,38.189
2010/12/05,53.457
2010/12/06,62.405
2010/12/07,69.347
2010/12/08,44.235
2010/12/09,40.281
2010/12/10,73.716
2010/12/11,76.658
2010/12/12,76.49
2010/12/13,94.814
2010/12/14,32.597
2010/12/15,39.266
2010/12/16,56.789
2010/12/17,83.161
2010/12/18,39.943
2010/12/19,47.95
2010/12/20,34.678
2010/12/21,50.244
2010/12/22,58.768
2010/12/23,38.962
2010/12/24,45.352
2010/12/25,37.363
2010/12/26,53.814
2010/12/27,52.616
2010/12/28,55.471
2010/12/29,86.067
2010/12/30,45.46
2010/12/31,26.719
2011/01/01,51.031
2011/01/02,57.259
2011/01/03,88.343
2011/01/04,35.574
2011/01/05,38.878
2011/01/06,45.903
2011/01/07,38.005
2011/01/08,33.032
2011/01/09,55.469
2011/01/10,42.504
2011/01/11,37.899
2011/01/12,76.771
2011/01/13,38.682
2011/01/14,45.33
2011/01/15,59.201
2011/01/16,54.692
2011/01/17,74.792
2011/01/18,36.369
2011/01/19,38.034
2011/01/20,60.093
2011/01/21,39.052
2011/01/22,80.123
2011/01/23,82.113
2011/01/24,44.254
2011/01/25,39.65
2011/01/26,33.305
2011/01/27,86.917
2011/01/28,37.584
2011/01/29,53.78
2011/01/30,77.536
2011/01/31,52.833
2011/02/01,70.151
2011/02/02,33.728
2011/02/03,44.971
2011/02/04,40.281
2011/02/05,50.882
2011/02/06,42.83
2011/02/07,71.166
2011/02/08,47.541
2011/02/09,31.73
2011/02/10,69.229
2011/02/11,46.529
2011/02/12,62.436
2011/02/13,38.712
2011/02/14,83.75
2011/02/15,39.449
2011/02/16,45.471
2011/02/17,38.013
2011/02/18,48.147
2011/02/19,51.587
2011/02/20,37.401
2011/02/21,45.827
2011/02/22,38.348
2011/02/23,47.72
2011/02/24,36.592
2011/02/25,58.345
2011/02/26,70.635
2011/02/27,83.53
2011/02/28,47.839
2011/03/01,32.943
2011/03/02,42.888
2011/03/03,93.765
2011/03/04,42.249
2011/03/05,58.641
2011/03/06,75.829
2011/03/07,79.232
2011/03/08,42.826
2011/03/09,46.081
2011/03/10,37.215
2011/03/11,75.565
2011/03/12,33.199
2011/03/13,35.365
2011/03/14,35.939
2011/03/15,35.078
2011/03/16,32.73
2011/03/17,27.249
2011/03/18,40.889
2011/03/19,29.411
2011/03/20,48.383
2011/03/21,80.215
2011/03/22,95.82
2011/03/23,78.889
2011/03/24,79.885
2011/03/25,45.204
2011/03/26,24.978
2011/03/27,51.394
2011/03/28,34.333
2011/03/29,30.698
2011/03/30,58.849
2011/03/31,46.792
2011/04/01,55.083
2011/04/02,36.577
2011/04/03,61.594
2011/04/04,57.046
2011/04/05,55.447
2011/04/06,67.012
2011/04/07,29.783
2011/04/08,56.032
2011/04/09,58.078
2011/04/10,77.659
2011/04/11,41.422
2011/04/12,50.244
2011/04/13,33.806
2011/04/14,88.58
2011/04/15,37.444
2011/04/16,44.6
2011/04/17,36.195
2011/04/18,40.235
2011/04/19,55.131
2011/04/20,71.844
2011/04/21,51.803
2011/04/22,73.542
2011/04/23,75.982
2011/04/24,88.447
2011/04/25,90.274
2011/04/26,30.74
2011/04/27,49.817
2011/04/28,61.318
2011/04/29,71.815
2011/04/30,85.2
2011/05/01,91.302
2011/05/02,38.41
2011/05/03,44.508
2011/05/04,66.684
2011/05/05,74.974
2011/05/06,54.265
2011/05/07,34.978
2011/05/08,68.842
2011/05/09,78.617
2011/05/10,80.521
2011/05/11,88.182
2011/05/12,56.644
2011/05/13,85.65
2011/05/14,90.971
2011/05/15,93.098
2011/05/16,70.062
2011/05/17,55.107
2011/05/18,62.585
2011/05/19,45.572
2011/05/20,38.577
2011/05/21,66.972
2011/05/22,41.776
2011/05/23,32.138
2011/05/24,70.403
2011/05/25,71.369
2011/05/26,60.446
2011/05/27,39.366
2011/05/28,28.728
2011/05/29,46.73
2011/05/30,83.519
2011/05/31,66.028
2011/06/01,83.563
2011/06/02,79.967
2011/06/03,90.614
2011/06/04,97.854
2011/06/05,61.224
2011/06/06,67.793
2011/06/07,83.125
2011/06/08,93.452
2011/06/09,94.157
2011/06/10,60.76
2011/06/11,30.292
2011/06/12,27.552
2011/06/13,35.277
2011/06/14,21.614
2011/06/15,49.483
2011/06/16,28.532
2011/06/17,27.661
2011/06/18,22.163
2011/06/19,20.22
2011/06/20,11.596
2011/06/21,16.967
2011/06/22,10.611
2011/06/23,8.463
2011/06/24,24.728
2011/06/25,77.762
2011/06/26,80.305
2011/06/27,53.524
2011/06/28,34.102
2011/06/29,46.406
2011/06/30,34.02
2011/07/01,25.932
2011/07/02,32.361
2011/07/03,19.25
2011/07/04,18.494
2011/07/05,56.042
2011/07/06,26.854
2011/07/07,27.7
2011/07/08,30.17
2011/07/09,47.721
2011/07/10,29.043
2011/07/11,20.924
2011/07/12,48.392
2011/07/13,57.544
2011/07/14,37.574
2011/07/15,83.042
2011/07/16,30.208
2011/07/17,41.381
2011/07/18,40.13
2011/07/19,58.492
2011/07/20,30.516
2011/07/21,26.021
2011/07/22,60.947
2011/07/23,33.581
2011/07/24,49.58
2011/07/25,53.35
2011/07/26,29.49
2011/07/27,47.41
2011/07/28,32.922
2011/07/29,37.577
2011/07/30,32.618
2011/07/31,24.092
2011/08/01,44.5
2011/08/02,26.634
2011/08/03,40.588
2011/08/04,22.915
2011/08/05,19.856
2011/08/06,91.654
2011/08/07,37.112
2011/08/08,40.884
2011/08/09,48.803
2011/08/10,54.352
2011/08/11,39.544
2011/08/12,35.207
2011/08/13,44.184
2011/08/14,72.231
2011/08/15,58.078
2011/08/16,47.097
2011/08/17,34.163
2011/08/18,28.789
2011/08/19,60.085
2011/08/20,36.297
2011/08/21,34.321
2011/08/22,61.618
2011/08/23,57.31
2011/08/24,77.49
2011/08/25,33.618
2011/08/26,21.617
2011/08/27,33.908
2011/08/28,41.1
2011/08/29,29.837
2011/08/30,74.991
2011/08/31,41.909
2011/09/01,38.772
2011/09/02,56.26
2011/09/03,34.712
2011/09/04,70.714
2011/09/05,48.09
2011/09/06,37.183
2011/09/07,53.312
2011/09/08,33.476
2011/09/09,44.287
2011/09/10,32.458
2011/09/11,31.02
2011/09/12,44.817
2011/09/13,30.323
2011/09/14,27.006
2011/09/15,69.611
2011/09/16,39.873
2011/09/17,50.475
2011/09/18,49.501
2011/09/19,55.523
2011/09/20,52.019
2011/09/21,30.071
2011/09/22,20.379
2011/09/23,34.982
2011/09/24,84.33
2011/09/25,36.043
2011/09/26,31.842
2011/09/27,50.464
2011/09/28,46.651
2011/09/29,35.202
2011/09/30,39.753
2011/10/01,55.599
2011/10/02,43.991
2011/10/03,89.02
2011/10/04,40.152
2011/10/05,43.075
2011/10/06,71.225
2011/10/07,41.079
2011/10/08,34.943
2011/10/09,31.955
2011/10/10,35.226
2011/10/11,59.345
2011/10/12,50.503
2011/10/13,57.639
2011/10/14,30.172
2011/10/15,35.25
2011/10/16,36.06
2011/10/17,31.367
2011/10/18,13.709
2011/10/19,14.826
2011/10/20,74.688
2011/10/21,33.677
2011/10/22,42.288
2011/10/23,47.437
2011/10/24,44.853
2011/10/25,33.652
2011/10/26,49.347
2011/10/27,52.922
2011/10/28,66.335
2011/10/29,78.505
2011/10/30,84.38
2011/10/31,49.533
2011/11/01,80.823
2011/11/02,37.12
2011/11/03,29.952
2011/11/04,31.755
2011/11/05,55.183
2011/11/06,32.92
2011/11/07,59.233
2011/11/08,67.576
2011/11/09,37.192
2011/11/10,35.001
2011/11/11,24.205
2011/11/12,47.829
2011/11/13,57.267
2011/11/14,31.065
2011/11/15,24.895
2011/11/16,61.622
2011/11/17,50.578
2011/11/18,52.017
2011/11/19,51.304
2011/11/20,78.827
2011/11/21,37.288
2011/11/22,33.216
2011/11/23,57.902
2011/11/24,79.994
2011/11/25,81.335
2011/11/26,37.447
2011/11/27,26.689
2011/11/28,32.06
2011/11/29,71.188
2011/11/30,48.406
2011/12/01,74.992
2011/12/02,77.615
2011/12/03,83.358
2011/12/04,29.911
2011/12/05,26.953
2011/12/06,42.105
2011/12/07,61.926
2011/12/08,35.094
2011/12/09,48.593
2011/12/10,43.498
2011/12/11,99.8
2011/12/12,84.384
2011/12/13,31.827
2011/12/14,31.765
2011/12/15,34.136
2011/12/16,32.174
2011/12/17,33.278
2011/12/18,33.056
2011/12/19,33.951
2011/12/20,39.382
2011/12/21,37.277
2011/12/22,33.536
2011/12/23,30.517
2011/12/24,32.188
2011/12/25,41.376
2011/12/26,44.967
2011/12/27,42.905
2011/12/28,56.657
2011/12/29,77.558
2011/12/30,50.011
2011/12/31,69.608
2012/01/01,72.11
2012/01/02,91.311
2012/01/03,65.435
2012/01/04,94.251
2012/01/05,43
2012/01/06,51.046
2012/01/07,42.482
2012/01/08,35.84
2012/01/09,60.466
2012/01/10,41.396
2012/01/11,48.391
2012/01/12,95.182
2012/01/13,43.082
2012/01/14,47.002
2012/01/15,50.881
2012/01/16,77.206
2012/01/17,37.418
2012/01/18,40.866
2012/01/19,61.293
2012/01/20,59.209
2012/01/21,30.741
2012/01/22,29.389
2012/01/23,35.148
2012/01/24,48.12
2012/01/25,38.657
2012/01/26,48.654
2012/01/27,80.457
2012/01/28,43.242
2012/01/29,95.479
2012/01/30,42.483
2012/01/31,38.528
2012/02/01,38.145
2012/02/02,41.508
2012/02/03,39.261
2012/02/04,40.719
2012/02/05,36.853
2012/02/06,37.521
2012/02/07,42.387
2012/02/08,38.571
2012/02/09,47.833
2012/02/10,34.033
2012/02/11,34.458
2012/02/12,36.582
2012/02/13,45.075
2012/02/14,81.13
2012/02/15,37.953
2012/02/16,50.803
2012/02/17,35.961
2012/02/18,35.318
2012/02/19,32.495
2012/02/20,50.762
2012/02/21,41.071
2012/02/22,36.32
2012/02/23,61.209
2012/02/24,66.509
2012/02/25,40.401
2012/02/26,55.227
2012/02/27,78.963
2012/02/28,43.234
2012/02/29,36.904
2012/03/01,74.983
2012/03/02,42.344
2012/03/03,35.357
2012/03/04,57.004
2012/03/05,60.093
2012/03/06,63.32
2012/03/07,39.256
2012/03/08,40.195
2012/03/09,45.657
2012/03/10,76.014
2012/03/11,34.039
2012/03/12,44.818
2012/03/13,88.703
2012/03/14,45.54
2012/03/15,38.661
2012/03/16,68.01
2012/03/17,38.167
2012/03/18,38.922
2012/03/19,43.53
2012/03/20,47.07
2012/03/21,31.772
2012/03/22,35.282
2012/03/23,57.701
2012/03/24,93.128
2012/03/25,47.813
2012/03/26,35.698
2012/03/27,40.768
2012/03/28,43.477
2012/03/29,38.753
2012/03/30,44.5
2012/03/31,54.954
2012/04/01,48.017
2012/04/02,41.492
2012/04/03,46.787
2012/04/04,56.324
2012/04/05,56.521
2012/04/06,68.295
2012/04/07,25.181
2012/04/08,42.525
2012/04/09,26.928
2012/04/10,75.844
2012/04/11,46.458
2012/04/12,60.473
2012/04/13,34.906
2012/04/14,60.813
2012/04/15,32.775
2012/04/16,55.985
2012/04/17,69.484
2012/04/18,51.43
2012/04/19,55.783
2012/04/20,73.192
2012/04/21,43.063
2012/04/22,54.268
2012/04/23,30.454
2012/04/24,62.432
2012/04/25,47.466
2012/04/26,79.841
2012/04/27,53.079
2012/04/28,49.196
2012/04/29,24.07
2012/04/30,26.304
2012/05/01,43.982
2012/05/02,50.532
2012/05/03,66.799
2012/05/04,52.177
2012/05/05,31.267
2012/05/06,44.585
2012/05/07,60.159
2012/05/08,49.318
2012/05/09,72.141
2012/05/10,48.961
2012/05/11,29.643
2012/05/12,24.255
2012/05/13,67.158
2012/05/14,81.323
2012/05/15,68.367
2012/05/16,36.571
2012/05/17,33.691
2012/05/18,36.712
2012/05/19,74.149
2012/05/20,34.014
2012/05/21,32.276
2012/05/22,24.333
2012/05/23,57.117
2012/05/24,62.73
2012/05/25,46.072
2012/05/26,47.151
2012/05/27,45.468
2012/05/28,39.675
2012/05/29,16.669
2012/05/30,70.199
2012/05/31,39.139
2012/06/01,44.255
2012/06/02,34.448
2012/06/03,38.189
2012/06/04,61.183
2012/06/05,77.197
2012/06/06,83.991
2012/06/07,53.427
2012/06/08,70.007
2012/06/09,66.538
2012/06/10,33.036
2012/06/11,20.655
2012/06/12,52.813
2012/06/13,70.22
2012/06/14,55.823
2012/06/15,61.565
2012/06/16,77.409
2012/06/17,48.475
2012/06/18,76.705
2012/06/19,77.485
2012/06/20,69.791
2012/06/21,96.767
2012/06/22,53.906
2012/06/23,44.498
2012/06/24,31.742
2012/06/25,24.953
2012/06/26,34.896
2012/06/27,35.16
2012/06/28,39.979
2012/06/29,23.52
2012/06/30,58.221
2012/07/01,32.863
2012/07/02,70.879
2012/07/03,41.596
2012/07/04,44.68
2012/07/05,49.45
2012/07/06,69.74
2012/07/07,95.48
2012/07/08,39.294
2012/07/09,43.392
2012/07/10,47.621
2012/07/11,43.027
2012/07/12,40.094
2012/07/13,47.892
2012/07/14,60.937
2012/07/15,59.626
2012/07/16,70.964
2012/07/17,46.1
2012/07/18,83.428
2012/07/19,51.022
2012/07/20,78.133
2012/07/21,38.007
2012/07/22,34.214
2012/07/23,49.607
2012/07/24,39.706
2012/07/25,39.571
2012/07/26,51.683
2012/07/27,61.926
2012/07/28,45.473
2012/07/29,32.058
2012/07/30,52.435
2012/07/31,35.27
2012/08/01,74.044
2012/08/02,66.186
2012/08/03,91.324
2012/08/04,44.496
2012/08/05,62.914
2012/08/06,53.785
2012/08/07,45.641
2012/08/08,85.379
2012/08/09,39.064
2012/08/10,71.548
2012/08/11,40.084
2012/08/12,38.057
2012/08/13,40.216
2012/08/14,47.211
2012/08/15,53.871
2012/08/16,53.869
2012/08/17,67.865
2012/08/18,30.01
2012/08/19,30.616
2012/08/20,50.154
2012/08/21,35.361
2012/08/22,39.091
2012/08/23,52.8
2012/08/24,44.099
2012/08/25,72.897
2012/08/26,67.449
2012/08/27,87.166
2012/08/28,81.176
2012/08/29,41.287
2012/08/30,66.522
2012/08/31,41.85
2012/09/01,56.67
2012/09/02,64.301
2012/09/03,63.224
2012/09/04,29.663
2012/09/05,19.26
2012/09/06,17.425
2012/09/07,17.465
2012/09/08,66.166
2012/09/09,59.715
2012/09/10,65.903
2012/09/11,85.325
2012/09/12,53.907
2012/09/13,37.193
2012/09/14,19.564
2012/09/15,18.278
2012/09/16,15.51
2012/09/17,58.573
2012/09/18,78.007
2012/09/19,77.648
2012/09/20,38.507
2012/09/21,85.786
2012/09/22,46.868
2012/09/23,42.208
2012/09/24,71.17
2012/09/25,37.618
2012/09/26,39.003
2012/09/27,36.06
2012/09/28,89.161
2012/09/29,40.268
2012/09/30,39.134
2012/10/01,45.378
2012/10/02,60.038
2012/10/03,44.959
2012/10/04,91.799
2012/10/05,40.747
2012/10/06,39.939
2012/10/07,40.957
2012/10/08,39.599
2012/10/09,40.101
2012/10/10,42.447
2012/10/11,48.149
2012/10/12,39.35
2012/10/13,32.145
2012/10/14,30.34
2012/10/15,47.399
2012/10/16,54.596
2012/10/17,95.518
2012/10/18,38.676
2012/10/19,39.304
2012/10/20,38.057
2012/10/21,39.102
2012/10/22,37.448
2012/10/23,47.726
2012/10/24,48.431
2012/10/25,36.547
2012/10/26,66.312
2012/10/27,49.625
2012/10/28,41.422
2012/10/29,64.331
2012/10/30,54.639
2012/10/31,70.69
2012/11/01,73.524
2012/11/02,81.437
2012/11/03,34.834
2012/11/04,45.015
2012/11/05,45.12
2012/11/06,48.027
2012/11/07,52.539
2012/11/08,35.183
2012/11/09,28.756
2012/11/10,55.522
2012/11/11,23.626
2012/11/12,33.497
2012/11/13,48.803
2012/11/14,60.791
2012/11/15,88.148
2012/11/16,83.758
2012/11/17,80.75
2012/11/18,83.713
2012/11/19,34.368
2012/11/20,41.102
2012/11/21,67.298
2012/11/22,27.258
2012/11/23,76.564
2012/11/24,45.39
2012/11/25,63.922
2012/11/26,43.064
2012/11/27,96.515
2012/11/28,45.165
2012/11/29,38.77
2012/11/30,38.186
2012/12/01,39.953
2012/12/02,37.507
2012/12/03,47.726
2012/12/04,53.305
2012/12/05,47.283
2012/12/06,52.49
2012/12/07,36.716
2012/12/08,44.726
2012/12/09,38.075
2012/12/10,67.859
2012/12/11,71.01
2012/12/12,40.997
2012/12/13,83.867
2012/12/14,43.416
2012/12/15,35.367
2012/12/16,40.364
2012/12/17,45.243
2012/12/18,43.301
2012/12/19,39.197
2012/12/20,73.078
2012/12/21,53.263
2012/12/22,39.187
2012/12/23,61.839
2012/12/24,34.273
2012/12/25,49.324
2012/12/26,44.803
2012/12/27,65.572
2012/12/28,40.435
2012/12/29,36.857
2012/12/30,30.172
2012/12/31,62.01
2013/01/01,48.122
2013/01/02,50.928
2013/01/03,83.487
2013/01/04,37.012
2013/01/05,36.062
2013/01/06,84.911
2013/01/07,49.776
2013/01/08,43.388
2013/01/09,32.006
2013/01/10,95.017
2013/01/11,40.501
2013/01/12,40.441
2013/01/13,40.095
2013/01/14,39.891
2013/01/15,37.869
2013/01/16,41.938
2013/01/17,49.708
2013/01/18,49.911
2013/01/19,84.094
2013/01/20,43.625
2013/01/21,39.964
2013/01/22,50.094
2013/01/23,73.305
2013/01/24,72.573
2013/01/25,47.864
2013/01/26,62.39
2013/01/27,49.663
2013/01/28,45.641
2013/01/29,79.185
2013/01/30,52.611
2013/01/31,71.152
2013/02/01,63.132
2013/02/02,91.497
2013/02/03,40.721
2013/02/04,39.107
2013/02/05,36.568
2013/02/06,34.128
2013/02/07,49.401
2013/02/08,59.727
2013/02/09,60.175
2013/02/10,71.316
2013/02/11,83.534
2013/02/12,79.091
2013/02/13,92.875
2013/02/14,61.875
2013/02/15,86.488
2013/02/16,74.629
2013/02/17,59.374
2013/02/18,44.155
2013/02/19,42.022
2013/02/20,53.87
2013/02/21,80.694
2013/02/22,50.398
2013/02/23,39.762
2013/02/24,26.211
2013/02/25,75.713
2013/02/26,53.518
2013/02/27,57.897
2013/02/28,77.294
2013/03/01,88.353
2013/03/02,51.665
2013/03/03,35.076
2013/03/04,48.754
2013/03/05,69.773
2013/03/06,97.037
2013/03/07,42.697
2013/03/08,41.709
2013/03/09,47.361
2013/03/10,43.057
2013/03/11,45.359
2013/03/12,75.385
2013/03/13,42.848
2013/03/14,42.141
2013/03/15,54.476
2013/03/16,43.924
2013/03/17,40.764
2013/03/18,44.751
2013/03/19,82.747
2013/03/20,49.541
2013/03/21,69.258
2013/03/22,82.401
2013/03/23,57.521
2013/03/24,37.633
2013/03/25,58.112
2013/03/26,63.844
2013/03/27,84.285
2013/03/28,75.038
2013/03/29,69.695
2013/03/30,82.16
2013/03/31,74.318
2013/04/01,32.854
2013/04/02,72.591
2013/04/03,85.946
2013/04/04,88.341
2013/04/05,53.08
2013/04/06,34.249
2013/04/07,57.592
2013/04/08,59.787
2013/04/09,77.704
2013/04/10,89.751
2013/04/11,34.183
2013/04/12,28.016
2013/04/13,22.827
2013/04/14,39.157
2013/04/15,63.671
2013/04/16,28.717
2013/04/17,58.772
2013/04/18,45.351
2013/04/19,53.393
2013/04/20,60.521
2013/04/21,39.378
2013/04/22,61.437
2013/04/23,66.92
2013/04/24,73.587
2013/04/25,77.65
2013/04/26,31.002
2013/04/27,47.825
2013/04/28,34.723
2013/04/29,57.502
2013/04/30,69.699
2013/05/01,32.423
2013/05/02,47.348
2013/05/03,34.693
2013/05/04,42.202
2013/05/05,28.538
2013/05/06,66.135
2013/05/07,42.245
2013/05/08,63.055
2013/05/09,54.887
2013/05/10,51.132
2013/05/11,35.263
2013/05/12,40.877
2013/05/13,65.193
2013/05/14,36.716
2013/05/15,48.301
2013/05/16,83.443
2013/05/17,44.833
2013/05/18,31.609
2013/05/19,57.544
2013/05/20,46.654
2013/05/21,45.032
2013/05/22,63.051
2013/05/23,63.21
2013/05/24,52.829
2013/05/25,71.633
2013/05/26,32.761
2013/05/27,64.013
2013/05/28,66.096
2013/05/29,63.145
2013/05/30,30.512
2013/05/31,29.917
2013/06/01,18.064
2013/06/02,70.472
2013/06/03,75.579
2013/06/04,45.04
2013/06/05,66.477
2013/06/06,27.01
2013/06/07,24.735
2013/06/08,53.933
2013/06/09,33.843
2013/06/10,28.861
2013/06/11,60.751
2013/06/12,57.247
2013/06/13,59.079
2013/06/14,22.505
2013/06/15,52.297
2013/06/16,32.298
2013/06/17,44.907
2013/06/18,52.142
2013/06/19,48.702
2013/06/20,89.255
2013/06/21,46.791
2013/06/22,65.143
2013/06/23,38.818
2013/06/24,39.069
2013/06/25,30.277
2013/06/26,47.239
2013/06/27,29.054
2013/06/28,57.105
2013/06/29,33.491
2013/06/30,56.171
2013/07/01,34.007
2013/07/02,53.127
2013/07/03,44.307
2013/07/04,33.651
2013/07/05,50.659
2013/07/06,43.725
2013/07/07,26.018
2013/07/08,55.858
2013/07/09,56.976
2013/07/10,37.879
2013/07/11,63.869
2013/07/12,42.487
2013/07/13,71.067
2013/07/14,43.659
2013/07/15,39.51
2013/07/16,70.941
2013/07/17,57.48
2013/07/18,63.62
2013/07/19,27.25
2013/07/20,42.082
2013/07/21,43.852
2013/07/22,63.246
2013/07/23,31.143
2013/07/24,63.635
2013/07/25,58.841
2013/07/26,32.138
2013/07/27,64.625
2013/07/28,42.534
2013/07/29,53.863
2013/07/30,69.292
2013/07/31,77.47
2013/08/01,43.972
2013/08/02,29.086
2013/08/03,31.521
2013/08/04,56.444
2013/08/05,34.001
2013/08/06,62.59
2013/08/07,38.765
2013/08/08,65.2
2013/08/09,66.798
2013/08/10,33.612
2013/08/11,59.9
2013/08/12,34.584
2013/08/13,41.179
2013/08/14,66.863
2013/08/15,78.19
2013/08/16,40.561
2013/08/17,32.602
2013/08/18,58.205
2013/08/19,47.107
2013/08/20,36.643
2013/08/21,38.645
2013/08/22,51.154
2013/08/23,57.013
2013/08/24,37.195
2013/08/25,68.982
2013/08/26,75.383
2013/08/27,53.814
2013/08/28,98.056
2013/08/29,39.146
2013/08/30,42.895
2013/08/31,42.545
2013/09/01,40.061
2013/09/02,54.601
2013/09/03,41.83
2013/09/04,37.646
2013/09/05,38.593
2013/09/06,38.895
2013/09/07,31.635
2013/09/08,49.417
2013/09/09,44.5
2013/09/10,36.282
2013/09/11,33.208
2013/09/12,70.128
2013/09/13,40.951
2013/09/14,40.216
2013/09/15,57.427
2013/09/16,87.74
2013/09/17,99.186
2013/09/18,49.1
2013/09/19,45.564
2013/09/20,32.055
2013/09/21,33.469
2013/09/22,33.819
2013/09/23,38.55
2013/09/24,33.759
2013/09/25,41.728
2013/09/26,34.611
2013/09/27,85.409
2013/09/28,41.957
2013/09/29,42.558
2013/09/30,39.298
2013/10/01,49.131
2013/10/02,42.122
2013/10/03,38.024
2013/10/04,30.022
2013/10/05,48.825
2013/10/06,37.491
2013/10/07,69.762
2013/10/08,32.976
2013/10/09,55.886
2013/10/10,50.088
2013/10/11,37.67
2013/10/12,64.329
2013/10/13,57.958
2013/10/14,55.545
2013/10/15,76.253
2013/10/16,89.467
2013/10/17,61.071
2013/10/18,43.491
2013/10/19,54.262
2013/10/20,40.477
2013/10/21,58.841
2013/10/22,72.547
2013/10/23,89.696
2013/10/24,73.036
2013/10/25,74.813
2013/10/26,40.551
2013/10/27,86.1
2013/10/28,37.576
2013/10/29,44.708
2013/10/30,39.841
2013/10/31,32.194
2013/11/01,61.902
2013/11/02,43.771
2013/11/03,77.375
2013/11/04,79.505
2013/11/05,58.991
2013/11/06,93.64
2013/11/07,76.994
2013/11/08,66.686
2013/11/09,35.098
2013/11/10,25.301
2013/11/11,47.409
2013/11/12,25.415
2013/11/13,25.662
2013/11/14,26.602
2013/11/15,23.719
2013/11/16,30.294
2013/11/17,47.463
2013/11/18,66.835
2013/11/19,72.701
2013/11/20,41.094
2013/11/21,69.137
2013/11/22,57.429
2013/11/23,62.699
2013/11/24,51.31
2013/11/25,45.792
2013/11/26,77.274
2013/11/27,87.725
2013/11/28,88.921
2013/11/29,78.483
2013/11/30,74.66
2013/12/01,26.953
2013/12/02,47.098
2013/12/03,49.653
2013/12/04,64.859
2013/12/05,58.454
2013/12/06,26.769
2013/12/07,88.276
2013/12/08,31.398
2013/12/09,44.257
2013/12/10,46.495
2013/12/11,44.06
2013/12/12,36.308
2013/12/13,43.015
2013/12/14,30.522
2013/12/15,24.688
2013/12/16,20.598
2013/12/17,12.104
2013/12/18,7.465
2013/12/19,34.87
2013/12/20,57.275
2013/12/21,33.264
2013/12/22,35.255
2013/12/23,47.503
2013/12/24,47.076
2013/12/25,56.997
2013/12/26,88.821
2013/12/27,63.604
2013/12/28,67.046
2013/12/29,84.162
2013/12/30,36.534
2013/12/31,46.084
2014/01/01,43.715
2014/01/02,71.118
2014/01/03,49.794
2014/01/04,65.654
2014/01/05,73.984
2014/01/06,96.603
2014/01/07,43.937
2014/01/08,38.931
2014/01/09,36.766
2014/01/10,42.016
2014/01/11,42.958
2014/01/12,51.763
2014/01/13,36.272
2014/01/14,68.792
2014/01/15,66.576
2014/01/16,37.072
2014/01/17,42.324
2014/01/18,45.396
2014/01/19,37.092
2014/01/20,61.954
2014/01/21,27.944
2014/01/22,38.309
2014/01/23,70.228
2014/01/24,37.853
2014/01/25,33.752
2014/01/26,43.65
2014/01/27,32.784
2014/01/28,24.943
2014/01/29,52.114
2014/01/30,40.678
2014/01/31,70.063
2014/02/01,37.725
2014/02/02,34.822
2014/02/03,35.252
2014/02/04,25.676
2014/02/05,39.82
2014/02/06,46.179
2014/02/07,18.19
2014/02/08,6.473
2014/02/09,5.571
2014/02/10,15.806
2014/02/11,15.051
2014/02/12,79.478
2014/02/13,32.752
2014/02/14,38.94
2014/02/15,33.685
2014/02/16,44.663
2014/02/17,91.232
2014/02/18,40.964
2014/02/19,41.018
2014/02/20,39.38
2014/02/21,33.503
2014/02/22,42.927
2014/02/23,46.445
2014/02/24,37.799
2014/02/25,28.814
2014/02/26,45
2014/02/27,49.884
2014/02/28,76.548
2014/03/01,35.181
2014/03/02,30.568
2014/03/03,65.931
2014/03/04,75.669
2014/03/05,57.25
2014/03/06,66.836
2014/03/07,38.302
2014/03/08,25.36
2014/03/09,51.864
2014/03/10,74.381
2014/03/11,45.132
2014/03/12,60.222
2014/03/13,45.844
2014/03/14,37.012
2014/03/15,26.935
2014/03/16,61.453
2014/03/17,45.438
2014/03/18,28.958
2014/03/19,33.7
2014/03/20,44.373
2014/03/21,50.47
2014/03/22,88.149
2014/03/23,36.227
2014/03/24,32.211
2014/03/25,51.841
2014/03/26,64.711
2014/03/27,35.099
2014/03/28,26.288
2014/03/29,25.865
2014/03/30,23.666
2014/03/31,22.177
2014/04/01,37.221
2014/04/02,42.652
2014/04/03,24.354
2014/04/04,50.814
2014/04/05,44.94
2014/04/06,68.859
2014/04/07,77.705
2014/04/08,78.589
2014/04/09,97.839
2014/04/10,35.635
2014/04/11,35.252
2014/04/12,31.33
2014/04/13,37.823
2014/04/14,62.539
2014/04/15,76.191
2014/04/16,68.036
2014/04/17,78.45
2014/04/18,45.635
2014/04/19,66.07
2014/04/20,54.542
2014/04/21,44.344
2014/04/22,25.219
2014/04/23,24.446
2014/04/24,45.278
2014/04/25,20.47
2014/04/26,13.98
2014/04/27,63.474
2014/04/28,39.701
2014/04/29,39.133
2014/04/30,51.481
2014/05/01,33.309
2014/05/02,53.208
2014/05/03,38.667
2014/05/04,37.237
2014/05/05,53.516
2014/05/06,38.581
2014/05/07,47.987
2014/05/08,63.305
2014/05/09,91.107
2014/05/10,35.741
2014/05/11,38.444
2014/05/12,39.572
2014/05/13,29.883
2014/05/14,26.009
2014/05/15,25.399
2014/05/16,50.775
2014/05/17,40.778
2014/05/18,42.193
2014/05/19,59.36
2014/05/20,88.549
2014/05/21,92.819
2014/05/22,67.88
2014/05/23,79.318
2014/05/24,93.993
2014/05/25,55.448
2014/05/26,70.997
2014/05/27,51.53
2014/05/28,67.531
2014/05/29,48.958
2014/05/30,54.613
2014/05/31,73.758
2014/06/01,85.195
2014/06/02,53.357
2014/06/03,72.661
2014/06/04,49.125
2014/06/05,53.083
2014/06/06,36.056
2014/06/07,32.328
2014/06/08,61.389
2014/06/09,62.985
2014/06/10,60.09
2014/06/11,34.472
2014/06/12,71.266
2014/06/13,26.494
2014/06/14,18.161
2014/06/15,27.958
2014/06/16,45.815
2014/06/17,38.735
2014/06/18,80.139
2014/06/19,54.214
2014/06/20,47.578
2014/06/21,36.679
2014/06/22,45.058
2014/06/23,56.628
2014/06/24,24.924
2014/06/25,56.642
2014/06/26,27.878
2014/06/27,42.936
2014/06/28,50.158
2014/06/29,61.818
2014/06/30,57.899
2014/07/01,86.923
2014/07/02,87.478
2014/07/03,45.548
2014/07/04,35.85
2014/07/05,27.966
2014/07/06,56.924
2014/07/07,44.677
2014/07/08,44.98
2014/07/09,32.419
2014/07/10,39.216
2014/07/11,76.79
2014/07/12,32.456
2014/07/13,61.901
2014/07/14,68.394
2014/07/15,39.816
2014/07/16,66.244
2014/07/17,43.432
2014/07/18,58.52
2014/07/19,40.359
2014/07/20,36.944
2014/07/21,24.791
2014/07/22,52.73
2014/07/23,33.277
2014/07/24,25.632
2014/07/25,39.002
2014/07/26,20.069
2014/07/27,57.547
2014/07/28,35.759
2014/07/29,51.762
2014/07/30,43.13
2014/07/31,33.392
2014/08/01,34.564
2014/08/02,26.297
2014/08/03,46.635
2014/08/04,65.306
2014/08/05,70.644
2014/08/06,50.32
2014/08/07,26.625
2014/08/08,63.531
2014/08/09,31.949
2014/08/10,68.103
2014/08/11,47.785
2014/08/12,40.03
2014/08/13,32.58
2014/08/14,13.829
2014/08/15,32.037
2014/08/16,70.492
2014/08/17,98.032
2014/08/18,38.822
2014/08/19,39.908
2014/08/20,39.434
2014/08/21,40.373
2014/08/22,41.029
2014/08/23,36.407
2014/08/24,43.383
2014/08/25,74.687
2014/08/26,40.974
2014/08/27,40.169
2014/08/28,37.738
2014/08/29,37.403
2014/08/30,33.753
2014/08/31,35.144
2014/09/01,31.51
2014/09/02,50.75
2014/09/03,33.1
2014/09/04,51.911
2014/09/05,66.264
2014/09/06,33.401
2014/09/07,94.637
2014/09/08,40.495
2014/09/09,43.3
2014/09/10,46.725
2014/09/11,37.564
2014/09/12,38.803
2014/09/13,39.284
2014/09/14,52.467
2014/09/15,38.933
2014/09/16,50.117
2014/09/17,30.625
2014/09/18,32.022
2014/09/19,16.426
2014/09/20,40.106
2014/09/21,29.403
2014/09/22,38.273
2014/09/23,57.565
2014/09/24,71.827
2014/09/25,59.319
2014/09/26,98.895
2014/09/27,39.9
2014/09/28,40.126
2014/09/29,37.995
2014/09/30,37.961
2014/10/01,41.323
2014/10/02,38.216
2014/10/03,38.438
2014/10/04,51.138
2014/10/05,34.763
2014/10/06,29.253
2014/10/07,41.759
2014/10/08,37.28
2014/10/09,64.575
2014/10/10,50.549
2014/10/11,46.959
2014/10/12,70.693
2014/10/13,73.175
2014/10/14,79.549
2014/10/15,69.919
2014/10/16,40.977
2014/10/17,48.779
2014/10/18,27.121
2014/10/19,66.462
2014/10/20,36.532
2014/10/21,46.324
2014/10/22,42.23
2014/10/23,26.997
2014/10/24,18.913
2014/10/25,11.157
2014/10/26,39.441
2014/10/27,51.299
2014/10/28,27.887
2014/10/29,22.753
2014/10/30,14.984
2014/10/31,28.883
2014/11/01,80.483
2014/11/02,43.647
2014/11/03,67.972
2014/11/04,35.539
2014/11/05,36.319
2014/11/06,46.981
2014/11/07,61.435
2014/11/08,38.003
2014/11/09,84.433
2014/11/10,44.295
2014/11/11,48.62
2014/11/12,60.15
2014/11/13,68.106
2014/11/14,46.987
2014/11/15,42.329
2014/11/16,40.485
2014/11/17,75.398
2014/11/18,36.608
2014/11/19,42.818
2014/11/20,30.798
2014/11/21,31.737
2014/11/22,24.51
2014/11/23,49.102
2014/11/24,61.92
2014/11/25,38.966
2014/11/26,32.254
2014/11/27,28.233
2014/11/28,16.559
2014/11/29,53.027
2014/11/30,74.823
2014/12/01,49.503
2014/12/02,52.568
2014/12/03,32.576
2014/12/04,66.831
2014/12/05,33.725
2014/12/06,40.378
2014/12/07,61.569
2014/12/08,85.476
2014/12/09,34.559
2014/12/10,34.464
2014/12/11,39.569
2014/12/12,38.584
2014/12/13,26.215
2014/12/14,63.196
2014/12/15,57.191
2014/12/16,40.463
2014/12/17,40.849
2014/12/18,17.018
2014/12/19,49.873
2014/12/20,32.151
2014/12/21,42.864
2014/12/22,53.325
2014/12/23,50.181
2014/12/24,24.468
2014/12/25,21.151
2014/12/26,94.286
2014/12/27,67.968
2014/12/28,37.93
2014/12/29,43.979
2014/12/30,37.857
2014/12/31,29.531
2015/01/01,24.404
2015/01/02,43.411
2015/01/03,33.081
2015/01/04,82.473
2015/01/05,40.97
2015/01/06,35.007
2015/01/07,36.119
2015/01/08,45.387
2015/01/09,40.727
2015/01/10,35.548
2015/01/11,35.899
2015/01/12,94.053
2015/01/13,37.819
2015/01/14,33.54
2015/01/15,34.699
2015/01/16,34.72
2015/01/17,34.926
2015/01/18,51.955
2015/01/19,40.355
2015/01/20,39.37
2015/01/21,34.839
2015/01/22,60.783
2015/01/23,66.058
2015/01/24,50.78
2015/01/25,79.143
2015/01/26,86.528
2015/01/27,49.858
2015/01/28,37.461
2015/01/29,25.528
2015/01/30,33.904
2015/01/31,44.797
2015/02/01,29.388
2015/02/02,51.816
2015/02/03,60.515
2015/02/04,33.632
2015/02/05,32.604
2015/02/06,23.35
2015/02/07,45.029
2015/02/08,61.427
2015/02/09,48.472
2015/02/10,30.883
2015/02/11,69.391
2015/02/12,48.073
2015/02/13,78.967
2015/02/14,85.25
2015/02/15,91.491
2015/02/16,40.976
2015/02/17,56.128
2015/02/18,38.206
2015/02/19,40.591
2015/02/20,64.467
2015/02/21,52.035
2015/02/22,42.818
2015/02/23,30.693
2015/02/24,22.398
2015/02/25,50.667
2015/02/26,35.603
2015/02/27,65.867
2015/02/28,80.156
2015/03/01,85.581
2015/03/02,66.235
2015/03/03,69.165
2015/03/04,84.511
2015/03/05,59.437
2015/03/06,89.884
2015/03/07,40.371
2015/03/08,50.959
2015/03/09,53.067
2015/03/10,57.877
2015/03/11,69.82
2015/03/12,46.828
2015/03/13,38.933
2015/03/14,23.368
2015/03/15,37.755
2015/03/16,59.516
2015/03/17,46.876
2015/03/18,57.89
2015/03/19,33.346
2015/03/20,46
2015/03/21,18.358
2015/03/22,34.238
2015/03/23,77.864
2015/03/24,38.308
2015/03/25,49.946
2015/03/26,31.908
2015/03/27,28.165
2015/03/28,42.926
2015/03/29,31.811
2015/03/30,45.431
2015/03/31,36.241
2015/04/01,31.487
2015/04/02,43.223
2015/04/03,68.757
2015/04/04,85.491
2015/04/05,89.185
2015/04/06,61.519
2015/04/07,35.158
2015/04/08,32.074
2015/04/09,71.468
2015/04/10,95.42
2015/04/11,42.233
2015/04/12,40.194
2015/04/13,33.045
2015/04/14,27.251
2015/04/15,26.619
2015/04/16,29.953
2015/04/17,29.384
2015/04/18,19.811
2015/04/19,45.681
2015/04/20,54.737
2015/04/21,33.965
2015/04/22,63.906
2015/04/23,68.112
2015/04/24,55.305
2015/04/25,99.516
2015/04/26,39.874
2015/04/27,39.68
2015/04/28,40.348
2015/04/29,40.463
2015/04/30,42.115
2015/05/01,40.473
2015/05/02,44.081
2015/05/03,45.212
2015/05/04,44.967
2015/05/05,39.113
2015/05/06,38.21
2015/05/07,41.193
2015/05/08,67.384
2015/05/09,45.008
2015/05/10,79.969
2015/05/11,51.787
2015/05/12,40.541
2015/05/13,36.663
2015/05/14,27.702
2015/05/15,44.177
2015/05/16,46.172
2015/05/17,63.115
2015/05/18,62.953
2015/05/19,34.528
2015/05/20,22.288
2015/05/21,56.425
2015/05/22,65.824
2015/05/23,67.338
2015/05/24,41.937
2015/05/25,53.321
2015/05/26,88.897
2015/05/27,42.588
2015/05/28,39.601
2015/05/29,33.901
2015/05/30,17.839
2015/05/31,95.028
2015/06/01,42.293
2015/06/02,38.813
2015/06/03,38.403
2015/06/04,38.596
2015/06/05,39.679
2015/06/06,47.612
2015/06/07,48.699
2015/06/08,56.555
2015/06/09,38.416
2015/06/10,51.917
2015/06/11,37.94
2015/06/12,39.648
2015/06/13,71.556
2015/06/14,62.599
2015/06/15,61.648
2015/06/16,85.727
2015/06/17,92.907
2015/06/18,97.505
2015/06/19,94.153
2015/06/20,27.614
2015/06/21,25.769
2015/06/22,74.275
2015/06/23,38.481
2015/06/24,36.71
2015/06/25,40.103
2015/06/26,45.95
2015/06/27,50.863
2015/06/28,50.032
2015/06/29,44.115
2015/06/30,86.467
2015/07/01,40.99
2015/07/02,56.872
2015/07/03,59.717
2015/07/04,54.201
2015/07/05,70.799
2015/07/06,85.199
2015/07/07,90.185
2015/07/08,94.154
2015/07/09,48.072
2015/07/10,41.638
2015/07/11,62.061
2015/07/12,71.907
2015/07/13,47.774
2015/07/14,72.889
2015/07/15,58.04
2015/07/16,64.217
2015/07/17,29.259
2015/07/18,81.056
2015/07/19,32.666
2015/07/20,62.95
2015/07/21,40.91
2015/07/22,44.433
2015/07/23,53.811
2015/07/24,45.078
2015/07/25,42.557
2015/07/26,58.669
2015/07/27,75.009
2015/07/28,51.497
2015/07/29,66.976
2015/07/30,67.02
2015/07/31,45.816
2015/08/01,25.571
2015/08/02,18.689
2015/08/03,46.401
2015/08/04,69.71
2015/08/05,57.599
2015/08/06,68.85
2015/08/07,32.721
2015/08/08,28.842
2015/08/09,21.19
2015/08/10,55.346
2015/08/11,42.618
2015/08/12,36.057
2015/08/13,28.481
2015/08/14,43.892
2015/08/15,40.883
2015/08/16,27.82
2015/08/17,19.334
2015/08/18,39.218
2015/08/19,13.954
2015/08/20,43.642
2015/08/21,31.32
2015/08/22,40.274
2015/08/23,52.268
2015/08/24,27.824
2015/08/25,21.462
2015/08/26,42.762
2015/08/27,33.664
2015/08/28,50.64
2015/08/29,44.523
2015/08/30,42.18
2015/08/31,81.232
2015/09/01,34.356
2015/09/02,90.736
2015/09/03,43.042
2015/09/04,50.086
2015/09/05,45.327
2015/09/06,40.631
2015/09/07,58.901
2015/09/08,40.977
2015/09/09,47.398
2015/09/10,52.991
2015/09/11,41.916
2015/09/12,39.425
2015/09/13,13.716
2015/09/14,31.959
2015/09/15,25.098
2015/09/16,14.742
2015/09/17,6.124
2015/09/18,51.855
2015/09/19,66.095
2015/09/20,68.278
2015/09/21,77.647
2015/09/22,59.698
2015/09/23,50.313
2015/09/24,51.682
2015/09/25,75.068
2015/09/26,77.792
2015/09/27,46.177
2015/09/28,33.052
2015/09/29,46.671
2015/09/30,38.42
2015/10/01,75.828
2015/10/02,35.661
2015/10/03,32.424
2015/10/04,45.126
2015/10/05,42.777
2015/10/06,33.558
2015/10/07,59.55
2015/10/08,70.668
2015/10/09,83.66
2015/10/10,61.709
2015/10/11,36.698
2015/10/12,52.294
2015/10/13,40.291
2015/10/14,66.979
2015/10/15,51.947
2015/10/16,80.568
2015/10/17,86.321
2015/10/18,56.073
2015/10/19,62.898
2015/10/20,85.582
2015/10/21,40.796
2015/10/22,57.591
2015/10/23,62.68
2015/10/24,49.323
2015/10/25,57.272
2015/10/26,87.675
2015/10/27,43.415
2015/10/28,49.147
2015/10/29,72.979
2015/10/30,59.272
2015/10/31,44.664
2015/11/01,35.19
2015/11/02,68.911
2015/11/03,80.054
2015/11/04,94.412
2015/11/05,49.2
2015/11/06,45.271
2015/11/07,35.356
2015/11/08,41.768
2015/11/09,48.016
2015/11/10,36.763
2015/11/11,17.93
2015/11/12,15.542
2015/11/13,27.595
2015/11/14,24.589
2015/11/15,19.527
2015/11/16,54.47
2015/11/17,50.929
2015/11/18,42.202
2015/11/19,40.372
2015/11/20,20.823
2015/11/21,13.794
2015/11/22,73.451
2015/11/23,61.808
2015/11/24,34.834
2015/11/25,57.607
2015/11/26,67.117
2015/11/27,72.403
2015/11/28,46.176
2015/11/29,73.821
2015/11/30,89.25
2015/12/01,55.644
2015/12/02,48.892
2015/12/03,60.069
2015/12/04,33.033
2015/12/05,50.816
2015/12/06,67.373
2015/12/07,70.858
2015/12/08,59.933
2015/12/09,79.242
2015/12/10,75.035
2015/12/11,95.404
2015/12/12,55.922
2015/12/13,50.299
2015/12/14,53.929
2015/12/15,68.521
2015/12/16,46.904
2015/12/17,55.888
2015/12/18,65.457
2015/12/19,35.813
2015/12/20,51.123
2015/12/21,50.117
2015/12/22,39.037
2015/12/23,62.105
2015/12/24,50.562
2015/12/25,22.887
2015/12/26,28.965
2015/12/27,12.678
2015/12/28,58.387
2015/12/29,37.528
2015/12/30,53.78
2015/12/31,31.106
2016/01/01,28.304
2016/01/02,85.058
2016/01/03,42.471
2016/01/04,44.078
2016/01/05,53.09
2016/01/06,50.956
2016/01/07,77.621
2016/01/08,55.185
2016/01/09,37.657
2016/01/10,44.203
2016/01/11,67.892
2016/01/12,47.664
2016/01/13,42.423
2016/01/14,29.68
2016/01/15,53.998
2016/01/16,21.746
2016/01/17,27.112
2016/01/18,41.955
2016/01/19,76.186
2016/01/20,84.004
2016/01/21,89.484
2016/01/22,48.239
2016/01/23,37.435
2016/01/24,38.561
2016/01/25,53.983
2016/01/26,43.705
2016/01/27,65.733
2016/01/28,44.293
2016/01/29,33.747
2016/01/30,22.616
2016/01/31,18.033
2016/02/01,83.238
2016/02/02,69.943
2016/02/03,54.494
2016/02/04,23.232
2016/02/05,31.459
2016/02/06,21.225
2016/02/07,29.831
2016/02/08,38.579
2016/02/09,27.38
2016/02/10,57.977
2016/02/11,71.054
2016/02/12,53.724
2016/02/13,52.852
2016/02/14,66.366
2016/02/15,76.083
2016/02/16,83.345
2016/02/17,86.537
2016/02/18,95.094
2016/02/19,96.84
2016/02/20,47.057
2016/02/21,61.512
2016/02/22,52.225
2016/02/23,54.106
2016/02/24,67.121
2016/02/25,83.2
2016/02/26,63.546
2016/02/27,66.232
2016/02/28,21.024
2016/02/29,66.831
2016/03/01,74.569
2016/03/02,96.234
2016/03/03,48.64
2016/03/04,46.64
2016/03/05,49.863
2016/03/06,37.528
2016/03/07,37.465
2016/03/08,28.191
2016/03/09,74.567
2016/03/10,36.163
2016/03/11,34.142
2016/03/12,30.317
2016/03/13,59.548
2016/03/14,41.322
2016/03/15,39.923
2016/03/16,57.209
2016/03/17,53.162
2016/03/18,31.142
2016/03/19,19.102
2016/03/20,17.447
2016/03/21,53.58
2016/03/22,59.648
2016/03/23,55.09
2016/03/24,44.561
2016/03/25,21.096
2016/03/26,75.299
2016/03/27,43.363
2016/03/28,71.493
2016/03/29,85.877
2016/03/30,44.083
2016/03/31,41.9
2016/04/01,59.99
2016/04/02,70.071
2016/04/03,47.66
2016/04/04,31.552
2016/04/05,39.4
2016/04/06,70.916
2016/04/07,34.064
2016/04/08,33.5
2016/04/09,24.929
2016/04/10,21.701
2016/04/11,62.401
2016/04/12,57.24
2016/04/13,48.53
2016/04/14,38.138
2016/04/15,61.663
2016/04/16,34.045
2016/04/17,25.848
2016/04/18,67.618
2016/04/19,44.643
2016/04/20,55.896
2016/04/21,61.271
2016/04/22,64.145
2016/04/23,28.943
2016/04/24,40.379
2016/04/25,68.334
2016/04/26,99.273
2016/04/27,40.143
2016/04/28,40.2
2016/04/29,39.874
2016/04/30,39.874
2016/05/01,38.893
2016/05/02,43.028
2016/05/03,40.704
2016/05/04,45.339
2016/05/05,41.502
2016/05/06,41.633
2016/05/07,39.958
2016/05/08,37.115
2016/05/09,30.743
2016/05/10,61.957
2016/05/11,59.51
2016/05/12,73.152
2016/05/13,75.75
2016/05/14,91.6
2016/05/15,92
2016/05/16,96.817
2016/05/17,73.198
2016/05/18,76.395
2016/05/19,77.126
2016/05/20,45.153
2016/05/21,87.783
2016/05/22,35.943
2016/05/23,44.888
2016/05/24,42.996
2016/05/25,45.469
2016/05/26,63.38
2016/05/27,91.943
2016/05/28,58.008
2016/05/29,63.413
2016/05/30,69.454
2016/05/31,41.139
2016/06/01,37.35
2016/06/02,55.7
2016/06/03,40.397
2016/06/04,56.814
2016/06/05,52.306
2016/06/06,63.368
2016/06/07,41.148
2016/06/08,25.771
2016/06/09,43.929
2016/06/10,58.518
2016/06/11,32.102
2016/06/12,84.242
2016/06/13,89.808
2016/06/14,93.562
2016/06/15,96.59
2016/06/16,97.053
2016/06/17,97.526
2016/06/18,75.141
2016/06/19,57.347
2016/06/20,74.527
2016/06/21,37.037
2016/06/22,51.078
2016/06/23,20.943
2016/06/24,47.92
2016/06/25,41.307
2016/06/26,34.91
2016/06/27,24.294
2016/06/28,20.797
2016/06/29,17.447
2016/06/30,23.002
2016/07/01,67.429
2016/07/02,46.568
2016/07/03,29.117
2016/07/04,28.181
2016/07/05,37.734
2016/07/06,37.078
2016/07/07,18.349
2016/07/08,57.414
2016/07/09,30.064
2016/07/10,14.861
2016/07/11,57.025
2016/07/12,32.409
2016/07/13,49.931
2016/07/14,65.834
2016/07/15,54.711
2016/07/16,75.144
2016/07/17,78.104
2016/07/18,53.526
2016/07/19,67.617
2016/07/20,71.389
2016/07/21,52.177
2016/07/22,75.2
2016/07/23,82.771
2016/07/24,34.852
2016/07/25,54.221
2016/07/26,60.67
2016/07/27,78.694
2016/07/28,56.032
2016/07/29,65.337
2016/07/30,79.93
2016/07/31,91.498
2016/08/01,38.642
2016/08/02,32.221
2016/08/03,20.556
2016/08/04,19.997
2016/08/05,50.21
2016/08/06,35.158
2016/08/07,69.793
2016/08/08,76.809
2016/08/09,40.878
2016/08/10,35.413
2016/08/11,42.786
2016/08/12,32.2
2016/08/13,24.325
2016/08/14,42.694
2016/08/15,69.632
2016/08/16,56.047
2016/08/17,36.679
2016/08/18,51.596
2016/08/19,64.593
2016/08/20,27.03
2016/08/21,18.099
2016/08/22,41.525
2016/08/23,36.985
2016/08/24,26.751
2016/08/25,25.501
2016/08/26,27.798
2016/08/27,65.96
2016/08/28,39.576
2016/08/29,55.879
2016/08/30,27.987
2016/08/31,46.732
2016/09/01,30.572
2016/09/02,18.429
2016/09/03,66.513
2016/09/04,44.681
2016/09/05,66.851
2016/09/06,47.889
2016/09/07,41.238
2016/09/08,60.371
2016/09/09,79.759
2016/09/10,48.626
2016/09/11,44.841
2016/09/12,43.89
2016/09/13,69.948
2016/09/14,43.85
2016/09/15,28.374
2016/09/16,74.473
2016/09/17,42.74
2016/09/18,51.013
2016/09/19,66.309
2016/09/20,47.731
2016/09/21,35.88
2016/09/22,35.531
2016/09/23,33.487
2016/09/24,65.143
2016/09/25,27.442
2016/09/26,43.487
2016/09/27,44.205
2016/09/28,66.444
2016/09/29,74.451
2016/09/30,49.588
2016/10/01,59.866
2016/10/02,65.076
2016/10/03,83.474
2016/10/04,35.499
2016/10/05,45.498
2016/10/06,63.865
2016/10/07,41.381
2016/10/08,42.279
2016/10/09,61.375
2016/10/10,86.581
2016/10/11,90.077
2016/10/12,61.981
2016/10/13,59.083
2016/10/14,39.531
2016/10/15,68.453
2016/10/16,52.439
2016/10/17,73.132
2016/10/18,74.274
2016/10/19,79.803
2016/10/20,90.709
2016/10/21,27.657
2016/10/22,55.723
2016/10/23,79.718
2016/10/24,80.777
2016/10/25,92.107
2016/10/26,97.4
2016/10/27,39.789
2016/10/28,37.918
2016/10/29,38.012
2016/10/30,32.388
2016/10/31,41.127
2016/11/01,52.012
2016/11/02,36.032
2016/11/03,31.844
2016/11/04,67.079
2016/11/05,42.767
2016/11/06,49.276
2016/11/07,64.553
2016/11/08,35.621
2016/11/09,52.962
2016/11/10,41.618
2016/11/11,27.656
2016/11/12,27.536
2016/11/13,20.791
2016/11/14,47.381
2016/11/15,48.213
2016/11/16,26.18
2016/11/17,82.846
2016/11/18,59.854
2016/11/19,47.012
2016/11/20,56.17
2016/11/21,78.107
2016/11/22,86.876
2016/11/23,92.964
2016/11/24,94.689
2016/11/25,96.346
2016/11/26,38.554
2016/11/27,29.136
2016/11/28,47.853
2016/11/29,37.15
2016/11/30,33.379
2016/12/01,80.042
2016/12/02,56.836
2016/12/03,40.54
2016/12/04,55.598
2016/12/05,55.645
2016/12/06,47.585
2016/12/07,27.89
2016/12/08,25.899
2016/12/09,55.137
2016/12/10,42.221
2016/12/11,26.982
2016/12/12,53.355
2016/12/13,39.404
2016/12/14,34.262
2016/12/15,69.834
2016/12/16,59.892
2016/12/17,50.549
2016/12/18,54.459
2016/12/19,85.009
2016/12/20,44.008
2016/12/21,63.813
2016/12/22,65.619
2016/12/23,74.886
2016/12/24,87.142
2016/12/25,32.896
2016/12/26,69.41
2016/12/27,54.401
2016/12/28,66.835
2016/12/29,75.031
2016/12/30,63.69
2016/12/31,39.921
2017/01/01,71.022
2017/01/02,84.571
2017/01/03,85.644
2017/01/04,97.81
2017/01/05,45.23
2017/01/06,35.42
2017/01/07,33.093
2017/01/08,31.65
2017/01/09,40.962
2017/01/10,39.269
2017/01/11,28.921
2017/01/12,18.322
2017/01/13,27.165
2017/01/14,40.471
2017/01/15,30.447
2017/01/16,67.376
2017/01/17,71.531
2017/01/18,61.477
2017/01/19,73.589
2017/01/20,42.01
2017/01/21,61.177
2017/01/22,71.173
2017/01/23,93.169
2017/01/24,95.593
2017/01/25,50.251
2017/01/26,35.72
2017/01/27,55.174
2017/01/28,73.257
2017/01/29,71.908
2017/01/30,83.343
2017/01/31,47.701
2017/02/01,40.521
2017/02/02,77.569
2017/02/03,59.947
2017/02/04,53.398
2017/02/05,42.756
2017/02/06,86.43
2017/02/07,49.102
2017/02/08,46.924
2017/02/09,40.897
2017/02/10,26.66
2017/02/11,25.867
2017/02/12,21.616
2017/02/13,51.883
2017/02/14,38.987
2017/02/15,46.587
2017/02/16,87.537
2017/02/17,57.008
2017/02/18,62.641
2017/02/19,51.829
2017/02/20,70.734
2017/02/21,81.54
2017/02/22,89.058
2017/02/23,90.802
2017/02/24,93.492
2017/02/25,43.752
2017/02/26,52.914
2017/02/27,77.793
2017/02/28,80.698
2017/03/01,86.368
2017/03/02,92.204
2017/03/03,93.857
2017/03/04,96.567
2017/03/05,56.938
2017/03/06,73.867
2017/03/07,61.815
2017/03/08,34.675
2017/03/09,29.196
2017/03/10,61.44
2017/03/11,34.875
2017/03/12,64.068
2017/03/13,53.463
2017/03/14,61.423
2017/03/15,54.144
2017/03/16,43.336
2017/03/17,28.622
2017/03/18,12.982
2017/03/19,8.462
2017/03/20,52.996
2017/03/21,62.129
2017/03/22,44.663
2017/03/23,33.742
2017/03/24,21.44
2017/03/25,11.092
2017/03/26,9.506
2017/03/27,64.642
2017/03/28,60.403
2017/03/29,42.852
2017/03/30,30.96
2017/03/31,71.174
2017/04/01,49.351
2017/04/02,49.299
2017/04/03,67.161
2017/04/04,73.012
2017/04/05,47.31
2017/04/06,64.183
2017/04/07,69.784
2017/04/08,63.243
2017/04/09,31.541
2017/04/10,51.095
2017/04/11,62.026
2017/04/12,76.692
2017/04/13,94.278
2017/04/14,48.348
2017/04/15,36.185
2017/04/16,38.062
2017/04/17,34.773
2017/04/18,39.066
2017/04/19,20.983
2017/04/20,77.64
2017/04/21,49.43
2017/04/22,35.298
2017/04/23,42.695
2017/04/24,74.419
2017/04/25,73.615
2017/04/26,49.334
2017/04/27,74.415
2017/04/28,59.869
2017/04/29,40.506
2017/04/30,30.425
2017/05/01,62.347
2017/05/02,75.776
2017/05/03,80.694
2017/05/04,87.557
2017/05/05,94.148
2017/05/06,45.572
2017/05/07,58.552
2017/05/08,63.206
2017/05/09,79.027
2017/05/10,86.162
2017/05/11,87.708
2017/05/12,91.368
2017/05/13,39.742
2017/05/14,27.42
2017/05/15,64.744
2017/05/16,88.936
2017/05/17,91.471
2017/05/18,66.891
2017/05/19,74.2
2017/05/20,38.623
2017/05/21,41.077
2017/05/22,70.174
2017/05/23,75.944
2017/05/24,88.031
2017/05/25,92.011
2017/05/26,63.09
2017/05/27,57.312
2017/05/28,33.994
2017/05/29,63.752
2017/05/30,77.874
2017/05/31,81.638
2017/06/01,87.606
2017/06/02,78.724
2017/06/03,87.352
2017/06/04,53.892
2017/06/05,60.158
2017/06/06,84.147
2017/06/07,91.988
2017/06/08,40.282
2017/06/09,46.68
2017/06/10,39.652
2017/06/11,54.827
2017/06/12,36.075
2017/06/13,49.789
2017/06/14,34.718
2017/06/15,16.075
2017/06/16,14.049
2017/06/17,13.091
2017/06/18,20.123
2017/06/19,56.152
2017/06/20,68.654
2017/06/21,88.495
2017/06/22,84.457
2017/06/23,28.806
2017/06/24,32.979
2017/06/25,40.699
2017/06/26,31.886
2017/06/27,24.407
2017/06/28,36.428
2017/06/29,67.759
2017/06/30,32.76
2017/07/01,16.057
2017/07/02,10.557
2017/07/03,40.884
2017/07/04,51.673
2017/07/05,27.151
2017/07/06,49.587
2017/07/07,36.185
2017/07/08,24.332
2017/07/09,22.067
2017/07/10,17.713
2017/07/11,12.272
2017/07/12,41.903
2017/07/13,42.362
2017/07/14,60.992
2017/07/15,93.96
2017/07/16,33.881
2017/07/17,39.008
2017/07/18,45.949
2017/07/19,41.433
2017/07/20,66.857
2017/07/21,68.56
2017/07/22,43.299
2017/07/23,33.585
2017/07/24,33.441
2017/07/25,27.055
2017/07/26,23.639
2017/07/27,49.631
2017/07/28,71.073
2017/07/29,57.621
2017/07/30,57.73
2017/07/31,85.449
2017/08/01,26.133
2017/08/02,34.483
2017/08/03,29.648
2017/08/04,18.534
2017/08/05,37.294
2017/08/06,31.65
2017/08/07,58.453
2017/08/08,80.179
2017/08/09,83.02
2017/08/10,92.898
2017/08/11,95.667
2017/08/12,96.517
2017/08/13,75.05
2017/08/14,93.196
2017/08/15,95.726
2017/08/16,97.136
2017/08/17,60.004
2017/08/18,60.312
2017/08/19,37.163
2017/08/20,36.72
2017/08/21,76.586
2017/08/22,90.629
2017/08/23,92.416
2017/08/24,95.123
2017/08/25,97.012
2017/08/26,65.291
2017/08/27,28.38
2017/08/28,53.022
2017/08/29,53.959
2017/08/30,37.329
2017/08/31,47.327
2017/09/01,36.536
2017/09/02,22.442
2017/09/03,20.438
2017/09/04,15.232
2017/09/05,7.011
2017/09/06,17.492
2017/09/07,27.72
2017/09/08,10.523
2017/09/09,6.877
2017/09/10,22.874
2017/09/11,15.594
2017/09/12,13.044
2017/09/13,8.07
2017/09/14,16.464
2017/09/15,15.454
2017/09/16,12.759
2017/09/17,9.574
2017/09/18,81.585
2017/09/19,50.807
2017/09/20,51.528
2017/09/21,32.698
2017/09/22,27.094
2017/09/23,25.103
2017/09/24,18.782
2017/09/25,73.373
2017/09/26,55.721
2017/09/27,56.58
2017/09/28,39.781
2017/09/29,29.361
2017/09/30,49.294
2017/10/01,77.493
2017/10/02,82.779
2017/10/03,47.915
2017/10/04,59.464
2017/10/05,59.491
2017/10/06,36.849
2017/10/07,21.357
2017/10/08,33.122
2017/10/09,60.797
2017/10/10,79.157
2017/10/11,52.565
2017/10/12,79.704
2017/10/13,94.887
2017/10/14,67.618
2017/10/15,40.672
2017/10/16,47.552
2017/10/17,48.655
2017/10/18,35.467
2017/10/19,31.59
2017/10/20,30.134
2017/10/21,54.826
2017/10/22,46.864
2017/10/23,68.739
2017/10/24,60.74
2017/10/25,17.072
2017/10/26,14.256
2017/10/27,75.183
2017/10/28,83.678
2017/10/29,85.783
2017/10/30,87.891
2017/10/31,89.566
2017/11/01,93.472
2017/11/02,79.888
2017/11/03,94.313
2017/11/04,81.594
2017/11/05,43.919
2017/11/06,61.18
2017/11/07,52.612
2017/11/08,60.52
2017/11/09,85.091
2017/11/10,89.191
2017/11/11,96.415
2017/11/12,99.192
2017/11/13,69.587
2017/11/14,59.786
2017/11/15,45.748
2017/11/16,36.56
2017/11/17,24.966
2017/11/18,16.384
2017/11/19,13.223
2017/11/20,27.259
2017/11/21,19.06
2017/11/22,18.347
2017/11/23,13.757
2017/11/24,17.087
2017/11/25,7.536
2017/11/26,23.392
2017/11/27,51.783
2017/11/28,67.017
2017/11/29,81.674
2017/11/30,58.553
2017/12/01,36.022
2017/12/02,45.526
2017/12/03,34.632
2017/12/04,53.187
2017/12/05,48.51
2017/12/06,78.041
2017/12/07,97.078
2017/12/08,99.067
2017/12/09,67.553
2017/12/10,57.667
2017/12/11,65.811
2017/12/12,74.674
2017/12/13,69.038
2017/12/14,48.237
2017/12/15,71.759
2017/12/16,76.797
2017/12/17,71.107
2017/12/18,80.306
2017/12/19,91.083
2017/12/20,96.997
2017/12/21,98.74
2017/12/22,98.761
2017/12/23,76.686
2017/12/24,38.128
2017/12/25,33.747
2017/12/26,50.4
2017/12/27,32.064
2017/12/28,23.315
2017/12/29,14.662
2017/12/30,11.314
2017/12/31,6.689
2018/01/01,18.095
2018/01/02,21.343
2018/01/03,46.281
2018/01/04,35.777
2018/01/05,74.239
2018/01/06,74.02
2018/01/07,55.522
2018/01/08,54.173
2018/01/09,59.583
2018/01/10,30.569
2018/01/11,20.782
2018/01/12,24.882
2018/01/13,22.476
2018/01/14,39.372
2018/01/15,10.121
2018/01/16,6.427
2018/01/17,4.169
2018/01/18,38.271
2018/01/19,27.05
2018/01/20,20.212
2018/01/21,8.637
2018/01/22,3.877
2018/01/23,2.537
2018/01/24,19.251
2018/01/25,13.623
2018/01/26,13.287
2018/01/27,10.787
2018/01/28,7.08
2018/01/29,4.565
2018/01/30,10.295
2018/01/31,36.434
2018/02/01,37.884
2018/02/02,77.425
2018/02/03,30.601
2018/02/04,23.063
2018/02/05,33.886
2018/02/06,20.811
2018/02/07,20.613
2018/02/08,16.979
2018/02/09,16.231
2018/02/10,25.039
2018/02/11,12.461
2018/02/12,10.243
2018/02/13,10.409
2018/02/14,6.739
2018/02/15,34.241
2018/02/16,30.876
2018/02/17,23.66
2018/02/18,26.462
2018/02/19,21.986
2018/02/20,44.184
2018/02/21,7.491
2018/02/22,7.164
2018/02/23,80.689
2018/02/24,91.874
2018/02/25,38.861
2018/02/26,36.142
2018/02/27,35.787
2018/02/28,47.801
2018/03/01,36.274
2018/03/02,36.128
2018/03/03,40.511
2018/03/04,35.986
2018/03/05,54.074
2018/03/06,24.624
2018/03/07,17.063
2018/03/08,24.729
2018/03/09,17.581
2018/03/10,70.766
2018/03/11,70.343
2018/03/12,31.421
2018/03/13,71.076
2018/03/14,38.431
2018/03/15,33.179
2018/03/16,30.246
2018/03/17,25.052
2018/03/18,30.449
2018/03/19,46.226
2018/03/20,51.039
2018/03/21,56.687
2018/03/22,39.138
2018/03/23,30.44
2018/03/24,28.103
2018/03/25,45.746
2018/03/26,26.589
2018/03/27,25.093
2018/03/28,13.332
2018/03/29,12.381
2018/03/30,5.853
2018/03/31,5.522
2018/04/01,4.399
2018/04/02,3.141
2018/04/03,34.662
2018/04/04,49.258
2018/04/05,31.224
2018/04/06,90.383
2018/04/07,66.435
2018/04/08,44.076
2018/04/09,27.067
2018/04/10,24.126
2018/04/11,29.673
2018/04/12,78.229
2018/04/13,82.635
2018/04/14,54.416
2018/04/15,50.117
2018/04/16,36.222
2018/04/17,33.443
2018/04/18,28.563
2018/04/19,49.269
2018/04/20,74.878
2018/04/21,85.461
2018/04/22,43.902
2018/04/23,48.694
2018/04/24,94.043
2018/04/25,97.773
2018/04/26,57.031
2018/04/27,48.4
2018/04/28,35.859
2018/04/29,33.455
2018/04/30,27.283
2018/05/01,22.745
2018/05/02,44.091
2018/05/03,40.381
2018/05/04,53.493
2018/05/05,36.075
2018/05/06,58.677
2018/05/07,44.388
2018/05/08,28.677
2018/05/09,22.099
2018/05/10,13.833
2018/05/11,61.815
2018/05/12,39.647
2018/05/13,35.491
2018/05/14,57.409
2018/05/15,64.997
2018/05/16,36.089
2018/05/17,83.74
2018/05/18,88.307
2018/05/19,37.076
2018/05/20,32.78
2018/05/21,32.435
2018/05/22,24.346
2018/05/23,24.541
2018/05/24,25.788
2018/05/25,41.689
2018/05/26,29.66
2018/05/27,22.217
2018/05/28,52.881
2018/05/29,36.46
2018/05/30,18.965
2018/05/31,15.955
2018/06/01,13.821
2018/06/02,11.492
2018/06/03,18.525
2018/06/04,39.722
2018/06/05,18.235
2018/06/06,45.98
2018/06/07,61.101
2018/06/08,35.509
2018/06/09,69.846
2018/06/10,36.807
2018/06/11,57.634
2018/06/12,41.761
2018/06/13,80.77
2018/06/14,50.238
2018/06/15,39.571
2018/06/16,33.762
2018/06/17,70.279
2018/06/18,34.973
2018/06/19,86.284
2018/06/20,95.362
2018/06/21,45.325
2018/06/22,42.607
2018/06/23,34.259
2018/06/24,32.569
2018/06/25,33.861
2018/06/26,32.864
2018/06/27,33.764
2018/06/28,27.603
2018/06/29,24.886
2018/06/30,26.558
2018/07/01,17.791
2018/07/02,34.815
2018/07/03,51.938
2018/07/04,29.891
2018/07/05,26.512
2018/07/06,42.865
2018/07/07,30.766
2018/07/08,43.685
2018/07/09,35.497
2018/07/10,53.173
2018/07/11,36.48
2018/07/12,20.384
2018/07/13,30.147
2018/07/14,18.118
2018/07/15,53.014
2018/07/16,79.59
2018/07/17,75.871
2018/07/18,92.411
2018/07/19,79.455
2018/07/20,40.154
2018/07/21,31.521
2018/07/22,27.397
2018/07/23,68.548
2018/07/24,73.543
2018/07/25,62.854
2018/07/26,49.344
2018/07/27,25.873
2018/07/28,27.257
2018/07/29,44.597
2018/07/30,72.607
2018/07/31,58.831
2018/08/01,23.664
2018/08/02,61.611
2018/08/03,43.233
2018/08/04,30.586
2018/08/05,21.23
2018/08/06,26.109
2018/08/07,24.513
2018/08/08,31.001
2018/08/09,49.349
2018/08/10,39.227
2018/08/11,16.251
2018/08/12,15.2
2018/08/13,61.324
2018/08/14,78.377
2018/08/15,48.32
2018/08/16,68.696
2018/08/17,74.458
2018/08/18,34.566
2018/08/19,58.712
2018/08/20,81.8
2018/08/21,52.725
2018/08/22,46.873
2018/08/23,29.325
2018/08/24,29.259
2018/08/25,65.164
2018/08/26,87.586
2018/08/27,69.763
2018/08/28,85.752
2018/08/29,35.221
2018/08/30,37.006
2018/08/31,39.679
2018/09/01,30.305
2018/09/02,29.401
2018/09/03,35.142
2018/09/04,63.099
2018/09/05,80.964
2018/09/06,52.075
2018/09/07,48.481
2018/09/08,22.266
2018/09/09,29.885
2018/09/10,23.699
2018/09/11,43.197
2018/09/12,52.522
2018/09/13,29.115
2018/09/14,51.58
2018/09/15,24.968
2018/09/16,23.279
2018/09/17,22.036
2018/09/18,39.567
2018/09/19,22.172
2018/09/20,41.783
2018/09/21,80.986
2018/09/22,56.497
2018/09/23,38.816
2018/09/24,28.868
2018/09/25,56.286
2018/09/26,60.684
2018/09/27,78.229
2018/09/28,89.5
2018/09/29,44.016
2018/09/30,32.624
2018/10/01,54.369
2018/10/02,68.564
2018/10/03,43.558
2018/10/04,33.55
2018/10/05,51.023
2018/10/06,42.532
2018/10/07,20.399
2018/10/08,38.903
2018/10/09,45.54
2018/10/10,32.6
2018/10/11,42.984
2018/10/12,58.928
2018/10/13,32.378
2018/10/14,34.912
2018/10/15,80.16
2018/10/16,53.971
2018/10/17,48.034
2018/10/18,44.677
2018/10/19,37.11
2018/10/20,22.501
2018/10/21,17.089
2018/10/22,49.165
2018/10/23,48.085
2018/10/24,56.667
2018/10/25,67.522
2018/10/26,76.007
2018/10/27,18.181
2018/10/28,66.808
2018/10/29,57.835
2018/10/30,40.361
2018/10/31,26.403
2018/11/01,42.173
2018/11/02,46.625
2018/11/03,25.313
2018/11/04,38.096
2018/11/05,63.259
2018/11/06,73.393
2018/11/07,79.556
2018/11/08,87.869
2018/11/09,90.317
2018/11/10,34.803
2018/11/11,21.507
2018/11/12,45.553
2018/11/13,47.757
2018/11/14,82.295
2018/11/15,93.039
2018/11/16,88.52
2018/11/17,31.788
2018/11/18,28.461
2018/11/19,73.635
2018/11/20,85.714
2018/11/21,57.968
2018/11/22,39.439
2018/11/23,33.155
2018/11/24,29.599
2018/11/25,27.343
2018/11/26,46.583
2018/11/27,34.809
2018/11/28,60.25
2018/11/29,79.033
2018/11/30,52.788
2018/12/01,32.119
2018/12/02,22.979
2018/12/03,43.388
2018/12/04,34.261
2018/12/05,24.907
2018/12/06,22.383
2018/12/07,41.207
2018/12/08,18.546
2018/12/09,14.406
2018/12/10,42.889
2018/12/11,44.873
2018/12/12,35.763
2018/12/13,29.662
2018/12/14,45.804
2018/12/15,19.104
2018/12/16,16.817
2018/12/17,39.486
2018/12/18,79.984
2018/12/19,86.663
2018/12/20,67.954
2018/12/21,80.278
2018/12/22,33.221
2018/12/23,26.477
2018/12/24,57.225
2018/12/25,37.281
2018/12/26,29.728
2018/12/27,28.002
2018/12/28,32.091
2018/12/29,38.842
2018/12/30,25.7
2018/12/31,54.608
2019/01/01,28.234
2019/01/02,64.836
2019/01/03,63.907
2019/01/04,68.636
2019/01/05,25.891
2019/01/06,58.557
2019/01/07,76.875
2019/01/08,49.16
2019/01/09,60.735
2019/01/10,58.862
2019/01/11,50.325
2019/01/12,24.721
2019/01/13,17.24
2019/01/14,42.435
2019/01/15,60.461
2019/01/16,74.124
2019/01/17,65.276
2019/01/18,39.744
2019/01/19,30.814
2019/01/20,16.07
2019/01/21,49.111
2019/01/22,62.255
2019/01/23,72.187
2019/01/24,61.816
2019/01/25,75.68
2019/01/26,39.856
2019/01/27,24.227
2019/01/28,60.569
2019/01/29,46.189
2019/01/30,38.881
2019/01/31,67.195
2019/02/01,80.341
2019/02/02,32.031
2019/02/03,26.11
2019/02/04,29.476
2019/02/05,26.95
2019/02/06,57.504
2019/02/07,33.409
2019/02/08,60.643
2019/02/09,55.421
2019/02/10,33.817
2019/02/11,72.197
2019/02/12,89.456
2019/02/13,61.874
2019/02/14,41.061
2019/02/15,53.956
2019/02/16,36.933
2019/02/17,30.964
2019/02/18,62.903
2019/02/19,76.087
2019/02/20,82.415
2019/02/21,75.554
2019/02/22,64.014
2019/02/23,25.69
2019/02/24,47.601
2019/02/25,65.44
2019/02/26,43.965
2019/02/27,40.46
2019/02/28,27.571
2019/03/01,36.903
2019/03/02,23.635
2019/03/03,13.542
2019/03/04,62.914
2019/03/05,70.21
2019/03/06,86.962
2019/03/07,82.787
2019/03/08,57.961
2019/03/09,36.272
2019/03/10,25.907
2019/03/11,49.751
2019/03/12,57.275
2019/03/13,74.517
2019/03/14,72.55
2019/03/15,34.536
2019/03/16,20.324
2019/03/17,14.207
2019/03/18,23.074
2019/03/19,19.669
2019/03/20,61.382
2019/03/21,83.84
2019/03/22,45.699
2019/03/23,30.937
2019/03/24,29.329
2019/03/25,59.278
2019/03/26,66.983
2019/03/27,83.793
2019/03/28,76.835
2019/03/29,92.208
2019/03/30,61.334
2019/03/31,39.861
2019/04/01,69.697
2019/04/02,90.508
2019/04/03,95.426
2019/04/04,96.237
2019/04/05,48.093
2019/04/06,34.974
2019/04/07,42.976
2019/04/08,70.083
2019/04/09,62.087
2019/04/10,44.398
2019/04/11,43.121
2019/04/12,32.948
2019/04/13,14.595
2019/04/14,13.254
2019/04/15,42.888
2019/04/16,46.97
2019/04/17,56.231
2019/04/18,33.266
2019/04/19,57.665
2019/04/20,34.592
2019/04/21,17.496
2019/04/22,60.055
2019/04/23,81.663
2019/04/24,83.035
2019/04/25,46.23
2019/04/26,41.591
2019/04/27,21.389
2019/04/28,17.576
2019/04/29,51.758
2019/04/30,67.144
2019/05/01,35.938
2019/05/02,34.832
2019/05/03,65.335
2019/05/04,47.566
2019/05/05,56.665
2019/05/06,61.211
2019/05/07,84.397
2019/05/08,85.169
2019/05/09,88.492
2019/05/10,95.931
2019/05/11,96.216
2019/05/12,60.714
2019/05/13,52.67
2019/05/14,84.416
2019/05/15,94.309
2019/05/16,96.178
2019/05/17,79.355
2019/05/18,29.826
2019/05/19,33.899
2019/05/20,61.378
2019/05/21,68.652
2019/05/22,44.808
2019/05/23,36.872
2019/05/24,64.749
2019/05/25,35.526
2019/05/26,21.984
2019/05/27,65.113
2019/05/28,67.158
2019/05/29,56.999
2019/05/30,65.011
2019/05/31,84.391
2019/06/01,43.162
2019/06/02,32.919
2019/06/03,69.774
2019/06/04,49.191
2019/06/05,33.697
2019/06/06,26.452
2019/06/07,24.431
2019/06/08,19.258
2019/06/09,15.376
2019/06/10,44.998
2019/06/11,56.542
2019/06/12,60.4
2019/06/13,46.918
2019/06/14,62.107
2019/06/15,29.885
2019/06/16,44.66
2019/06/17,78.825
2019/06/18,50.072
2019/06/19,40.581
2019/06/20,65.719
2019/06/21,75.875
2019/06/22,76.931
2019/06/23,27.442
2019/06/24,47.366
2019/06/25,69.012
2019/06/26,86.78
2019/06/27,89.854
2019/06/28,54.864
2019/06/29,31.903
2019/06/30,33.227
2019/07/01,44.73
2019/07/02,28.869
2019/07/03,20.896
2019/07/04,20.234
2019/07/05,13.881
2019/07/06,8.43
2019/07/07,8.366
2019/07/08,45.352
2019/07/09,62.61
2019/07/10,84.264
2019/07/11,55.052
2019/07/12,35.191
2019/07/13,24.96
2019/07/14,21.165
2019/07/15,47.46
2019/07/16,41.811
2019/07/17,50.123
2019/07/18,71.385
2019/07/19,78.033
2019/07/20,30.614
2019/07/21,23.915
2019/07/22,48.263
2019/07/23,40.93
2019/07/24,42.105
2019/07/25,46.491
2019/07/26,25.116
2019/07/27,13.924
2019/07/28,9.364
2019/07/29,39.736
2019/07/30,75.058
2019/07/31,53.031
2019/08/01,48.66
2019/08/02,43.031
2019/08/03,19.486
2019/08/04,14.318
2019/08/05,66.291
2019/08/06,66.641
2019/08/07,86.17
2019/08/08,89.056
2019/08/09,69.825
2019/08/10,31.876
2019/08/11,25.131
2019/08/12,59.747
2019/08/13,69.806
2019/08/14,42.611
2019/08/15,35.387
2019/08/16,43.332
2019/08/17,26.628
2019/08/18,20.688
2019/08/19,46.094
2019/08/20,59.225
2019/08/21,72.442
2019/08/22,66.07
2019/08/23,28.711
2019/08/24,19.333
2019/08/25,12.95
2019/08/26,47.06
2019/08/27,45.698
2019/08/28,39.341
2019/08/29,31.881
2019/08/30,34.709
2019/08/31,13.36
2019/09/01,14.04
2019/09/02,57.092
2019/09/03,77.338
2019/09/04,82.977
2019/09/05,59.68
2019/09/06,57.343
2019/09/07,27.485
2019/09/08,20.054
2019/09/09,62.939
2019/09/10,68.479
2019/09/11,51.438
2019/09/12,32.682
2019/09/13,37.985
2019/09/14,18.294
2019/09/15,15.887
2019/09/16,56.374
2019/09/17,73.818
2019/09/18,58.486
2019/09/19,70.758
2019/09/20,48.761
2019/09/21,22.027
2019/09/22,18.68
2019/09/23,71.777
2019/09/24,61.813
2019/09/25,62.975
2019/09/26,29.541
2019/09/27,50.386
2019/09/28,26.457
2019/09/29,26.044
2019/09/30,71.692
2019/10/01,77.572
2019/10/02,48.502
2019/10/03,50.275
2019/10/04,26.397
2019/10/05,17.653
2019/10/06,17.642
2019/10/07,44.745
2019/10/08,56.245
2019/10/09,73.077
2019/10/10,74.739
2019/10/11,39.438
2019/10/12,26.679
2019/10/13,18.759
2019/10/14,55.531
2019/10/15,51.315
2019/10/16,64.385
2019/10/17,42.504
2019/10/18,36.629
2019/10/19,19.8
2019/10/20,15.722
2019/10/21,36.955
2019/10/22,56.199
2019/10/23,81.67
2019/10/24,83.647
2019/10/25,92.425
2019/10/26,98.157
2019/10/27,69.871
2019/10/28,59.479
2019/10/29,49.22
2019/10/30,37.768
2019/10/31,57.27
2019/11/01,64.829
2019/11/02,28.975
2019/11/03,22.769
2019/11/04,76.797
2019/11/05,56.576
2019/11/06,49.308
2019/11/07,47.61
2019/11/08,55.188
2019/11/09,21.982
2019/11/10,15.984
2019/11/11,33.345
2019/11/12,40.705
2019/11/13,61.1
2019/11/14,31.262
2019/11/15,40.718
2019/11/16,28.423
2019/11/17,27.749
2019/11/18,55.344
2019/11/19,71.578
2019/11/20,35.499
2019/11/21,66.838
2019/11/22,71.667
2019/11/23,23.862
2019/11/24,21.357
2019/11/25,61.724
2019/11/26,67.858
2019/11/27,51.376
2019/11/28,35.791
2019/11/29,58.081
2019/11/30,50.65
2019/12/01,29.635
2019/12/02,34.361
2019/12/03,26.958
2019/12/04,52.426
2019/12/05,33.678
2019/12/06,46.622
2019/12/07,26.101
2019/12/08,17.341
2019/12/09,52.923
2019/12/10,55.456
2019/12/11,71.796
2019/12/12,44.325
2019/12/13,40.015
2019/12/14,19.183
2019/12/15,61.049
2019/12/16,46.145
2019/12/17,49.227
2019/12/18,70.56
2019/12/19,77.53
2019/12/20,46.898
2019/12/21,22.652
2019/12/22,18.162
2019/12/23,53.231
2019/12/24,48.643
2019/12/25,35.692
2019/12/26,58.057
2019/12/27,37.277
2019/12/28,28.532
2019/12/29,27.627
2019/12/30,43.897
2019/12/31,48.482
2020/01/01,19.48
2020/01/02,46.247
2020/01/03,63.484
2020/01/04,38.391
2020/01/05,35.902
2020/01/06,83.881
2020/01/07,88.322
2020/01/08,94.759
2020/01/09,74.939
2020/01/10,79.401
2020/01/11,29.332
2020/01/12,24.321
2020/01/13,41.56
2020/01/14,66.019
2020/01/15,80.087
2020/01/16,47.943
2020/01/17,52.271
2020/01/18,34.991
2020/01/19,30.31
2020/01/20,26.577
2020/01/21,52.625
2020/01/22,55.525
2020/01/23,41.441
2020/01/24,18.578
2020/01/25,10.622
2020/01/26,15.856
2020/01/27,76.339
2020/01/28,74.053
2020/01/29,57.457
2020/01/30,55.363
2020/01/31,74.116
2020/02/01,42.383
2020/02/02,45.098
2020/02/03,66.106
2020/02/04,82.574
2020/02/05,57.864
2020/02/06,82.472
2020/02/07,87.632
2020/02/08,37.643
2020/02/09,34.51
2020/02/10,71.376
2020/02/11,73.625
2020/02/12,84.485
2020/02/13,72.177
2020/02/14,56.657
2020/02/15,34.949
2020/02/16,19.172
2020/02/17,18.231
2020/02/18,60.116
2020/02/19,66.836
2020/02/20,43.057
2020/02/21,22.951
2020/02/22,17.009
2020/02/23,15.854
2020/02/24,50.016
2020/02/25,54.781
2020/02/26,75.223
2020/02/27,46.765
2020/02/28,30.654
2020/02/29,19.502
2020/03/01,11.565
2020/03/02,53.99
2020/03/03,61.582
2020/03/04,50.761
2020/03/05,59.582
2020/03/06,75.372
2020/03/07,33.982
2020/03/08,25.112
2020/03/09,53.674
2020/03/10,67.879
2020/03/11,80.54
2020/03/12,92.015
2020/03/13,96.525
2020/03/14,47.182
2020/03/15,49.483
2020/03/16,56.365
2020/03/17,58.264
2020/03/18,73.111
2020/03/19,81.86
2020/03/20,91.132
2020/03/21,36.982
2020/03/22,28.268
2020/03/23,48.705
2020/03/24,38.592
2020/03/25,64.062
2020/03/26,50.94
2020/03/27,32.292
2020/03/28,20.525
2020/03/29,14.611
2020/03/30,21.66
2020/03/31,32.531
2020/04/01,27.39
2020/04/02,23.066
2020/04/03,46.831
2020/04/04,20.975
2020/04/05,16.582
2020/04/06,52.552
2020/04/07,62.887
2020/04/08,58.03
2020/04/09,62.427
2020/04/10,33.276
2020/04/11,16.938
2020/04/12,22.153
2020/04/13,22.77
2020/04/14,69.751
2020/04/15,79.576
2020/04/16,83.322
2020/04/17,86.353
2020/04/18,30.823
2020/04/19,25.76
2020/04/20,47.784
2020/04/21,54.235
2020/04/22,79.671
2020/04/23,92.985
2020/04/24,81.768
2020/04/25,51.499
2020/04/26,33.042
2020/04/27,49.048
2020/04/28,42.498
2020/04/29,88.371
2020/04/30,97.253
2020/05/01,90.8
2020/05/02,53.202
2020/05/03,42.915
2020/05/04,42.103
2020/05/05,52.194
2020/05/06,45.944
2020/05/07,77.46
2020/05/08,89.562
2020/05/09,59.116
2020/05/10,32.133
2020/05/11,55.409
2020/05/12,63.737
2020/05/13,76.539
2020/05/14,91.803
2020/05/15,82.942
2020/05/16,39.66
2020/05/17,54.852
2020/05/18,77.452
2020/05/19,82.068
2020/05/20,83.924
2020/05/21,66.974
2020/05/22,35.296
2020/05/23,17.775
2020/05/24,13.86
2020/05/25,13.386
2020/05/26,8.637
2020/05/27,8.557
2020/05/28,35.378
2020/05/29,58.141
2020/05/30,27.508
2020/05/31,27.075
2020/06/01,43.352
2020/06/02,72.72
2020/06/03,41.531
2020/06/04,26.566
2020/06/05,21.968
2020/06/06,13.241
2020/06/07,12.294
2020/06/08,36.709
2020/06/09,27.028
2020/06/10,38.52
2020/06/11,35.849
2020/06/12,21.103
2020/06/13,14.448
2020/06/14,10.217
2020/06/15,63.817
2020/06/16,77.126
2020/06/17,70.653
2020/06/18,77.125
2020/06/19,57.728
2020/06/20,27.634
2020/06/21,23.484
2020/06/22,53.329
2020/06/23,63.014
2020/06/24,66.89
2020/06/25,48.629
2020/06/26,23.949
2020/06/27,15.435
2020/06/28,11.773
2020/06/29,56.578
2020/06/30,77.199
2020/07/01,83.782
2020/07/02,83.917
2020/07/03,75.19
2020/07/04,24.489
2020/07/05,17.85
2020/07/06,41.422
2020/07/07,51.943
2020/07/08,69.749
2020/07/09,78.273
2020/07/10,55.754
2020/07/11,27.703
2020/07/12,19.132
2020/07/13,61.156
2020/07/14,77.468
2020/07/15,84.231
2020/07/16,88.043
2020/07/17,92.776
2020/07/18,73.073
2020/07/19,29.101
2020/07/20,64.617
2020/07/21,78.686
2020/07/22,86.08
2020/07/23,87.587
2020/07/24,52.239
2020/07/25,40.293
2020/07/26,27.796
2020/07/27,71.948
2020/07/28,87.953
2020/07/29,80.295
2020/07/30,84.623
2020/07/31,57.35
2020/08/01,45.23
2020/08/02,26.816
2020/08/03,35.945
2020/08/04,22.82
2020/08/05,68.501
2020/08/06,80.87
2020/08/07,44.639
2020/08/08,25.832
2020/08/09,21.553
2020/08/10,63.49
2020/08/11,61.25
2020/08/12,42.742
2020/08/13,37.732
2020/08/14,29.108
2020/08/15,17.475
2020/08/16,16.984
2020/08/17,55.181
2020/08/18,83.944
2020/08/19,72.96
2020/08/20,54.423
2020/08/21,64.937
2020/08/22,29.592
2020/08/23,19.116
2020/08/24,32.81
2020/08/25,50.952
2020/08/26,61.492
2020/08/27,71.282
2020/08/28,39.845
2020/08/29,25.52
2020/08/30,33.792
2020/08/31,61.545
2020/09/01,71.716
2020/09/02,82.536
2020/09/03,84.161
2020/09/04,90.844
2020/09/05,34.756
2020/09/06,21.861
2020/09/07,31.202
2020/09/08,23.873
2020/09/09,39.58
2020/09/10,56.844
2020/09/11,50.636
2020/09/12,19.312
2020/09/13,19.191
2020/09/14,36.974
2020/09/15,53.422
2020/09/16,51.393
2020/09/17,32.995
2020/09/18,46.169
2020/09/19,18.848
2020/09/20,11.857
2020/09/21,59.934
2020/09/22,68.757
2020/09/23,78.55
2020/09/24,66.702
2020/09/25,41.626
2020/09/26,20.37
2020/09/27,19.145
2020/09/28,55.187
2020/09/29,71.791
2020/09/30,79.942
2020/10/01,89.309
2020/10/02,92.823
2020/10/03,34.779
2020/10/04,30.739
2020/10/05,65.772
2020/10/06,69.995
2020/10/07,47.779
2020/10/08,53.579
2020/10/09,62.368
2020/10/10,33.513
2020/10/11,20.988
2020/10/12,44.327
2020/10/13,37.678
2020/10/14,44.757
2020/10/15,42.723
2020/10/16,22.641
2020/10/17,9.138
2020/10/18,34.409
2020/10/19,43.306
2020/10/20,75.54
2020/10/21,91.799
2020/10/22,95.654
2020/10/23,76.255
2020/10/24,40.663
2020/10/25,34.317
2020/10/26,69.092
2020/10/27,87.967
2020/10/28,90.778
2020/10/29,92.31
2020/10/30,93.517
2020/10/31,93.562
2020/11/01,27.517
2020/11/02,62.699
2020/11/03,54.301
2020/11/04,31.215
2020/11/05,58.79
2020/11/06,49.031
2020/11/07,27.297
2020/11/08,20.409
2020/11/09,31.476
2020/11/10,48.329
2020/11/11,26.307
2020/11/12,24.747
2020/11/13,35.061
2020/11/14,17.757
2020/11/15,13.748
2020/11/16,50.252
2020/11/17,51.34
2020/11/18,59.695
2020/11/19,71.368
2020/11/20,35.378
2020/11/21,21.466
2020/11/22,16.313
2020/11/23,51.96
2020/11/24,71.141
2020/11/25,74.614
2020/11/26,79.211
2020/11/27,43.918
2020/11/28,26.787
2020/11/29,20.06
2020/11/30,68.889
2020/12/01,82.03
2020/12/02,83.107
2020/12/03,86.019
2020/12/04,46.74
2020/12/05,25.949
2020/12/06,18.569
2020/12/07,37.606
2020/12/08,34.025
2020/12/09,33.802
2020/12/10,40.71
2020/12/11,36.282
2020/12/12,13.936
2020/12/13,9.834
2020/12/14,52.172
2020/12/15,67.835
2020/12/16,80.827
2020/12/17,96.716
2020/12/18,96.719
2020/12/19,47.734
2020/12/20,33.979
2020/12/21,70.678
2020/12/22,52.139
2020/12/23,55.572
2020/12/24,47.596
2020/12/25,30.911
2020/12/26,24.799
2020/12/27,51.379
2020/12/28,59.674
2020/12/29,53.337
2020/12/30,60.705
2020/12/31,74.178
2021/01/01,20.251
2021/01/02,54.17
2021/01/03,51.887
2021/01/04,65.989
2021/01/05,75.398
2021/01/06,82.072
2021/01/07,84.48
2021/01/08,94.638
2021/01/09,71.215
2021/01/10,36.694
2021/01/11,62.901
2021/01/12,78.469
2021/01/13,54.736
2021/01/14,63.779
2021/01/15,63.392
2021/01/16,21.324
2021/01/17,15.898
2021/01/18,30.405
2021/01/19,47.988
2021/01/20,41.094
2021/01/21,72.594
2021/01/22,45.413
2021/01/23,25.703
2021/01/24,22.325
2021/01/25,59.922
2021/01/26,36.762
2021/01/27,39.358
2021/01/28,45.054
2021/01/29,87.022
2021/01/30,68.361
2021/01/31,44.354
2021/02/01,64.943
2021/02/02,53.662
2021/02/03,55.463
2021/02/04,73.821
2021/02/05,50.919
2021/02/06,42.188
2021/02/07,23.993
2021/02/08,65.47
2021/02/09,86.226
2021/02/10,67.092
2021/02/11,79.96
2021/02/12,79.394
2021/02/13,35.641
2021/02/14,26.726
2021/02/15,39.899
2021/02/16,46.308
2021/02/17,65.877
2021/02/18,73.387
2021/02/19,77.296
2021/02/20,82.193
2021/02/21,51.601
2021/02/22,64.039
2021/02/23,88.576
2021/02/24,48.006
2021/02/25,34.306
2021/02/26,31.091
2021/02/27,12.752
2021/02/28,11.765
2021/03/01,56.05
2021/03/02,46.847
2021/03/03,53.84
2021/03/04,46.385
2021/03/05,29.866
2021/03/06,14.769
2021/03/07,23.002
2021/03/08,49.339
2021/03/09,71.895
2021/03/10,57.187
2021/03/11,77.915
2021/03/12,68.789
2021/03/13,84.638
2021/03/14,35.151
2021/03/15,58.88
2021/03/16,43.565
2021/03/17,49.501
2021/03/18,70.125
2021/03/19,49.805
2021/03/20,30.047
2021/03/21,22.321
2021/03/22,36.315
2021/03/23,25.798
2021/03/24,35.783
2021/03/25,27.449
2021/03/26,43.895
2021/03/27,25.645
2021/03/28,31.589
2021/03/29,64.533
2021/03/30,80.483
2021/03/31,82.972
2021/04/01,59.224
2021/04/02,64.09
2021/04/03,67.938
2021/04/04,30.199
2021/04/05,72.012
2021/04/06,78.645
2021/04/07,46.385
2021/04/08,57.069
2021/04/09,74.758
2021/04/10,40.337
2021/04/11,22.87
2021/04/12,58.059
2021/04/13,66.36
2021/04/14,87.754
2021/04/15,72.767
2021/04/16,89.849
2021/04/17,94.74
2021/04/18,64.901
2021/04/19,81.457
2021/04/20,82.686
2021/04/21,85.539
2021/04/22,63.543
2021/04/23,28.195
2021/04/24,13.803
2021/04/25,11.18
2021/04/26,48.731
2021/04/27,36.022
2021/04/28,31.214
2021/04/29,43.887
2021/04/30,35.511
2021/05/01,23.471
2021/05/02,19.617
2021/05/03,35.129
2021/05/04,21.338
2021/05/05,20.583
2021/05/06,44.031
2021/05/07,37.564
2021/05/08,31.628
2021/05/09,17.768
2021/05/10,55.618
2021/05/11,26.321
2021/05/12,25.042
2021/05/13,18.715
2021/05/14,34.193
2021/05/15,27.997
2021/05/16,16.046
2021/05/17,52.011
2021/05/18,51.487
2021/05/19,84.626
2021/05/20,92.478
2021/05/21,85.967
2021/05/22,39.13
2021/05/23,28.634
2021/05/24,34.633
2021/05/25,26.931
2021/05/26,22.526
2021/05/27,15.958
2021/05/28,14.338
2021/05/29,5.686
2021/05/30,4.252
2021/05/31,5.297
2021/06/01,10.105
2021/06/02,22.18
2021/06/03,20.579
2021/06/04,10.013
2021/06/05,5.187
2021/06/06,2.862
2021/06/07,35.143
2021/06/08,26.566
2021/06/09,51.665
2021/06/10,73.195
2021/06/11,75.448
2021/06/12,39.5
2021/06/13,23.682
2021/06/14,58.516
2021/06/15,62.814
2021/06/16,52.554
2021/06/17,30.955
2021/06/18,33.543
2021/06/19,23.955
2021/06/20,27.889
2021/06/21,78.672
2021/06/22,87.931
2021/06/23,89.728
2021/06/24,50.611
2021/06/25,45.679
2021/06/26,20.408
2021/06/27,60.486
2021/06/28,73.082
2021/06/29,79.501
2021/06/30,84.437
2021/07/01,88.603
2021/07/02,90.155
2021/07/03,33.527
2021/07/04,41.883
2021/07/05,22.466
2021/07/06,20.717
2021/07/07,12.54
2021/07/08,6.568
2021/07/09,5.941
2021/07/10,4.724
2021/07/11,21.246
2021/07/12,47.985
2021/07/13,53.336
2021/07/14,24.045
2021/07/15,20.9
2021/07/16,11.979
2021/07/17,9.777
2021/07/18,24.581
2021/07/19,41.965
2021/07/20,28.899
2021/07/21,18.048
2021/07/22,25.494
2021/07/23,69.297
2021/07/24,42.472
2021/07/25,32.573
2021/07/26,65.65
2021/07/27,50.819
2021/07/28,55.568
2021/07/29,42.985
2021/07/30,41.836
2021/07/31,41.145
2021/08/01,29.935
2021/08/02,46.628
2021/08/03,22.18
2021/08/04,68.654
2021/08/05,62.166
2021/08/06,45.665
2021/08/07,33.047
2021/08/08,54.901
2021/08/09,68.492
2021/08/10,71.941
2021/08/11,47.349
2021/08/12,41.655
2021/08/13,95.351
2021/08/14,42.08
2021/08/15,41.487
2021/08/16,56.58
2021/08/17,51.744
2021/08/18,52.811
2021/08/19,28.974
2021/08/20,56.059
2021/08/21,44.344
2021/08/22,65.818
2021/08/23,45.123
2021/08/24,53.961
2021/08/25,31.113
2021/08/26,22.865
2021/08/27,33.318
2021/08/28,52.193
2021/08/29,36.906
2021/08/30,56.529
2021/08/31,55.797
2021/09/01,86.659
2021/09/02,92.136
2021/09/03,72.319
2021/09/04,34.988
2021/09/05,32.339
2021/09/06,70.83
2021/09/07,71.602
2021/09/08,30.087
2021/09/09,26.459
2021/09/10,34.851
2021/09/11,24.429
2021/09/12,17.022
2021/09/13,64.215
2021/09/14,54.996
2021/09/15,74.982
2021/09/16,69.833
2021/09/17,41.986
2021/09/18,32.03
2021/09/19,15.975
2021/09/20,44.248
2021/09/21,60.522
2021/09/22,36.735
2021/09/23,44.499
2021/09/24,62.445
2021/09/25,24.361
2021/09/26,34.867
2021/09/27,55.053
2021/09/28,57.049
2021/09/29,37.85
2021/09/30,58.455
2021/10/01,80.56
2021/10/02,39.071
2021/10/03,49.81
2021/10/04,62.865
2021/10/05,62.117
2021/10/06,89.231
2021/10/07,94.397
2021/10/08,69.204
2021/10/09,42.532
2021/10/10,44.842
2021/10/11,71.881
2021/10/12,59.563
2021/10/13,34.661
2021/10/14,38.299
2021/10/15,68.669
2021/10/16,45.648
2021/10/17,33.571
2021/10/18,46.898
2021/10/19,30.414
2021/10/20,71.784
2021/10/21,68.319
2021/10/22,41.049
2021/10/23,28.156
2021/10/24,19.17
2021/10/25,47.019
2021/10/26,39.887
2021/10/27,27.269
2021/10/28,34.817
2021/10/29,65.98
2021/10/30,35.585
2021/10/31,34.769
2021/11/01,69.34
2021/11/02,80.405
2021/11/03,64.962
2021/11/04,66.642
2021/11/05,78.015
2021/11/06,26.719
2021/11/07,23.628
2021/11/08,68.12
2021/11/09,82.421
2021/11/10,58.478
2021/11/11,39.705
2021/11/12,38.237
2021/11/13,24.613
2021/11/14,17.751
2021/11/15,41.508
2021/11/16,32.447
2021/11/17,44.183
2021/11/18,25.783
2021/11/19,48.302
2021/11/20,68.206
2021/11/21,36.379
2021/11/22,41.92
2021/11/23,38.093
2021/11/24,56.606
2021/11/25,75.8
2021/11/26,53.132
2021/11/27,19.296
2021/11/28,18.526
2021/11/29,41.487
2021/11/30,62.948
2021/12/01,89.809
2021/12/02,61.898
2021/12/03,38.82
2021/12/04,60.103
2021/12/05,80.284
2021/12/06,34.891
2021/12/07,32.724
2021/12/08,31.928
2021/12/09,37.267
2021/12/10,36.316
2021/12/11,24.899
2021/12/12,19.835
2021/12/13,62.824
