Date,transactionfeesUSD
2010/07/17,1.05E-5
2010/07/18,0.000243
2010/07/19,2.18E-5
2010/07/20,0
2010/07/21,0
2010/07/22,0
2010/07/23,2.61E-6
2010/07/24,0
2010/07/25,9.65E-5
2010/07/26,0.000357
2010/07/27,0.000149
2010/07/28,3.48E-5
2010/07/29,3.42E-5
2010/07/30,0.000134
2010/07/31,0.000217
2010/08/01,0.000151
2010/08/02,8.25E-5
2010/08/03,0
2010/08/04,0
2010/08/05,0
2010/08/06,0
2010/08/07,0.00117
2010/08/08,0
2010/08/09,0.00122
2010/08/10,0
2010/08/11,0
2010/08/12,0
2010/08/13,0
2010/08/14,0
2010/08/15,0
2010/08/16,0.000141
2010/08/17,0
2010/08/18,0.000441
2010/08/19,0
2010/08/20,0
2010/08/21,0
2010/08/22,0
2010/08/23,0
2010/08/24,0.000317
2010/08/25,0
2010/08/26,0
2010/08/27,0
2010/08/28,4.2E-10
2010/08/29,0.000151
2010/08/30,0.00013
2010/08/31,4.83E-5
2010/09/01,2.24E-5
2010/09/02,0
2010/09/03,0
2010/09/04,0
2010/09/05,4.25E-6
2010/09/06,5.18E-11
2010/09/07,0
2010/09/08,7.07E-11
2010/09/09,3.56E-5
2010/09/10,3.36E-11
2010/09/11,0
2010/09/12,4.59E-5
2010/09/13,2.34E-11
2010/09/14,2.69E-6
2010/09/15,0
2010/09/16,0
2010/09/17,0
2010/09/18,6.67E-5
2010/09/19,0
2010/09/20,0
2010/09/21,9.86E-12
2010/09/22,0
2010/09/23,0
2010/09/24,0
2010/09/25,0
2010/09/26,0
2010/09/27,3.32E-6
2010/09/28,0.00032
2010/09/29,0
2010/09/30,0
2010/10/01,8.07E-5
2010/10/02,1.19E-6
2010/10/03,1.87E-6
2010/10/04,2.39E-10
2010/10/05,0
2010/10/06,2.87E-10
2010/10/07,0
2010/10/08,0
2010/10/09,0
2010/10/10,0
2010/10/11,5.54E-10
2010/10/12,0
2010/10/13,0.000183
2010/10/14,0
2010/10/15,0
2010/10/16,0
2010/10/17,0
2010/10/18,6.22E-6
2010/10/19,0
2010/10/20,0
2010/10/21,2.17E-6
2010/10/22,0
2010/10/23,1.56E-5
2010/10/24,0
2010/10/25,0
2010/10/26,0
2010/10/27,0
2010/10/28,0
2010/10/29,0
2010/10/30,0
2010/10/31,0
2010/11/01,0
2010/11/02,0
2010/11/03,0
2010/11/04,0
2010/11/05,0
2010/11/06,0
2010/11/07,0
2010/11/08,0.00102
2010/11/09,0
2010/11/10,0
2010/11/11,0
2010/11/12,0
2010/11/13,0
2010/11/14,0
2010/11/15,2.81E-5
2010/11/16,0
2010/11/17,0
2010/11/18,0
2010/11/19,2.31E-6
2010/11/20,2.93E-5
2010/11/21,2.9E-5
2010/11/22,0.000872
2010/11/23,0.000675
2010/11/24,1.43E-5
2010/11/25,0
2010/11/26,9.31E-5
2010/11/27,2.14E-5
2010/11/28,0
2010/11/29,3.12E-5
2010/11/30,8.69E-6
2010/12/01,2.7E-5
2010/12/02,5.33E-5
2010/12/03,1.28E-5
2010/12/04,1.33E-5
2010/12/05,3.15E-5
2010/12/06,4.33E-5
2010/12/07,5.25E-5
2010/12/08,3.36E-5
2010/12/09,3.02E-5
2010/12/10,6.26E-5
2010/12/11,6.74E-5
2010/12/12,6.74E-5
2010/12/13,0.000136
2010/12/14,2.41E-5
2010/12/15,3.66E-5
2010/12/16,7.06E-5
2010/12/17,0.000194
2010/12/18,4.82E-5
2010/12/19,7.69E-5
2010/12/20,2.2E-5
2010/12/21,6.34E-5
2010/12/22,8.73E-5
2010/12/23,3.99E-5
2010/12/24,5.09E-5
2010/12/25,3.6E-5
2010/12/26,5.61E-5
2010/12/27,5.49E-5
2010/12/28,5.72E-5
2010/12/29,0.000111
2010/12/30,6.44E-5
2010/12/31,1.78E-5
2011/01/01,5.52E-5
2011/01/02,6.62E-5
2011/01/03,0.000219
2011/01/04,1.11E-5
2011/01/05,2.37E-5
2011/01/06,4.48E-5
2011/01/07,1.93E-5
2011/01/08,4.41E-6
2011/01/09,4.27E-5
2011/01/10,1.94E-5
2011/01/11,1.14E-5
2011/01/12,9.42E-5
2011/01/13,7.36E-6
2011/01/14,2.16E-5
2011/01/15,5.12E-5
2011/01/16,4.48E-5
2011/01/17,8.97E-5
2011/01/18,1.84E-5
2011/01/19,2.09E-5
2011/01/20,5.59E-5
2011/01/21,2.06E-5
2011/01/22,0.000159
2011/01/23,0.000175
2011/01/24,8.77E-5
2011/01/25,7.31E-5
2011/01/26,5.52E-5
2011/01/27,0.00036
2011/01/28,2.82E-5
2011/01/29,0.000165
2011/01/30,0.000536
2011/01/31,0.000311
2011/02/01,0.000584
2011/02/02,4.83E-5
2011/02/03,0.000189
2011/02/04,0.000124
2011/02/05,0.000213
2011/02/06,0.000151
2011/02/07,0.00041
2011/02/08,0.000236
2011/02/09,6.31E-5
2011/02/10,0.000487
2011/02/11,0.000236
2011/02/12,0.000452
2011/02/13,0.000155
2011/02/14,0.0016
2011/02/15,0.000128
2011/02/16,0.000333
2011/02/17,6.37E-5
2011/02/18,0.000277
2011/02/19,0.000339
2011/02/20,0.000103
2011/02/21,0.000192
2011/02/22,0.000106
2011/02/23,0.000169
2011/02/24,8.54E-5
2011/02/25,0.000211
2011/02/26,0.000313
2011/02/27,0.000493
2011/02/28,0.000289
2011/03/01,0.000145
2011/03/02,0.000198
2011/03/03,0.00217
2011/03/04,0.000371
2011/03/05,0.00124
2011/03/06,0.00268
2011/03/07,0.00306
2011/03/08,0.00153
2011/03/09,0.00166
2011/03/10,0.00129
2011/03/11,0.00332
2011/03/12,0.000494
2011/03/13,0.000607
2011/03/14,0.000627
2011/03/15,0.000589
2011/03/16,0.000513
2011/03/17,0.00036
2011/03/18,0.0005
2011/03/19,0.000305
2011/03/20,0.000475
2011/03/21,0.00115
2011/03/22,0.0039
2011/03/23,0.0034
2011/03/24,0.00349
2011/03/25,0.00248
2011/03/26,0.00123
2011/03/27,0.00225
2011/03/28,0.00129
2011/03/29,0.00107
2011/03/30,0.00204
2011/03/31,0.00163
2011/04/01,0.00188
2011/04/02,0.00134
2011/04/03,0.00203
2011/04/04,0.00194
2011/04/05,0.00192
2011/04/06,0.00212
2011/04/07,0.00147
2011/04/08,0.00193
2011/04/09,0.00198
2011/04/10,0.00249
2011/04/11,0.00185
2011/04/12,0.00201
2011/04/13,0.00166
2011/04/14,0.00506
2011/04/15,0.00132
2011/04/16,0.00188
2011/04/17,0.00112
2011/04/18,0.00131
2011/04/19,0.00194
2011/04/20,0.00294
2011/04/21,0.00224
2011/04/22,0.00361
2011/04/23,0.00381
2011/04/24,0.00541
2011/04/25,0.00579
2011/04/26,0.00265
2011/04/27,0.00386
2011/04/28,0.00472
2011/04/29,0.00567
2011/04/30,0.00776
2011/05/01,0.00982
2011/05/02,0.00523
2011/05/03,0.00581
2011/05/04,0.00841
2011/05/05,0.00985
2011/05/06,0.00838
2011/05/07,0.00642
2011/05/08,0.0104
2011/05/09,0.0127
2011/05/10,0.0132
2011/05/11,0.0156
2011/05/12,0.0134
2011/05/13,0.0217
2011/05/14,0.0266
2011/05/15,0.0294
2011/05/16,0.0268
2011/05/17,0.025
2011/05/18,0.0261
2011/05/19,0.0244
2011/05/20,0.0236
2011/05/21,0.0265
2011/05/22,0.024
2011/05/23,0.0227
2011/05/24,0.0276
2011/05/25,0.0278
2011/05/26,0.0271
2011/05/27,0.0254
2011/05/28,0.0242
2011/05/29,0.0252
2011/05/30,0.0311
2011/05/31,0.0296
2011/06/01,0.0347
2011/06/02,0.0344
2011/06/03,0.0397
2011/06/04,0.0618
2011/06/05,0.0504
2011/06/06,0.0545
2011/06/07,0.0694
2011/06/08,0.102
2011/06/09,0.107
2011/06/10,0.0919
2011/06/11,0.0641
2011/06/12,0.0604
2011/06/13,0.0637
2011/06/14,0.0509
2011/06/15,0.063
2011/06/16,0.0463
2011/06/17,0.0455
2011/06/18,0.041
2011/06/19,0.0395
2011/06/20,0.0314
2011/06/21,0.0322
2011/06/22,0.0268
2011/06/23,0.0243
2011/06/24,0.026
2011/06/25,0.0417
2011/06/26,0.0436
2011/06/27,0.038
2011/06/28,0.0317
2011/06/29,0.0344
2011/06/30,0.0309
2011/07/01,0.0282
2011/07/02,0.0289
2011/07/03,0.0251
2011/07/04,0.0248
2011/07/05,0.0285
2011/07/06,0.0227
2011/07/07,0.0228
2011/07/08,0.023
2011/07/09,0.0242
2011/07/10,0.0222
2011/07/11,0.0209
2011/07/12,0.0225
2011/07/13,0.0232
2011/07/14,0.0218
2011/07/15,0.0289
2011/07/16,0.0176
2011/07/17,0.0199
2011/07/18,0.0196
2011/07/19,0.0224
2011/07/20,0.0167
2011/07/21,0.0154
2011/07/22,0.0209
2011/07/23,0.0145
2011/07/24,0.0175
2011/07/25,0.0182
2011/07/26,0.0133
2011/07/27,0.0158
2011/07/28,0.013
2011/07/29,0.0134
2011/07/30,0.0127
2011/07/31,0.0115
2011/08/01,0.0127
2011/08/02,0.0108
2011/08/03,0.0115
2011/08/04,0.00953
2011/08/05,0.00906
2011/08/06,0.0292
2011/08/07,0.00717
2011/08/08,0.00875
2011/08/09,0.0115
2011/08/10,0.0131
2011/08/11,0.00932
2011/08/12,0.00818
2011/08/13,0.00929
2011/08/14,0.0147
2011/08/15,0.013
2011/08/16,0.0116
2011/08/17,0.00972
2011/08/18,0.00888
2011/08/19,0.0117
2011/08/20,0.00889
2011/08/21,0.00862
2011/08/22,0.011
2011/08/23,0.0107
2011/08/24,0.0131
2011/08/25,0.00865
2011/08/26,0.00575
2011/08/27,0.00676
2011/08/28,0.00728
2011/08/29,0.00607
2011/08/30,0.0114
2011/08/31,0.00704
2011/09/01,0.00651
2011/09/02,0.0084
2011/09/03,0.00566
2011/09/04,0.0115
2011/09/05,0.00819
2011/09/06,0.00615
2011/09/07,0.00822
2011/09/08,0.00503
2011/09/09,0.00614
2011/09/10,0.00448
2011/09/11,0.00429
2011/09/12,0.00501
2011/09/13,0.00386
2011/09/14,0.00357
2011/09/15,0.00606
2011/09/16,0.00394
2011/09/17,0.00465
2011/09/18,0.0046
2011/09/19,0.00484
2011/09/20,0.00475
2011/09/21,0.00403
2011/09/22,0.0035
2011/09/23,0.00375
2011/09/24,0.0066
2011/09/25,0.00324
2011/09/26,0.00272
2011/09/27,0.00384
2011/09/28,0.00361
2011/09/29,0.00298
2011/09/30,0.00311
2011/10/01,0.00355
2011/10/02,0.00325
2011/10/03,0.00713
2011/10/04,0.00322
2011/10/05,0.00346
2011/10/06,0.00672
2011/10/07,0.0035
2011/10/08,0.00261
2011/10/09,0.00224
2011/10/10,0.00238
2011/10/11,0.00359
2011/10/12,0.00321
2011/10/13,0.00349
2011/10/14,0.0023
2011/10/15,0.00243
2011/10/16,0.00244
2011/10/17,0.00232
2011/10/18,0.00152
2011/10/19,0.00153
2011/10/20,0.00305
2011/10/21,0.00129
2011/10/22,0.00161
2011/10/23,0.00177
2011/10/24,0.0017
2011/10/25,0.00142
2011/10/26,0.00166
2011/10/27,0.0017
2011/10/28,0.00189
2011/10/29,0.00214
2011/10/30,0.00231
2011/10/31,0.00202
2011/11/01,0.00279
2011/11/02,0.00181
2011/11/03,0.00152
2011/11/04,0.00155
2011/11/05,0.0019
2011/11/06,0.00143
2011/11/07,0.00194
2011/11/08,0.00215
2011/11/09,0.00157
2011/11/10,0.00152
2011/11/11,0.00124
2011/11/12,0.00151
2011/11/13,0.00164
2011/11/14,0.00125
2011/11/15,0.0011
2011/11/16,0.00156
2011/11/17,0.00142
2011/11/18,0.00144
2011/11/19,0.00143
2011/11/20,0.00174
2011/11/21,0.00134
2011/11/22,0.00128
2011/11/23,0.0015
2011/11/24,0.00194
2011/11/25,0.00198
2011/11/26,0.00151
2011/11/27,0.00128
2011/11/28,0.00132
2011/11/29,0.00185
2011/11/30,0.00156
2011/12/01,0.0022
2011/12/02,0.0023
2011/12/03,0.00251
2011/12/04,0.00152
2011/12/05,0.00141
2011/12/06,0.00161
2011/12/07,0.00194
2011/12/08,0.00145
2011/12/09,0.00165
2011/12/10,0.00157
2011/12/11,0.136
2011/12/12,0.12
2011/12/13,0.00247
2011/12/14,0.00222
2011/12/15,0.00524
2011/12/16,0.00171
2011/12/17,0.00239
2011/12/18,0.0022
2011/12/19,0.00245
2011/12/20,0.00358
2011/12/21,0.00307
2011/12/22,0.00235
2011/12/23,0.00188
2011/12/24,0.00196
2011/12/25,0.00234
2011/12/26,0.00246
2011/12/27,0.00239
2011/12/28,0.00268
2011/12/29,0.00343
2011/12/30,0.00286
2011/12/31,0.00355
2012/01/01,0.00365
2012/01/02,0.00553
2012/01/03,0.00481
2012/01/04,0.0133
2012/01/05,0.00521
2012/01/06,0.00684
2012/01/07,0.00529
2012/01/08,0.00415
2012/01/09,0.00718
2012/01/10,0.00475
2012/01/11,0.00545
2012/01/12,0.0432
2012/01/13,0.00963
2012/01/14,0.0126
2012/01/15,0.015
2012/01/16,0.0393
2012/01/17,0.00712
2012/01/18,0.00954
2012/01/19,0.025
2012/01/20,0.024
2012/01/21,0.00488
2012/01/22,0.00366
2012/01/23,0.0053
2012/01/24,0.00865
2012/01/25,0.00591
2012/01/26,0.00772
2012/01/27,0.0197
2012/01/28,0.0086
2012/01/29,0.194
2012/01/30,0.0265
2012/01/31,0.00582
2012/02/01,0.00434
2012/02/02,0.0101
2012/02/03,0.00604
2012/02/04,0.00726
2012/02/05,0.00371
2012/02/06,0.00398
2012/02/07,0.0054
2012/02/08,0.0042
2012/02/09,0.00577
2012/02/10,0.00295
2012/02/11,0.00299
2012/02/12,0.00314
2012/02/13,0.0036
2012/02/14,0.00804
2012/02/15,0.00291
2012/02/16,0.00459
2012/02/17,0.00236
2012/02/18,0.00227
2012/02/19,0.00197
2012/02/20,0.0029
2012/02/21,0.00236
2012/02/22,0.00211
2012/02/23,0.00302
2012/02/24,0.00327
2012/02/25,0.00249
2012/02/26,0.00293
2012/02/27,0.00425
2012/02/28,0.00288
2012/02/29,0.00253
2012/03/01,0.00493
2012/03/02,0.00289
2012/03/03,0.00227
2012/03/04,0.00353
2012/03/05,0.00372
2012/03/06,0.00388
2012/03/07,0.00308
2012/03/08,0.0031
2012/03/09,0.0032
2012/03/10,0.00408
2012/03/11,0.00278
2012/03/12,0.00309
2012/03/13,0.00795
2012/03/14,0.00409
2012/03/15,0.00314
2012/03/16,0.00695
2012/03/17,0.0028
2012/03/18,0.00288
2012/03/19,0.00323
2012/03/20,0.00343
2012/03/21,0.00238
2012/03/22,0.0025
2012/03/23,0.0033
2012/03/24,0.0113
2012/03/25,0.00526
2012/03/26,0.00246
2012/03/27,0.00309
2012/03/28,0.00335
2012/03/29,0.0029
2012/03/30,0.00318
2012/03/31,0.00366
2012/04/01,0.00342
2012/04/02,0.00321
2012/04/03,0.00331
2012/04/04,0.00347
2012/04/05,0.00347
2012/04/06,0.00362
2012/04/07,0.003
2012/04/08,0.0032
2012/04/09,0.00287
2012/04/10,0.00408
2012/04/11,0.00332
2012/04/12,0.00378
2012/04/13,0.00292
2012/04/14,0.00382
2012/04/15,0.00253
2012/04/16,0.00351
2012/04/17,0.00435
2012/04/18,0.00371
2012/04/19,0.00387
2012/04/20,0.00466
2012/04/21,0.00373
2012/04/22,0.0041
2012/04/23,0.00312
2012/04/24,0.00438
2012/04/25,0.00381
2012/04/26,0.00638
2012/04/27,0.00498
2012/04/28,0.00476
2012/04/29,0.00266
2012/04/30,0.00274
2012/05/01,0.00334
2012/05/02,0.00355
2012/05/03,0.00416
2012/05/04,0.00382
2012/05/05,0.00311
2012/05/06,0.00339
2012/05/07,0.00377
2012/05/08,0.00358
2012/05/09,0.00418
2012/05/10,0.00375
2012/05/11,0.00319
2012/05/12,0.00297
2012/05/13,0.004
2012/05/14,0.00491
2012/05/15,0.00464
2012/05/16,0.00367
2012/05/17,0.00355
2012/05/18,0.0036
2012/05/19,0.00462
2012/05/20,0.00326
2012/05/21,0.00317
2012/05/22,0.00279
2012/05/23,0.00358
2012/05/24,0.00376
2012/05/25,0.00343
2012/05/26,0.00344
2012/05/27,0.00342
2012/05/28,0.00336
2012/05/29,0.00294
2012/05/30,0.00381
2012/05/31,0.0031
2012/06/01,0.00319
2012/06/02,0.00297
2012/06/03,0.00301
2012/06/04,0.00329
2012/06/05,0.00365
2012/06/06,0.00389
2012/06/07,0.00358
2012/06/08,0.0039
2012/06/09,0.00387
2012/06/10,0.00344
2012/06/11,0.00311
2012/06/12,0.00352
2012/06/13,0.00391
2012/06/14,0.00372
2012/06/15,0.00381
2012/06/16,0.00413
2012/06/17,0.00382
2012/06/18,0.00448
2012/06/19,0.00451
2012/06/20,0.00445
2012/06/21,0.00788
2012/06/22,0.00584
2012/06/23,0.0052
2012/06/24,0.0042
2012/06/25,0.00357
2012/06/26,0.00387
2012/06/27,0.00388
2012/06/28,0.00396
2012/06/29,0.00345
2012/06/30,0.00414
2012/07/01,0.00336
2012/07/02,0.00491
2012/07/03,0.00363
2012/07/04,0.00374
2012/07/05,0.00388
2012/07/06,0.00459
2012/07/07,0.0113
2012/07/08,0.00378
2012/07/09,0.0044
2012/07/10,0.00489
2012/07/11,0.00442
2012/07/12,0.00418
2012/07/13,0.00453
2012/07/14,0.00513
2012/07/15,0.00509
2012/07/16,0.00552
2012/07/17,0.00497
2012/07/18,0.00729
2012/07/19,0.00587
2012/07/20,0.00889
2012/07/21,0.00506
2012/07/22,0.0045
2012/07/23,0.00563
2012/07/24,0.00483
2012/07/25,0.00482
2012/07/26,0.00527
2012/07/27,0.00567
2012/07/28,0.00521
2012/07/29,0.00474
2012/07/30,0.0052
2012/07/31,0.0047
2012/08/01,0.00622
2012/08/02,0.00602
2012/08/03,0.00969
2012/08/04,0.00623
2012/08/05,0.00846
2012/08/06,0.0077
2012/08/07,0.00708
2012/08/08,0.0146
2012/08/09,0.00647
2012/08/10,0.0178
2012/08/11,0.00668
2012/08/12,0.00578
2012/08/13,0.00621
2012/08/14,0.00729
2012/08/15,0.00818
2012/08/16,0.00818
2012/08/17,0.00956
2012/08/18,0.00576
2012/08/19,0.0058
2012/08/20,0.00699
2012/08/21,0.00581
2012/08/22,0.00597
2012/08/23,0.00652
2012/08/24,0.0062
2012/08/25,0.00758
2012/08/26,0.00744
2012/08/27,0.00942
2012/08/28,0.00926
2012/08/29,0.00775
2012/08/30,0.00929
2012/08/31,0.00788
2012/09/01,0.00875
2012/09/02,0.00923
2012/09/03,0.0092
2012/09/04,0.0078
2012/09/05,0.00684
2012/09/06,0.00665
2012/09/07,0.00665
2012/09/08,0.00793
2012/09/09,0.00778
2012/09/10,0.00797
2012/09/11,0.00909
2012/09/12,0.00833
2012/09/13,0.00771
2012/09/14,0.00651
2012/09/15,0.00639
2012/09/16,0.00617
2012/09/17,0.00716
2012/09/18,0.00829
2012/09/19,0.00829
2012/09/20,0.00719
2012/09/21,0.012
2012/09/22,0.00854
2012/09/23,0.00798
2012/09/24,0.0118
2012/09/25,0.00727
2012/09/26,0.00741
2012/09/27,0.00706
2012/09/28,0.0225
2012/09/29,0.00745
2012/09/30,0.00692
2012/10/01,0.00835
2012/10/02,0.0118
2012/10/03,0.00892
2012/10/04,0.052
2012/10/05,0.00971
2012/10/06,0.00869
2012/10/07,0.00928
2012/10/08,0.00848
2012/10/09,0.00862
2012/10/10,0.00906
2012/10/11,0.00988
2012/10/12,0.00864
2012/10/13,0.00762
2012/10/14,0.0074
2012/10/15,0.00825
2012/10/16,0.00862
2012/10/17,0.0249
2012/10/18,0.0072
2012/10/19,0.0074
2012/10/20,0.00696
2012/10/21,0.00712
2012/10/22,0.00685
2012/10/23,0.0077
2012/10/24,0.00775
2012/10/25,0.00699
2012/10/26,0.00881
2012/10/27,0.00794
2012/10/28,0.00748
2012/10/29,0.00867
2012/10/30,0.00831
2012/10/31,0.00918
2012/11/01,0.00936
2012/11/02,0.00987
2012/11/03,0.00833
2012/11/04,0.00867
2012/11/05,0.00867
2012/11/06,0.00872
2012/11/07,0.00878
2012/11/08,0.00854
2012/11/09,0.00844
2012/11/10,0.00867
2012/11/11,0.0081
2012/11/12,0.0082
2012/11/13,0.00835
2012/11/14,0.00849
2012/11/15,0.00937
2012/11/16,0.00932
2012/11/17,0.0093
2012/11/18,0.00938
2012/11/19,0.00891
2012/11/20,0.00897
2012/11/21,0.00928
2012/11/22,0.0086
2012/11/23,0.0102
2012/11/24,0.00912
2012/11/25,0.01
2012/11/26,0.00917
2012/11/27,0.0365
2012/11/28,0.0144
2012/11/29,0.00987
2012/11/30,0.00954
2012/12/01,0.00997
2012/12/02,0.00932
2012/12/03,0.0107
2012/12/04,0.0114
2012/12/05,0.0108
2012/12/06,0.0112
2012/12/07,0.0102
2012/12/08,0.0105
2012/12/09,0.0102
2012/12/10,0.0114
2012/12/11,0.0116
2012/12/12,0.0107
2012/12/13,0.0146
2012/12/14,0.0113
2012/12/15,0.0102
2012/12/16,0.0105
2012/12/17,0.0108
2012/12/18,0.0107
2012/12/19,0.0105
2012/12/20,0.0118
2012/12/21,0.0113
2012/12/22,0.0108
2012/12/23,0.0115
2012/12/24,0.0104
2012/12/25,0.0109
2012/12/26,0.0108
2012/12/27,0.0114
2012/12/28,0.0107
2012/12/29,0.0106
2012/12/30,0.0104
2012/12/31,0.011
2013/01/01,0.0107
2013/01/02,0.0108
2013/01/03,0.0118
2013/01/04,0.0105
2013/01/05,0.0105
2013/01/06,0.0139
2013/01/07,0.0118
2013/01/08,0.0113
2013/01/09,0.0104
2013/01/10,0.0403
2013/01/11,0.0113
2013/01/12,0.0113
2013/01/13,0.0111
2013/01/14,0.011
2013/01/15,0.0104
2013/01/16,0.0109
2013/01/17,0.0117
2013/01/18,0.0117
2013/01/19,0.0174
2013/01/20,0.0123
2013/01/21,0.0116
2013/01/22,0.0127
2013/01/23,0.0162
2013/01/24,0.0162
2013/01/25,0.0144
2013/01/26,0.0158
2013/01/27,0.0149
2013/01/28,0.0147
2013/01/29,0.0178
2013/01/30,0.0161
2013/01/31,0.0183
2013/02/01,0.0178
2013/02/02,0.0272
2013/02/03,0.0171
2013/02/04,0.0166
2013/02/05,0.016
2013/02/06,0.0156
2013/02/07,0.0169
2013/02/08,0.0178
2013/02/09,0.0179
2013/02/10,0.0187
2013/02/11,0.0201
2013/02/12,0.02
2013/02/13,0.0231
2013/02/14,0.0215
2013/02/15,0.0272
2013/02/16,0.0263
2013/02/17,0.0251
2013/02/18,0.0238
2013/02/19,0.0236
2013/02/20,0.0243
2013/02/21,0.027
2013/02/22,0.0251
2013/02/23,0.0242
2013/02/24,0.0227
2013/02/25,0.0287
2013/02/26,0.0262
2013/02/27,0.0268
2013/02/28,0.0303
2013/03/01,0.0351
2013/03/02,0.0304
2013/03/03,0.0269
2013/03/04,0.0288
2013/03/05,0.0332
2013/03/06,0.0979
2013/03/07,0.037
2013/03/08,0.0353
2013/03/09,0.0406
2013/03/10,0.037
2013/03/11,0.0381
2013/03/12,0.0608
2013/03/13,0.0399
2013/03/14,0.0393
2013/03/15,0.0453
2013/03/16,0.0408
2013/03/17,0.0396
2013/03/18,0.0404
2013/03/19,0.0578
2013/03/20,0.0465
2013/03/21,0.0585
2013/03/22,0.0738
2013/03/23,0.0635
2013/03/24,0.0514
2013/03/25,0.0628
2013/03/26,0.0665
2013/03/27,0.0896
2013/03/28,0.0863
2013/03/29,0.0847
2013/03/30,0.0949
2013/03/31,0.0932
2013/04/01,0.0777
2013/04/02,0.105
2013/04/03,0.133
2013/04/04,0.141
2013/04/05,0.12
2013/04/06,0.101
2013/04/07,0.121
2013/04/08,0.123
2013/04/09,0.144
2013/04/10,0.181
2013/04/11,0.107
2013/04/12,0.0891
2013/04/13,0.0743
2013/04/14,0.0886
2013/04/15,0.119
2013/04/16,0.0578
2013/04/17,0.112
2013/04/18,0.0866
2013/04/19,0.0994
2013/04/20,0.11
2013/04/21,0.0854
2013/04/22,0.112
2013/04/23,0.12
2013/04/24,0.13
2013/04/25,0.136
2013/04/26,0.098
2013/04/27,0.111
2013/04/28,0.0975
2013/04/29,0.116
2013/04/30,0.13
2013/05/01,0.0924
2013/05/02,0.106
2013/05/03,0.091
2013/05/04,0.0957
2013/05/05,0.0827
2013/05/06,0.113
2013/05/07,0.0912
2013/05/08,0.113
2013/05/09,0.107
2013/05/10,0.105
2013/05/11,0.0948
2013/05/12,0.0969
2013/05/13,0.108
2013/05/14,0.094
2013/05/15,0.0988
2013/05/16,0.136
2013/05/17,0.105
2013/05/18,0.0857
2013/05/19,0.112
2013/05/20,0.101
2013/05/21,0.0997
2013/05/22,0.112
2013/05/23,0.112
2013/05/24,0.109
2013/05/25,0.118
2013/05/26,0.1
2013/05/27,0.119
2013/05/28,0.121
2013/05/29,0.12
2013/05/30,0.106
2013/05/31,0.105
2013/06/01,0.0968
2013/06/02,0.122
2013/06/03,0.127
2013/06/04,0.113
2013/06/05,0.128
2013/06/06,0.0905
2013/06/07,0.0866
2013/06/08,0.106
2013/06/09,0.0862
2013/06/10,0.08
2013/06/11,0.103
2013/06/12,0.101
2013/06/13,0.102
2013/06/14,0.0747
2013/06/15,0.0928
2013/06/16,0.0734
2013/06/17,0.0811
2013/06/18,0.0853
2013/06/19,0.0838
2013/06/20,0.141
2013/06/21,0.0973
2013/06/22,0.13
2013/06/23,0.0872
2013/06/24,0.0875
2013/06/25,0.0739
2013/06/26,0.0869
2013/06/27,0.0646
2013/06/28,0.0898
2013/06/29,0.0599
2013/06/30,0.0849
2013/07/01,0.053
2013/07/02,0.075
2013/07/03,0.0649
2013/07/04,0.0521
2013/07/05,0.0643
2013/07/06,0.0593
2013/07/07,0.0426
2013/07/08,0.0612
2013/07/09,0.062
2013/07/10,0.0514
2013/07/11,0.0665
2013/07/12,0.0544
2013/07/13,0.0783
2013/07/14,0.0582
2013/07/15,0.0545
2013/07/16,0.0822
2013/07/17,0.0739
2013/07/18,0.0789
2013/07/19,0.0484
2013/07/20,0.0575
2013/07/21,0.0584
2013/07/22,0.0692
2013/07/23,0.0477
2013/07/24,0.0729
2013/07/25,0.07
2013/07/26,0.0487
2013/07/27,0.0775
2013/07/28,0.0567
2013/07/29,0.0666
2013/07/30,0.0836
2013/07/31,0.0958
2013/08/01,0.0725
2013/08/02,0.054
2013/08/03,0.0553
2013/08/04,0.0697
2013/08/05,0.0523
2013/08/06,0.0745
2013/08/07,0.0535
2013/08/08,0.0815
2013/08/09,0.0836
2013/08/10,0.0538
2013/08/11,0.08
2013/08/12,0.0477
2013/08/13,0.0534
2013/08/14,0.0827
2013/08/15,0.106
2013/08/16,0.0639
2013/08/17,0.0497
2013/08/18,0.0792
2013/08/19,0.067
2013/08/20,0.0548
2013/08/21,0.056
2013/08/22,0.0625
2013/08/23,0.0653
2013/08/24,0.0568
2013/08/25,0.0736
2013/08/26,0.0793
2013/08/27,0.0719
2013/08/28,0.466
2013/08/29,0.0532
2013/08/30,0.0833
2013/08/31,0.0806
2013/09/01,0.0671
2013/09/02,0.117
2013/09/03,0.075
2013/09/04,0.0619
2013/09/05,0.0632
2013/09/06,0.0635
2013/09/07,0.0544
2013/09/08,0.0658
2013/09/09,0.0626
2013/09/10,0.0577
2013/09/11,0.056
2013/09/12,0.072
2013/09/13,0.0583
2013/09/14,0.0579
2013/09/15,0.0639
2013/09/16,0.0986
2013/09/17,0.555
2013/09/18,0.223
2013/09/19,0.189
2013/09/20,0.0556
2013/09/21,0.0619
2013/09/22,0.063
2013/09/23,0.0735
2013/09/24,0.0596
2013/09/25,0.0698
2013/09/26,0.0582
2013/09/27,0.216
2013/09/28,0.0758
2013/09/29,0.0777
2013/09/30,0.0674
2013/10/01,0.0847
2013/10/02,0.0729
2013/10/03,0.0669
2013/10/04,0.056
2013/10/05,0.0687
2013/10/06,0.0592
2013/10/07,0.0884
2013/10/08,0.0463
2013/10/09,0.0739
2013/10/10,0.0677
2013/10/11,0.0545
2013/10/12,0.081
2013/10/13,0.0765
2013/10/14,0.0751
2013/10/15,0.0937
2013/10/16,0.127
2013/10/17,0.108
2013/10/18,0.0927
2013/10/19,0.101
2013/10/20,0.0911
2013/10/21,0.103
2013/10/22,0.116
2013/10/23,0.159
2013/10/24,0.149
2013/10/25,0.151
2013/10/26,0.129
2013/10/27,0.237
2013/10/28,0.115
2013/10/29,0.134
2013/10/30,0.12
2013/10/31,0.101
2013/11/01,0.153
2013/11/02,0.12
2013/11/03,0.232
2013/11/04,0.244
2013/11/05,0.213
2013/11/06,0.659
2013/11/07,0.583
2013/11/08,0.539
2013/11/09,0.341
2013/11/10,0.233
2013/11/11,0.341
2013/11/12,0.13
2013/11/13,0.131
2013/11/14,0.134
2013/11/15,0.117
2013/11/16,0.127
2013/11/17,0.151
2013/11/18,0.19
2013/11/19,0.205
2013/11/20,0.162
2013/11/21,0.222
2013/11/22,0.205
2013/11/23,0.214
2013/11/24,0.203
2013/11/25,0.198
2013/11/26,0.242
2013/11/27,0.284
2013/11/28,0.291
2013/11/29,0.285
2013/11/30,0.283
2013/12/01,0.24
2013/12/02,0.257
2013/12/03,0.259
2013/12/04,0.272
2013/12/05,0.269
2013/12/06,0.245
2013/12/07,0.4
2013/12/08,0.177
2013/12/09,0.23
2013/12/10,0.238
2013/12/11,0.231
2013/12/12,0.211
2013/12/13,0.22
2013/12/14,0.197
2013/12/15,0.184
2013/12/16,0.176
2013/12/17,0.152
2013/12/18,0.127
2013/12/19,0.145
2013/12/20,0.166
2013/12/21,0.137
2013/12/22,0.138
2013/12/23,0.146
2013/12/24,0.145
2013/12/25,0.149
2013/12/26,0.191
2013/12/27,0.176
2013/12/28,0.18
2013/12/29,0.208
2013/12/30,0.161
2013/12/31,0.171
2014/01/01,0.168
2014/01/02,0.197
2014/01/03,0.18
2014/01/04,0.198
2014/01/05,0.209
2014/01/06,0.422
2014/01/07,0.226
2014/01/08,0.196
2014/01/09,0.185
2014/01/10,0.197
2014/01/11,0.198
2014/01/12,0.21
2014/01/13,0.188
2014/01/14,0.237
2014/01/15,0.235
2014/01/16,0.2
2014/01/17,0.205
2014/01/18,0.207
2014/01/19,0.201
2014/01/20,0.216
2014/01/21,0.186
2014/01/22,0.192
2014/01/23,0.222
2014/01/24,0.189
2014/01/25,0.183
2014/01/26,0.189
2014/01/27,0.18
2014/01/28,0.172
2014/01/29,0.185
2014/01/30,0.178
2014/01/31,0.197
2014/02/01,0.175
2014/02/02,0.173
2014/02/03,0.173
2014/02/04,0.167
2014/02/05,0.17
2014/02/06,0.172
2014/02/07,0.158
2014/02/08,0.132
2014/02/09,0.127
2014/02/10,0.13
2014/02/11,0.129
2014/02/12,0.164
2014/02/13,0.12
2014/02/14,0.125
2014/02/15,0.12
2014/02/16,0.125
2014/02/17,0.245
2014/02/18,0.129
2014/02/19,0.129
2014/02/20,0.125
2014/02/21,0.113
2014/02/22,0.122
2014/02/23,0.124
2014/02/24,0.118
2014/02/25,0.111
2014/02/26,0.117
2014/02/27,0.118
2014/02/28,0.133
2014/03/01,0.112
2014/03/02,0.108
2014/03/03,0.129
2014/03/04,0.139
2014/03/05,0.131
2014/03/06,0.138
2014/03/07,0.123
2014/03/08,0.112
2014/03/09,0.124
2014/03/10,0.145
2014/03/11,0.126
2014/03/12,0.138
2014/03/13,0.129
2014/03/14,0.123
2014/03/15,0.115
2014/03/16,0.132
2014/03/17,0.123
2014/03/18,0.111
2014/03/19,0.112
2014/03/20,0.116
2014/03/21,0.117
2014/03/22,0.149
2014/03/23,0.109
2014/03/24,0.103
2014/03/25,0.117
2014/03/26,0.129
2014/03/27,0.104
2014/03/28,0.0926
2014/03/29,0.0921
2014/03/30,0.0901
2014/03/31,0.089
2014/04/01,0.0917
2014/04/02,0.0926
2014/04/03,0.0875
2014/04/04,0.0917
2014/04/05,0.0907
2014/04/06,0.0953
2014/04/07,0.0982
2014/04/08,0.0984
2014/04/09,0.139
2014/04/10,0.0864
2014/04/11,0.0858
2014/04/12,0.0811
2014/04/13,0.084
2014/04/14,0.0977
2014/04/15,0.111
2014/04/16,0.108
2014/04/17,0.117
2014/04/18,0.104
2014/04/19,0.116
2014/04/20,0.111
2014/04/21,0.107
2014/04/22,0.0966
2014/04/23,0.096
2014/04/24,0.1
2014/04/25,0.0875
2014/04/26,0.0802
2014/04/27,0.101
2014/04/28,0.0866
2014/04/29,0.0862
2014/04/30,0.0906
2014/05/01,0.0827
2014/05/02,0.0891
2014/05/03,0.0837
2014/05/04,0.0832
2014/05/05,0.0864
2014/05/06,0.0832
2014/05/07,0.0846
2014/05/08,0.0871
2014/05/09,0.105
2014/05/10,0.0807
2014/05/11,0.0819
2014/05/12,0.0822
2014/05/13,0.0782
2014/05/14,0.0766
2014/05/15,0.0764
2014/05/16,0.0793
2014/05/17,0.0779
2014/05/18,0.078
2014/05/19,0.0794
2014/05/20,0.0873
2014/05/21,0.0917
2014/05/22,0.0888
2014/05/23,0.0927
2014/05/24,0.111
2014/05/25,0.0989
2014/05/26,0.109
2014/05/27,0.102
2014/05/28,0.111
2014/05/29,0.104
2014/05/30,0.106
2014/05/31,0.115
2014/06/01,0.126
2014/06/02,0.116
2014/06/03,0.128
2014/06/04,0.119
2014/06/05,0.12
2014/06/06,0.114
2014/06/07,0.112
2014/06/08,0.12
2014/06/09,0.12
2014/06/10,0.12
2014/06/11,0.116
2014/06/12,0.124
2014/06/13,0.107
2014/06/14,0.0978
2014/06/15,0.1
2014/06/16,0.105
2014/06/17,0.103
2014/06/18,0.123
2014/06/19,0.113
2014/06/20,0.111
2014/06/21,0.106
2014/06/22,0.108
2014/06/23,0.111
2014/06/24,0.1
2014/06/25,0.11
2014/06/26,0.0943
2014/06/27,0.0995
2014/06/28,0.102
2014/06/29,0.106
2014/06/30,0.105
2014/07/01,0.123
2014/07/02,0.124
2014/07/03,0.113
2014/07/04,0.109
2014/07/05,0.105
2014/07/06,0.112
2014/07/07,0.109
2014/07/08,0.109
2014/07/09,0.106
2014/07/10,0.107
2014/07/11,0.115
2014/07/12,0.103
2014/07/13,0.114
2014/07/14,0.117
2014/07/15,0.108
2014/07/16,0.119
2014/07/17,0.11
2014/07/18,0.116
2014/07/19,0.109
2014/07/20,0.108
2014/07/21,0.102
2014/07/22,0.109
2014/07/23,0.102
2014/07/24,0.0983
2014/07/25,0.101
2014/07/26,0.0925
2014/07/27,0.102
2014/07/28,0.0938
2014/07/29,0.0988
2014/07/30,0.0961
2014/07/31,0.093
2014/08/01,0.0932
2014/08/02,0.0912
2014/08/03,0.0933
2014/08/04,0.096
2014/08/05,0.097
2014/08/06,0.0953
2014/08/07,0.0919
2014/08/08,0.0968
2014/08/09,0.0904
2014/08/10,0.1
2014/08/11,0.0949
2014/08/12,0.0927
2014/08/13,0.0905
2014/08/14,0.0802
2014/08/15,0.0834
2014/08/16,0.0966
2014/08/17,0.313
2014/08/18,0.0772
2014/08/19,0.0819
2014/08/20,0.0798
2014/08/21,0.0817
2014/08/22,0.0826
2014/08/23,0.0756
2014/08/24,0.0807
2014/08/25,0.119
2014/08/26,0.081
2014/08/27,0.0799
2014/08/28,0.0774
2014/08/29,0.0772
2014/08/30,0.0752
2014/08/31,0.0755
2014/09/01,0.0745
2014/09/02,0.0771
2014/09/03,0.0738
2014/09/04,0.0763
2014/09/05,0.0788
2014/09/06,0.0733
2014/09/07,0.158
2014/09/08,0.0759
2014/09/09,0.0806
2014/09/10,0.0849
2014/09/11,0.0733
2014/09/12,0.0741
2014/09/13,0.0743
2014/09/14,0.0793
2014/09/15,0.074
2014/09/16,0.0771
2014/09/17,0.0699
2014/09/18,0.0701
2014/09/19,0.0622
2014/09/20,0.0665
2014/09/21,0.0628
2014/09/22,0.0641
2014/09/23,0.0673
2014/09/24,0.0708
2014/09/25,0.0693
2014/09/26,0.267
2014/09/27,0.0667
2014/09/28,0.0676
2014/09/29,0.0591
2014/09/30,0.0591
2014/10/01,0.0631
2014/10/02,0.0591
2014/10/03,0.0592
2014/10/04,0.0654
2014/10/05,0.0559
2014/10/06,0.0522
2014/10/07,0.0556
2014/10/08,0.054
2014/10/09,0.0613
2014/10/10,0.0582
2014/10/11,0.0575
2014/10/12,0.063
2014/10/13,0.0638
2014/10/14,0.0657
2014/10/15,0.0649
2014/10/16,0.0621
2014/10/17,0.0628
2014/10/18,0.06
2014/10/19,0.0649
2014/10/20,0.06
2014/10/21,0.0613
2014/10/22,0.0608
2014/10/23,0.0584
2014/10/24,0.0565
2014/10/25,0.0536
2014/10/26,0.0558
2014/10/27,0.0569
2014/10/28,0.0537
2014/10/29,0.0526
2014/10/30,0.0507
2014/10/31,0.0514
2014/11/01,0.0596
2014/11/02,0.0533
2014/11/03,0.0603
2014/11/04,0.0504
2014/11/05,0.0505
2014/11/06,0.0524
2014/11/07,0.0552
2014/11/08,0.051
2014/11/09,0.0731
2014/11/10,0.0553
2014/11/11,0.0574
2014/11/12,0.0626
2014/11/13,0.0664
2014/11/14,0.0606
2014/11/15,0.0593
2014/11/16,0.0589
2014/11/17,0.068
2014/11/18,0.057
2014/11/19,0.0585
2014/11/20,0.0544
2014/11/21,0.0546
2014/11/22,0.0526
2014/11/23,0.0554
2014/11/24,0.0573
2014/11/25,0.0543
2014/11/26,0.0532
2014/11/27,0.0526
2014/11/28,0.0503
2014/11/29,0.0532
2014/11/30,0.057
2014/12/01,0.0542
2014/12/02,0.0545
2014/12/03,0.0521
2014/12/04,0.0565
2014/12/05,0.0509
2014/12/06,0.0517
2014/12/07,0.0548
2014/12/08,0.0643
2014/12/09,0.0493
2014/12/10,0.0493
2014/12/11,0.0502
2014/12/12,0.05
2014/12/13,0.0474
2014/12/14,0.0528
2014/12/15,0.0521
2014/12/16,0.0499
2014/12/17,0.0499
2014/12/18,0.0452
2014/12/19,0.0487
2014/12/20,0.0454
2014/12/21,0.0466
2014/12/22,0.0477
2014/12/23,0.0474
2014/12/24,0.0445
2014/12/25,0.0439
2014/12/26,0.082
2014/12/27,0.0714
2014/12/28,0.0513
2014/12/29,0.0546
2014/12/30,0.051
2014/12/31,0.0461
2015/01/01,0.043
2015/01/02,0.047
2015/01/03,0.0436
2015/01/04,0.0699
2015/01/05,0.0459
2015/01/06,0.0405
2015/01/07,0.0409
2015/01/08,0.0437
2015/01/09,0.0422
2015/01/10,0.0408
2015/01/11,0.0409
2015/01/12,0.0897
2015/01/13,0.0363
2015/01/14,0.0288
2015/01/15,0.0295
2015/01/16,0.0296
2015/01/17,0.0296
2015/01/18,0.0344
2015/01/19,0.0309
2015/01/20,0.0306
2015/01/21,0.0297
2015/01/22,0.0333
2015/01/23,0.0342
2015/01/24,0.0328
2015/01/25,0.0383
2015/01/26,0.0417
2015/01/27,0.0369
2015/01/28,0.0344
2015/01/29,0.0313
2015/01/30,0.0322
2015/01/31,0.0331
2015/02/01,0.0311
2015/02/02,0.0329
2015/02/03,0.0338
2015/02/04,0.0313
2015/02/05,0.0311
2015/02/06,0.0301
2015/02/07,0.0311
2015/02/08,0.032
2015/02/09,0.0314
2015/02/10,0.0304
2015/02/11,0.0328
2015/02/12,0.0315
2015/02/13,0.0356
2015/02/14,0.0375
2015/02/15,0.0406
2015/02/16,0.0345
2015/02/17,0.0371
2015/02/18,0.034
2015/02/19,0.0342
2015/02/20,0.0372
2015/02/21,0.036
2015/02/22,0.0352
2015/02/23,0.0338
2015/02/24,0.0327
2015/02/25,0.0343
2015/02/26,0.033
2015/02/27,0.0356
2015/02/28,0.0381
2015/03/01,0.0397
2015/03/02,0.0386
2015/03/03,0.0389
2015/03/04,0.0412
2015/03/05,0.0399
2015/03/06,0.0488
2015/03/07,0.0391
2015/03/08,0.0416
2015/03/09,0.0421
2015/03/10,0.0428
2015/03/11,0.0448
2015/03/12,0.0425
2015/03/13,0.0416
2015/03/14,0.0392
2015/03/15,0.0401
2015/03/16,0.0419
2015/03/17,0.041
2015/03/18,0.0417
2015/03/19,0.0399
2015/03/20,0.0406
2015/03/21,0.0371
2015/03/22,0.038
2015/03/23,0.0443
2015/03/24,0.0378
2015/03/25,0.0398
2015/03/26,0.0358
2015/03/27,0.0348
2015/03/28,0.0363
2015/03/29,0.0346
2015/03/30,0.0357
2015/03/31,0.0348
2015/04/01,0.0343
2015/04/02,0.0348
2015/04/03,0.0363
2015/04/04,0.0388
2015/04/05,0.0399
2015/04/06,0.0386
2015/04/07,0.0366
2015/04/08,0.0363
2015/04/09,0.0395
2015/04/10,0.0587
2015/04/11,0.0395
2015/04/12,0.0383
2015/04/13,0.0348
2015/04/14,0.032
2015/04/15,0.0318
2015/04/16,0.0321
2015/04/17,0.032
2015/04/18,0.0304
2015/04/19,0.032
2015/04/20,0.0327
2015/04/21,0.031
2015/04/22,0.0334
2015/04/23,0.0339
2015/04/24,0.0333
2015/04/25,0.231
2015/04/26,0.0317
2015/04/27,0.0306
2015/04/28,0.0322
2015/04/29,0.0324
2015/04/30,0.0343
2015/05/01,0.0325
2015/05/02,0.0345
2015/05/03,0.035
2015/05/04,0.0349
2015/05/05,0.0334
2015/05/06,0.0332
2015/05/07,0.0335
2015/05/08,0.0365
2015/05/09,0.0342
2015/05/10,0.0421
2015/05/11,0.0376
2015/05/12,0.0353
2015/05/13,0.0345
2015/05/14,0.0328
2015/05/15,0.0342
2015/05/16,0.0343
2015/05/17,0.0356
2015/05/18,0.0356
2015/05/19,0.0341
2015/05/20,0.0329
2015/05/21,0.0347
2015/05/22,0.0354
2015/05/23,0.0355
2015/05/24,0.0345
2015/05/25,0.035
2015/05/26,0.0396
2015/05/27,0.0352
2015/05/28,0.0348
2015/05/29,0.0341
2015/05/30,0.0313
2015/05/31,0.0929
2015/06/01,0.0384
2015/06/02,0.0325
2015/06/03,0.032
2015/06/04,0.0321
2015/06/05,0.0325
2015/06/06,0.0347
2015/06/07,0.0349
2015/06/08,0.0363
2015/06/09,0.0335
2015/06/10,0.0351
2015/06/11,0.0333
2015/06/12,0.0334
2015/06/13,0.0369
2015/06/14,0.0363
2015/06/15,0.0362
2015/06/16,0.0401
2015/06/17,0.0442
2015/06/18,0.0544
2015/06/19,0.054
2015/06/20,0.0367
2015/06/21,0.0355
2015/06/22,0.0575
2015/06/23,0.0366
2015/06/24,0.0352
2015/06/25,0.0364
2015/06/26,0.0379
2015/06/27,0.039
2015/06/28,0.0388
2015/06/29,0.0381
2015/06/30,0.0505
2015/07/01,0.0384
2015/07/02,0.0441
2015/07/03,0.0451
2015/07/04,0.044
2015/07/05,0.0482
2015/07/06,0.0557
2015/07/07,0.0608
2015/07/08,0.0677
2015/07/09,0.0568
2015/07/10,0.0545
2015/07/11,0.0606
2015/07/12,0.0647
2015/07/13,0.0594
2015/07/14,0.0692
2015/07/15,0.0657
2015/07/16,0.0677
2015/07/17,0.0571
2015/07/18,0.0926
2015/07/19,0.0447
2015/07/20,0.0884
2015/07/21,0.0535
2015/07/22,0.0577
2015/07/23,0.0673
2015/07/24,0.06
2015/07/25,0.0582
2015/07/26,0.0665
2015/07/27,0.0793
2015/07/28,0.0694
2015/07/29,0.0793
2015/07/30,0.0793
2015/07/31,0.0729
2015/08/01,0.0623
2015/08/02,0.0564
2015/08/03,0.064
2015/08/04,0.0754
2015/08/05,0.0717
2015/08/06,0.0768
2015/08/07,0.0627
2015/08/08,0.0603
2015/08/09,0.0554
2015/08/10,0.0648
2015/08/11,0.0604
2015/08/12,0.0582
2015/08/13,0.0555
2015/08/14,0.0578
2015/08/15,0.0573
2015/08/16,0.0549
2015/08/17,0.0527
2015/08/18,0.0543
2015/08/19,0.0467
2015/08/20,0.0508
2015/08/21,0.0477
2015/08/22,0.0488
2015/08/23,0.0502
2015/08/24,0.046
2015/08/25,0.0443
2015/08/26,0.0462
2015/08/27,0.0449
2015/08/28,0.0463
2015/08/29,0.0458
2015/08/30,0.0456
2015/08/31,0.0496
2015/09/01,0.0443
2015/09/02,0.082
2015/09/03,0.0495
2015/09/04,0.0553
2015/09/05,0.0521
2015/09/06,0.0494
2015/09/07,0.057
2015/09/08,0.0498
2015/09/09,0.0517
2015/09/10,0.0531
2015/09/11,0.0508
2015/09/12,0.0503
2015/09/13,0.0404
2015/09/14,0.0432
2015/09/15,0.0408
2015/09/16,0.0357
2015/09/17,0.0241
2015/09/18,0.0367
2015/09/19,0.0439
2015/09/20,0.045
2015/09/21,0.0499
2015/09/22,0.0466
2015/09/23,0.0448
2015/09/24,0.045
2015/09/25,0.0499
2015/09/26,0.0507
2015/09/27,0.0473
2015/09/28,0.045
2015/09/29,0.0464
2015/09/30,0.0454
2015/10/01,0.0509
2015/10/02,0.0441
2015/10/03,0.0433
2015/10/04,0.0447
2015/10/05,0.0445
2015/10/06,0.0435
2015/10/07,0.0454
2015/10/08,0.0467
2015/10/09,0.0491
2015/10/10,0.0478
2015/10/11,0.0456
2015/10/12,0.0468
2015/10/13,0.0458
2015/10/14,0.0481
2015/10/15,0.0471
2015/10/16,0.0515
2015/10/17,0.0535
2015/10/18,0.051
2015/10/19,0.0519
2015/10/20,0.0578
2015/10/21,0.0507
2015/10/22,0.0543
2015/10/23,0.0555
2015/10/24,0.0537
2015/10/25,0.0547
2015/10/26,0.0652
2015/10/27,0.0552
2015/10/28,0.0567
2015/10/29,0.0653
2015/10/30,0.0625
2015/10/31,0.0592
2015/11/01,0.0568
2015/11/02,0.065
2015/11/03,0.0708
2015/11/04,0.0989
2015/11/05,0.075
2015/11/06,0.0721
2015/11/07,0.0654
2015/11/08,0.0677
2015/11/09,0.0695
2015/11/10,0.066
2015/11/11,0.0556
2015/11/12,0.0535
2015/11/13,0.0553
2015/11/14,0.0543
2015/11/15,0.0527
2015/11/16,0.0566
2015/11/17,0.0562
2015/11/18,0.0553
2015/11/19,0.0552
2015/11/20,0.0529
2015/11/21,0.0513
2015/11/22,0.0583
2015/11/23,0.0571
2015/11/24,0.0529
2015/11/25,0.0563
2015/11/26,0.0582
2015/11/27,0.0593
2015/11/28,0.0568
2015/11/29,0.0616
2015/11/30,0.0707
2015/12/01,0.0645
2015/12/02,0.063
2015/12/03,0.0653
2015/12/04,0.0595
2015/12/05,0.0626
2015/12/06,0.0666
2015/12/07,0.0675
2015/12/08,0.0665
2015/12/09,0.0708
2015/12/10,0.0704
2015/12/11,0.089
2015/12/12,0.0783
2015/12/13,0.0764
2015/12/14,0.0774
2015/12/15,0.0816
2015/12/16,0.0775
2015/12/17,0.0793
2015/12/18,0.0812
2015/12/19,0.0763
2015/12/20,0.0785
2015/12/21,0.0784
2015/12/22,0.0772
2015/12/23,0.0794
2015/12/24,0.0785
2015/12/25,0.0746
2015/12/26,0.075
2015/12/27,0.0706
2015/12/28,0.0764
2015/12/29,0.0722
2015/12/30,0.0749
2015/12/31,0.0699
2016/01/01,0.0691
2016/01/02,0.0913
2016/01/03,0.0726
2016/01/04,0.0733
2016/01/05,0.0766
2016/01/06,0.076
2016/01/07,0.0872
2016/01/08,0.0816
2016/01/09,0.0756
2016/01/10,0.0771
2016/01/11,0.084
2016/01/12,0.0794
2016/01/13,0.0781
2016/01/14,0.0748
2016/01/15,0.0787
2016/01/16,0.0675
2016/01/17,0.0685
2016/01/18,0.0707
2016/01/19,0.0815
2016/01/20,0.0874
2016/01/21,0.0937
2016/01/22,0.0833
2016/01/23,0.0789
2016/01/24,0.0791
2016/01/25,0.0821
2016/01/26,0.0802
2016/01/27,0.0844
2016/01/28,0.081
2016/01/29,0.0788
2016/01/30,0.0758
2016/01/31,0.0742
2016/02/01,0.094
2016/02/02,0.0909
2016/02/03,0.0871
2016/02/04,0.072
2016/02/05,0.0741
2016/02/06,0.0677
2016/02/07,0.0693
2016/02/08,0.0707
2016/02/09,0.0677
2016/02/10,0.0728
2016/02/11,0.0764
2016/02/12,0.0739
2016/02/13,0.0738
2016/02/14,0.0756
2016/02/15,0.0774
2016/02/16,0.0792
2016/02/17,0.0801
2016/02/18,0.0857
2016/02/19,0.0889
2016/02/20,0.0825
2016/02/21,0.0856
2016/02/22,0.0843
2016/02/23,0.0845
2016/02/24,0.0862
2016/02/25,0.0899
2016/02/26,0.0883
2016/02/27,0.0887
2016/02/28,0.0818
2016/02/29,0.091
2016/03/01,0.0943
2016/03/02,0.147
2016/03/03,0.107
2016/03/04,0.104
2016/03/05,0.107
2016/03/06,0.0979
2016/03/07,0.0979
2016/03/08,0.0926
2016/03/09,0.118
2016/03/10,0.0901
2016/03/11,0.088
2016/03/12,0.0847
2016/03/13,0.0987
2016/03/14,0.0889
2016/03/15,0.0882
2016/03/16,0.0941
2016/03/17,0.0931
2016/03/18,0.0861
2016/03/19,0.0789
2016/03/20,0.0778
2016/03/21,0.0848
2016/03/22,0.0863
2016/03/23,0.0857
2016/03/24,0.0843
2016/03/25,0.0789
2016/03/26,0.0939
2016/03/27,0.0832
2016/03/28,0.0998
2016/03/29,0.122
2016/03/30,0.094
2016/03/31,0.092
2016/04/01,0.104
2016/04/02,0.113
2016/04/03,0.102
2016/04/04,0.0904
2016/04/05,0.0934
2016/04/06,0.112
2016/04/07,0.0861
2016/04/08,0.0855
2016/04/09,0.0776
2016/04/10,0.0746
2016/04/11,0.0916
2016/04/12,0.0896
2016/04/13,0.0868
2016/04/14,0.0834
2016/04/15,0.0899
2016/04/16,0.0806
2016/04/17,0.0763
2016/04/18,0.0918
2016/04/19,0.0824
2016/04/20,0.0871
2016/04/21,0.0893
2016/04/22,0.0902
2016/04/23,0.0799
2016/04/24,0.0823
2016/04/25,0.0911
2016/04/26,0.624
2016/04/27,0.0884
2016/04/28,0.089
2016/04/29,0.0857
2016/04/30,0.0857
2016/05/01,0.0812
2016/05/02,0.0901
2016/05/03,0.0851
2016/05/04,0.0903
2016/05/05,0.0862
2016/05/06,0.0862
2016/05/07,0.0853
2016/05/08,0.0842
2016/05/09,0.0819
2016/05/10,0.0891
2016/05/11,0.0886
2016/05/12,0.0924
2016/05/13,0.0932
2016/05/14,0.103
2016/05/15,0.104
2016/05/16,0.115
2016/05/17,0.111
2016/05/18,0.113
2016/05/19,0.113
2016/05/20,0.109
2016/05/21,0.131
2016/05/22,0.104
2016/05/23,0.109
2016/05/24,0.108
2016/05/25,0.108
2016/05/26,0.114
2016/05/27,0.156
2016/05/28,0.135
2016/05/29,0.14
2016/05/30,0.146
2016/05/31,0.13
2016/06/01,0.128
2016/06/02,0.135
2016/06/03,0.129
2016/06/04,0.135
2016/06/05,0.134
2016/06/06,0.137
2016/06/07,0.132
2016/06/08,0.126
2016/06/09,0.129
2016/06/10,0.133
2016/06/11,0.126
2016/06/12,0.159
2016/06/13,0.175
2016/06/14,0.192
2016/06/15,0.22
2016/06/16,0.226
2016/06/17,0.232
2016/06/18,0.225
2016/06/19,0.218
2016/06/20,0.23
2016/06/21,0.21
2016/06/22,0.218
2016/06/23,0.184
2016/06/24,0.204
2016/06/25,0.197
2016/06/26,0.192
2016/06/27,0.182
2016/06/28,0.178
2016/06/29,0.175
2016/06/30,0.176
2016/07/01,0.189
2016/07/02,0.182
2016/07/03,0.173
2016/07/04,0.173
2016/07/05,0.174
2016/07/06,0.174
2016/07/07,0.168
2016/07/08,0.175
2016/07/09,0.166
2016/07/10,0.153
2016/07/11,0.17
2016/07/12,0.153
2016/07/13,0.162
2016/07/14,0.173
2016/07/15,0.169
2016/07/16,0.184
2016/07/17,0.187
2016/07/18,0.179
2016/07/19,0.186
2016/07/20,0.189
2016/07/21,0.184
2016/07/22,0.194
2016/07/23,0.201
2016/07/24,0.182
2016/07/25,0.191
2016/07/26,0.194
2016/07/27,0.208
2016/07/28,0.2
2016/07/29,0.205
2016/07/30,0.216
2016/07/31,0.24
2016/08/01,0.202
2016/08/02,0.193
2016/08/03,0.173
2016/08/04,0.172
2016/08/05,0.187
2016/08/06,0.176
2016/08/07,0.205
2016/08/08,0.217
2016/08/09,0.188
2016/08/10,0.182
2016/08/11,0.186
2016/08/12,0.178
2016/08/13,0.172
2016/08/14,0.178
2016/08/15,0.192
2016/08/16,0.187
2016/08/17,0.178
2016/08/18,0.183
2016/08/19,0.189
2016/08/20,0.17
2016/08/21,0.159
2016/08/22,0.168
2016/08/23,0.165
2016/08/24,0.16
2016/08/25,0.159
2016/08/26,0.159
2016/08/27,0.167
2016/08/28,0.161
2016/08/29,0.164
2016/08/30,0.155
2016/08/31,0.159
2016/09/01,0.153
2016/09/02,0.146
2016/09/03,0.164
2016/09/04,0.154
2016/09/05,0.168
2016/09/06,0.159
2016/09/07,0.155
2016/09/08,0.163
2016/09/09,0.179
2016/09/10,0.165
2016/09/11,0.163
2016/09/12,0.163
2016/09/13,0.173
2016/09/14,0.164
2016/09/15,0.156
2016/09/16,0.185
2016/09/17,0.163
2016/09/18,0.168
2016/09/19,0.181
2016/09/20,0.17
2016/09/21,0.162
2016/09/22,0.162
2016/09/23,0.161
2016/09/24,0.171
2016/09/25,0.153
2016/09/26,0.159
2016/09/27,0.159
2016/09/28,0.167
2016/09/29,0.171
2016/09/30,0.165
2016/10/01,0.168
2016/10/02,0.169
2016/10/03,0.178
2016/10/04,0.164
2016/10/05,0.167
2016/10/06,0.173
2016/10/07,0.166
2016/10/08,0.166
2016/10/09,0.171
2016/10/10,0.188
2016/10/11,0.194
2016/10/12,0.187
2016/10/13,0.186
2016/10/14,0.181
2016/10/15,0.19
2016/10/16,0.186
2016/10/17,0.195
2016/10/18,0.196
2016/10/19,0.198
2016/10/20,0.208
2016/10/21,0.181
2016/10/22,0.197
2016/10/23,0.23
2016/10/24,0.233
2016/10/25,0.274
2016/10/26,0.369
2016/10/27,0.232
2016/10/28,0.225
2016/10/29,0.225
2016/10/30,0.212
2016/10/31,0.221
2016/11/01,0.23
2016/11/02,0.215
2016/11/03,0.21
2016/11/04,0.238
2016/11/05,0.218
2016/11/06,0.222
2016/11/07,0.234
2016/11/08,0.213
2016/11/09,0.225
2016/11/10,0.217
2016/11/11,0.204
2016/11/12,0.204
2016/11/13,0.199
2016/11/14,0.206
2016/11/15,0.206
2016/11/16,0.198
2016/11/17,0.238
2016/11/18,0.225
2016/11/19,0.216
2016/11/20,0.222
2016/11/21,0.244
2016/11/22,0.264
2016/11/23,0.292
2016/11/24,0.306
2016/11/25,0.322
2016/11/26,0.269
2016/11/27,0.251
2016/11/28,0.269
2016/11/29,0.256
2016/11/30,0.251
2016/12/01,0.321
2016/12/02,0.294
2016/12/03,0.269
2016/12/04,0.288
2016/12/05,0.288
2016/12/06,0.282
2016/12/07,0.263
2016/12/08,0.261
2016/12/09,0.275
2016/12/10,0.268
2016/12/11,0.256
2016/12/12,0.269
2016/12/13,0.26
2016/12/14,0.257
2016/12/15,0.276
2016/12/16,0.272
2016/12/17,0.269
2016/12/18,0.27
2016/12/19,0.291
2016/12/20,0.272
2016/12/21,0.286
2016/12/22,0.288
2016/12/23,0.295
2016/12/24,0.312
2016/12/25,0.274
2016/12/26,0.322
2016/12/27,0.306
2016/12/28,0.325
2016/12/29,0.34
2016/12/30,0.333
2016/12/31,0.314
2017/01/01,0.35
2017/01/02,0.392
2017/01/03,0.396
2017/01/04,0.633
2017/01/05,0.417
2017/01/06,0.342
2017/01/07,0.326
2017/01/08,0.319
2017/01/09,0.337
2017/01/10,0.333
2017/01/11,0.311
2017/01/12,0.279
2017/01/13,0.287
2017/01/14,0.296
2017/01/15,0.285
2017/01/16,0.32
2017/01/17,0.327
2017/01/18,0.321
2017/01/19,0.333
2017/01/20,0.314
2017/01/21,0.329
2017/01/22,0.339
2017/01/23,0.425
2017/01/24,0.467
2017/01/25,0.396
2017/01/26,0.356
2017/01/27,0.396
2017/01/28,0.456
2017/01/29,0.454
2017/01/30,0.501
2017/01/31,0.444
2017/02/01,0.428
2017/02/02,0.543
2017/02/03,0.507
2017/02/04,0.494
2017/02/05,0.474
2017/02/06,0.685
2017/02/07,0.545
2017/02/08,0.535
2017/02/09,0.513
2017/02/10,0.451
2017/02/11,0.447
2017/02/12,0.431
2017/02/13,0.472
2017/02/14,0.449
2017/02/15,0.458
2017/02/16,0.614
2017/02/17,0.541
2017/02/18,0.562
2017/02/19,0.54
2017/02/20,0.595
2017/02/21,0.651
2017/02/22,0.719
2017/02/23,0.74
2017/02/24,0.777
2017/02/25,0.682
2017/02/26,0.705
2017/02/27,0.812
2017/02/28,0.832
2017/03/01,0.875
2017/03/02,0.948
2017/03/03,0.978
2017/03/04,1.054
2017/03/05,0.974
2017/03/06,1.058
2017/03/07,1.03
2017/03/08,0.942
2017/03/09,0.916
2017/03/10,1.005
2017/03/11,0.906
2017/03/12,1.031
2017/03/13,0.994
2017/03/14,1.024
2017/03/15,1.008
2017/03/16,0.986
2017/03/17,0.947
2017/03/18,0.856
2017/03/19,0.797
2017/03/20,0.905
2017/03/21,0.94
2017/03/22,0.892
2017/03/23,0.856
2017/03/24,0.798
2017/03/25,0.701
2017/03/26,0.678
2017/03/27,0.842
2017/03/28,0.829
2017/03/29,0.777
2017/03/30,0.731
2017/03/31,0.886
2017/04/01,0.807
2017/04/02,0.807
2017/04/03,0.869
2017/04/04,0.894
2017/04/05,0.843
2017/04/06,0.889
2017/04/07,0.906
2017/04/08,0.899
2017/04/09,0.843
2017/04/10,0.872
2017/04/11,0.892
2017/04/12,0.93
2017/04/13,1.129
2017/04/14,0.962
2017/04/15,0.885
2017/04/16,0.891
2017/04/17,0.878
2017/04/18,0.885
2017/04/19,0.822
2017/04/20,1.052
2017/04/21,0.93
2017/04/22,0.841
2017/04/23,0.868
2017/04/24,1.062
2017/04/25,1.059
2017/04/26,0.982
2017/04/27,1.136
2017/04/28,1.085
2017/04/29,1.003
2017/04/30,0.947
2017/05/01,1.074
2017/05/02,1.177
2017/05/03,1.226
2017/05/04,1.314
2017/05/05,1.501
2017/05/06,1.25
2017/05/07,1.352
2017/05/08,1.388
2017/05/09,1.548
2017/05/10,1.677
2017/05/11,1.708
2017/05/12,1.788
2017/05/13,1.556
2017/05/14,1.432
2017/05/15,1.713
2017/05/16,2.51
2017/05/17,2.74
2017/05/18,2.494
2017/05/19,2.667
2017/05/20,2.186
2017/05/21,2.214
2017/05/22,2.667
2017/05/23,2.813
2017/05/24,3.324
2017/05/25,3.661
2017/05/26,3.351
2017/05/27,3.285
2017/05/28,2.954
2017/05/29,3.399
2017/05/30,3.82
2017/05/31,3.967
2017/06/01,4.245
2017/06/02,4.181
2017/06/03,4.47
2017/06/04,4.175
2017/06/05,4.256
2017/06/06,4.855
2017/06/07,5.504
2017/06/08,4.381
2017/06/09,4.541
2017/06/10,4.364
2017/06/11,4.627
2017/06/12,4.265
2017/06/13,4.458
2017/06/14,4.198
2017/06/15,3.535
2017/06/16,3.416
2017/06/17,3.371
2017/06/18,3.41
2017/06/19,3.678
2017/06/20,3.836
2017/06/21,4.472
2017/06/22,4.44
2017/06/23,3.535
2017/06/24,3.592
2017/06/25,3.677
2017/06/26,3.542
2017/06/27,3.415
2017/06/28,3.483
2017/06/29,3.762
2017/06/30,3.359
2017/07/01,2.818
2017/07/02,2.45
2017/07/03,2.817
2017/07/04,2.979
2017/07/05,2.446
2017/07/06,2.779
2017/07/07,2.512
2017/07/08,2.191
2017/07/09,2.124
2017/07/10,2.006
2017/07/11,1.83
2017/07/12,2.025
2017/07/13,2.028
2017/07/14,2.152
2017/07/15,3.548
2017/07/16,1.596
2017/07/17,1.767
2017/07/18,1.956
2017/07/19,1.835
2017/07/20,2.463
2017/07/21,2.515
2017/07/22,2.12
2017/07/23,1.913
2017/07/24,1.91
2017/07/25,1.813
2017/07/26,1.764
2017/07/27,1.898
2017/07/28,2.092
2017/07/29,2.021
2017/07/30,2.021
2017/07/31,2.339
2017/08/01,1.606
2017/08/02,1.696
2017/08/03,1.609
2017/08/04,1.363
2017/08/05,1.494
2017/08/06,1.427
2017/08/07,1.619
2017/08/08,1.977
2017/08/09,2.053
2017/08/10,2.547
2017/08/11,2.909
2017/08/12,3.06
2017/08/13,2.913
2017/08/14,4.086
2017/08/15,4.722
2017/08/16,5.284
2017/08/17,4.581
2017/08/18,4.591
2017/08/19,4.078
2017/08/20,4.068
2017/08/21,5.091
2017/08/22,6.713
2017/08/23,7.138
2017/08/24,7.963
2017/08/25,8.936
2017/08/26,8.122
2017/08/27,5.963
2017/08/28,7.298
2017/08/29,7.351
2017/08/30,6.567
2017/08/31,6.889
2017/09/01,6.492
2017/09/02,5.762
2017/09/03,5.638
2017/09/04,5.323
2017/09/05,4.354
2017/09/06,4.506
2017/09/07,4.633
2017/09/08,3.516
2017/09/09,2.879
2017/09/10,3.133
2017/09/11,2.673
2017/09/12,2.484
2017/09/13,2.01
2017/09/14,2.094
2017/09/15,2.054
2017/09/16,1.963
2017/09/17,1.847
2017/09/18,3.058
2017/09/19,2.444
2017/09/20,2.46
2017/09/21,2.037
2017/09/22,1.877
2017/09/23,1.828
2017/09/24,1.678
2017/09/25,2.494
2017/09/26,2.237
2017/09/27,2.251
2017/09/28,2.047
2017/09/29,1.885
2017/09/30,2.048
2017/10/01,2.529
2017/10/02,2.706
2017/10/03,2.34
2017/10/04,2.505
2017/10/05,2.505
2017/10/06,2.302
2017/10/07,2.044
2017/10/08,2.116
2017/10/09,2.343
2017/10/10,2.664
2017/10/11,2.433
2017/10/12,3.047
2017/10/13,5.174
2017/10/14,4.409
2017/10/15,3.235
2017/10/16,3.493
2017/10/17,3.524
2017/10/18,3.149
2017/10/19,3.036
2017/10/20,3.003
2017/10/21,3.266
2017/10/22,3.182
2017/10/23,3.454
2017/10/24,3.396
2017/10/25,2.547
2017/10/26,2.391
2017/10/27,3.934
2017/10/28,4.688
2017/10/29,4.905
2017/10/30,5.1
2017/10/31,5.241
2017/11/01,5.648
2017/11/02,5.525
2017/11/03,6.959
2017/11/04,6.751
2017/11/05,5.87
2017/11/06,6.436
2017/11/07,6.236
2017/11/08,6.426
2017/11/09,7.679
2017/11/10,8.188
2017/11/11,10.673
2017/11/12,19.198
2017/11/13,16.077
2017/11/14,14.934
2017/11/15,13.274
2017/11/16,12.089
2017/11/17,10.264
2017/11/18,8.253
2017/11/19,7.321
2017/11/20,7.943
2017/11/21,6.841
2017/11/22,6.746
2017/11/23,6.182
2017/11/24,6.242
2017/11/25,4.92
2017/11/26,5.247
2017/11/27,5.994
2017/11/28,6.614
2017/11/29,7.661
2017/11/30,7.041
2017/12/01,6.127
2017/12/02,6.403
2017/12/03,6.013
2017/12/04,6.444
2017/12/05,6.347
2017/12/06,7.341
2017/12/07,14.868
2017/12/08,27.204
2017/12/09,21.567
2017/12/10,19.542
2017/12/11,21.74
2017/12/12,24.405
2017/12/13,23.845
2017/12/14,21.714
2017/12/15,25.642
2017/12/16,26.893
2017/12/17,26.519
2017/12/18,28.091
2017/12/19,32.071
2017/12/20,41.619
2017/12/21,54.901
2017/12/22,55.16
2017/12/23,52.183
2017/12/24,43.204
2017/12/25,41.658
2017/12/26,44.669
2017/12/27,40.103
2017/12/28,36.963
2017/12/29,32.435
2017/12/30,30.028
2017/12/31,25.17
2018/01/01,26.274
2018/01/02,26.522
2018/01/03,28.461
2018/01/04,27.264
2018/01/05,32.515
2018/01/06,32.498
2018/01/07,31.195
2018/01/08,31.109
2018/01/09,31.427
2018/01/10,29.724
2018/01/11,28.626
2018/01/12,28.751
2018/01/13,28.579
2018/01/14,28.909
2018/01/15,25.987
2018/01/16,24.48
2018/01/17,22.989
2018/01/18,24.552
2018/01/19,23.337
2018/01/20,22.403
2018/01/21,19.1
2018/01/22,14.38
2018/01/23,11.364
2018/01/24,12.569
2018/01/25,10.635
2018/01/26,10.523
2018/01/27,9.824
2018/01/28,8.529
2018/01/29,7.143
2018/01/30,7.309
2018/01/31,8.068
2018/02/01,8.108
2018/02/02,10.181
2018/02/03,6.859
2018/02/04,5.663
2018/02/05,6.193
2018/02/06,4.614
2018/02/07,4.588
2018/02/08,4.195
2018/02/09,4.127
2018/02/10,4.248
2018/02/11,3.469
2018/02/12,3.245
2018/02/13,3.247
2018/02/14,2.942
2018/02/15,3.183
2018/02/16,3.124
2018/02/17,3.001
2018/02/18,3.014
2018/02/19,2.965
2018/02/20,3.042
2018/02/21,2.153
2018/02/22,2.121
2018/02/23,4.015
2018/02/24,6.209
2018/02/25,2.763
2018/02/26,2.464
2018/02/27,2.436
2018/02/28,2.878
2018/03/01,2.377
2018/03/02,2.371
2018/03/03,2.44
2018/03/04,2.356
2018/03/05,2.552
2018/03/06,1.999
2018/03/07,1.699
2018/03/08,1.765
2018/03/09,1.571
2018/03/10,2.387
2018/03/11,2.382
2018/03/12,1.681
2018/03/13,2.839
2018/03/14,1.705
2018/03/15,1.445
2018/03/16,1.322
2018/03/17,1.129
2018/03/18,1.187
2018/03/19,1.345
2018/03/20,1.39
2018/03/21,1.434
2018/03/22,1.32
2018/03/23,1.249
2018/03/24,1.232
2018/03/25,1.281
2018/03/26,1.184
2018/03/27,1.175
2018/03/28,1.078
2018/03/29,1.068
2018/03/30,0.958
2018/03/31,0.95
2018/04/01,0.925
2018/04/02,0.892
2018/04/03,0.929
2018/04/04,0.951
2018/04/05,0.913
2018/04/06,1.334
2018/04/07,1.216
2018/04/08,1.066
2018/04/09,0.879
2018/04/10,0.84
2018/04/11,0.859
2018/04/12,1.246
2018/04/13,1.341
2018/04/14,1.179
2018/04/15,1.152
2018/04/16,1.064
2018/04/17,1.047
2018/04/18,1.02
2018/04/19,1.069
2018/04/20,1.183
2018/04/21,1.293
2018/04/22,1.128
2018/04/23,1.15
2018/04/24,2.398
2018/04/25,3.975
2018/04/26,2.776
2018/04/27,2.433
2018/04/28,1.906
2018/04/29,1.809
2018/04/30,1.589
2018/05/01,1.431
2018/05/02,1.673
2018/05/03,1.62
2018/05/04,1.739
2018/05/05,1.564
2018/05/06,1.76
2018/05/07,1.641
2018/05/08,1.462
2018/05/09,1.362
2018/05/10,1.188
2018/05/11,1.578
2018/05/12,1.317
2018/05/13,1.26
2018/05/14,1.446
2018/05/15,1.525
2018/05/16,1.288
2018/05/17,2.329
2018/05/18,2.693
2018/05/19,1.5
2018/05/20,1.321
2018/05/21,1.31
2018/05/22,1.078
2018/05/23,1.08
2018/05/24,1.087
2018/05/25,1.163
2018/05/26,1.067
2018/05/27,0.992
2018/05/28,1.121
2018/05/29,1.023
2018/05/30,0.828
2018/05/31,0.777
2018/06/01,0.744
2018/06/02,0.711
2018/06/03,0.722
2018/06/04,0.756
2018/06/05,0.654
2018/06/06,0.719
2018/06/07,0.768
2018/06/08,0.684
2018/06/09,0.836
2018/06/10,0.665
2018/06/11,0.784
2018/06/12,0.692
2018/06/13,1.142
2018/06/14,0.87
2018/06/15,0.74
2018/06/16,0.671
2018/06/17,1.06
2018/06/18,0.585
2018/06/19,2.946
2018/06/20,6.852
2018/06/21,2.509
2018/06/22,2.157
2018/06/23,1.203
2018/06/24,1.035
2018/06/25,1.079
2018/06/26,1.032
2018/06/27,1.047
2018/06/28,0.887
2018/06/29,0.823
2018/06/30,0.833
2018/07/01,0.687
2018/07/02,0.764
2018/07/03,0.852
2018/07/04,0.687
2018/07/05,0.654
2018/07/06,0.71
2018/07/07,0.644
2018/07/08,0.68
2018/07/09,0.651
2018/07/10,0.69
2018/07/11,0.646
2018/07/12,0.573
2018/07/13,0.588
2018/07/14,0.532
2018/07/15,0.602
2018/07/16,0.743
2018/07/17,0.735
2018/07/18,0.989
2018/07/19,0.949
2018/07/20,0.761
2018/07/21,0.692
2018/07/22,0.66
2018/07/23,0.875
2018/07/24,0.923
2018/07/25,0.889
2018/07/26,0.846
2018/07/27,0.725
2018/07/28,0.728
2018/07/29,0.764
2018/07/30,0.867
2018/07/31,0.835
2018/08/01,0.67
2018/08/02,0.852
2018/08/03,0.748
2018/08/04,0.652
2018/08/05,0.555
2018/08/06,0.569
2018/08/07,0.559
2018/08/08,0.569
2018/08/09,0.598
2018/08/10,0.579
2018/08/11,0.496
2018/08/12,0.489
2018/08/13,0.57
2018/08/14,0.648
2018/08/15,0.575
2018/08/16,0.658
2018/08/17,0.69
2018/08/18,0.557
2018/08/19,0.653
2018/08/20,0.874
2018/08/21,0.729
2018/08/22,0.695
2018/08/23,0.573
2018/08/24,0.572
2018/08/25,0.722
2018/08/26,1.078
2018/08/27,0.984
2018/08/28,1.33
2018/08/29,0.704
2018/08/30,0.724
2018/08/31,0.746
2018/09/01,0.641
2018/09/02,0.632
2018/09/03,0.65
2018/09/04,0.761
2018/09/05,0.923
2018/09/06,0.8
2018/09/07,0.782
2018/09/08,0.588
2018/09/09,0.614
2018/09/10,0.568
2018/09/11,0.619
2018/09/12,0.645
2018/09/13,0.559
2018/09/14,0.619
2018/09/15,0.486
2018/09/16,0.473
2018/09/17,0.466
2018/09/18,0.491
2018/09/19,0.433
2018/09/20,0.463
2018/09/21,0.626
2018/09/22,0.556
2018/09/23,0.485
2018/09/24,0.434
2018/09/25,0.518
2018/09/26,0.534
2018/09/27,0.621
2018/09/28,0.761
2018/09/29,0.575
2018/09/30,0.49
2018/10/01,0.594
2018/10/02,0.692
2018/10/03,0.572
2018/10/04,0.507
2018/10/05,0.574
2018/10/06,0.54
2018/10/07,0.392
2018/10/08,0.449
2018/10/09,0.469
2018/10/10,0.42
2018/10/11,0.441
2018/10/12,0.476
2018/10/13,0.408
2018/10/14,0.412
2018/10/15,0.573
2018/10/16,0.498
2018/10/17,0.479
2018/10/18,0.47
2018/10/19,0.453
2018/10/20,0.411
2018/10/21,0.388
2018/10/22,0.428
2018/10/23,0.426
2018/10/24,0.436
2018/10/25,0.448
2018/10/26,0.46
2018/10/27,0.364
2018/10/28,0.487
2018/10/29,0.466
2018/10/30,0.42
2018/10/31,0.366
2018/11/01,0.394
2018/11/02,0.401
2018/11/03,0.348
2018/11/04,0.364
2018/11/05,0.407
2018/11/06,0.434
2018/11/07,0.454
2018/11/08,0.492
2018/11/09,0.508
2018/11/10,0.424
2018/11/11,0.367
2018/11/12,0.411
2018/11/13,0.415
2018/11/14,0.543
2018/11/15,0.743
2018/11/16,0.732
2018/11/17,0.457
2018/11/18,0.424
2018/11/19,0.789
2018/11/20,1.114
2018/11/21,0.888
2018/11/22,0.668
2018/11/23,0.581
2018/11/24,0.538
2018/11/25,0.515
2018/11/26,0.586
2018/11/27,0.526
2018/11/28,0.627
2018/11/29,0.782
2018/11/30,0.673
2018/12/01,0.533
2018/12/02,0.438
2018/12/03,0.518
2018/12/04,0.464
2018/12/05,0.4
2018/12/06,0.383
2018/12/07,0.42
2018/12/08,0.295
2018/12/09,0.251
2018/12/10,0.316
2018/12/11,0.321
2018/12/12,0.298
2018/12/13,0.283
2018/12/14,0.301
2018/12/15,0.228
2018/12/16,0.216
2018/12/17,0.24
2018/12/18,0.357
2018/12/19,0.415
2018/12/20,0.383
2018/12/21,0.445
2018/12/22,0.293
2018/12/23,0.249
2018/12/24,0.353
2018/12/25,0.264
2018/12/26,0.221
2018/12/27,0.212
2018/12/28,0.218
2018/12/29,0.226
2018/12/30,0.199
2018/12/31,0.233
2019/01/01,0.179
2019/01/02,0.257
2019/01/03,0.255
2019/01/04,0.266
2019/01/05,0.179
2019/01/06,0.252
2019/01/07,0.34
2019/01/08,0.265
2019/01/09,0.306
2019/01/10,0.302
2019/01/11,0.288
2019/01/12,0.222
2019/01/13,0.184
2019/01/14,0.221
2019/01/15,0.257
2019/01/16,0.298
2019/01/17,0.287
2019/01/18,0.249
2019/01/19,0.23
2019/01/20,0.178
2019/01/21,0.225
2019/01/22,0.252
2019/01/23,0.278
2019/01/24,0.267
2019/01/25,0.295
2019/01/26,0.248
2019/01/27,0.206
2019/01/28,0.273
2019/01/29,0.244
2019/01/30,0.228
2019/01/31,0.284
2019/02/01,0.337
2019/02/02,0.203
2019/02/03,0.17
2019/02/04,0.176
2019/02/05,0.168
2019/02/06,0.212
2019/02/07,0.161
2019/02/08,0.217
2019/02/09,0.209
2019/02/10,0.166
2019/02/11,0.267
2019/02/12,0.457
2019/02/13,0.366
2019/02/14,0.266
2019/02/15,0.321
2019/02/16,0.244
2019/02/17,0.212
2019/02/18,0.324
2019/02/19,0.414
2019/02/20,0.474
2019/02/21,0.46
2019/02/22,0.44
2019/02/23,0.311
2019/02/24,0.371
2019/02/25,0.441
2019/02/26,0.374
2019/02/27,0.362
2019/02/28,0.316
2019/03/01,0.33
2019/03/02,0.289
2019/03/03,0.231
2019/03/04,0.351
2019/03/05,0.385
2019/03/06,0.534
2019/03/07,0.525
2019/03/08,0.472
2019/03/09,0.401
2019/03/10,0.351
2019/03/11,0.407
2019/03/12,0.427
2019/03/13,0.488
2019/03/14,0.485
2019/03/15,0.409
2019/03/16,0.342
2019/03/17,0.295
2019/03/18,0.307
2019/03/19,0.293
2019/03/20,0.359
2019/03/21,0.476
2019/03/22,0.364
2019/03/23,0.286
2019/03/24,0.277
2019/03/25,0.36
2019/03/26,0.391
2019/03/27,0.503
2019/03/28,0.49
2019/03/29,0.701
2019/03/30,0.594
2019/03/31,0.48
2019/04/01,0.694
2019/04/02,1.325
2019/04/03,1.984
2019/04/04,2.167
2019/04/05,1.479
2019/04/06,1.135
2019/04/07,1.253
2019/04/08,1.832
2019/04/09,1.728
2019/04/10,1.484
2019/04/11,1.467
2019/04/12,1.347
2019/04/13,0.918
2019/04/14,0.866
2019/04/15,1.061
2019/04/16,1.091
2019/04/17,1.149
2019/04/18,0.996
2019/04/19,1.14
2019/04/20,0.965
2019/04/21,0.68
2019/04/22,1.089
2019/04/23,1.712
2019/04/24,1.774
2019/04/25,1.334
2019/04/26,1.26
2019/04/27,0.796
2019/04/28,0.658
2019/04/29,1.024
2019/04/30,1.299
2019/05/01,0.8
2019/05/02,0.777
2019/05/03,1.211
2019/05/04,0.98
2019/05/05,1.099
2019/05/06,1.152
2019/05/07,1.657
2019/05/08,1.687
2019/05/09,1.801
2019/05/10,2.422
2019/05/11,2.47
2019/05/12,2.201
2019/05/13,2.127
2019/05/14,2.886
2019/05/15,4.198
2019/05/16,4.871
2019/05/17,4.581
2019/05/18,2.747
2019/05/19,2.868
2019/05/20,3.854
2019/05/21,4.222
2019/05/22,3.53
2019/05/23,3.244
2019/05/24,4.095
2019/05/25,3.039
2019/05/26,2.078
2019/05/27,4.155
2019/05/28,4.311
2019/05/29,3.995
2019/05/30,4.314
2019/05/31,5.732
2019/06/01,4.102
2019/06/02,3.41
2019/06/03,5.781
2019/06/04,4.577
2019/06/05,3.326
2019/06/06,2.601
2019/06/07,2.415
2019/06/08,1.979
2019/06/09,1.633
2019/06/10,2.25
2019/06/11,2.562
2019/06/12,2.659
2019/06/13,2.45
2019/06/14,2.7
2019/06/15,2.073
2019/06/16,2.288
2019/06/17,3.386
2019/06/18,2.705
2019/06/19,2.414
2019/06/20,3.165
2019/06/21,3.663
2019/06/22,3.714
2019/06/23,2.305
2019/06/24,2.858
2019/06/25,3.795
2019/06/26,5.837
2019/06/27,6.557
2019/06/28,5.241
2019/06/29,3.621
2019/06/30,3.672
2019/07/01,4.037
2019/07/02,3.26
2019/07/03,2.703
2019/07/04,2.659
2019/07/05,2.235
2019/07/06,1.653
2019/07/07,1.646
2019/07/08,2.095
2019/07/09,2.437
2019/07/10,3.432
2019/07/11,2.824
2019/07/12,2.165
2019/07/13,1.666
2019/07/14,1.46
2019/07/15,1.911
2019/07/16,1.789
2019/07/17,1.903
2019/07/18,2.297
2019/07/19,2.483
2019/07/20,1.655
2019/07/21,1.4
2019/07/22,1.765
2019/07/23,1.629
2019/07/24,1.641
2019/07/25,1.674
2019/07/26,1.425
2019/07/27,1.134
2019/07/28,0.922
2019/07/29,1.139
2019/07/30,1.752
2019/07/31,1.462
2019/08/01,1.403
2019/08/02,1.341
2019/08/03,0.906
2019/08/04,0.714
2019/08/05,1.456
2019/08/06,1.464
2019/08/07,2.24
2019/08/08,2.473
2019/08/09,2.268
2019/08/10,1.515
2019/08/11,1.267
2019/08/12,1.939
2019/08/13,2.261
2019/08/14,1.712
2019/08/15,1.52
2019/08/16,1.626
2019/08/17,1.266
2019/08/18,1.087
2019/08/19,1.339
2019/08/20,1.508
2019/08/21,1.729
2019/08/22,1.685
2019/08/23,1.252
2019/08/24,1.004
2019/08/25,0.755
2019/08/26,1.079
2019/08/27,1.063
2019/08/28,1.002
2019/08/29,0.933
2019/08/30,0.943
2019/08/31,0.675
2019/09/01,0.678
2019/09/02,0.874
2019/09/03,1.107
2019/09/04,1.216
2019/09/05,1.102
2019/09/06,1.091
2019/09/07,0.886
2019/09/08,0.79
2019/09/09,1.066
2019/09/10,1.126
2019/09/11,1.037
2019/09/12,0.9
2019/09/13,0.921
2019/09/14,0.726
2019/09/15,0.688
2019/09/16,0.867
2019/09/17,1.032
2019/09/18,0.96
2019/09/19,1.057
2019/09/20,0.958
2019/09/21,0.701
2019/09/22,0.645
2019/09/23,1.108
2019/09/24,1.031
2019/09/25,1.043
2019/09/26,0.758
2019/09/27,0.908
2019/09/28,0.602
2019/09/29,0.595
2019/09/30,1.065
2019/10/01,1.198
2019/10/02,0.942
2019/10/03,0.958
2019/10/04,0.674
2019/10/05,0.477
2019/10/06,0.476
2019/10/07,0.607
2019/10/08,0.676
2019/10/09,0.814
2019/10/10,0.83
2019/10/11,0.677
2019/10/12,0.574
2019/10/13,0.484
2019/10/14,0.651
2019/10/15,0.631
2019/10/16,0.696
2019/10/17,0.613
2019/10/18,0.587
2019/10/19,0.48
2019/10/20,0.439
2019/10/21,0.483
2019/10/22,0.534
2019/10/23,0.689
2019/10/24,0.711
2019/10/25,0.865
2019/10/26,1.46
2019/10/27,1.248
2019/10/28,1.162
2019/10/29,1.082
2019/10/30,0.988
2019/10/31,1.111
2019/11/01,1.167
2019/11/02,0.905
2019/11/03,0.819
2019/11/04,1.442
2019/11/05,1.23
2019/11/06,1.151
2019/11/07,1.136
2019/11/08,1.184
2019/11/09,0.85
2019/11/10,0.711
2019/11/11,0.799
2019/11/12,0.835
2019/11/13,0.947
2019/11/14,0.739
2019/11/15,0.785
2019/11/16,0.69
2019/11/17,0.685
2019/11/18,0.773
2019/11/19,0.861
2019/11/20,0.697
2019/11/21,0.902
2019/11/22,0.95
2019/11/23,0.51
2019/11/24,0.459
2019/11/25,0.804
2019/11/26,0.889
2019/11/27,0.775
2019/11/28,0.639
2019/11/29,0.798
2019/11/30,0.753
2019/12/01,0.588
2019/12/02,0.607
2019/12/03,0.554
2019/12/04,0.641
2019/12/05,0.549
2019/12/06,0.591
2019/12/07,0.479
2019/12/08,0.393
2019/12/09,0.521
2019/12/10,0.533
2019/12/11,0.614
2019/12/12,0.523
2019/12/13,0.505
2019/12/14,0.377
2019/12/15,0.554
2019/12/16,0.48
2019/12/17,0.492
2019/12/18,0.595
2019/12/19,0.645
2019/12/20,0.553
2019/12/21,0.385
2019/12/22,0.332
2019/12/23,0.466
2019/12/24,0.447
2019/12/25,0.391
2019/12/26,0.465
2019/12/27,0.386
2019/12/28,0.341
2019/12/29,0.337
2019/12/30,0.362
2019/12/31,0.369
2020/01/01,0.287
2020/01/02,0.332
2020/01/03,0.376
2020/01/04,0.317
2020/01/05,0.31
2020/01/06,0.52
2020/01/07,0.591
2020/01/08,0.802
2020/01/09,0.735
2020/01/10,0.781
2020/01/11,0.483
2020/01/12,0.418
2020/01/13,0.493
2020/01/14,0.651
2020/01/15,0.828
2020/01/16,0.636
2020/01/17,0.665
2020/01/18,0.551
2020/01/19,0.516
2020/01/20,0.491
2020/01/21,0.565
2020/01/22,0.574
2020/01/23,0.54
2020/01/24,0.432
2020/01/25,0.333
2020/01/26,0.343
2020/01/27,0.62
2020/01/28,0.612
2020/01/29,0.561
2020/01/30,0.555
2020/01/31,0.631
2020/02/01,0.541
2020/02/02,0.548
2020/02/03,0.609
2020/02/04,0.709
2020/02/05,0.65
2020/02/06,0.835
2020/02/07,0.922
2020/02/08,0.659
2020/02/09,0.631
2020/02/10,0.919
2020/02/11,0.948
2020/02/12,1.122
2020/02/13,1.074
2020/02/14,1.014
2020/02/15,0.898
2020/02/16,0.733
2020/02/17,0.721
2020/02/18,0.9
2020/02/19,0.948
2020/02/20,0.844
2020/02/21,0.674
2020/02/22,0.589
2020/02/23,0.574
2020/02/24,0.68
2020/02/25,0.699
2020/02/26,0.805
2020/02/27,0.71
2020/02/28,0.621
2020/02/29,0.523
2020/03/01,0.4
2020/03/02,0.586
2020/03/03,0.637
2020/03/04,0.593
2020/03/05,0.63
2020/03/06,0.716
2020/03/07,0.536
2020/03/08,0.458
2020/03/09,0.58
2020/03/10,0.675
2020/03/11,0.808
2020/03/12,1.132
2020/03/13,1.608
2020/03/14,1.021
2020/03/15,1.056
2020/03/16,1.14
2020/03/17,1.159
2020/03/18,1.317
2020/03/19,1.461
2020/03/20,1.768
2020/03/21,1.181
2020/03/22,0.979
2020/03/23,1.207
2020/03/24,1.067
2020/03/25,1.386
2020/03/26,1.254
2020/03/27,1.006
2020/03/28,0.746
2020/03/29,0.554
2020/03/30,0.594
2020/03/31,0.646
2020/04/01,0.599
2020/04/02,0.562
2020/04/03,0.632
2020/04/04,0.446
2020/04/05,0.387
2020/04/06,0.53
2020/04/07,0.592
2020/04/08,0.576
2020/04/09,0.592
2020/04/10,0.503
2020/04/11,0.38
2020/04/12,0.391
2020/04/13,0.392
2020/04/14,0.516
2020/04/15,0.582
2020/04/16,0.612
2020/04/17,0.636
2020/04/18,0.475
2020/04/19,0.443
2020/04/20,0.499
2020/04/21,0.516
2020/04/22,0.636
2020/04/23,0.909
2020/04/24,0.871
2020/04/25,0.747
2020/04/26,0.623
2020/04/27,0.695
2020/04/28,0.664
2020/04/29,1.28
2020/04/30,2.944
2020/05/01,2.841
2020/05/02,2.108
2020/05/03,1.825
2020/05/04,1.806
2020/05/05,1.946
2020/05/06,1.874
2020/05/07,2.44
2020/05/08,3.191
2020/05/09,2.711
2020/05/10,1.92
2020/05/11,2.523
2020/05/12,2.792
2020/05/13,3.317
2020/05/14,5.161
2020/05/15,4.959
2020/05/16,3.437
2020/05/17,4.092
2020/05/18,5.828
2020/05/19,6.424
2020/05/20,6.647
2020/05/21,6.283
2020/05/22,5.202
2020/05/23,3.7
2020/05/24,3.13
2020/05/25,3.069
2020/05/26,2.415
2020/05/27,2.403
2020/05/28,2.747
2020/05/29,3.171
2020/05/30,2.276
2020/05/31,2.258
2020/06/01,2.479
2020/06/02,3.187
2020/06/03,2.503
2020/06/04,1.904
2020/06/05,1.672
2020/06/06,1.083
2020/06/07,1.007
2020/06/08,1.281
2020/06/09,1.046
2020/06/10,1.157
2020/06/11,1.122
2020/06/12,0.887
2020/06/13,0.711
2020/06/14,0.557
2020/06/15,1.076
2020/06/16,1.412
2020/06/17,1.356
2020/06/18,1.482
2020/06/19,1.354
2020/06/20,0.986
2020/06/21,0.903
2020/06/22,1.139
2020/06/23,1.245
2020/06/24,1.285
2020/06/25,1.19
2020/06/26,0.95
2020/06/27,0.777
2020/06/28,0.676
2020/06/29,0.969
2020/06/30,1.317
2020/07/01,1.515
2020/07/02,1.519
2020/07/03,1.483
2020/07/04,1.009
2020/07/05,0.835
2020/07/06,1.008
2020/07/07,1.095
2020/07/08,1.287
2020/07/09,1.422
2020/07/10,1.293
2020/07/11,0.99
2020/07/12,0.809
2020/07/13,1.229
2020/07/14,1.619
2020/07/15,1.885
2020/07/16,2.073
2020/07/17,2.413
2020/07/18,2.258
2020/07/19,1.527
2020/07/20,2.34
2020/07/21,3.055
2020/07/22,3.692
2020/07/23,3.841
2020/07/24,3.222
2020/07/25,2.918
2020/07/26,2.521
2020/07/27,3.865
2020/07/28,5.812
2020/07/29,5.596
2020/07/30,6.063
2020/07/31,5.388
2020/08/01,5.014
2020/08/02,4.204
2020/08/03,4.393
2020/08/04,3.811
2020/08/05,5.351
2020/08/06,6.472
2020/08/07,4.927
2020/08/08,3.253
2020/08/09,2.728
2020/08/10,5.158
2020/08/11,5.047
2020/08/12,4.14
2020/08/13,3.875
2020/08/14,3.427
2020/08/15,2.557
2020/08/16,2.516
2020/08/17,3.363
2020/08/18,5.564
2020/08/19,5.22
2020/08/20,4.622
2020/08/21,5.092
2020/08/22,3.47
2020/08/23,2.382
2020/08/24,2.8
2020/08/25,3.408
2020/08/26,3.819
2020/08/27,4.254
2020/08/28,3.354
2020/08/29,2.591
2020/08/30,2.768
2020/08/31,3.534
2020/09/01,3.972
2020/09/02,4.657
2020/09/03,4.779
2020/09/04,5.419
2020/09/05,3.787
2020/09/06,2.748
2020/09/07,3.002
2020/09/08,2.568
2020/09/09,2.888
2020/09/10,3.302
2020/09/11,3.183
2020/09/12,2.011
2020/09/13,2.003
2020/09/14,2.242
2020/09/15,2.498
2020/09/16,2.472
2020/09/17,2.22
2020/09/18,2.335
2020/09/19,1.769
2020/09/20,1.393
2020/09/21,2.204
2020/09/22,2.483
2020/09/23,2.87
2020/09/24,2.724
2020/09/25,2.335
2020/09/26,1.615
2020/09/27,1.555
2020/09/28,2.091
2020/09/29,2.563
2020/09/30,2.908
2020/10/01,3.606
2020/10/02,4.093
2020/10/03,2.443
2020/10/04,2.212
2020/10/05,3.57
2020/10/06,3.822
2020/10/07,3.189
2020/10/08,3.355
2020/10/09,3.588
2020/10/10,2.882
2020/10/11,2.275
2020/10/12,2.729
2020/10/13,2.548
2020/10/14,2.651
2020/10/15,2.622
2020/10/16,2.248
2020/10/17,1.463
2020/10/18,1.801
2020/10/19,1.928
2020/10/20,2.751
2020/10/21,4.666
2020/10/22,6.369
2020/10/23,5.755
2020/10/24,3.987
2020/10/25,3.519
2020/10/26,5.764
2020/10/27,10.198
2020/10/28,11.673
2020/10/29,12.512
2020/10/30,13.139
2020/10/31,13.157
2020/11/01,8.868
2020/11/02,12.689
2020/11/03,11.877
2020/11/04,8.89
2020/11/05,12.025
2020/11/06,10.987
2020/11/07,7.669
2020/11/08,5.985
2020/11/09,6.704
2020/11/10,7.827
2020/11/11,5.278
2020/11/12,5.042
2020/11/13,5.462
2020/11/14,3.472
2020/11/15,2.688
2020/11/16,4.387
2020/11/17,4.447
2020/11/18,4.825
2020/11/19,5.423
2020/11/20,4.022
2020/11/21,2.821
2020/11/22,2.178
2020/11/23,3.503
2020/11/24,4.881
2020/11/25,5.196
2020/11/26,5.582
2020/11/27,4.441
2020/11/28,3.349
2020/11/29,2.723
2020/11/30,5.331
2020/12/01,7.412
2020/12/02,7.621
2020/12/03,8.106
2020/12/04,6.529
2020/12/05,4.685
2020/12/06,3.586
2020/12/07,4.372
2020/12/08,4.136
2020/12/09,4.125
2020/12/10,4.254
2020/12/11,4.154
2020/12/12,3.165
2020/12/13,2.718
2020/12/14,3.613
2020/12/15,4.233
2020/12/16,5.086
2020/12/17,11.907
2020/12/18,11.911
2020/12/19,8.155
2020/12/20,6.153
2020/12/21,11.949
2020/12/22,9.477
2020/12/23,9.963
2020/12/24,9.207
2020/12/25,7.311
2020/12/26,6.423
2020/12/27,8.06
2020/12/28,8.696
2020/12/29,8.401
2020/12/30,8.748
2020/12/31,9.513
2021/01/01,5.552
2021/01/02,8.24
2021/01/03,8.055
2021/01/04,9.271
2021/01/05,10.328
2021/01/06,11.277
2021/01/07,11.639
2021/01/08,15.041
2021/01/09,13.901
2021/01/10,11.013
2021/01/11,13.819
2021/01/12,17.086
2021/01/13,14.836
2021/01/14,16.074
2021/01/15,16.049
2021/01/16,10.58
2021/01/17,8.706
2021/01/18,9.729
2021/01/19,11.067
2021/01/20,10.475
2021/01/21,13.634
2021/01/22,11.277
2021/01/23,8.058
2021/01/24,7.31
2021/01/25,10.87
2021/01/26,7.781
2021/01/27,8.009
2021/01/28,8.393
2021/01/29,17.206
2021/01/30,15.106
2021/01/31,11.573
2021/02/01,15.512
2021/02/02,14.02
2021/02/03,14.252
2021/02/04,17.037
2021/02/05,15.011
2021/02/06,14.11
2021/02/07,11.453
2021/02/08,16.386
2021/02/09,25.467
2021/02/10,22.595
2021/02/11,28.136
2021/02/12,28.069
2021/02/13,20.282
2021/02/14,17.14
2021/02/15,18.976
2021/02/16,19.788
2021/02/17,22.701
2021/02/18,24.205
2021/02/19,24.989
2021/02/20,25.968
2021/02/21,24.174
2021/02/22,25.285
2021/02/23,31.477
2021/02/24,26.364
2021/02/25,23.393
2021/02/26,22.675
2021/02/27,15.332
2021/02/28,14.635
2021/03/01,20.678
2021/03/02,19.102
2021/03/03,20.071
2021/03/04,19.282
2021/03/05,17.178
2021/03/06,13.152
2021/03/07,13.72
2021/03/08,15.757
2021/03/09,18.943
2021/03/10,17.716
2021/03/11,21.468
2021/03/12,20.783
2021/03/13,24.808
2021/03/14,17.368
2021/03/15,22.263
2021/03/16,19.128
2021/03/17,20.073
2021/03/18,24.206
2021/03/19,21.453
2021/03/20,17.289
2021/03/21,14.866
2021/03/22,16.246
2021/03/23,14.165
2021/03/24,14.91
2021/03/25,13.789
2021/03/26,14.729
2021/03/27,12.761
2021/03/28,13.035
2021/03/29,15.159
2021/03/30,17.563
2021/03/31,18.084
2021/04/01,16.992
2021/04/02,17.337
2021/04/03,17.568
2021/04/04,15.771
2021/04/05,18.992
2021/04/06,20.105
2021/04/07,17.927
2021/04/08,18.808
2021/04/09,20.873
2021/04/10,18.022
2021/04/11,14.868
2021/04/12,18.942
2021/04/13,20.41
2021/04/14,29.053
2021/04/15,27.187
2021/04/16,39.445
2021/04/17,51.56
2021/04/18,43.853
2021/04/19,58.418
2021/04/20,59.878
2021/04/21,62.779
2021/04/22,58.718
2021/04/23,45.518
2021/04/24,29.025
2021/04/25,23.971
2021/04/26,36.957
2021/04/27,29.732
2021/04/28,26.888
2021/04/29,30.096
2021/04/30,27.357
2021/05/01,22.45
2021/05/02,20.554
2021/05/03,22.395
2021/05/04,18.286
2021/05/05,18.029
2021/05/06,20.05
2021/05/07,19.265
2021/05/08,18.595
2021/05/09,16.394
2021/05/10,19.25
2021/05/11,14.645
2021/05/12,14.347
2021/05/13,12.966
2021/05/14,13.823
2021/05/15,13.159
2021/05/16,11.34
2021/05/17,13.469
2021/05/18,13.436
2021/05/19,18.246
2021/05/20,23.148
2021/05/21,22.663
2021/05/22,17.171
2021/05/23,14.708
2021/05/24,15.27
2021/05/25,13.996
2021/05/26,13.249
2021/05/27,11.995
2021/05/28,11.672
2021/05/29,8.436
2021/05/30,7.231
2021/05/31,7.266
2021/06/01,7.381
2021/06/02,7.615
2021/06/03,7.525
2021/06/04,6.644
2021/06/05,5.58
2021/06/06,4.384
2021/06/07,5.269
2021/06/08,4.696
2021/06/09,5.509
2021/06/10,6.783
2021/06/11,6.958
2021/06/12,5.695
2021/06/13,4.515
2021/06/14,6.165
2021/06/15,6.443
2021/06/16,6.094
2021/06/17,5.097
2021/06/18,5.16
2021/06/19,4.712
2021/06/20,4.769
2021/06/21,6.518
2021/06/22,7.789
2021/06/23,8.131
2021/06/24,6.949
2021/06/25,6.754
2021/06/26,5.102
2021/06/27,7.121
2021/06/28,8.373
2021/06/29,9.192
2021/06/30,9.919
2021/07/01,10.654
2021/07/02,10.942
2021/07/03,8.555
2021/07/04,8.92
2021/07/05,7.25
2021/07/06,7.047
2021/07/07,5.915
2021/07/08,4.177
2021/07/09,3.92
2021/07/10,3.458
2021/07/11,3.773
2021/07/12,4.397
2021/07/13,4.537
2021/07/14,3.429
2021/07/15,3.227
2021/07/16,2.458
2021/07/17,2.188
2021/07/18,2.38
2021/07/19,2.614
2021/07/20,2.308
2021/07/21,1.914
2021/07/22,1.984
2021/07/23,2.716
2021/07/24,2.192
2021/07/25,1.917
2021/07/26,2.673
2021/07/27,2.373
2021/07/28,2.468
2021/07/29,2.277
2021/07/30,2.261
2021/07/31,2.255
2021/08/01,2.157
2021/08/02,2.232
2021/08/03,2.001
2021/08/04,2.436
2021/08/05,2.386
2021/08/06,2.256
2021/08/07,2.132
2021/08/08,2.277
2021/08/09,2.405
2021/08/10,2.44
2021/08/11,2.33
2021/08/12,2.301
2021/08/13,4.176
2021/08/14,2.456
2021/08/15,2.427
2021/08/16,2.909
2021/08/17,2.793
2021/08/18,2.813
2021/08/19,2.304
2021/08/20,2.768
2021/08/21,2.553
2021/08/22,2.983
2021/08/23,2.642
2021/08/24,2.781
2021/08/25,2.36
2021/08/26,2.121
2021/08/27,2.215
2021/08/28,2.398
2021/08/29,2.219
2021/08/30,2.403
2021/08/31,2.398
2021/09/01,3.013
2021/09/02,3.422
2021/09/03,3.24
2021/09/04,2.638
2021/09/05,2.574
2021/09/06,3.314
2021/09/07,3.338
2021/09/08,2.518
2021/09/09,2.389
2021/09/10,2.481
2021/09/11,2.252
2021/09/12,2.03
2021/09/13,2.674
2021/09/14,2.548
2021/09/15,3.018
2021/09/16,2.966
2021/09/17,2.631
2021/09/18,2.457
2021/09/19,1.965
2021/09/20,2.297
2021/09/21,2.568
2021/09/22,2.167
2021/09/23,2.262
2021/09/24,2.509
2021/09/25,1.713
2021/09/26,1.854
2021/09/27,2.156
2021/09/28,2.186
2021/09/29,1.956
2021/09/30,2.182
2021/10/01,2.699
2021/10/02,2.011
2021/10/03,2.202
2021/10/04,2.455
2021/10/05,2.447
2021/10/06,3.55
2021/10/07,4.498
2021/10/08,4.018
2021/10/09,3.268
2021/10/10,3.322
2021/10/11,4.189
2021/10/12,3.945
2021/10/13,3.264
2021/10/14,3.328
2021/10/15,4.072
2021/10/16,3.564
2021/10/17,3.2
2021/10/18,3.43
2021/10/19,3.016
2021/10/20,4.167
2021/10/21,4.102
2021/10/22,3.501
2021/10/23,3.041
2021/10/24,2.584
2021/10/25,3.086
2021/10/26,2.913
2021/10/27,2.559
2021/10/28,2.645
2021/10/29,3.153
2021/10/30,2.549
2021/10/31,2.528
2021/11/01,3.201
2021/11/02,3.679
2021/11/03,3.469
2021/11/04,3.505
2021/11/05,3.769
2021/11/06,2.779
2021/11/07,2.647
2021/11/08,3.704
2021/11/09,4.688
2021/11/10,4.089
2021/11/11,3.44
2021/11/12,3.388
2021/11/13,2.871
2021/11/14,2.497
2021/11/15,2.86
2021/11/16,2.626
2021/11/17,2.777
2021/11/18,2.365
2021/11/19,2.652
2021/11/20,3.047
2021/11/21,2.449
2021/11/22,2.53
2021/11/23,2.468
2021/11/24,2.663
2021/11/25,3.008
2021/11/26,2.786
2021/11/27,1.918
2021/11/28,1.881
2021/11/29,2.128
2021/11/30,2.467
2021/12/01,4.092
2021/12/02,3.418
2021/12/03,2.559
2021/12/04,3.379
2021/12/05,4.986
2021/12/06,2.23
2021/12/07,2.014
2021/12/08,1.957
2021/12/09,2.091
2021/12/10,2.061
2021/12/11,1.703
2021/12/12,1.509
2021/12/13,2.244
