Date,transactionvalue90emaUSD
2010/07/17,0
2010/07/18,0
2010/07/19,0
2010/07/20,0
2010/07/21,0
2010/07/22,0
2010/07/23,0
2010/07/24,0
2010/07/25,0
2010/07/26,0
2010/07/27,0
2010/07/28,0
2010/07/29,0
2010/07/30,0
2010/07/31,0
2010/08/01,0
2010/08/02,0
2010/08/03,0
2010/08/04,0
2010/08/05,0
2010/08/06,0
2010/08/07,0
2010/08/08,0
2010/08/09,0
2010/08/10,0
2010/08/11,0
2010/08/12,0
2010/08/13,0
2010/08/14,0
2010/08/15,0
2010/08/16,0
2010/08/17,0
2010/08/18,0
2010/08/19,0
2010/08/20,0
2010/08/21,0
2010/08/22,0
2010/08/23,0
2010/08/24,0
2010/08/25,0
2010/08/26,0
2010/08/27,0
2010/08/28,0
2010/08/29,0
2010/08/30,0
2010/08/31,0
2010/09/01,0
2010/09/02,0
2010/09/03,0
2010/09/04,0
2010/09/05,0
2010/09/06,0
2010/09/07,0
2010/09/08,0
2010/09/09,0
2010/09/10,0
2010/09/11,0
2010/09/12,0
2010/09/13,0
2010/09/14,0
2010/09/15,0
2010/09/16,0
2010/09/17,0
2010/09/18,0
2010/09/19,0
2010/09/20,0
2010/09/21,0
2010/09/22,0
2010/09/23,0
2010/09/24,0
2010/09/25,0
2010/09/26,0
2010/09/27,0
2010/09/28,0
2010/09/29,0
2010/09/30,0
2010/10/01,0
2010/10/02,0
2010/10/03,0
2010/10/04,0
2010/10/05,0
2010/10/06,0
2010/10/07,0
2010/10/08,0
2010/10/09,0
2010/10/10,0
2010/10/11,0
2010/10/12,0
2010/10/13,0
2010/10/14,10.155
2010/10/15,10.938
2010/10/16,11.69
2010/10/17,11.965
2010/10/18,12.55
2010/10/19,12.897
2010/10/20,13.226
2010/10/21,13.692
2010/10/22,13.889
2010/10/23,13.779
2010/10/24,13.942
2010/10/25,14.528
2010/10/26,15.299
2010/10/27,16.285
2010/10/28,17.444
2010/10/29,17.81
2010/10/30,18.002
2010/10/31,18.504
2010/11/01,18.611
2010/11/02,19.129
2010/11/03,19.406
2010/11/04,21.141
2010/11/05,21.167
2010/11/06,23.003
2010/11/07,24.269
2010/11/08,30.011
2010/11/09,30.011
2010/11/10,30.081
2010/11/11,29.944
2010/11/12,29.929
2010/11/13,29.959
2010/11/14,29.82
2010/11/15,29.488
2010/11/16,29.064
2010/11/17,29.135
2010/11/18,28.71
2010/11/19,28.113
2010/11/20,27.596
2010/11/21,27.066
2010/11/22,27.035
2010/11/23,27.217
2010/11/24,26.68
2010/11/25,26.156
2010/11/26,26.001
2010/11/27,25.77
2010/11/28,25.529
2010/11/29,25.395
2010/11/30,25.47
2010/12/01,25.427
2010/12/02,25.575
2010/12/03,25.408
2010/12/04,25.638
2010/12/05,25.297
2010/12/06,25.715
2010/12/07,25.861
2010/12/08,25.591
2010/12/09,25.438
2010/12/10,25.196
2010/12/11,25.329
2010/12/12,25.122
2010/12/13,25.908
2010/12/14,26.269
2010/12/15,26.628
2010/12/16,26.898
2010/12/17,27.041
2010/12/18,27.343
2010/12/19,27.697
2010/12/20,27.585
2010/12/21,27.866
2010/12/22,27.934
2010/12/23,27.984
2010/12/24,27.991
2010/12/25,28.347
2010/12/26,28.402
2010/12/27,28.765
2010/12/28,28.645
2010/12/29,29.371
2010/12/30,29.433
2010/12/31,29.492
2011/01/01,29.389
2011/01/02,29.278
2011/01/03,29.02
2011/01/04,28.65
2011/01/05,28.265
2011/01/06,27.946
2011/01/07,27.708
2011/01/08,27.384
2011/01/09,27.005
2011/01/10,26.858
2011/01/11,26.817
2011/01/12,26.589
2011/01/13,26.667
2011/01/14,26.614
2011/01/15,26.541
2011/01/16,26.56
2011/01/17,26.545
2011/01/18,26.895
2011/01/19,26.752
2011/01/20,26.6
2011/01/21,26.481
2011/01/22,26.359
2011/01/23,26.502
2011/01/24,26.414
2011/01/25,26.393
2011/01/26,26.408
2011/01/27,37.064
2011/01/28,36.656
2011/01/29,36.338
2011/01/30,37.07
2011/01/31,37.748
2011/02/01,38.566
2011/02/02,39.709
2011/02/03,40.129
2011/02/04,40.184
2011/02/05,40.919
2011/02/06,41.731
2011/02/07,44.226
2011/02/08,44.82
2011/02/09,46.126
2011/02/10,47.531
2011/02/11,48.896
2011/02/12,49.403
2011/02/13,49.638
2011/02/14,50.052
2011/02/15,49.907
2011/02/16,49.487
2011/02/17,49.352
2011/02/18,49.489
2011/02/19,50.602
2011/02/20,51.691
2011/02/21,52.685
2011/02/22,54.518
2011/02/23,56.48
2011/02/24,57.45
2011/02/25,57.949
2011/02/26,58.412
2011/02/27,58.826
2011/02/28,58.93
2011/03/01,65.042
2011/03/02,88.397
2011/03/03,87.907
2011/03/04,89.012
2011/03/05,88.308
2011/03/06,88.159
2011/03/07,88.296
2011/03/08,87.827
2011/03/09,88.411
2011/03/10,90.495
2011/03/11,91.063
2011/03/12,90.107
2011/03/13,89.618
2011/03/14,89.191
2011/03/15,88.057
2011/03/16,87.038
2011/03/17,86
2011/03/18,85.428
2011/03/19,84.183
2011/03/20,82.897
2011/03/21,81.508
2011/03/22,81.292
2011/03/23,80.522
2011/03/24,80.924
2011/03/25,81.89
2011/03/26,81.92
2011/03/27,81.187
2011/03/28,80.225
2011/03/29,79.171
2011/03/30,78.64
2011/03/31,78.045
2011/04/01,77.177
2011/04/02,76.398
2011/04/03,75.493
2011/04/04,74.832
2011/04/05,74.058
2011/04/06,73.185
2011/04/07,72.665
2011/04/08,72.264
2011/04/09,72.005
2011/04/10,71.219
2011/04/11,70.395
2011/04/12,70.047
2011/04/13,69.978
2011/04/14,69.519
2011/04/15,69.086
2011/04/16,71.135
2011/04/17,83.248
2011/04/18,82.488
2011/04/19,99.765
2011/04/20,138.732
2011/04/21,141.51
2011/04/22,140.565
2011/04/23,139.918
2011/04/24,138.529
2011/04/25,136.808
2011/04/26,135.714
2011/04/27,134.917
2011/04/28,134.156
2011/04/29,143.502
2011/04/30,146.733
2011/05/01,146.46
2011/05/02,145.914
2011/05/03,147.359
2011/05/04,151.677
2011/05/05,151.738
2011/05/06,154.768
2011/05/07,155.817
2011/05/08,167.478
2011/05/09,167.456
2011/05/10,182.82
2011/05/11,185.885
2011/05/12,189.813
2011/05/13,203.416
2011/05/14,267.106
2011/05/15,273.944
2011/05/16,278.482
2011/05/17,280.384
2011/05/18,279.237
2011/05/19,278.881
2011/05/20,282.564
2011/05/21,293.609
2011/05/22,310.61
2011/05/23,315.915
2011/05/24,318.645
2011/05/25,322.294
2011/05/26,326.313
2011/05/27,340.029
2011/05/28,340.865
2011/05/29,343.643
2011/05/30,345.651
2011/05/31,346.959
2011/06/01,347.69
2011/06/02,351.054
2011/06/03,363.174
2011/06/04,374.792
2011/06/05,391.807
2011/06/06,416.228
2011/06/07,434.157
2011/06/08,463.88
2011/06/09,494.643
2011/06/10,531.288
2011/06/11,577.042
2011/06/12,618.14
2011/06/13,652.104
2011/06/14,684.381
2011/06/15,812.27
2011/06/16,1070
2011/06/17,1096
2011/06/18,1112
2011/06/19,1237
2011/06/20,1255
2011/06/21,1354
2011/06/22,1368
2011/06/23,1396
2011/06/24,1528
2011/06/25,1908
2011/06/26,2017
2011/06/27,2031
2011/06/28,2223
2011/06/29,2278
2011/06/30,2284
2011/07/01,2270
2011/07/02,2256
2011/07/03,2230
2011/07/04,2226
2011/07/05,2191
2011/07/06,2159
2011/07/07,2128
2011/07/08,2093
2011/07/09,2130
2011/07/10,2176
2011/07/11,2159
2011/07/12,2152
2011/07/13,2153
2011/07/14,2173
2011/07/15,2148
2011/07/16,2144
2011/07/17,2116
2011/07/18,2177
2011/07/19,2219
2011/07/20,2189
2011/07/21,2190
2011/07/22,2193
2011/07/23,2170
2011/07/24,2142
2011/07/25,2141
2011/07/26,2138
2011/07/27,2139
2011/07/28,2218
2011/07/29,2197
2011/07/30,2164
2011/07/31,2138
2011/08/01,2111
2011/08/02,2077
2011/08/03,2043
2011/08/04,2007
2011/08/05,1978
2011/08/06,1944
2011/08/07,1910
2011/08/08,1893
2011/08/09,1904
2011/08/10,1892
2011/08/11,1864
2011/08/12,1833
2011/08/13,1802
2011/08/14,1776
2011/08/15,1746
2011/08/16,1717
2011/08/17,1689
2011/08/18,1665
2011/08/19,1647
2011/08/20,1618
2011/08/21,1591
2011/08/22,1564
2011/08/23,1544
2011/08/24,1529
2011/08/25,1507
2011/08/26,1481
2011/08/27,1527
2011/08/28,1500
2011/08/29,1472
2011/08/30,1446
2011/08/31,1421
2011/09/01,1398
2011/09/02,1374
2011/09/03,1351
2011/09/04,1365
2011/09/05,1391
2011/09/06,1424
2011/09/07,1406
2011/09/08,1385
2011/09/09,1361
2011/09/10,1336
2011/09/11,1325
2011/09/12,1308
2011/09/13,1286
2011/09/14,1264
2011/09/15,1242
2011/09/16,1226
2011/09/17,1206
2011/09/18,1184
2011/09/19,1164
2011/09/20,1144
2011/09/21,1125
2011/09/22,1107
2011/09/23,1089
2011/09/24,1070
2011/09/25,1052
2011/09/26,1034
2011/09/27,1019
2011/09/28,1003
2011/09/29,987.088
2011/09/30,970.703
2011/10/01,957.962
2011/10/02,943.85
2011/10/03,929.905
2011/10/04,917.282
2011/10/05,904.615
2011/10/06,894.176
2011/10/07,881.094
2011/10/08,866.42
2011/10/09,852.241
2011/10/10,838.275
2011/10/11,824.715
2011/10/12,811.303
2011/10/13,798.899
2011/10/14,785.252
2011/10/15,773.798
2011/10/16,760.96
2011/10/17,749.819
2011/10/18,737.126
2011/10/19,723.957
2011/10/20,711.227
2011/10/21,701.429
2011/10/22,692.951
2011/10/23,684.644
2011/10/24,673.416
2011/10/25,662.791
2011/10/26,653.108
2011/10/27,645.629
2011/10/28,637.433
2011/10/29,629.176
2011/10/30,618.479
2011/10/31,610.182
2011/11/01,603.259
2011/11/02,594.714
2011/11/03,585.576
2011/11/04,576.853
2011/11/05,567.383
2011/11/06,557.793
2011/11/07,548.667
2011/11/08,548.941
2011/11/09,546.844
2011/11/10,538.292
2011/11/11,530.287
2011/11/12,522.03
2011/11/13,513.549
2011/11/14,505.657
2011/11/15,497.427
2011/11/16,504.493
2011/11/17,528.361
2011/11/18,563.239
2011/11/19,591.259
2011/11/20,592.73
2011/11/21,597.189
2011/11/22,617.214
2011/11/23,617.951
2011/11/24,620.121
2011/11/25,617.205
2011/11/26,621.873
2011/11/27,627.497
2011/11/28,651.06
2011/11/29,672.525
2011/11/30,718.029
2011/12/01,724.409
2011/12/02,767.373
2011/12/03,790.833
2011/12/04,807.214
2011/12/05,819.244
2011/12/06,857.37
2011/12/07,898.927
2011/12/08,930.855
2011/12/09,933.884
2011/12/10,926.431
2011/12/11,917.432
2011/12/12,907.879
2011/12/13,892.468
2011/12/14,878.118
2011/12/15,865.254
2011/12/16,852.746
2011/12/17,839.033
2011/12/18,825.517
2011/12/19,813.401
2011/12/20,802.378
2011/12/21,793.55
2011/12/22,782.388
2011/12/23,769.203
2011/12/24,758.009
2011/12/25,746.406
2011/12/26,741.176
2011/12/27,736.27
2011/12/28,725.09
2011/12/29,718.011
2011/12/30,707.324
2011/12/31,696.825
2012/01/01,688.954
2012/01/02,679.241
2012/01/03,669.363
2012/01/04,662.533
2012/01/05,661.413
2012/01/06,660.515
2012/01/07,653.793
2012/01/08,647.774
2012/01/09,644.166
2012/01/10,638.072
2012/01/11,631.954
2012/01/12,626.067
2012/01/13,620.845
2012/01/14,614.385
2012/01/15,607.318
2012/01/16,603.197
2012/01/17,598.613
2012/01/18,592.496
2012/01/19,587.212
2012/01/20,581.742
2012/01/21,575.503
2012/01/22,569.814
2012/01/23,563.693
2012/01/24,558.526
2012/01/25,553.154
2012/01/26,548.687
2012/01/27,543.151
2012/01/28,536.238
2012/01/29,530.905
2012/01/30,525.547
2012/01/31,519.878
2012/02/01,516.857
2012/02/02,512.38
2012/02/03,508.223
2012/02/04,503.49
2012/02/05,498.783
2012/02/06,494.14
2012/02/07,488.784
2012/02/08,483.383
2012/02/09,477.277
2012/02/10,471.615
2012/02/11,468.67
2012/02/12,463.916
2012/02/13,459.973
2012/02/14,465.019
2012/02/15,468.638
2012/02/16,474.149
2012/02/17,477.368
2012/02/18,476.991
2012/02/19,472.671
2012/02/20,468.776
2012/02/21,464.215
2012/02/22,464.368
2012/02/23,463.041
2012/02/24,462.024
2012/02/25,458.939
2012/02/26,455.069
2012/02/27,451.021
2012/02/28,447.058
2012/02/29,442.474
2012/03/01,443.132
2012/03/02,441.144
2012/03/03,438.99
2012/03/04,440.018
2012/03/05,436.119
2012/03/06,432.651
2012/03/07,429.292
2012/03/08,428.362
2012/03/09,428.706
2012/03/10,426.914
2012/03/11,426.236
2012/03/12,427.353
2012/03/13,425.91
2012/03/14,426.826
2012/03/15,426.571
2012/03/16,425.68
2012/03/17,424.082
2012/03/18,421.856
2012/03/19,420.011
2012/03/20,418.348
2012/03/21,416.843
2012/03/22,419.629
2012/03/23,425.424
2012/03/24,429.182
2012/03/25,426.54
2012/03/26,425.199
2012/03/27,424.677
2012/03/28,425.318
2012/03/29,432.739
2012/03/30,438.49
2012/03/31,444.007
2012/04/01,446.057
2012/04/02,447.803
2012/04/03,449.482
2012/04/04,451.144
2012/04/05,455.659
2012/04/06,455.117
2012/04/07,451.055
2012/04/08,463.256
2012/04/09,479.307
2012/04/10,479.138
2012/04/11,489.248
2012/04/12,495.196
2012/04/13,497.069
2012/04/14,499.568
2012/04/15,507.427
2012/04/16,516.727
2012/04/17,521.216
2012/04/18,523.119
2012/04/19,521.411
2012/04/20,549.689
2012/04/21,557.455
2012/04/22,562.352
2012/04/23,562.222
2012/04/24,560.584
2012/04/25,563.322
2012/04/26,571.535
2012/04/27,581.753
2012/04/28,582.116
2012/04/29,583.095
2012/04/30,582.896
2012/05/01,581.677
2012/05/02,580.836
2012/05/03,577.756
2012/05/04,573.931
2012/05/05,571.577
2012/05/06,565.509
2012/05/07,566.382
2012/05/08,578.391
2012/05/09,580.782
2012/05/10,579.056
2012/05/11,574.997
2012/05/12,581.326
2012/05/13,579.619
2012/05/14,575.757
2012/05/15,581.674
2012/05/16,590.015
2012/05/17,599.858
2012/05/18,595.247
2012/05/19,586.052
2012/05/20,580.347
2012/05/21,581.113
2012/05/22,587.703
2012/05/23,582.169
2012/05/24,574.133
2012/05/25,570.975
2012/05/26,581.7
2012/05/27,577.488
2012/05/28,572.835
2012/05/29,572.24
2012/05/30,570.198
2012/05/31,583.476
2012/06/01,583.247
2012/06/02,588.347
2012/06/03,581.309
2012/06/04,580.166
2012/06/05,579.421
2012/06/06,585.491
2012/06/07,590.316
2012/06/08,605.501
2012/06/09,597.35
2012/06/10,593.996
2012/06/11,592.27
2012/06/12,596.819
2012/06/13,589.171
2012/06/14,586.406
2012/06/15,582.131
2012/06/16,582.086
2012/06/17,573.735
2012/06/18,569.954
2012/06/19,565.694
2012/06/20,560.928
2012/06/21,554.295
2012/06/22,556.108
2012/06/23,563.167
2012/06/24,562.658
2012/06/25,559.064
2012/06/26,554.737
2012/06/27,551.781
2012/06/28,558.698
2012/06/29,562.451
2012/06/30,559.092
2012/07/01,556.975
2012/07/02,551.645
2012/07/03,548.694
2012/07/04,550.604
2012/07/05,551.951
2012/07/06,548.227
2012/07/07,559.968
2012/07/08,553.53
2012/07/09,554.197
2012/07/10,551.655
2012/07/11,545.325
2012/07/12,542.698
2012/07/13,547.748
2012/07/14,553.717
2012/07/15,550.125
2012/07/16,549.953
2012/07/17,551.498
2012/07/18,548.991
2012/07/19,544.701
2012/07/20,541.247
2012/07/21,542.476
2012/07/22,539.853
2012/07/23,540.257
2012/07/24,539.886
2012/07/25,535.115
2012/07/26,537.986
2012/07/27,541.807
2012/07/28,539.523
2012/07/29,533.843
2012/07/30,527.632
2012/07/31,530.516
2012/08/01,534.269
2012/08/02,534.384
2012/08/03,534.796
2012/08/04,534.737
2012/08/05,537.19
2012/08/06,538.793
2012/08/07,542.922
2012/08/08,541.024
2012/08/09,540.883
2012/08/10,543.631
2012/08/11,543.641
2012/08/12,543.503
2012/08/13,541.527
2012/08/14,541.284
2012/08/15,538.789
2012/08/16,540.027
2012/08/17,546.968
2012/08/18,549.817
2012/08/19,572.216
2012/08/20,612.845
2012/08/21,627.699
2012/08/22,658.241
2012/08/23,696.007
2012/08/24,758.637
2012/08/25,772.464
2012/08/26,781.721
2012/08/27,809.668
2012/08/28,846.63
2012/08/29,931.144
2012/08/30,991.574
2012/08/31,1021
2012/09/01,1046
2012/09/02,1062
2012/09/03,1061
2012/09/04,1075
2012/09/05,1104
2012/09/06,1204
2012/09/07,1312
2012/09/08,1342
2012/09/09,1343
2012/09/10,1450
2012/09/11,1549
2012/09/12,1611
2012/09/13,1769
2012/09/14,1857
2012/09/15,1882
2012/09/16,1968
2012/09/17,2064
2012/09/18,2124
2012/09/19,2342
2012/09/20,2430
2012/09/21,2608
2012/09/22,2733
2012/09/23,2748
2012/09/24,2761
2012/09/25,2720
2012/09/26,2675
2012/09/27,2629
2012/09/28,2593
2012/09/29,2551
2012/09/30,2513
2012/10/01,2476
2012/10/02,2438
2012/10/03,2398
2012/10/04,2356
2012/10/05,2324
2012/10/06,2290
2012/10/07,2253
2012/10/08,2216
2012/10/09,2177
2012/10/10,2137
2012/10/11,2101
2012/10/12,2079
2012/10/13,2055
2012/10/14,2023
2012/10/15,1986
2012/10/16,1963
2012/10/17,1947
2012/10/18,1935
2012/10/19,1920
2012/10/20,1901
2012/10/21,1874
2012/10/22,1846
2012/10/23,1826
2012/10/24,1801
2012/10/25,1775
2012/10/26,1747
2012/10/27,1732
2012/10/28,1705
2012/10/29,1679
2012/10/30,1674
2012/10/31,1670
2012/11/01,1660
2012/11/02,1630
2012/11/03,1613
2012/11/04,1599
2012/11/05,1581
2012/11/06,1560
2012/11/07,1538
2012/11/08,1514
2012/11/09,1489
2012/11/10,1460
2012/11/11,1432
2012/11/12,1406
2012/11/13,1382
2012/11/14,1362
2012/11/15,1350
2012/11/16,1344
2012/11/17,1335
2012/11/18,1321
2012/11/19,1302
2012/11/20,1284
2012/11/21,1262
2012/11/22,1247
2012/11/23,1229
2012/11/24,1212
2012/11/25,1192
2012/11/26,1174
2012/11/27,1162
2012/11/28,1150
2012/11/29,1134
2012/11/30,1116
2012/12/01,1097
2012/12/02,1086
2012/12/03,1084
2012/12/04,1083
2012/12/05,1083
2012/12/06,1085
2012/12/07,1080
2012/12/08,1066
2012/12/09,1055
2012/12/10,1040
2012/12/11,1030
2012/12/12,1037
2012/12/13,1041
2012/12/14,1041
2012/12/15,1033
2012/12/16,1025
2012/12/17,1016
2012/12/18,1007
2012/12/19,992.466
2012/12/20,978.405
2012/12/21,967.994
2012/12/22,954.779
2012/12/23,940.736
2012/12/24,928.712
2012/12/25,914.459
2012/12/26,899.424
2012/12/27,885.126
2012/12/28,872.392
2012/12/29,860.902
2012/12/30,846.92
2012/12/31,841.739
2013/01/01,836.985
2013/01/02,832.889
2013/01/03,826.512
2013/01/04,822.246
2013/01/05,819.506
2013/01/06,811.079
2013/01/07,803.94
2013/01/08,802.631
2013/01/09,796.875
2013/01/10,787.02
2013/01/11,777.471
2013/01/12,766.96
2013/01/13,755.567
2013/01/14,746.655
2013/01/15,744.493
2013/01/16,741.117
2013/01/17,737.224
2013/01/18,732.328
2013/01/19,725.444
2013/01/20,719.247
2013/01/21,713.323
2013/01/22,709.852
2013/01/23,713.569
2013/01/24,710.877
2013/01/25,707.151
2013/01/26,701.265
2013/01/27,695.917
2013/01/28,693.205
2013/01/29,697.063
2013/01/30,708.94
2013/01/31,706.659
2013/02/01,704.672
2013/02/02,700.095
2013/02/03,694.668
2013/02/04,695.543
2013/02/05,696.824
2013/02/06,701.145
2013/02/07,698.871
2013/02/08,700.855
2013/02/09,701.177
2013/02/10,698.144
2013/02/11,694.78
2013/02/12,691.005
2013/02/13,686.794
2013/02/14,687.973
2013/02/15,686.191
2013/02/16,685.441
2013/02/17,683.785
2013/02/18,683.023
2013/02/19,684.227
2013/02/20,681.921
2013/02/21,678.968
2013/02/22,680.329
2013/02/23,679.47
2013/02/24,683.381
2013/02/25,685.94
2013/02/26,687.311
2013/02/27,688.698
2013/02/28,689.769
2013/03/01,693.218
2013/03/02,697.444
2013/03/03,694.298
2013/03/04,690.194
2013/03/05,702.42
2013/03/06,718.66
2013/03/07,724.657
2013/03/08,728.309
2013/03/09,729.72
2013/03/10,730.038
2013/03/11,730.776
2013/03/12,744.477
2013/03/13,753.031
2013/03/14,755.894
2013/03/15,820.818
2013/03/16,868.17
2013/03/17,873.563
2013/03/18,942.417
2013/03/19,969.229
2013/03/20,999.573
2013/03/21,1029
2013/03/22,1043
2013/03/23,1058
2013/03/24,1062
2013/03/25,1086
2013/03/26,1122
2013/03/27,1187
2013/03/28,1217
2013/03/29,1235
2013/03/30,1266
2013/03/31,1307
2013/04/01,1335
2013/04/02,1403
2013/04/03,1470
2013/04/04,1531
2013/04/05,1593
2013/04/06,1634
2013/04/07,1652
2013/04/08,1705
2013/04/09,1801
2013/04/10,1940
2013/04/11,1985
2013/04/12,2003
2013/04/13,2012
2013/04/14,1998
2013/04/15,1991
2013/04/16,1991
2013/04/17,1999
2013/04/18,2216
2013/04/19,2241
2013/04/20,2249
2013/04/21,2255
2013/04/22,2293
2013/04/23,2312
2013/04/24,2362
2013/04/25,2390
2013/04/26,2401
2013/04/27,2399
2013/04/28,2384
2013/04/29,2436
2013/04/30,2444
2013/05/01,2458
2013/05/02,2444
2013/05/03,2425
2013/05/04,2395
2013/05/05,2374
2013/05/06,2362
2013/05/07,2352
2013/05/08,2339
2013/05/09,2313
2013/05/10,2295
2013/05/11,2268
2013/05/12,2239
2013/05/13,2235
2013/05/14,2215
2013/05/15,2193
2013/05/16,2172
2013/05/17,2160
2013/05/18,2148
2013/05/19,2123
2013/05/20,2104
2013/05/21,2090
2013/05/22,2080
2013/05/23,2066
2013/05/24,2058
2013/05/25,2053
2013/05/26,2034
2013/05/27,2025
2013/05/28,2015
2013/05/29,2011
2013/05/30,1997
2013/05/31,1988
2013/06/01,1969
2013/06/02,1949
2013/06/03,1943
2013/06/04,1931
2013/06/05,1920
2013/06/06,1914
2013/06/07,1904
2013/06/08,1883
2013/06/09,1876
2013/06/10,1860
2013/06/11,1847
2013/06/12,1836
2013/06/13,1828
2013/06/14,1821
2013/06/15,1806
2013/06/16,1793
2013/06/17,1781
2013/06/18,1774
2013/06/19,1763
2013/06/20,1758
2013/06/21,1755
2013/06/22,1738
2013/06/23,1720
2013/06/24,1711
2013/06/25,1708
2013/06/26,1700
2013/06/27,1689
2013/06/28,1678
2013/06/29,1670
2013/06/30,1660
2013/07/01,1665
2013/07/02,1662
2013/07/03,1666
2013/07/04,1672
2013/07/05,1681
2013/07/06,1675
2013/07/07,1670
2013/07/08,1667
2013/07/09,1676
2013/07/10,1685
2013/07/11,1692
2013/07/12,1694
2013/07/13,1702
2013/07/14,1696
2013/07/15,1696
2013/07/16,1707
2013/07/17,1721
2013/07/18,1729
2013/07/19,1732
2013/07/20,1721
2013/07/21,1709
2013/07/22,1713
2013/07/23,1724
2013/07/24,1727
2013/07/25,1726
2013/07/26,1729
2013/07/27,1715
2013/07/28,1710
2013/07/29,1708
2013/07/30,1719
2013/07/31,1718
2013/08/01,1727
2013/08/02,1726
2013/08/03,1719
2013/08/04,1706
2013/08/05,1703
2013/08/06,1695
2013/08/07,1688
2013/08/08,1677
2013/08/09,1666
2013/08/10,1650
2013/08/11,1636
2013/08/12,1635
2013/08/13,1650
2013/08/14,1669
2013/08/15,1662
2013/08/16,1657
2013/08/17,1659
2013/08/18,1652
2013/08/19,1649
2013/08/20,1647
2013/08/21,1659
2013/08/22,1652
2013/08/23,1650
2013/08/24,1639
2013/08/25,1632
2013/08/26,1627
2013/08/27,1627
2013/08/28,1622
2013/08/29,1700
2013/08/30,1697
2013/08/31,1709
2013/09/01,1720
2013/09/02,1725
2013/09/03,1737
2013/09/04,1745
2013/09/05,1744
2013/09/06,1735
2013/09/07,1728
2013/09/08,1711
2013/09/09,1720
2013/09/10,1714
2013/09/11,1722
2013/09/12,1720
2013/09/13,1722
2013/09/14,1720
2013/09/15,1703
2013/09/16,1702
2013/09/17,1690
2013/09/18,1691
2013/09/19,1691
2013/09/20,1687
2013/09/21,1673
2013/09/22,1662
2013/09/23,1666
2013/09/24,1670
2013/09/25,1675
2013/09/26,1674
2013/09/27,1677
2013/09/28,1675
2013/09/29,1674
2013/09/30,1686
2013/10/01,1700
2013/10/02,1711
2013/10/03,1710
2013/10/04,1713
2013/10/05,1701
2013/10/06,1689
2013/10/07,1693
2013/10/08,1699
2013/10/09,1709
2013/10/10,1708
2013/10/11,1714
2013/10/12,1714
2013/10/13,1716
2013/10/14,1724
2013/10/15,1735
2013/10/16,1757
2013/10/17,1774
2013/10/18,1786
2013/10/19,1808
2013/10/20,1819
2013/10/21,1842
2013/10/22,1876
2013/10/23,1918
2013/10/24,1943
2013/10/25,2083
2013/10/26,2092
2013/10/27,2091
2013/10/28,2098
2013/10/29,2195
2013/10/30,2213
2013/10/31,2215
2013/11/01,2228
2013/11/02,2252
2013/11/03,2276
2013/11/04,2331
2013/11/05,2391
2013/11/06,2430
2013/11/07,2503
2013/11/08,2570
2013/11/09,2635
2013/11/10,2667
2013/11/11,2699
2013/11/12,2782
2013/11/13,2881
2013/11/14,2964
2013/11/15,3283
2013/11/16,3511
2013/11/17,3665
2013/11/18,3910
2013/11/19,4147
2013/11/20,4301
2013/11/21,4612
2013/11/22,4974
2013/11/23,5211
2013/11/24,5482
2013/11/25,5685
2013/11/26,6421
2013/11/27,6965
2013/11/28,7529
2013/11/29,7996
2013/11/30,8409
2013/12/01,8646
2013/12/02,8843
2013/12/03,8980
2013/12/04,9170
2013/12/05,9376
2013/12/06,9502
2013/12/07,9848
2013/12/08,10047
2013/12/09,10195
2013/12/10,10222
2013/12/11,10321
2013/12/12,10391
2013/12/13,10461
2013/12/14,10454
2013/12/15,10387
2013/12/16,10680
2013/12/17,10793
2013/12/18,10858
2013/12/19,10884
2013/12/20,10867
2013/12/21,10860
2013/12/22,10861
2013/12/23,10808
2013/12/24,10796
2013/12/25,10787
2013/12/26,10739
2013/12/27,10685
2013/12/28,10655
2013/12/29,10676
2013/12/30,10679
2013/12/31,10611
2014/01/01,10580
2014/01/02,10564
2014/01/03,10589
2014/01/04,10573
2014/01/05,10643
2014/01/06,10713
2014/01/07,10760
2014/01/08,10755
2014/01/09,10700
2014/01/10,10653
2014/01/11,10563
2014/01/12,10486
2014/01/13,10433
2014/01/14,10442
2014/01/15,10392
2014/01/16,10358
2014/01/17,10261
2014/01/18,10158
2014/01/19,10150
2014/01/20,10156
2014/01/21,10090
2014/01/22,10005
2014/01/23,9929
2014/01/24,9912
2014/01/25,9848
2014/01/26,9768
2014/01/27,9798
2014/01/28,9749
2014/01/29,9675
2014/01/30,9614
2014/01/31,9522
2014/02/01,9463
2014/02/02,9420
2014/02/03,9364
2014/02/04,9362
2014/02/05,9365
2014/02/06,9320
2014/02/07,9314
2014/02/08,9246
2014/02/09,9178
2014/02/10,9152
2014/02/11,9106
2014/02/12,9048
2014/02/13,8979
2014/02/14,8912
2014/02/15,8946
2014/02/16,8894
2014/02/17,8814
2014/02/18,8727
2014/02/19,8623
2014/02/20,8533
2014/02/21,8437
2014/02/22,8337
2014/02/23,8245
2014/02/24,8200
2014/02/25,8175
2014/02/26,8113
2014/02/27,8036
2014/02/28,7961
2014/03/01,7943
2014/03/02,7887
2014/03/03,7891
2014/03/04,7895
2014/03/05,7856
2014/03/06,7810
2014/03/07,8108
2014/03/08,8260
2014/03/09,8287
2014/03/10,8406
2014/03/11,8400
2014/03/12,8417
2014/03/13,8378
2014/03/14,8317
2014/03/15,8267
2014/03/16,8175
2014/03/17,8108
2014/03/18,8586
2014/03/19,8599
2014/03/20,8535
2014/03/21,8453
2014/03/22,8345
2014/03/23,8234
2014/03/24,8173
2014/03/25,8093
2014/03/26,8012
2014/03/27,7968
2014/03/28,7929
2014/03/29,7838
2014/03/30,7780
2014/03/31,7725
2014/04/01,7669
2014/04/02,7614
2014/04/03,7558
2014/04/04,7491
2014/04/05,7457
2014/04/06,7383
2014/04/07,7291
2014/04/08,7197
2014/04/09,7129
2014/04/10,7080
2014/04/11,7030
2014/04/12,6954
2014/04/13,6874
2014/04/14,6811
2014/04/15,6760
2014/04/16,6744
2014/04/17,6736
2014/04/18,6730
2014/04/19,6674
2014/04/20,6619
2014/04/21,6610
2014/04/22,6585
2014/04/23,6538
2014/04/24,6459
2014/04/25,6393
2014/04/26,6316
2014/04/27,6233
2014/04/28,6180
2014/04/29,6128
2014/04/30,6067
2014/05/01,6007
2014/05/02,5980
2014/05/03,5946
2014/05/04,5893
2014/05/05,5853
2014/05/06,5807
2014/05/07,5792
2014/05/08,5851
2014/05/09,5904
2014/05/10,5891
2014/05/11,5843
2014/05/12,5785
2014/05/13,5751
2014/05/14,5724
2014/05/15,5705
2014/05/16,5675
2014/05/17,5638
2014/05/18,5567
2014/05/19,5524
2014/05/20,5612
2014/05/21,5600
2014/05/22,5593
2014/05/23,5667
2014/05/24,5736
2014/05/25,5788
2014/05/26,5806
2014/05/27,5850
2014/05/28,5869
2014/05/29,5863
2014/05/30,5921
2014/05/31,5940
2014/06/01,6003
2014/06/02,6074
2014/06/03,6130
2014/06/04,6215
2014/06/05,6280
2014/06/06,6380
2014/06/07,6407
2014/06/08,6501
2014/06/09,6451
2014/06/10,6444
2014/06/11,6421
2014/06/12,6512
2014/06/13,6519
2014/06/14,6484
2014/06/15,6444
2014/06/16,6445
2014/06/17,6395
2014/06/18,6368
2014/06/19,6379
2014/06/20,6364
2014/06/21,6340
2014/06/22,6337
2014/06/23,6331
2014/06/24,6365
2014/06/25,6322
2014/06/26,6286
2014/06/27,6247
2014/06/28,6190
2014/06/29,6147
2014/06/30,6145
2014/07/01,6191
2014/07/02,6257
2014/07/03,6254
2014/07/04,6208
2014/07/05,6187
2014/07/06,6152
2014/07/07,6119
2014/07/08,6056
2014/07/09,6015
2014/07/10,5989
2014/07/11,5954
2014/07/12,5943
2014/07/13,5938
2014/07/14,5917
2014/07/15,5893
2014/07/16,5899
2014/07/17,5864
2014/07/18,5845
2014/07/19,5786
2014/07/20,5732
2014/07/21,5702
2014/07/22,5653
2014/07/23,5612
2014/07/24,5594
2014/07/25,5579
2014/07/26,5527
2014/07/27,5470
2014/07/28,5445
2014/07/29,5426
2014/07/30,5386
2014/07/31,5344
2014/08/01,5314
2014/08/02,5288
2014/08/03,5273
2014/08/04,5238
2014/08/05,5232
2014/08/06,5192
2014/08/07,5157
2014/08/08,5108
2014/08/09,5072
2014/08/10,5041
2014/08/11,5024
2014/08/12,5033
2014/08/13,5034
2014/08/14,5030
2014/08/15,5035
2014/08/16,5034
2014/08/17,5013
2014/08/18,5042
2014/08/19,5018
2014/08/20,4990
2014/08/21,5000
2014/08/22,5451
2014/08/23,5464
2014/08/24,5425
2014/08/25,5460
2014/08/26,5616
2014/08/27,5709
2014/08/28,5703
2014/08/29,5673
2014/08/30,5657
2014/08/31,5628
2014/09/01,5611
2014/09/02,5573
2014/09/03,5523
2014/09/04,5469
2014/09/05,5425
2014/09/06,5359
2014/09/07,5306
2014/09/08,5259
2014/09/09,5209
2014/09/10,5162
2014/09/11,5118
2014/09/12,5075
2014/09/13,5018
2014/09/14,4964
2014/09/15,4916
2014/09/16,4858
2014/09/17,4809
2014/09/18,4790
2014/09/19,4773
2014/09/20,4775
2014/09/21,4783
2014/09/22,4741
2014/09/23,4727
2014/09/24,4736
2014/09/25,4709
2014/09/26,4673
2014/09/27,4641
2014/09/28,4603
2014/09/29,4577
2014/09/30,4547
2014/10/01,4522
2014/10/02,4491
2014/10/03,4468
2014/10/04,4442
2014/10/05,4437
2014/10/06,4443
2014/10/07,4424
2014/10/08,4412
2014/10/09,4408
2014/10/10,4409
2014/10/11,4382
2014/10/12,4344
2014/10/13,4332
2014/10/14,4332
2014/10/15,4372
2014/10/16,4392
2014/10/17,4402
2014/10/18,4381
2014/10/19,4345
2014/10/20,4335
2014/10/21,4299
2014/10/22,4295
2014/10/23,4309
2014/10/24,4285
2014/10/25,4287
2014/10/26,4289
2014/10/27,4293
2014/10/28,4274
2014/10/29,4244
2014/10/30,4209
2014/10/31,4229
2014/11/01,4207
2014/11/02,4166
2014/11/03,4160
2014/11/04,4161
2014/11/05,4148
2014/11/06,4116
2014/11/07,4103
2014/11/08,4071
2014/11/09,4038
2014/11/10,4038
2014/11/11,4015
2014/11/12,4027
2014/11/13,4105
2014/11/14,4111
2014/11/15,4113
2014/11/16,4102
2014/11/17,4094
2014/11/18,4096
2014/11/19,4097
2014/11/20,4101
2014/11/21,4137
2014/11/22,4128
2014/11/23,4099
2014/11/24,4085
2014/11/25,4089
2014/11/26,4100
2014/11/27,4104
2014/11/28,4140
2014/11/29,4152
2014/11/30,4157
2014/12/01,4177
2014/12/02,4200
2014/12/03,4208
2014/12/04,4204
2014/12/05,4214
2014/12/06,4184
2014/12/07,4183
2014/12/08,4236
2014/12/09,4240
2014/12/10,4259
2014/12/11,4241
2014/12/12,4240
2014/12/13,4216
2014/12/14,4181
2014/12/15,4161
2014/12/16,4142
2014/12/17,4131
2014/12/18,4124
2014/12/19,4099
2014/12/20,4067
2014/12/21,4063
2014/12/22,4048
2014/12/23,4049
2014/12/24,4033
2014/12/25,4034
2014/12/26,4012
2014/12/27,3983
2014/12/28,3959
2014/12/29,3940
2014/12/30,3942
2014/12/31,3939
2015/01/01,3908
2015/01/02,3885
2015/01/03,3867
2015/01/04,3862
2015/01/05,3848
2015/01/06,3845
2015/01/07,3849
2015/01/08,3851
2015/01/09,3844
2015/01/10,3816
2015/01/11,3812
2015/01/12,3791
2015/01/13,3798
2015/01/14,3812
2015/01/15,3824
2015/01/16,3825
2015/01/17,3795
2015/01/18,3765
2015/01/19,3730
2015/01/20,3715
2015/01/21,3703
2015/01/22,3690
2015/01/23,3664
2015/01/24,3658
2015/01/25,3637
2015/01/26,3677
2015/01/27,3662
2015/01/28,3641
2015/01/29,3614
2015/01/30,3590
2015/01/31,3556
2015/02/01,3524
2015/02/02,3503
2015/02/03,3498
2015/02/04,3487
2015/02/05,3481
2015/02/06,3457
2015/02/07,3417
2015/02/08,3380
2015/02/09,3347
2015/02/10,3312
2015/02/11,3284
2015/02/12,3252
2015/02/13,3228
2015/02/14,3196
2015/02/15,3173
2015/02/16,3139
2015/02/17,3110
2015/02/18,3085
2015/02/19,3056
2015/02/20,3031
2015/02/21,3002
2015/02/22,2964
2015/02/23,2940
2015/02/24,2912
2015/02/25,2888
2015/02/26,2882
2015/02/27,2899
2015/02/28,2873
2015/03/01,2890
2015/03/02,2932
2015/03/03,2927
2015/03/04,2918
2015/03/05,2920
2015/03/06,2908
2015/03/07,2918
2015/03/08,3010
2015/03/09,3011
2015/03/10,3013
2015/03/11,3003
2015/03/12,3008
2015/03/13,3005
2015/03/14,2995
2015/03/15,2971
2015/03/16,2962
2015/03/17,2947
2015/03/18,2972
2015/03/19,2966
2015/03/20,2946
2015/03/21,2920
2015/03/22,2887
2015/03/23,2874
2015/03/24,2869
2015/03/25,2865
2015/03/26,2855
2015/03/27,2847
2015/03/28,2824
2015/03/29,2796
2015/03/30,2778
2015/03/31,2756
2015/04/01,2744
2015/04/02,2722
2015/04/03,2702
2015/04/04,2670
2015/04/05,2638
2015/04/06,2619
2015/04/07,2601
2015/04/08,2589
2015/04/09,2573
2015/04/10,2563
2015/04/11,2539
2015/04/12,2511
2015/04/13,2497
2015/04/14,2485
2015/04/15,2467
2015/04/16,2472
2015/04/17,2473
2015/04/18,2458
2015/04/19,2459
2015/04/20,2460
2015/04/21,2462
2015/04/22,2468
2015/04/23,2467
2015/04/24,2474
2015/04/25,2467
2015/04/26,2470
2015/04/27,2473
2015/04/28,2477
2015/04/29,2477
2015/04/30,2478
2015/05/01,2487
2015/05/02,2478
2015/05/03,2475
2015/05/04,2484
2015/05/05,2484
2015/05/06,2485
2015/05/07,2491
2015/05/08,2490
2015/05/09,2485
2015/05/10,2487
2015/05/11,2490
2015/05/12,2486
2015/05/13,2485
2015/05/14,2484
2015/05/15,2476
2015/05/16,2466
2015/05/17,2450
2015/05/18,2445
2015/05/19,2449
2015/05/20,2447
2015/05/21,2444
2015/05/22,2458
2015/05/23,2463
2015/05/24,2449
2015/05/25,2442
2015/05/26,2438
2015/05/27,2440
2015/05/28,2434
2015/05/29,2427
2015/05/30,2410
2015/05/31,2406
2015/06/01,2414
2015/06/02,2416
2015/06/03,2418
2015/06/04,2417
2015/06/05,2430
2015/06/06,2434
2015/06/07,2440
2015/06/08,2438
2015/06/09,2438
2015/06/10,2435
2015/06/11,2435
2015/06/12,2436
2015/06/13,2433
2015/06/14,2446
2015/06/15,2454
2015/06/16,2482
2015/06/17,2506
2015/06/18,2515
2015/06/19,2540
2015/06/20,2543
2015/06/21,2542
2015/06/22,2537
2015/06/23,2531
2015/06/24,2530
2015/06/25,2520
2015/06/26,2534
2015/06/27,2543
2015/06/28,2532
2015/06/29,2536
2015/06/30,2542
2015/07/01,2539
2015/07/02,2536
2015/07/03,2534
2015/07/04,2528
2015/07/05,2532
2015/07/06,2529
2015/07/07,2513
2015/07/08,2495
2015/07/09,2481
2015/07/10,2485
2015/07/11,2474
2015/07/12,2460
2015/07/13,2461
2015/07/14,2474
2015/07/15,2490
2015/07/16,2511
2015/07/17,2520
2015/07/18,2506
2015/07/19,2488
2015/07/20,2481
2015/07/21,2475
2015/07/22,2470
2015/07/23,2479
2015/07/24,2493
2015/07/25,2486
2015/07/26,2473
2015/07/27,2474
2015/07/28,2485
2015/07/29,2481
2015/07/30,2479
2015/07/31,2468
2015/08/01,2446
2015/08/02,2433
2015/08/03,2433
2015/08/04,2434
2015/08/05,2439
2015/08/06,2438
2015/08/07,2446
2015/08/08,2464
2015/08/09,2489
2015/08/10,2496
2015/08/11,2501
2015/08/12,2513
2015/08/13,2530
2015/08/14,2547
2015/08/15,2554
2015/08/16,2568
2015/08/17,2586
2015/08/18,2615
2015/08/19,2627
2015/08/20,2638
2015/08/21,2645
2015/08/22,2648
2015/08/23,2645
2015/08/24,2665
2015/08/25,2687
2015/08/26,2692
2015/08/27,2695
2015/08/28,2705
2015/08/29,2692
2015/08/30,2673
2015/08/31,2666
2015/09/01,2662
2015/09/02,2650
2015/09/03,2640
2015/09/04,2635
2015/09/05,2615
2015/09/06,2605
2015/09/07,2591
2015/09/08,2593
2015/09/09,2591
2015/09/10,2591
2015/09/11,2570
2015/09/12,2544
2015/09/13,2517
2015/09/14,2500
2015/09/15,2486
2015/09/16,2475
2015/09/17,2446
2015/09/18,2433
2015/09/19,2428
2015/09/20,2417
2015/09/21,2426
2015/09/22,2429
2015/09/23,2424
2015/09/24,2420
2015/09/25,2422
2015/09/26,2414
2015/09/27,2397
2015/09/28,2400
2015/09/29,2412
2015/09/30,2412
2015/10/01,2420
2015/10/02,2431
2015/10/03,2421
2015/10/04,2413
2015/10/05,2417
2015/10/06,2428
2015/10/07,2434
2015/10/08,2458
2015/10/09,2468
2015/10/10,2464
2015/10/11,2460
2015/10/12,2462
2015/10/13,2475
2015/10/14,2487
2015/10/15,2505
2015/10/16,2524
2015/10/17,2536
2015/10/18,2532
2015/10/19,2536
2015/10/20,2545
2015/10/21,2543
2015/10/22,2550
2015/10/23,2555
2015/10/24,2557
2015/10/25,2568
2015/10/26,2594
2015/10/27,2612
2015/10/28,2637
2015/10/29,2676
2015/10/30,2723
2015/10/31,2745
2015/11/01,2760
2015/11/02,2805
2015/11/03,2899
2015/11/04,3338
2015/11/05,3443
2015/11/06,3501
2015/11/07,3548
2015/11/08,3590
2015/11/09,3669
2015/11/10,3732
2015/11/11,3806
2015/11/12,3860
2015/11/13,3910
2015/11/14,3974
2015/11/15,3995
2015/11/16,4026
2015/11/17,4027
2015/11/18,4018
2015/11/19,4027
2015/11/20,4038
2015/11/21,4021
2015/11/22,3994
2015/11/23,3972
2015/11/24,3952
2015/11/25,3954
2015/11/26,3963
2015/11/27,3981
2015/11/28,3986
2015/11/29,3983
2015/11/30,4007
2015/12/01,4032
2015/12/02,4061
2015/12/03,4073
2015/12/04,4106
2015/12/05,4233
2015/12/06,4405
2015/12/07,4451
2015/12/08,4487
2015/12/09,4554
2015/12/10,4593
2015/12/11,4664
2015/12/12,4721
2015/12/13,4884
2015/12/14,4986
2015/12/15,5076
2015/12/16,5170
2015/12/17,5250
2015/12/18,5329
2015/12/19,5398
2015/12/20,5483
2015/12/21,5587
2015/12/22,5672
2015/12/23,5744
2015/12/24,5840
2015/12/25,5935
2015/12/26,5951
2015/12/27,5903
2015/12/28,5890
2015/12/29,5870
2015/12/30,5865
2015/12/31,5806
2016/01/01,5752
2016/01/02,5691
2016/01/03,5625
2016/01/04,5558
2016/01/05,5508
2016/01/06,5460
2016/01/07,5423
2016/01/08,5370
2016/01/09,5298
2016/01/10,5252
2016/01/11,5230
2016/01/12,5179
2016/01/13,5136
2016/01/14,5086
2016/01/15,5058
2016/01/16,5010
2016/01/17,5329
2016/01/18,5584
2016/01/19,5859
2016/01/20,5894
2016/01/21,5981
2016/01/22,6162
2016/01/23,7364
2016/01/24,10117
2016/01/25,10576
2016/01/26,10733
2016/01/27,11022
2016/01/28,11008
2016/01/29,11030
2016/01/30,10943
2016/01/31,10783
2016/02/01,10743
2016/02/02,10637
2016/02/03,10470
2016/02/04,10343
2016/02/05,10248
2016/02/06,10140
2016/02/07,10037
2016/02/08,9913
2016/02/09,9774
2016/02/10,9654
2016/02/11,9542
2016/02/12,9443
2016/02/13,9357
2016/02/14,9282
2016/02/15,9237
2016/02/16,9198
2016/02/17,9156
2016/02/18,9122
2016/02/19,9128
2016/02/20,9112
2016/02/21,9107
2016/02/22,9087
2016/02/23,9041
2016/02/24,8995
2016/02/25,8930
2016/02/26,8886
2016/02/27,8823
2016/02/28,8972
2016/02/29,9134
2016/03/01,9312
2016/03/02,9308
2016/03/03,9251
2016/03/04,9379
2016/03/05,9911
2016/03/06,9804
2016/03/07,9731
2016/03/08,9622
2016/03/09,9509
2016/03/10,9420
2016/03/11,9327
2016/03/12,9221
2016/03/13,9117
2016/03/14,9032
2016/03/15,8977
2016/03/16,9357
2016/03/17,9504
2016/03/18,9526
2016/03/19,9427
2016/03/20,9310
2016/03/21,9197
2016/03/22,9094
2016/03/23,8996
2016/03/24,8908
2016/03/25,8824
2016/03/26,8717
2016/03/27,8626
2016/03/28,8535
2016/03/29,8447
2016/03/30,8353
2016/03/31,8266
2016/04/01,8178
2016/04/02,8086
2016/04/03,7989
2016/04/04,7907
2016/04/05,7830
2016/04/06,7759
2016/04/07,7705
2016/04/08,7653
2016/04/09,7590
2016/04/10,7522
2016/04/11,7460
2016/04/12,7432
2016/04/13,7403
2016/04/14,7361
2016/04/15,7368
2016/04/16,7365
2016/04/17,7332
2016/04/18,7339
2016/04/19,7332
2016/04/20,7352
2016/04/21,7420
2016/04/22,7503
2016/04/23,7519
2016/04/24,7475
2016/04/25,7436
2016/04/26,7385
2016/04/27,7327
2016/04/28,7272
2016/04/29,7208
2016/04/30,7136
2016/05/01,7077
2016/05/02,7028
2016/05/03,6968
2016/05/04,6912
2016/05/05,6853
2016/05/06,6801
2016/05/07,6746
2016/05/08,6684
2016/05/09,6630
2016/05/10,6574
2016/05/11,6536
2016/05/12,6492
2016/05/13,6460
2016/05/14,6408
2016/05/15,6369
2016/05/16,6342
2016/05/17,6315
2016/05/18,6272
2016/05/19,6249
2016/05/20,6210
2016/05/21,6154
2016/05/22,6098
2016/05/23,6057
2016/05/24,6023
2016/05/25,6024
2016/05/26,6055
2016/05/27,6120
2016/05/28,6193
2016/05/29,6233
2016/05/30,6220
2016/05/31,6224
2016/06/01,6205
2016/06/02,6187
2016/06/03,6151
2016/06/04,6111
2016/06/05,6099
2016/06/06,6078
2016/06/07,6062
2016/06/08,6039
2016/06/09,6018
2016/06/10,6013
2016/06/11,5993
2016/06/12,6050
2016/06/13,6083
2016/06/14,6093
2016/06/15,6094
2016/06/16,6128
2016/06/17,6172
2016/06/18,6200
2016/06/19,6216
2016/06/20,6254
2016/06/21,6289
2016/06/22,6315
2016/06/23,6345
2016/06/24,6375
2016/06/25,6389
2016/06/26,6390
2016/06/27,6389
2016/06/28,6374
2016/06/29,6357
2016/06/30,6346
2016/07/01,6354
2016/07/02,6377
2016/07/03,6381
2016/07/04,6420
2016/07/05,6419
2016/07/06,6418
2016/07/07,6463
2016/07/08,6475
2016/07/09,6478
2016/07/10,6468
2016/07/11,6471
2016/07/12,6481
2016/07/13,6489
2016/07/14,6485
2016/07/15,6567
2016/07/16,6580
2016/07/17,6611
2016/07/18,6617
2016/07/19,6640
2016/07/20,6653
2016/07/21,6654
2016/07/22,6666
2016/07/23,6654
2016/07/24,6653
2016/07/25,6623
2016/07/26,6617
2016/07/27,6625
2016/07/28,6632
2016/07/29,6619
2016/07/30,6609
2016/07/31,6599
2016/08/01,6559
2016/08/02,6599
2016/08/03,6580
2016/08/04,6598
2016/08/05,6580
2016/08/06,6533
2016/08/07,6516
2016/08/08,6481
2016/08/09,6464
2016/08/10,6437
2016/08/11,6410
2016/08/12,6376
2016/08/13,6359
2016/08/14,6328
2016/08/15,6317
2016/08/16,6315
2016/08/17,6282
2016/08/18,6267
2016/08/19,6251
2016/08/20,6242
2016/08/21,6197
2016/08/22,6172
2016/08/23,6149
2016/08/24,6129
2016/08/25,6110
2016/08/26,6093
2016/08/27,6056
2016/08/28,6016
2016/08/29,5980
2016/08/30,5941
2016/08/31,5910
2016/09/01,5875
2016/09/02,5835
2016/09/03,5798
2016/09/04,5755
2016/09/05,5728
2016/09/06,5694
2016/09/07,5655
2016/09/08,5628
2016/09/09,5614
2016/09/10,5595
2016/09/11,5586
2016/09/12,5570
2016/09/13,5559
2016/09/14,5547
2016/09/15,5515
2016/09/16,5514
2016/09/17,5484
2016/09/18,5477
2016/09/19,5481
2016/09/20,5487
2016/09/21,5468
2016/09/22,5481
2016/09/23,5493
2016/09/24,5501
2016/09/25,5506
2016/09/26,5517
2016/09/27,5494
2016/09/28,5517
2016/09/29,5496
2016/09/30,5506
2016/10/01,5481
2016/10/02,5460
2016/10/03,5443
2016/10/04,5420
2016/10/05,5417
2016/10/06,5410
2016/10/07,5411
2016/10/08,5421
2016/10/09,5475
2016/10/10,5513
2016/10/11,5543
2016/10/12,5585
2016/10/13,5589
2016/10/14,5584
2016/10/15,5689
2016/10/16,5739
2016/10/17,5724
2016/10/18,5738
2016/10/19,5747
2016/10/20,5747
2016/10/21,5787
2016/10/22,5747
2016/10/23,5762
2016/10/24,5870
2016/10/25,5930
2016/10/26,5944
2016/10/27,5974
2016/10/28,5937
2016/10/29,5908
2016/10/30,5878
2016/10/31,5863
2016/11/01,5853
2016/11/02,6008
2016/11/03,6275
2016/11/04,6502
2016/11/05,6735
2016/11/06,6964
2016/11/07,7063
2016/11/08,7091
2016/11/09,7094
2016/11/10,7040
2016/11/11,6971
2016/11/12,6883
2016/11/13,6810
2016/11/14,6749
2016/11/15,6698
2016/11/16,6658
2016/11/17,6606
2016/11/18,6556
2016/11/19,6485
2016/11/20,6421
2016/11/21,6368
2016/11/22,6326
2016/11/23,6289
2016/11/24,6244
2016/11/25,6182
2016/11/26,6117
2016/11/27,6047
2016/11/28,5995
2016/11/29,5943
2016/11/30,5888
2016/12/01,5862
2016/12/02,5829
2016/12/03,5773
2016/12/04,5708
2016/12/05,5686
2016/12/06,5646
2016/12/07,5606
2016/12/08,5567
2016/12/09,5541
2016/12/10,5498
2016/12/11,5455
2016/12/12,5443
2016/12/13,5415
2016/12/14,5394
2016/12/15,5399
2016/12/16,5396
2016/12/17,5374
2016/12/18,5359
2016/12/19,5355
2016/12/20,5351
2016/12/21,5389
2016/12/22,5417
2016/12/23,5468
2016/12/24,5473
2016/12/25,5460
2016/12/26,5461
2016/12/27,5493
2016/12/28,5513
2016/12/29,5516
2016/12/30,5556
2016/12/31,5549
2017/01/01,5555
2017/01/02,5555
2017/01/03,5577
2017/01/04,5633
2017/01/05,5748
2017/01/06,5804
2017/01/07,5822
2017/01/08,5823
2017/01/09,5847
2017/01/10,5862
2017/01/11,5977
2017/01/12,6054
2017/01/13,6076
2017/01/14,6055
2017/01/15,6053
2017/01/16,6061
2017/01/17,6080
2017/01/18,6073
2017/01/19,6109
2017/01/20,6145
2017/01/21,6126
2017/01/22,6089
2017/01/23,6086
2017/01/24,6092
2017/01/25,6083
2017/01/26,6083
2017/01/27,6087
2017/01/28,6055
2017/01/29,6037
2017/01/30,6024
2017/01/31,6012
2017/02/01,6006
2017/02/02,6029
2017/02/03,6064
2017/02/04,6096
2017/02/05,6100
2017/02/06,6129
2017/02/07,6137
2017/02/08,6149
2017/02/09,6221
2017/02/10,6278
2017/02/11,6259
2017/02/12,6210
2017/02/13,6194
2017/02/14,6192
2017/02/15,6188
2017/02/16,6290
2017/02/17,6331
2017/02/18,6293
2017/02/19,6285
2017/02/20,6274
2017/02/21,6287
2017/02/22,6371
2017/02/23,6488
2017/02/24,6490
2017/02/25,6444
2017/02/26,6411
2017/02/27,6441
2017/02/28,6457
2017/03/01,6523
2017/03/02,6606
2017/03/03,6838
2017/03/04,6897
2017/03/05,6867
2017/03/06,6902
2017/03/07,6927
2017/03/08,6998
2017/03/09,7329
2017/03/10,7403
2017/03/11,7392
2017/03/12,7372
2017/03/13,7416
2017/03/14,7490
2017/03/15,7539
2017/03/16,7645
2017/03/17,7742
2017/03/18,7799
2017/03/19,8154
2017/03/20,8247
2017/03/21,8581
2017/03/22,8779
2017/03/23,8775
2017/03/24,8876
2017/03/25,8965
2017/03/26,8939
2017/03/27,8964
2017/03/28,8949
2017/03/29,8898
2017/03/30,8873
2017/03/31,8998
2017/04/01,9066
2017/04/02,9262
2017/04/03,9418
2017/04/04,9454
2017/04/05,9426
2017/04/06,9398
2017/04/07,9713
2017/04/08,10632
2017/04/09,10565
2017/04/10,10535
2017/04/11,10479
2017/04/12,10448
2017/04/13,10463
2017/04/14,10432
2017/04/15,10358
2017/04/16,10366
2017/04/17,10400
2017/04/18,10388
2017/04/19,10348
2017/04/20,10345
2017/04/21,10313
2017/04/22,10265
2017/04/23,10217
2017/04/24,10233
2017/04/25,10286
2017/04/26,10267
2017/04/27,10297
2017/04/28,10305
2017/04/29,10258
2017/04/30,10221
2017/05/01,10256
2017/05/02,10271
2017/05/03,10331
2017/05/04,10376
2017/05/05,10509
2017/05/06,10529
2017/05/07,10535
2017/05/08,10677
2017/05/09,10797
2017/05/10,11031
2017/05/11,11197
2017/05/12,11325
2017/05/13,11419
2017/05/14,11437
2017/05/15,11543
2017/05/16,11741
2017/05/17,11984
2017/05/18,12174
2017/05/19,12296
2017/05/20,12373
2017/05/21,12420
2017/05/22,12626
2017/05/23,12891
2017/05/24,13162
2017/05/25,13441
2017/05/26,13585
2017/05/27,13649
2017/05/28,13778
2017/05/29,13856
2017/05/30,14097
2017/05/31,14296
2017/06/01,14532
2017/06/02,14785
2017/06/03,15042
2017/06/04,15435
2017/06/05,15736
2017/06/06,15921
2017/06/07,16047
2017/06/08,16168
2017/06/09,16381
2017/06/10,16621
2017/06/11,16913
2017/06/12,17202
2017/06/13,17505
2017/06/14,17783
2017/06/15,17940
2017/06/16,18235
2017/06/17,18400
2017/06/18,18605
2017/06/19,18843
2017/06/20,19089
2017/06/21,19447
2017/06/22,19733
2017/06/23,19849
2017/06/24,19992
2017/06/25,20135
2017/06/26,20485
2017/06/27,20601
2017/06/28,20708
2017/06/29,21024
2017/06/30,21284
2017/07/01,21377
2017/07/02,21397
2017/07/03,21545
2017/07/04,21580
2017/07/05,21705
2017/07/06,21788
2017/07/07,21871
2017/07/08,22066
2017/07/09,22283
2017/07/10,22494
2017/07/11,22561
2017/07/12,22591
2017/07/13,22626
2017/07/14,22700
2017/07/15,22605
2017/07/16,22535
2017/07/17,22561
2017/07/18,22572
2017/07/19,22578
2017/07/20,22658
2017/07/21,22661
2017/07/22,22651
2017/07/23,22689
2017/07/24,22791
2017/07/25,24025
2017/07/26,24354
2017/07/27,24441
2017/07/28,24929
2017/07/29,25554
2017/07/30,27844
2017/07/31,28009
2017/08/01,28616
2017/08/02,28792
2017/08/03,28766
2017/08/04,28748
2017/08/05,28682
2017/08/06,28679
2017/08/07,28737
2017/08/08,28842
2017/08/09,28899
2017/08/10,29085
2017/08/11,29324
2017/08/12,29449
2017/08/13,29559
2017/08/14,29925
2017/08/15,30060
2017/08/16,30387
2017/08/17,30488
2017/08/18,30614
2017/08/19,30733
2017/08/20,30820
2017/08/21,31080
2017/08/22,31210
2017/08/23,31208
2017/08/24,31269
2017/08/25,31236
2017/08/26,31138
2017/08/27,30922
2017/08/28,30971
2017/08/29,30975
2017/08/30,30903
2017/08/31,30878
2017/09/01,30871
2017/09/02,30880
2017/09/03,30939
2017/09/04,31128
2017/09/05,32648
2017/09/06,32845
2017/09/07,33006
2017/09/08,33049
2017/09/09,33130
2017/09/10,33181
2017/09/11,33441
2017/09/12,33597
2017/09/13,33793
2017/09/14,34008
2017/09/15,34172
2017/09/16,34227
2017/09/17,34183
2017/09/18,34363
2017/09/19,34202
2017/09/20,34166
2017/09/21,34049
2017/09/22,33961
2017/09/23,33743
2017/09/24,33494
2017/09/25,33500
2017/09/26,33449
2017/09/27,33461
2017/09/28,33495
2017/09/29,33463
2017/09/30,33463
2017/10/01,33399
2017/10/02,33333
2017/10/03,33147
2017/10/04,33009
2017/10/05,32855
2017/10/06,32602
2017/10/07,32323
2017/10/08,32141
2017/10/09,32318
2017/10/10,32291
2017/10/11,32222
2017/10/12,32273
2017/10/13,32360
2017/10/14,32294
2017/10/15,32162
2017/10/16,32219
2017/10/17,32557
2017/10/18,32616
2017/10/19,32565
2017/10/20,32633
2017/10/21,32584
2017/10/22,32542
2017/10/23,33050
2017/10/24,33320
2017/10/25,33344
2017/10/26,33414
2017/10/27,33758
2017/10/28,33859
2017/10/29,33757
2017/10/30,33810
2017/10/31,34003
2017/11/01,34176
2017/11/02,34403
2017/11/03,35402
2017/11/04,37754
2017/11/05,40890
2017/11/06,41628
2017/11/07,42354
2017/11/08,43722
2017/11/09,43805
2017/11/10,44154
2017/11/11,44415
2017/11/12,44947
2017/11/13,45931
2017/11/14,46981
2017/11/15,47603
2017/11/16,48574
2017/11/17,49652
2017/11/18,50259
2017/11/19,52692
2017/11/20,53774
2017/11/21,54353
2017/11/22,55186
2017/11/23,55713
2017/11/24,56060
2017/11/25,56430
2017/11/26,56425
2017/11/27,56535
2017/11/28,56999
2017/11/29,57633
2017/11/30,57908
2017/12/01,57898
2017/12/02,58209
2017/12/03,58247
2017/12/04,58602
2017/12/05,59228
2017/12/06,60140
2017/12/07,61908
2017/12/08,62869
2017/12/09,63905
2017/12/10,64362
2017/12/11,65601
2017/12/12,67450
2017/12/13,68799
2017/12/14,69464
2017/12/15,70557
2017/12/16,71611
2017/12/17,72636
2017/12/18,74197
2017/12/19,74676
2017/12/20,75269
2017/12/21,75528
2017/12/22,75407
2017/12/23,75665
2017/12/24,75538
2017/12/25,76280
2017/12/26,77558
2017/12/27,78461
2017/12/28,78872
2017/12/29,79233
2017/12/30,79392
2017/12/31,79307
2018/01/01,79633
2018/01/02,80158
2018/01/03,80745
2018/01/04,81077
2018/01/05,82270
2018/01/06,83524
2018/01/07,84441
2018/01/08,85065
2018/01/09,85256
2018/01/10,85342
2018/01/11,85140
2018/01/12,85092
2018/01/13,84842
2018/01/14,84616
2018/01/15,84432
2018/01/16,85138
2018/01/17,85113
2018/01/18,85012
2018/01/19,85180
2018/01/20,84980
2018/01/21,84465
2018/01/22,84139
2018/01/23,83633
2018/01/24,83257
2018/01/25,82861
2018/01/26,82920
2018/01/27,82845
2018/01/28,84797
2018/01/29,85022
2018/01/30,85516
2018/01/31,85587
2018/02/01,85529
2018/02/02,84838
2018/02/03,83906
2018/02/04,83146
2018/02/05,82765
2018/02/06,82126
2018/02/07,81267
2018/02/08,80707
2018/02/09,80106
2018/02/10,79961
2018/02/11,79922
2018/02/12,79870
2018/02/13,79482
2018/02/14,79312
2018/02/15,79116
2018/02/16,78675
2018/02/17,78941
2018/02/18,79639
2018/02/19,80176
2018/02/20,80035
2018/02/21,79816
2018/02/22,79912
2018/02/23,79359
2018/02/24,78672
2018/02/25,77827
2018/02/26,77105
2018/02/27,76410
2018/02/28,76433
2018/03/01,76079
2018/03/02,75615
2018/03/03,75065
2018/03/04,74378
2018/03/05,73878
2018/03/06,73360
2018/03/07,72744
2018/03/08,72252
2018/03/09,71859
2018/03/10,71092
2018/03/11,70564
2018/03/12,70136
2018/03/13,70241
2018/03/14,69746
2018/03/15,69901
2018/03/16,69388
2018/03/17,70664
2018/03/18,70778
2018/03/19,70501
2018/03/20,70036
2018/03/21,69442
2018/03/22,69068
2018/03/23,68574
2018/03/24,68041
2018/03/25,67677
2018/03/26,67807
2018/03/27,67322
2018/03/28,66988
2018/03/29,66244
2018/03/30,65833
2018/03/31,65319
2018/04/01,64815
2018/04/02,64723
2018/04/03,64367
2018/04/04,64145
2018/04/05,63589
2018/04/06,63255
2018/04/07,62594
2018/04/08,62033
2018/04/09,61710
2018/04/10,61109
2018/04/11,60601
2018/04/12,60906
2018/04/13,60577
2018/04/14,60000
2018/04/15,59461
2018/04/16,59391
2018/04/17,59131
2018/04/18,58818
2018/04/19,58642
2018/04/20,58718
2018/04/21,58341
2018/04/22,57947
2018/04/23,57623
2018/04/24,57783
2018/04/25,58393
2018/04/26,58071
2018/04/27,58269
2018/04/28,58819
2018/04/29,59365
2018/04/30,59216
2018/05/01,58929
2018/05/02,58650
2018/05/03,58583
2018/05/04,58594
2018/05/05,58437
2018/05/06,58504
2018/05/07,58600
2018/05/08,58299
2018/05/09,58058
2018/05/10,57958
2018/05/11,57858
2018/05/12,57607
2018/05/13,57327
2018/05/14,57214
2018/05/15,56901
2018/05/16,56656
2018/05/17,56405
2018/05/18,56112
2018/05/19,55665
2018/05/20,55291
2018/05/21,54843
2018/05/22,54464
2018/05/23,54096
2018/05/24,53866
2018/05/25,53483
2018/05/26,52939
2018/05/27,52674
2018/05/28,52627
2018/05/29,52474
2018/05/30,52340
2018/05/31,52275
2018/06/01,52096
2018/06/02,51854
2018/06/03,51682
2018/06/04,51755
2018/06/05,51572
2018/06/06,51361
2018/06/07,51215
2018/06/08,51298
2018/06/09,51028
2018/06/10,51133
2018/06/11,51186
2018/06/12,51039
2018/06/13,51175
2018/06/14,51309
2018/06/15,51393
2018/06/16,50997
2018/06/17,50538
2018/06/18,50204
2018/06/19,50237
2018/06/20,49989
2018/06/21,49582
2018/06/22,49775
2018/06/23,49864
2018/06/24,49524
2018/06/25,49319
2018/06/26,48851
2018/06/27,48486
2018/06/28,48074
2018/06/29,47729
2018/06/30,47251
2018/07/01,46984
2018/07/02,46663
2018/07/03,46350
2018/07/04,45954
2018/07/05,45694
2018/07/06,45384
2018/07/07,44907
2018/07/08,44635
2018/07/09,44406
2018/07/10,44207
2018/07/11,43821
2018/07/12,43411
2018/07/13,43043
2018/07/14,42672
2018/07/15,42380
2018/07/16,42288
2018/07/17,42046
2018/07/18,41897
2018/07/19,41673
2018/07/20,41418
2018/07/21,41068
2018/07/22,40735
2018/07/23,40554
2018/07/24,40472
2018/07/25,40310
2018/07/26,40108
2018/07/27,39976
2018/07/28,39725
2018/07/29,39558
2018/07/30,39366
2018/07/31,39125
2018/08/01,38890
2018/08/02,38718
2018/08/03,38562
2018/08/04,38518
2018/08/05,38585
2018/08/06,38624
2018/08/07,38525
2018/08/08,38478
2018/08/09,38339
2018/08/10,38103
2018/08/11,37831
2018/08/12,37508
2018/08/13,37262
2018/08/14,37072
2018/08/15,36857
2018/08/16,36594
2018/08/17,36313
2018/08/18,36010
2018/08/19,35722
2018/08/20,35504
2018/08/21,35396
2018/08/22,35188
2018/08/23,34984
2018/08/24,34712
2018/08/25,34446
2018/08/26,34126
2018/08/27,34020
2018/08/28,34498
2018/08/29,34328
2018/08/30,34137
2018/08/31,34387
2018/09/01,34276
2018/09/02,34227
2018/09/03,34136
2018/09/04,34035
2018/09/05,33900
2018/09/06,33869
2018/09/07,33792
2018/09/08,33542
2018/09/09,33332
2018/09/10,33139
2018/09/11,32948
2018/09/12,32743
2018/09/13,32701
2018/09/14,32468
2018/09/15,32244
2018/09/16,32081
2018/09/17,32009
2018/09/18,31889
2018/09/19,31708
2018/09/20,31516
2018/09/21,31458
2018/09/22,31256
2018/09/23,30955
2018/09/24,30759
2018/09/25,30847
2018/09/26,30792
2018/09/27,30638
2018/09/28,30587
2018/09/29,30412
2018/09/30,30190
2018/10/01,30019
2018/10/02,30098
2018/10/03,29901
2018/10/04,29746
2018/10/05,29528
2018/10/06,29293
2018/10/07,28978
2018/10/08,28828
2018/10/09,28658
2018/10/10,28642
2018/10/11,28570
2018/10/12,28576
2018/10/13,28409
2018/10/14,28266
2018/10/15,28344
2018/10/16,28188
2018/10/17,28067
2018/10/18,28013
2018/10/19,27939
2018/10/20,27749
2018/10/21,27506
2018/10/22,27394
2018/10/23,27366
2018/10/24,27331
2018/10/25,27297
2018/10/26,27162
2018/10/27,26917
2018/10/28,26664
2018/10/29,26500
2018/10/30,26335
2018/10/31,26205
2018/11/01,26088
2018/11/02,26124
2018/11/03,25885
2018/11/04,25689
2018/11/05,25545
2018/11/06,25425
2018/11/07,25295
2018/11/08,25146
2018/11/09,25019
2018/11/10,24797
2018/11/11,24562
2018/11/12,24429
2018/11/13,24340
2018/11/14,24339
2018/11/15,24603
2018/11/16,24561
2018/11/17,24339
2018/11/18,24103
2018/11/19,24038
2018/11/20,24256
2018/11/21,24234
2018/11/22,24082
2018/11/23,23952
2018/11/24,23769
2018/11/25,23623
2018/11/26,23538
2018/11/27,23409
2018/11/28,23378
2018/11/29,23311
2018/11/30,23471
2018/12/01,23424
2018/12/02,23313
2018/12/03,23344
2018/12/04,23551
2018/12/05,23605
2018/12/06,23568
2018/12/07,23477
2018/12/08,23263
2018/12/09,22998
2018/12/10,22816
2018/12/11,22686
2018/12/12,22510
2018/12/13,22340
2018/12/14,22154
2018/12/15,21888
2018/12/16,21677
2018/12/17,21502
2018/12/18,21434
2018/12/19,21386
2018/12/20,21319
2018/12/21,21255
2018/12/22,21064
2018/12/23,20877
2018/12/24,20789
2018/12/25,20673
2018/12/26,20553
2018/12/27,20448
2018/12/28,20336
2018/12/29,20257
2018/12/30,20031
2018/12/31,19865
2019/01/01,19620
2019/01/02,19497
2019/01/03,19343
2019/01/04,19207
2019/01/05,19029
2019/01/06,18841
2019/01/07,18734
2019/01/08,18574
2019/01/09,18428
2019/01/10,18322
2019/01/11,18233
2019/01/12,18060
2019/01/13,17876
2019/01/14,17712
2019/01/15,17692
2019/01/16,17563
2019/01/17,17409
2019/01/18,17259
2019/01/19,17062
2019/01/20,16869
2019/01/21,16884
2019/01/22,16823
2019/01/23,16770
2019/01/24,16779
2019/01/25,16888
2019/01/26,16779
2019/01/27,16619
2019/01/28,16660
2019/01/29,16655
2019/01/30,16820
2019/01/31,16918
2019/02/01,17174
2019/02/02,17158
2019/02/03,16955
2019/02/04,17056
2019/02/05,17273
2019/02/06,17678
2019/02/07,17843
2019/02/08,18121
2019/02/09,18159
2019/02/10,17925
2019/02/11,18086
2019/02/12,18617
2019/02/13,19055
2019/02/14,19250
2019/02/15,19401
2019/02/16,19146
2019/02/17,18891
2019/02/18,18763
2019/02/19,18793
2019/02/20,18758
2019/02/21,18661
2019/02/22,18592
2019/02/23,18451
2019/02/24,18308
2019/02/25,18284
2019/02/26,18277
2019/02/27,18218
2019/02/28,18170
2019/03/01,18097
2019/03/02,18066
2019/03/03,18012
2019/03/04,18097
2019/03/05,18331
2019/03/06,18364
2019/03/07,18358
2019/03/08,18349
2019/03/09,18240
2019/03/10,18106
2019/03/11,18036
2019/03/12,18082
2019/03/13,18024
2019/03/14,18031
2019/03/15,18029
2019/03/16,17918
2019/03/17,17791
2019/03/18,17935
2019/03/19,17964
2019/03/20,17950
2019/03/21,17988
2019/03/22,18109
2019/03/23,17977
2019/03/24,17827
2019/03/25,17824
2019/03/26,17723
2019/03/27,17632
2019/03/28,17570
2019/03/29,17504
2019/03/30,17340
2019/03/31,17175
2019/04/01,17227
2019/04/02,17720
2019/04/03,17731
2019/04/04,17736
2019/04/05,17652
2019/04/06,17503
2019/04/07,17386
2019/04/08,17463
2019/04/09,17731
2019/04/10,17801
2019/04/11,17937
2019/04/12,17985
2019/04/13,17920
2019/04/14,17859
2019/04/15,17925
2019/04/16,18092
2019/04/17,18214
2019/04/18,18358
2019/04/19,18607
2019/04/20,18592
2019/04/21,18420
2019/04/22,18592
2019/04/23,19066
2019/04/24,19252
2019/04/25,19355
2019/04/26,19382
2019/04/27,19183
2019/04/28,19021
2019/04/29,18966
2019/04/30,19174
2019/05/01,19063
2019/05/02,18904
2019/05/03,18903
2019/05/04,18802
2019/05/05,18681
2019/05/06,18655
2019/05/07,18854
2019/05/08,18863
2019/05/09,18913
2019/05/10,19082
2019/05/11,19209
2019/05/12,19228
2019/05/13,19504
2019/05/14,19865
2019/05/15,20467
2019/05/16,20690
2019/05/17,20840
2019/05/18,20754
2019/05/19,20745
2019/05/20,20844
2019/05/21,20875
2019/05/22,20931
2019/05/23,21001
2019/05/24,21182
2019/05/25,21129
2019/05/26,21069
2019/05/27,21190
2019/05/28,21373
2019/05/29,21572
2019/05/30,21714
2019/05/31,22495
2019/06/01,22678
2019/06/02,22948
2019/06/03,23524
2019/06/04,23810
2019/06/05,24204
2019/06/06,24608
2019/06/07,24791
2019/06/08,24797
2019/06/09,24768
2019/06/10,24931
2019/06/11,25488
2019/06/12,25630
2019/06/13,25670
2019/06/14,25743
2019/06/15,25767
2019/06/16,26116
2019/06/17,27254
2019/06/18,28118
2019/06/19,28338
2019/06/20,29826
2019/06/21,30261
2019/06/22,30895
2019/06/23,30840
2019/06/24,31189
2019/06/25,31850
2019/06/26,32449
2019/06/27,32939
2019/06/28,33142
2019/06/29,33421
2019/06/30,34155
2019/07/01,34871
2019/07/02,34997
2019/07/03,35295
2019/07/04,35392
2019/07/05,35625
2019/07/06,35347
2019/07/07,35138
2019/07/08,36182
2019/07/09,37220
2019/07/10,38429
2019/07/11,39898
2019/07/12,40742
2019/07/13,41142
2019/07/14,41467
2019/07/15,41759
2019/07/16,42382
2019/07/17,42680
2019/07/18,45248
2019/07/19,45260
2019/07/20,44912
2019/07/21,44800
2019/07/22,48157
2019/07/23,47934
2019/07/24,47973
2019/07/25,48215
2019/07/26,47815
2019/07/27,47222
2019/07/28,46552
2019/07/29,47182
2019/07/30,47491
2019/07/31,47387
2019/08/01,47008
2019/08/02,46490
2019/08/03,45870
2019/08/04,45315
2019/08/05,45861
2019/08/06,46037
2019/08/07,45620
2019/08/08,45732
2019/08/09,45754
2019/08/10,46212
2019/08/11,45729
2019/08/12,45659
2019/08/13,45503
2019/08/14,45419
2019/08/15,45351
2019/08/16,45042
2019/08/17,45312
2019/08/18,45107
2019/08/19,44731
2019/08/20,50664
2019/08/21,67398
2019/08/22,73954
2019/08/23,72779
2019/08/24,71510
2019/08/25,70391
2019/08/26,69585
2019/08/27,68672
2019/08/28,67740
2019/08/29,66789
2019/08/30,65825
2019/08/31,64859
2019/09/01,64074
2019/09/02,63284
2019/09/03,62541
2019/09/04,62030
2019/09/05,61485
2019/09/06,60888
2019/09/07,60008
2019/09/08,59247
2019/09/09,58572
2019/09/10,58093
2019/09/11,57551
2019/09/12,56840
2019/09/13,56106
2019/09/14,55338
2019/09/15,54533
2019/09/16,53980
2019/09/17,53544
2019/09/18,52900
2019/09/19,52219
2019/09/20,51644
2019/09/21,50986
2019/09/22,51045
2019/09/23,51046
2019/09/24,50693
2019/09/25,50460
2019/09/26,49927
2019/09/27,49366
2019/09/28,48665
2019/09/29,47972
2019/09/30,47549
2019/10/01,47134
2019/10/02,46568
2019/10/03,45992
2019/10/04,45365
2019/10/05,44640
2019/10/06,43998
2019/10/07,43406
2019/10/08,42910
2019/10/09,42490
2019/10/10,41996
2019/10/11,41473
2019/10/12,40850
2019/10/13,40229
2019/10/14,39837
2019/10/15,39361
2019/10/16,39043
2019/10/17,38726
2019/10/18,38402
2019/10/19,38044
2019/10/20,37664
2019/10/21,37298
2019/10/22,37080
2019/10/23,36915
2019/10/24,36643
2019/10/25,36547
2019/10/26,36416
2019/10/27,36167
2019/10/28,36678
2019/10/29,36877
2019/10/30,37371
2019/10/31,37523
2019/11/01,37497
2019/11/02,37280
2019/11/03,37030
2019/11/04,36839
2019/11/05,36746
2019/11/06,36859
2019/11/07,36911
2019/11/08,36948
2019/11/09,36800
2019/11/10,36438
2019/11/11,36110
2019/11/12,35968
2019/11/13,35984
2019/11/14,35859
2019/11/15,35815
2019/11/16,35486
2019/11/17,35156
2019/11/18,35195
2019/11/19,34947
2019/11/20,34626
2019/11/21,34734
2019/11/22,34790
2019/11/23,34551
2019/11/24,34279
2019/11/25,34248
2019/11/26,34069
2019/11/27,33830
2019/11/28,33496
2019/11/29,33291
2019/11/30,33015
2019/12/01,32689
2019/12/02,32412
2019/12/03,32108
2019/12/04,32512
2019/12/05,32262
2019/12/06,32739
2019/12/07,32576
2019/12/08,32294
2019/12/09,32208
2019/12/10,32079
2019/12/11,32036
2019/12/12,31756
2019/12/13,31413
2019/12/14,31116
2019/12/15,30818
2019/12/16,30506
2019/12/17,30673
2019/12/18,30553
2019/12/19,30376
2019/12/20,30187
2019/12/21,29868
2019/12/22,29642
2019/12/23,29505
2019/12/24,29263
2019/12/25,29010
2019/12/26,28750
2019/12/27,28548
2019/12/28,28292
2019/12/29,27999
2019/12/30,27877
2019/12/31,27660
2020/01/01,27332
2020/01/02,27099
2020/01/03,27016
2020/01/04,26794
2020/01/05,26528
2020/01/06,26556
2020/01/07,26371
2020/01/08,26306
2020/01/09,26383
2020/01/10,26281
2020/01/11,26046
2020/01/12,25790
2020/01/13,25646
2020/01/14,25763
2020/01/15,26125
2020/01/16,26070
2020/01/17,26168
2020/01/18,25937
2020/01/19,25799
2020/01/20,25826
2020/01/21,25662
2020/01/22,25619
2020/01/23,25544
2020/01/24,25390
2020/01/25,25144
2020/01/26,25002
2020/01/27,25491
2020/01/28,25544
2020/01/29,25521
2020/01/30,25863
2020/01/31,26035
2020/02/01,26018
2020/02/02,25936
2020/02/03,26359
2020/02/04,26368
2020/02/05,26264
2020/02/06,26748
2020/02/07,27227
2020/02/08,27160
2020/02/09,26962
2020/02/10,27135
2020/02/11,27149
2020/02/12,27277
2020/02/13,27387
2020/02/14,27510
2020/02/15,27506
2020/02/16,27618
2020/02/17,27825
2020/02/18,27902
2020/02/19,28198
2020/02/20,28274
2020/02/21,28171
2020/02/22,27959
2020/02/23,27851
2020/02/24,27769
2020/02/25,27704
2020/02/26,27626
2020/02/27,27591
2020/02/28,27511
2020/02/29,27303
2020/03/01,27046
2020/03/02,26913
2020/03/03,26769
2020/03/04,26727
2020/03/05,26625
2020/03/06,26600
2020/03/07,26403
2020/03/08,26207
2020/03/09,26241
2020/03/10,26234
2020/03/11,26674
2020/03/12,27076
2020/03/13,27466
2020/03/14,27346
2020/03/15,27196
2020/03/16,27250
2020/03/17,27264
2020/03/18,27229
2020/03/19,27250
2020/03/20,27305
2020/03/21,27092
2020/03/22,27016
2020/03/23,26960
2020/03/24,27099
2020/03/25,27102
2020/03/26,26945
2020/03/27,26909
2020/03/28,26718
2020/03/29,26504
2020/03/30,26425
2020/03/31,26357
2020/04/01,26278
2020/04/02,26199
2020/04/03,26148
2020/04/04,26076
2020/04/05,25846
2020/04/06,25882
2020/04/07,25917
2020/04/08,25771
2020/04/09,25820
2020/04/10,25831
2020/04/11,25632
2020/04/12,25398
2020/04/13,25346
2020/04/14,25178
2020/04/15,25046
2020/04/16,25016
2020/04/17,24983
2020/04/18,24765
2020/04/19,24562
2020/04/20,24440
2020/04/21,24295
2020/04/22,24238
2020/04/23,24153
2020/04/24,24275
2020/04/25,24102
2020/04/26,23917
2020/04/27,23954
2020/04/28,23889
2020/04/29,24341
2020/04/30,25032
2020/05/01,25090
2020/05/02,24912
2020/05/03,24874
2020/05/04,24868
2020/05/05,24969
2020/05/06,25032
2020/05/07,25281
2020/05/08,25619
2020/05/09,25856
2020/05/10,25823
2020/05/11,25984
2020/05/12,26086
2020/05/13,26257
2020/05/14,26566
2020/05/15,26659
2020/05/16,26483
2020/05/17,26425
2020/05/18,26675
2020/05/19,26999
2020/05/20,27230
2020/05/21,27303
2020/05/22,27414
2020/05/23,27229
2020/05/24,27188
2020/05/25,27393
2020/05/26,27419
2020/05/27,27566
2020/05/28,27533
2020/05/29,27704
2020/05/30,27523
2020/05/31,27530
2020/06/01,27781
2020/06/02,28290
2020/06/03,28424
2020/06/04,28572
2020/06/05,28640
2020/06/06,28381
2020/06/07,28137
2020/06/08,28181
2020/06/09,28136
2020/06/10,28309
2020/06/11,28326
2020/06/12,28243
2020/06/13,28053
2020/06/14,27797
2020/06/15,27884
2020/06/16,28101
2020/06/17,28067
2020/06/18,28023
2020/06/19,28270
2020/06/20,28041
2020/06/21,27802
2020/06/22,27857
2020/06/23,28053
2020/06/24,28310
2020/06/25,28462
2020/06/26,28587
2020/06/27,28380
2020/06/28,28271
2020/06/29,28296
2020/06/30,28413
2020/07/01,28363
2020/07/02,28354
2020/07/03,28319
2020/07/04,28167
2020/07/05,27986
2020/07/06,28066
2020/07/07,28035
2020/07/08,28064
2020/07/09,28000
2020/07/10,27954
2020/07/11,27747
2020/07/12,27627
2020/07/13,27828
2020/07/14,27731
2020/07/15,27657
2020/07/16,27623
2020/07/17,27598
2020/07/18,27420
2020/07/19,27292
2020/07/20,27287
2020/07/21,27272
2020/07/22,27212
2020/07/23,27249
2020/07/24,27239
2020/07/25,27210
2020/07/26,27141
2020/07/27,27413
2020/07/28,27674
2020/07/29,27863
2020/07/30,28024
2020/07/31,28107
2020/08/01,28232
2020/08/02,28298
2020/08/03,28515
2020/08/04,28634
2020/08/05,28862
2020/08/06,29093
2020/08/07,29260
2020/08/08,29346
2020/08/09,29368
2020/08/10,29591
2020/08/11,29703
2020/08/12,29760
2020/08/13,29814
2020/08/14,30176
2020/08/15,30704
2020/08/16,31692
2020/08/17,33653
2020/08/18,34519
2020/08/19,35227
2020/08/20,35887
2020/08/21,36328
2020/08/22,36636
2020/08/23,37045
2020/08/24,37692
2020/08/25,38208
2020/08/26,38875
2020/08/27,39552
2020/08/28,40227
2020/08/29,40857
2020/08/30,41622
2020/08/31,42996
2020/09/01,43890
2020/09/02,44775
2020/09/03,45934
2020/09/04,46958
2020/09/05,47612
2020/09/06,48524
2020/09/07,49493
2020/09/08,50219
2020/09/09,51384
2020/09/10,52551
2020/09/11,53696
2020/09/12,54488
2020/09/13,55639
2020/09/14,56219
2020/09/15,57019
2020/09/16,57899
2020/09/17,59474
2020/09/18,60966
2020/09/19,61964
2020/09/20,62790
2020/09/21,64140
2020/09/22,64777
2020/09/23,65093
2020/09/24,65410
2020/09/25,65860
2020/09/26,66449
2020/09/27,66872
2020/09/28,67260
2020/09/29,67537
2020/09/30,67658
2020/10/01,67707
2020/10/02,68207
2020/10/03,68331
2020/10/04,68462
2020/10/05,68587
2020/10/06,68692
2020/10/07,68513
2020/10/08,68452
2020/10/09,68911
2020/10/10,68954
2020/10/11,69520
2020/10/12,69731
2020/10/13,69925
2020/10/14,70301
2020/10/15,70692
2020/10/16,70954
2020/10/17,71592
2020/10/18,72328
2020/10/19,73596
2020/10/20,75287
2020/10/21,76983
2020/10/22,78677
2020/10/23,79354
2020/10/24,79346
2020/10/25,79544
2020/10/26,81022
2020/10/27,82159
2020/10/28,83366
2020/10/29,84118
2020/10/30,84856
2020/10/31,84844
2020/11/01,85319
2020/11/02,86860
2020/11/03,87847
2020/11/04,87863
2020/11/05,89103
2020/11/06,90253
2020/11/07,90278
2020/11/08,90353
2020/11/09,90588
2020/11/10,90996
2020/11/11,91199
2020/11/12,91306
2020/11/13,91183
2020/11/14,91632
2020/11/15,91843
2020/11/16,94004
2020/11/17,95208
2020/11/18,96296
2020/11/19,97178
2020/11/20,97889
2020/11/21,98257
2020/11/22,98949
2020/11/23,99832
2020/11/24,100554
2020/11/25,100905
2020/11/26,101385
2020/11/27,101309
2020/11/28,100762
2020/11/29,100462
2020/11/30,101905
2020/12/01,102018
2020/12/02,101910
2020/12/03,101530
2020/12/04,101810
2020/12/05,101826
2020/12/06,101756
2020/12/07,101700
2020/12/08,101502
2020/12/09,101732
2020/12/10,102019
2020/12/11,101617
2020/12/12,101335
2020/12/13,101630
2020/12/14,102179
2020/12/15,102800
2020/12/16,104331
2020/12/17,106055
2020/12/18,106985
2020/12/19,107120
2020/12/20,107198
2020/12/21,108145
2020/12/22,108962
2020/12/23,109636
2020/12/24,111246
2020/12/25,112350
2020/12/26,113961
2020/12/27,116296
2020/12/28,117542
2020/12/29,118176
2020/12/30,118765
2020/12/31,119734
2021/01/01,121098
2021/01/02,123353
2021/01/03,125171
2021/01/04,126021
2021/01/05,127674
2021/01/06,128977
2021/01/07,131886
2021/01/08,135132
2021/01/09,137477
2021/01/10,139198
2021/01/11,141646
2021/01/12,143565
2021/01/13,144661
2021/01/14,146313
2021/01/15,147255
2021/01/16,148481
2021/01/17,149330
2021/01/18,150564
2021/01/19,152519
2021/01/20,154170
2021/01/21,156290
2021/01/22,157180
2021/01/23,157498
2021/01/24,158265
2021/01/25,160274
2021/01/26,160314
2021/01/27,161015
2021/01/28,162160
2021/01/29,164225
2021/01/30,165307
2021/01/31,166709
2021/02/01,168044
2021/02/02,168450
2021/02/03,169564
2021/02/04,170729
2021/02/05,171469
2021/02/06,173352
2021/02/07,175627
2021/02/08,177840
2021/02/09,183621
2021/02/10,185969
2021/02/11,189825
2021/02/12,192184
2021/02/13,192664
2021/02/14,195245
2021/02/15,198977
2021/02/16,203716
2021/02/17,206555
2021/02/18,209944
2021/02/19,213407
2021/02/20,217189
2021/02/21,220649
2021/02/22,224193
2021/02/23,227510
2021/02/24,228992
2021/02/25,231754
2021/02/26,233584
2021/02/27,233866
2021/02/28,235437
2021/03/01,236916
2021/03/02,237678
2021/03/03,238686
2021/03/04,239134
2021/03/05,239751
2021/03/06,240166
2021/03/07,243906
2021/03/08,246038
2021/03/09,248352
2021/03/10,248919
2021/03/11,250607
2021/03/12,250566
2021/03/13,250647
2021/03/14,250792
2021/03/15,250926
2021/03/16,250978
2021/03/17,251543
2021/03/18,251073
2021/03/19,250532
2021/03/20,250238
2021/03/21,250694
2021/03/22,250653
2021/03/23,252107
2021/03/24,253089
2021/03/25,253693
2021/03/26,253915
2021/03/27,253526
2021/03/28,252502
2021/03/29,253585
2021/03/30,253995
2021/03/31,253699
2021/04/01,253793
2021/04/02,254114
2021/04/03,254703
2021/04/04,255076
2021/04/05,257209
2021/04/06,260326
2021/04/07,261235
2021/04/08,262270
2021/04/09,262792
2021/04/10,263794
2021/04/11,265099
2021/04/12,266877
2021/04/13,269425
2021/04/14,272059
2021/04/15,273183
2021/04/16,278532
2021/04/17,280316
2021/04/18,281583
2021/04/19,283005
2021/04/20,284932
2021/04/21,289082
2021/04/22,292159
2021/04/23,293840
2021/04/24,293444
2021/04/25,294408
2021/04/26,298362
2021/04/27,301015
2021/04/28,303114
2021/04/29,306101
2021/04/30,308990
2021/05/01,309969
2021/05/02,311085
2021/05/03,313830
2021/05/04,316153
2021/05/05,316456
2021/05/06,316776
2021/05/07,317682
2021/05/08,317149
2021/05/09,315765
2021/05/10,314743
2021/05/11,312564
2021/05/12,312072
2021/05/13,315132
2021/05/14,317709
2021/05/15,319623
2021/05/16,321340
2021/05/17,324328
2021/05/18,325413
2021/05/19,328155
2021/05/20,331893
2021/05/21,332944
2021/05/22,334335
2021/05/23,335840
2021/05/24,337506
2021/05/25,338293
2021/05/26,339168
2021/05/27,339617
2021/05/28,342837
2021/05/29,343273
2021/05/30,340423
2021/05/31,336893
2021/06/01,334602
2021/06/02,331020
2021/06/03,327796
2021/06/04,324137
2021/06/05,320177
2021/06/06,320746
2021/06/07,320924
2021/06/08,321268
2021/06/09,319019
2021/06/10,316545
2021/06/11,315085
2021/06/12,311719
2021/06/13,309923
2021/06/14,308458
2021/06/15,306807
2021/06/16,305574
2021/06/17,304457
2021/06/18,303443
2021/06/19,301310
2021/06/20,300579
2021/06/21,300192
2021/06/22,300530
2021/06/23,299734
2021/06/24,299054
2021/06/25,300475
2021/06/26,300636
2021/06/27,301661
2021/06/28,300746
2021/06/29,299366
2021/06/30,297106
2021/07/01,295879
2021/07/02,296099
2021/07/03,293707
2021/07/04,294412
2021/07/05,292767
2021/07/06,290715
2021/07/07,288877
2021/07/08,292720
2021/07/09,297265
2021/07/10,298072
2021/07/11,299832
2021/07/12,298882
2021/07/13,297072
2021/07/14,295090
2021/07/15,294375
2021/07/16,293618
2021/07/17,294247
2021/07/18,292862
2021/07/19,291863
2021/07/20,290628
2021/07/21,289693
2021/07/22,288872
2021/07/23,287934
2021/07/24,287248
2021/07/25,287270
2021/07/26,288341
2021/07/27,306009
2021/07/28,313479
2021/07/29,315305
2021/07/30,314548
2021/07/31,316659
2021/08/01,325913
2021/08/02,328596
2021/08/03,329922
2021/08/04,331099
2021/08/05,330288
2021/08/06,330010
2021/08/07,331270
2021/08/08,332921
2021/08/09,333100
2021/08/10,332836
2021/08/11,334229
2021/08/12,334329
2021/08/13,333449
2021/08/14,334771
2021/08/15,337133
2021/08/16,338890
2021/08/17,340895
2021/08/18,344353
2021/08/19,346903
2021/08/20,348162
2021/08/21,352421
2021/08/22,354870
2021/08/23,359912
2021/08/24,385208
2021/08/25,393750
2021/08/26,404022
2021/08/27,411155
2021/08/28,419341
2021/08/29,430490
2021/08/30,437944
2021/08/31,443115
2021/09/01,448792
2021/09/02,454716
2021/09/03,456381
2021/09/04,459806
2021/09/05,461425
2021/09/06,466360
2021/09/07,471280
2021/09/08,473413
2021/09/09,477302
2021/09/10,505411
2021/09/11,519785
2021/09/12,531719
2021/09/13,558676
2021/09/14,588868
2021/09/15,591365
2021/09/16,595225
2021/09/17,595602
2021/09/18,596538
2021/09/19,596562
2021/09/20,603803
2021/09/21,633456
2021/09/22,636615
2021/09/23,638370
2021/09/24,638845
2021/09/25,647753
2021/09/26,648033
2021/09/27,649730
2021/09/28,647938
2021/09/29,648850
2021/09/30,648815
2021/10/01,650819
2021/10/02,649500
2021/10/03,652522
2021/10/04,652796
2021/10/05,655681
2021/10/06,662624
2021/10/07,664606
2021/10/08,667106
2021/10/09,668069
2021/10/10,669472
2021/10/11,674160
2021/10/12,675294
2021/10/13,674328
2021/10/14,671811
2021/10/15,674023
2021/10/16,673881
2021/10/17,679153
2021/10/18,683410
2021/10/19,717534
2021/10/20,725739
2021/10/21,729192
2021/10/22,729943
2021/10/23,730007
2021/10/24,731506
2021/10/25,731141
2021/10/26,731455
2021/10/27,728468
2021/10/28,725703
2021/10/29,723475
2021/10/30,724702
2021/10/31,725182
2021/11/01,724155
2021/11/02,724527
2021/11/03,724881
2021/11/04,728752
2021/11/05,733223
2021/11/06,741767
2021/11/07,746344
2021/11/08,759544
2021/11/09,764717
2021/11/10,770413
2021/11/11,772291
2021/11/12,775490
2021/11/13,778014
2021/11/14,780101
2021/11/15,784619
2021/11/16,821231
2021/11/17,831188
2021/11/18,837227
2021/11/19,839154
2021/11/20,838816
2021/11/21,841281
2021/11/22,842371
2021/11/23,843192
2021/11/24,845090
2021/11/25,849937
2021/11/26,852360
2021/11/27,848110
2021/11/28,847520
2021/11/29,846342
2021/11/30,846022
2021/12/01,843920
2021/12/02,840567
2021/12/03,836920
2021/12/04,837124
2021/12/05,833346
2021/12/06,835585
2021/12/07,837543
2021/12/08,837130
2021/12/09,830673
2021/12/10,824182
2021/12/11,818195
2021/12/12,811646
2021/12/13,805413
