Date,transactionfees14wmaUSD
2010/07/17,0
2010/07/18,0
2010/07/19,0
2010/07/20,0
2010/07/21,0
2010/07/22,0
2010/07/23,0
2010/07/24,0
2010/07/25,0
2010/07/26,0
2010/07/27,0
2010/07/28,0
2010/07/29,0
2010/07/30,0
2010/07/31,0
2010/08/01,0
2010/08/02,0
2010/08/03,0
2010/08/04,0
2010/08/05,0
2010/08/06,0
2010/08/07,0
2010/08/08,0
2010/08/09,0
2010/08/10,0
2010/08/11,0
2010/08/12,0
2010/08/13,0
2010/08/14,0
2010/08/15,0
2010/08/16,0
2010/08/17,0
2010/08/18,0
2010/08/19,0
2010/08/20,0
2010/08/21,0
2010/08/22,0
2010/08/23,0
2010/08/24,0
2010/08/25,0
2010/08/26,0
2010/08/27,0
2010/08/28,0
2010/08/29,0
2010/08/30,0
2010/08/31,0
2010/09/01,0
2010/09/02,0
2010/09/03,0
2010/09/04,0
2010/09/05,0
2010/09/06,0
2010/09/07,0
2010/09/08,0
2010/09/09,0
2010/09/10,0
2010/09/11,0
2010/09/12,0
2010/09/13,0
2010/09/14,0
2010/09/15,0
2010/09/16,0
2010/09/17,0
2010/09/18,0
2010/09/19,0
2010/09/20,0
2010/09/21,0
2010/09/22,0
2010/09/23,0
2010/09/24,0
2010/09/25,0
2010/09/26,0
2010/09/27,0
2010/09/28,0
2010/09/29,0
2010/09/30,0
2010/10/01,0
2010/10/02,0
2010/10/03,0
2010/10/04,0
2010/10/05,0
2010/10/06,0
2010/10/07,0
2010/10/08,0
2010/10/09,0
2010/10/10,0
2010/10/11,0
2010/10/12,0
2010/10/13,0
2010/10/14,0
2010/10/15,0
2010/10/16,0
2010/10/17,0
2010/10/18,0
2010/10/19,0
2010/10/20,0
2010/10/21,0
2010/10/22,0
2010/10/23,0
2010/10/24,0
2010/10/25,0
2010/10/26,0
2010/10/27,0
2010/10/28,0
2010/10/29,0
2010/10/30,0
2010/10/31,0
2010/11/01,0
2010/11/02,0
2010/11/03,0
2010/11/04,0
2010/11/05,0
2010/11/06,0
2010/11/07,0
2010/11/08,0
2010/11/09,0
2010/11/10,0
2010/11/11,0
2010/11/12,0
2010/11/13,0
2010/11/14,0
2010/11/15,0
2010/11/16,0
2010/11/17,0
2010/11/18,0
2010/11/19,0
2010/11/20,0
2010/11/21,0
2010/11/22,0
2010/11/23,0
2010/11/24,0
2010/11/25,0
2010/11/26,0
2010/11/27,0
2010/11/28,0
2010/11/29,0
2010/11/30,0
2010/12/01,0
2010/12/02,0
2010/12/03,0
2010/12/04,0
2010/12/05,0
2010/12/06,0
2010/12/07,0
2010/12/08,0
2010/12/09,0
2010/12/10,0
2010/12/11,0
2010/12/12,0
2010/12/13,0
2010/12/14,0
2010/12/15,0
2010/12/16,0
2010/12/17,0
2010/12/18,0
2010/12/19,0
2010/12/20,0
2010/12/21,0
2010/12/22,0
2010/12/23,0
2010/12/24,0
2010/12/25,0
2010/12/26,0
2010/12/27,0
2010/12/28,0
2010/12/29,0
2010/12/30,0
2010/12/31,0
2011/01/01,0
2011/01/02,0
2011/01/03,0
2011/01/04,0
2011/01/05,0
2011/01/06,0
2011/01/07,0
2011/01/08,0
2011/01/09,0
2011/01/10,0
2011/01/11,0
2011/01/12,0
2011/01/13,0
2011/01/14,0
2011/01/15,0
2011/01/16,0
2011/01/17,0
2011/01/18,0
2011/01/19,0
2011/01/20,0
2011/01/21,0
2011/01/22,0
2011/01/23,0
2011/01/24,0
2011/01/25,0
2011/01/26,0
2011/01/27,0
2011/01/28,0
2011/01/29,0
2011/01/30,0
2011/01/31,0
2011/02/01,0
2011/02/02,0
2011/02/03,0
2011/02/04,0
2011/02/05,0
2011/02/06,0
2011/02/07,0
2011/02/08,0
2011/02/09,0
2011/02/10,0
2011/02/11,0
2011/02/12,0
2011/02/13,0
2011/02/14,0
2011/02/15,0
2011/02/16,0
2011/02/17,0
2011/02/18,0
2011/02/19,0
2011/02/20,0
2011/02/21,0
2011/02/22,0
2011/02/23,0
2011/02/24,0
2011/02/25,0
2011/02/26,0
2011/02/27,0
2011/02/28,0
2011/03/01,0
2011/03/02,0
2011/03/03,0
2011/03/04,0
2011/03/05,0.001
2011/03/06,0.001
2011/03/07,0.001
2011/03/08,0.001
2011/03/09,0.001
2011/03/10,0.001
2011/03/11,0.002
2011/03/12,0.002
2011/03/13,0.002
2011/03/14,0.001
2011/03/15,0.001
2011/03/16,0.001
2011/03/17,0.001
2011/03/18,0.001
2011/03/19,0.001
2011/03/20,0.001
2011/03/21,0.001
2011/03/22,0.001
2011/03/23,0.001
2011/03/24,0.002
2011/03/25,0.002
2011/03/26,0.002
2011/03/27,0.002
2011/03/28,0.002
2011/03/29,0.002
2011/03/30,0.002
2011/03/31,0.002
2011/04/01,0.002
2011/04/02,0.002
2011/04/03,0.002
2011/04/04,0.002
2011/04/05,0.002
2011/04/06,0.002
2011/04/07,0.002
2011/04/08,0.002
2011/04/09,0.002
2011/04/10,0.002
2011/04/11,0.002
2011/04/12,0.002
2011/04/13,0.002
2011/04/14,0.002
2011/04/15,0.002
2011/04/16,0.002
2011/04/17,0.002
2011/04/18,0.002
2011/04/19,0.002
2011/04/20,0.002
2011/04/21,0.002
2011/04/22,0.002
2011/04/23,0.003
2011/04/24,0.003
2011/04/25,0.003
2011/04/26,0.003
2011/04/27,0.003
2011/04/28,0.004
2011/04/29,0.004
2011/04/30,0.005
2011/05/01,0.005
2011/05/02,0.006
2011/05/03,0.006
2011/05/04,0.006
2011/05/05,0.007
2011/05/06,0.007
2011/05/07,0.007
2011/05/08,0.008
2011/05/09,0.008
2011/05/10,0.009
2011/05/11,0.01
2011/05/12,0.011
2011/05/13,0.012
2011/05/14,0.015
2011/05/15,0.017
2011/05/16,0.019
2011/05/17,0.02
2011/05/18,0.021
2011/05/19,0.022
2011/05/20,0.023
2011/05/21,0.024
2011/05/22,0.024
2011/05/23,0.024
2011/05/24,0.025
2011/05/25,0.026
2011/05/26,0.026
2011/05/27,0.026
2011/05/28,0.026
2011/05/29,0.025
2011/05/30,0.026
2011/05/31,0.027
2011/06/01,0.028
2011/06/02,0.029
2011/06/03,0.031
2011/06/04,0.035
2011/06/05,0.038
2011/06/06,0.04
2011/06/07,0.045
2011/06/08,0.054
2011/06/09,0.062
2011/06/10,0.068
2011/06/11,0.069
2011/06/12,0.069
2011/06/13,0.07
2011/06/14,0.069
2011/06/15,0.069
2011/06/16,0.066
2011/06/17,0.063
2011/06/18,0.06
2011/06/19,0.057
2011/06/20,0.052
2011/06/21,0.048
2011/06/22,0.044
2011/06/23,0.04
2011/06/24,0.037
2011/06/25,0.036
2011/06/26,0.036
2011/06/27,0.036
2011/06/28,0.035
2011/06/29,0.035
2011/06/30,0.034
2011/07/01,0.033
2011/07/02,0.032
2011/07/03,0.031
2011/07/04,0.03
2011/07/05,0.03
2011/07/06,0.029
2011/07/07,0.028
2011/07/08,0.027
2011/07/09,0.026
2011/07/10,0.025
2011/07/11,0.024
2011/07/12,0.024
2011/07/13,0.024
2011/07/14,0.023
2011/07/15,0.024
2011/07/16,0.023
2011/07/17,0.022
2011/07/18,0.022
2011/07/19,0.022
2011/07/20,0.021
2011/07/21,0.02
2011/07/22,0.02
2011/07/23,0.019
2011/07/24,0.019
2011/07/25,0.019
2011/07/26,0.018
2011/07/27,0.017
2011/07/28,0.017
2011/07/29,0.016
2011/07/30,0.015
2011/07/31,0.015
2011/08/01,0.014
2011/08/02,0.014
2011/08/03,0.013
2011/08/04,0.013
2011/08/05,0.012
2011/08/06,0.014
2011/08/07,0.013
2011/08/08,0.012
2011/08/09,0.012
2011/08/10,0.012
2011/08/11,0.012
2011/08/12,0.011
2011/08/13,0.011
2011/08/14,0.012
2011/08/15,0.012
2011/08/16,0.012
2011/08/17,0.011
2011/08/18,0.011
2011/08/19,0.011
2011/08/20,0.011
2011/08/21,0.01
2011/08/22,0.01
2011/08/23,0.01
2011/08/24,0.011
2011/08/25,0.01
2011/08/26,0.01
2011/08/27,0.009
2011/08/28,0.009
2011/08/29,0.008
2011/08/30,0.009
2011/08/31,0.008
2011/09/01,0.008
2011/09/02,0.008
2011/09/03,0.008
2011/09/04,0.008
2011/09/05,0.008
2011/09/06,0.008
2011/09/07,0.008
2011/09/08,0.007
2011/09/09,0.007
2011/09/10,0.007
2011/09/11,0.007
2011/09/12,0.006
2011/09/13,0.006
2011/09/14,0.005
2011/09/15,0.005
2011/09/16,0.005
2011/09/17,0.005
2011/09/18,0.005
2011/09/19,0.005
2011/09/20,0.005
2011/09/21,0.005
2011/09/22,0.004
2011/09/23,0.004
2011/09/24,0.005
2011/09/25,0.004
2011/09/26,0.004
2011/09/27,0.004
2011/09/28,0.004
2011/09/29,0.004
2011/09/30,0.004
2011/10/01,0.004
2011/10/02,0.004
2011/10/03,0.004
2011/10/04,0.004
2011/10/05,0.004
2011/10/06,0.004
2011/10/07,0.004
2011/10/08,0.004
2011/10/09,0.004
2011/10/10,0.004
2011/10/11,0.004
2011/10/12,0.004
2011/10/13,0.003
2011/10/14,0.003
2011/10/15,0.003
2011/10/16,0.003
2011/10/17,0.003
2011/10/18,0.003
2011/10/19,0.002
2011/10/20,0.002
2011/10/21,0.002
2011/10/22,0.002
2011/10/23,0.002
2011/10/24,0.002
2011/10/25,0.002
2011/10/26,0.002
2011/10/27,0.002
2011/10/28,0.002
2011/10/29,0.002
2011/10/30,0.002
2011/10/31,0.002
2011/11/01,0.002
2011/11/02,0.002
2011/11/03,0.002
2011/11/04,0.002
2011/11/05,0.002
2011/11/06,0.002
2011/11/07,0.002
2011/11/08,0.002
2011/11/09,0.002
2011/11/10,0.002
2011/11/11,0.002
2011/11/12,0.002
2011/11/13,0.002
2011/11/14,0.002
2011/11/15,0.002
2011/11/16,0.001
2011/11/17,0.001
2011/11/18,0.001
2011/11/19,0.001
2011/11/20,0.001
2011/11/21,0.001
2011/11/22,0.001
2011/11/23,0.001
2011/11/24,0.001
2011/11/25,0.002
2011/11/26,0.002
2011/11/27,0.002
2011/11/28,0.002
2011/11/29,0.002
2011/11/30,0.002
2011/12/01,0.002
2011/12/02,0.002
2011/12/03,0.002
2011/12/04,0.002
2011/12/05,0.002
2011/12/06,0.002
2011/12/07,0.002
2011/12/08,0.002
2011/12/09,0.002
2011/12/10,0.002
2011/12/11,0.02
2011/12/12,0.034
2011/12/13,0.032
2011/12/14,0.029
2011/12/15,0.027
2011/12/16,0.025
2011/12/17,0.023
2011/12/18,0.02
2011/12/19,0.018
2011/12/20,0.016
2011/12/21,0.013
2011/12/22,0.011
2011/12/23,0.009
2011/12/24,0.006
2011/12/25,0.004
2011/12/26,0.002
2011/12/27,0.002
2011/12/28,0.002
2011/12/29,0.003
2011/12/30,0.003
2011/12/31,0.003
2012/01/01,0.003
2012/01/02,0.003
2012/01/03,0.004
2012/01/04,0.005
2012/01/05,0.005
2012/01/06,0.005
2012/01/07,0.006
2012/01/08,0.005
2012/01/09,0.006
2012/01/10,0.006
2012/01/11,0.006
2012/01/12,0.011
2012/01/13,0.011
2012/01/14,0.012
2012/01/15,0.012
2012/01/16,0.016
2012/01/17,0.015
2012/01/18,0.015
2012/01/19,0.017
2012/01/20,0.018
2012/01/21,0.017
2012/01/22,0.015
2012/01/23,0.014
2012/01/24,0.013
2012/01/25,0.012
2012/01/26,0.011
2012/01/27,0.012
2012/01/28,0.011
2012/01/29,0.035
2012/01/30,0.035
2012/01/31,0.033
2012/02/01,0.03
2012/02/02,0.028
2012/02/03,0.026
2012/02/04,0.024
2012/02/05,0.021
2012/02/06,0.019
2012/02/07,0.016
2012/02/08,0.014
2012/02/09,0.012
2012/02/10,0.009
2012/02/11,0.007
2012/02/12,0.005
2012/02/13,0.004
2012/02/14,0.005
2012/02/15,0.004
2012/02/16,0.004
2012/02/17,0.004
2012/02/18,0.004
2012/02/19,0.004
2012/02/20,0.003
2012/02/21,0.003
2012/02/22,0.003
2012/02/23,0.003
2012/02/24,0.003
2012/02/25,0.003
2012/02/26,0.003
2012/02/27,0.003
2012/02/28,0.003
2012/02/29,0.003
2012/03/01,0.003
2012/03/02,0.003
2012/03/03,0.003
2012/03/04,0.003
2012/03/05,0.003
2012/03/06,0.003
2012/03/07,0.003
2012/03/08,0.003
2012/03/09,0.003
2012/03/10,0.003
2012/03/11,0.003
2012/03/12,0.003
2012/03/13,0.004
2012/03/14,0.004
2012/03/15,0.004
2012/03/16,0.004
2012/03/17,0.004
2012/03/18,0.004
2012/03/19,0.004
2012/03/20,0.004
2012/03/21,0.004
2012/03/22,0.004
2012/03/23,0.003
2012/03/24,0.004
2012/03/25,0.005
2012/03/26,0.004
2012/03/27,0.004
2012/03/28,0.004
2012/03/29,0.004
2012/03/30,0.004
2012/03/31,0.004
2012/04/01,0.004
2012/04/02,0.004
2012/04/03,0.004
2012/04/04,0.004
2012/04/05,0.004
2012/04/06,0.003
2012/04/07,0.003
2012/04/08,0.003
2012/04/09,0.003
2012/04/10,0.003
2012/04/11,0.003
2012/04/12,0.003
2012/04/13,0.003
2012/04/14,0.003
2012/04/15,0.003
2012/04/16,0.003
2012/04/17,0.003
2012/04/18,0.004
2012/04/19,0.004
2012/04/20,0.004
2012/04/21,0.004
2012/04/22,0.004
2012/04/23,0.004
2012/04/24,0.004
2012/04/25,0.004
2012/04/26,0.004
2012/04/27,0.004
2012/04/28,0.004
2012/04/29,0.004
2012/04/30,0.004
2012/05/01,0.004
2012/05/02,0.004
2012/05/03,0.004
2012/05/04,0.004
2012/05/05,0.004
2012/05/06,0.004
2012/05/07,0.004
2012/05/08,0.004
2012/05/09,0.004
2012/05/10,0.004
2012/05/11,0.004
2012/05/12,0.004
2012/05/13,0.004
2012/05/14,0.004
2012/05/15,0.004
2012/05/16,0.004
2012/05/17,0.004
2012/05/18,0.004
2012/05/19,0.004
2012/05/20,0.004
2012/05/21,0.004
2012/05/22,0.004
2012/05/23,0.004
2012/05/24,0.004
2012/05/25,0.004
2012/05/26,0.004
2012/05/27,0.004
2012/05/28,0.003
2012/05/29,0.003
2012/05/30,0.003
2012/05/31,0.003
2012/06/01,0.003
2012/06/02,0.003
2012/06/03,0.003
2012/06/04,0.003
2012/06/05,0.003
2012/06/06,0.003
2012/06/07,0.003
2012/06/08,0.003
2012/06/09,0.004
2012/06/10,0.004
2012/06/11,0.003
2012/06/12,0.004
2012/06/13,0.004
2012/06/14,0.004
2012/06/15,0.004
2012/06/16,0.004
2012/06/17,0.004
2012/06/18,0.004
2012/06/19,0.004
2012/06/20,0.004
2012/06/21,0.005
2012/06/22,0.005
2012/06/23,0.005
2012/06/24,0.005
2012/06/25,0.005
2012/06/26,0.005
2012/06/27,0.005
2012/06/28,0.005
2012/06/29,0.004
2012/06/30,0.004
2012/07/01,0.004
2012/07/02,0.004
2012/07/03,0.004
2012/07/04,0.004
2012/07/05,0.004
2012/07/06,0.004
2012/07/07,0.005
2012/07/08,0.005
2012/07/09,0.005
2012/07/10,0.005
2012/07/11,0.005
2012/07/12,0.005
2012/07/13,0.005
2012/07/14,0.005
2012/07/15,0.005
2012/07/16,0.005
2012/07/17,0.005
2012/07/18,0.005
2012/07/19,0.005
2012/07/20,0.006
2012/07/21,0.006
2012/07/22,0.006
2012/07/23,0.006
2012/07/24,0.006
2012/07/25,0.006
2012/07/26,0.006
2012/07/27,0.006
2012/07/28,0.005
2012/07/29,0.005
2012/07/30,0.005
2012/07/31,0.005
2012/08/01,0.005
2012/08/02,0.005
2012/08/03,0.006
2012/08/04,0.006
2012/08/05,0.006
2012/08/06,0.007
2012/08/07,0.007
2012/08/08,0.008
2012/08/09,0.008
2012/08/10,0.009
2012/08/11,0.009
2012/08/12,0.009
2012/08/13,0.009
2012/08/14,0.008
2012/08/15,0.008
2012/08/16,0.008
2012/08/17,0.009
2012/08/18,0.008
2012/08/19,0.008
2012/08/20,0.008
2012/08/21,0.007
2012/08/22,0.007
2012/08/23,0.007
2012/08/24,0.007
2012/08/25,0.007
2012/08/26,0.007
2012/08/27,0.007
2012/08/28,0.007
2012/08/29,0.007
2012/08/30,0.008
2012/08/31,0.008
2012/09/01,0.008
2012/09/02,0.008
2012/09/03,0.008
2012/09/04,0.008
2012/09/05,0.008
2012/09/06,0.008
2012/09/07,0.008
2012/09/08,0.008
2012/09/09,0.008
2012/09/10,0.008
2012/09/11,0.008
2012/09/12,0.008
2012/09/13,0.008
2012/09/14,0.008
2012/09/15,0.008
2012/09/16,0.007
2012/09/17,0.007
2012/09/18,0.007
2012/09/19,0.008
2012/09/20,0.007
2012/09/21,0.008
2012/09/22,0.008
2012/09/23,0.008
2012/09/24,0.009
2012/09/25,0.009
2012/09/26,0.008
2012/09/27,0.008
2012/09/28,0.01
2012/09/29,0.01
2012/09/30,0.01
2012/10/01,0.01
2012/10/02,0.01
2012/10/03,0.01
2012/10/04,0.015
2012/10/05,0.015
2012/10/06,0.015
2012/10/07,0.014
2012/10/08,0.013
2012/10/09,0.013
2012/10/10,0.012
2012/10/11,0.012
2012/10/12,0.012
2012/10/13,0.011
2012/10/14,0.01
2012/10/15,0.01
2012/10/16,0.009
2012/10/17,0.011
2012/10/18,0.01
2012/10/19,0.01
2012/10/20,0.01
2012/10/21,0.009
2012/10/22,0.009
2012/10/23,0.009
2012/10/24,0.009
2012/10/25,0.008
2012/10/26,0.008
2012/10/27,0.008
2012/10/28,0.008
2012/10/29,0.008
2012/10/30,0.008
2012/10/31,0.008
2012/11/01,0.008
2012/11/02,0.009
2012/11/03,0.009
2012/11/04,0.009
2012/11/05,0.009
2012/11/06,0.009
2012/11/07,0.009
2012/11/08,0.009
2012/11/09,0.009
2012/11/10,0.009
2012/11/11,0.009
2012/11/12,0.009
2012/11/13,0.009
2012/11/14,0.008
2012/11/15,0.009
2012/11/16,0.009
2012/11/17,0.009
2012/11/18,0.009
2012/11/19,0.009
2012/11/20,0.009
2012/11/21,0.009
2012/11/22,0.009
2012/11/23,0.009
2012/11/24,0.009
2012/11/25,0.009
2012/11/26,0.009
2012/11/27,0.013
2012/11/28,0.013
2012/11/29,0.013
2012/11/30,0.013
2012/12/01,0.013
2012/12/02,0.012
2012/12/03,0.012
2012/12/04,0.012
2012/12/05,0.012
2012/12/06,0.012
2012/12/07,0.012
2012/12/08,0.011
2012/12/09,0.011
2012/12/10,0.011
2012/12/11,0.011
2012/12/12,0.011
2012/12/13,0.011
2012/12/14,0.011
2012/12/15,0.011
2012/12/16,0.011
2012/12/17,0.011
2012/12/18,0.011
2012/12/19,0.011
2012/12/20,0.011
2012/12/21,0.011
2012/12/22,0.011
2012/12/23,0.011
2012/12/24,0.011
2012/12/25,0.011
2012/12/26,0.011
2012/12/27,0.011
2012/12/28,0.011
2012/12/29,0.011
2012/12/30,0.011
2012/12/31,0.011
2013/01/01,0.011
2013/01/02,0.011
2013/01/03,0.011
2013/01/04,0.011
2013/01/05,0.011
2013/01/06,0.011
2013/01/07,0.011
2013/01/08,0.011
2013/01/09,0.011
2013/01/10,0.015
2013/01/11,0.015
2013/01/12,0.015
2013/01/13,0.014
2013/01/14,0.014
2013/01/15,0.014
2013/01/16,0.013
2013/01/17,0.013
2013/01/18,0.013
2013/01/19,0.013
2013/01/20,0.013
2013/01/21,0.013
2013/01/22,0.013
2013/01/23,0.013
2013/01/24,0.013
2013/01/25,0.014
2013/01/26,0.014
2013/01/27,0.014
2013/01/28,0.014
2013/01/29,0.015
2013/01/30,0.015
2013/01/31,0.016
2013/02/01,0.016
2013/02/02,0.018
2013/02/03,0.018
2013/02/04,0.018
2013/02/05,0.018
2013/02/06,0.018
2013/02/07,0.017
2013/02/08,0.018
2013/02/09,0.018
2013/02/10,0.018
2013/02/11,0.018
2013/02/12,0.018
2013/02/13,0.019
2013/02/14,0.019
2013/02/15,0.02
2013/02/16,0.021
2013/02/17,0.022
2013/02/18,0.023
2013/02/19,0.023
2013/02/20,0.023
2013/02/21,0.024
2013/02/22,0.024
2013/02/23,0.025
2013/02/24,0.024
2013/02/25,0.025
2013/02/26,0.025
2013/02/27,0.026
2013/02/28,0.026
2013/03/01,0.027
2013/03/02,0.028
2013/03/03,0.028
2013/03/04,0.028
2013/03/05,0.029
2013/03/06,0.038
2013/03/07,0.039
2013/03/08,0.039
2013/03/09,0.04
2013/03/10,0.04
2013/03/11,0.04
2013/03/12,0.043
2013/03/13,0.043
2013/03/14,0.043
2013/03/15,0.044
2013/03/16,0.044
2013/03/17,0.043
2013/03/18,0.043
2013/03/19,0.044
2013/03/20,0.044
2013/03/21,0.047
2013/03/22,0.05
2013/03/23,0.053
2013/03/24,0.053
2013/03/25,0.055
2013/03/26,0.057
2013/03/27,0.062
2013/03/28,0.066
2013/03/29,0.069
2013/03/30,0.074
2013/03/31,0.078
2013/04/01,0.079
2013/04/02,0.083
2013/04/03,0.091
2013/04/04,0.099
2013/04/05,0.103
2013/04/06,0.104
2013/04/07,0.108
2013/04/08,0.111
2013/04/09,0.117
2013/04/10,0.127
2013/04/11,0.126
2013/04/12,0.122
2013/04/13,0.116
2013/04/14,0.113
2013/04/15,0.113
2013/04/16,0.105
2013/04/17,0.105
2013/04/18,0.102
2013/04/19,0.1
2013/04/20,0.101
2013/04/21,0.098
2013/04/22,0.099
2013/04/23,0.101
2013/04/24,0.104
2013/04/25,0.109
2013/04/26,0.109
2013/04/27,0.11
2013/04/28,0.109
2013/04/29,0.11
2013/04/30,0.114
2013/05/01,0.111
2013/05/02,0.111
2013/05/03,0.108
2013/05/04,0.106
2013/05/05,0.103
2013/05/06,0.103
2013/05/07,0.101
2013/05/08,0.102
2013/05/09,0.102
2013/05/10,0.103
2013/05/11,0.101
2013/05/12,0.101
2013/05/13,0.101
2013/05/14,0.1
2013/05/15,0.1
2013/05/16,0.105
2013/05/17,0.105
2013/05/18,0.103
2013/05/19,0.104
2013/05/20,0.104
2013/05/21,0.103
2013/05/22,0.105
2013/05/23,0.106
2013/05/24,0.106
2013/05/25,0.108
2013/05/26,0.107
2013/05/27,0.109
2013/05/28,0.111
2013/05/29,0.112
2013/05/30,0.112
2013/05/31,0.111
2013/06/01,0.11
2013/06/02,0.111
2013/06/03,0.113
2013/06/04,0.114
2013/06/05,0.116
2013/06/06,0.112
2013/06/07,0.109
2013/06/08,0.108
2013/06/09,0.105
2013/06/10,0.101
2013/06/11,0.101
2013/06/12,0.1
2013/06/13,0.1
2013/06/14,0.096
2013/06/15,0.095
2013/06/16,0.091
2013/06/17,0.089
2013/06/18,0.088
2013/06/19,0.087
2013/06/20,0.094
2013/06/21,0.095
2013/06/22,0.099
2013/06/23,0.098
2013/06/24,0.097
2013/06/25,0.094
2013/06/26,0.094
2013/06/27,0.09
2013/06/28,0.09
2013/06/29,0.086
2013/06/30,0.085
2013/07/01,0.08
2013/07/02,0.079
2013/07/03,0.076
2013/07/04,0.071
2013/07/05,0.069
2013/07/06,0.067
2013/07/07,0.063
2013/07/08,0.062
2013/07/09,0.061
2013/07/10,0.06
2013/07/11,0.06
2013/07/12,0.059
2013/07/13,0.061
2013/07/14,0.061
2013/07/15,0.06
2013/07/16,0.063
2013/07/17,0.064
2013/07/18,0.067
2013/07/19,0.065
2013/07/20,0.064
2013/07/21,0.064
2013/07/22,0.064
2013/07/23,0.062
2013/07/24,0.064
2013/07/25,0.064
2013/07/26,0.062
2013/07/27,0.064
2013/07/28,0.063
2013/07/29,0.063
2013/07/30,0.066
2013/07/31,0.07
2013/08/01,0.071
2013/08/02,0.069
2013/08/03,0.068
2013/08/04,0.068
2013/08/05,0.066
2013/08/06,0.067
2013/08/07,0.065
2013/08/08,0.067
2013/08/09,0.07
2013/08/10,0.067
2013/08/11,0.069
2013/08/12,0.066
2013/08/13,0.064
2013/08/14,0.066
2013/08/15,0.072
2013/08/16,0.071
2013/08/17,0.069
2013/08/18,0.07
2013/08/19,0.07
2013/08/20,0.068
2013/08/21,0.066
2013/08/22,0.065
2013/08/23,0.065
2013/08/24,0.064
2013/08/25,0.065
2013/08/26,0.067
2013/08/27,0.067
2013/08/28,0.12
2013/08/29,0.114
2013/08/30,0.113
2013/08/31,0.111
2013/09/01,0.107
2013/09/02,0.11
2013/09/03,0.107
2013/09/04,0.102
2013/09/05,0.097
2013/09/06,0.092
2013/09/07,0.086
2013/09/08,0.081
2013/09/09,0.076
2013/09/10,0.071
2013/09/11,0.065
2013/09/12,0.065
2013/09/13,0.064
2013/09/14,0.063
2013/09/15,0.062
2013/09/16,0.066
2013/09/17,0.132
2013/09/18,0.148
2013/09/19,0.159
2013/09/20,0.15
2013/09/21,0.142
2013/09/22,0.135
2013/09/23,0.129
2013/09/24,0.121
2013/09/25,0.114
2013/09/26,0.105
2013/09/27,0.118
2013/09/28,0.111
2013/09/29,0.103
2013/09/30,0.094
2013/10/01,0.088
2013/10/02,0.085
2013/10/03,0.082
2013/10/04,0.079
2013/10/05,0.078
2013/10/06,0.075
2013/10/07,0.076
2013/10/08,0.072
2013/10/09,0.071
2013/10/10,0.069
2013/10/11,0.066
2013/10/12,0.068
2013/10/13,0.069
2013/10/14,0.07
2013/10/15,0.073
2013/10/16,0.08
2013/10/17,0.085
2013/10/18,0.087
2013/10/19,0.09
2013/10/20,0.091
2013/10/21,0.094
2013/10/22,0.098
2013/10/23,0.107
2013/10/24,0.114
2013/10/25,0.121
2013/10/26,0.123
2013/10/27,0.14
2013/10/28,0.139
2013/10/29,0.14
2013/10/30,0.138
2013/10/31,0.135
2013/11/01,0.138
2013/11/02,0.136
2013/11/03,0.149
2013/11/04,0.163
2013/11/05,0.171
2013/11/06,0.237
2013/11/07,0.288
2013/11/08,0.33
2013/11/09,0.341
2013/11/10,0.336
2013/11/11,0.346
2013/11/12,0.325
2013/11/13,0.304
2013/11/14,0.284
2013/11/15,0.261
2013/11/16,0.239
2013/11/17,0.221
2013/11/18,0.209
2013/11/19,0.199
2013/11/20,0.184
2013/11/21,0.181
2013/11/22,0.18
2013/11/23,0.183
2013/11/24,0.185
2013/11/25,0.188
2013/11/26,0.197
2013/11/27,0.211
2013/11/28,0.225
2013/11/29,0.236
2013/11/30,0.245
2013/12/01,0.247
2013/12/02,0.251
2013/12/03,0.254
2013/12/04,0.259
2013/12/05,0.261
2013/12/06,0.261
2013/12/07,0.28
2013/12/08,0.268
2013/12/09,0.264
2013/12/10,0.26
2013/12/11,0.255
2013/12/12,0.248
2013/12/13,0.243
2013/12/14,0.236
2013/12/15,0.228
2013/12/16,0.219
2013/12/17,0.208
2013/12/18,0.194
2013/12/19,0.184
2013/12/20,0.179
2013/12/21,0.17
2013/12/22,0.163
2013/12/23,0.158
2013/12/24,0.154
2013/12/25,0.152
2013/12/26,0.155
2013/12/27,0.157
2013/12/28,0.16
2013/12/29,0.166
2013/12/30,0.167
2013/12/31,0.168
2014/01/01,0.169
2014/01/02,0.174
2014/01/03,0.176
2014/01/04,0.18
2014/01/05,0.185
2014/01/06,0.217
2014/01/07,0.221
2014/01/08,0.221
2014/01/09,0.218
2014/01/10,0.217
2014/01/11,0.215
2014/01/12,0.215
2014/01/13,0.213
2014/01/14,0.216
2014/01/15,0.219
2014/01/16,0.216
2014/01/17,0.214
2014/01/18,0.212
2014/01/19,0.21
2014/01/20,0.209
2014/01/21,0.206
2014/01/22,0.204
2014/01/23,0.207
2014/01/24,0.204
2014/01/25,0.201
2014/01/26,0.199
2014/01/27,0.196
2014/01/28,0.192
2014/01/29,0.19
2014/01/30,0.188
2014/01/31,0.188
2014/02/01,0.186
2014/02/02,0.184
2014/02/03,0.182
2014/02/04,0.179
2014/02/05,0.177
2014/02/06,0.176
2014/02/07,0.173
2014/02/08,0.167
2014/02/09,0.161
2014/02/10,0.156
2014/02/11,0.151
2014/02/12,0.151
2014/02/13,0.146
2014/02/14,0.142
2014/02/15,0.138
2014/02/16,0.135
2014/02/17,0.148
2014/02/18,0.146
2014/02/19,0.143
2014/02/20,0.141
2014/02/21,0.137
2014/02/22,0.135
2014/02/23,0.134
2014/02/24,0.131
2014/02/25,0.128
2014/02/26,0.126
2014/02/27,0.124
2014/02/28,0.125
2014/03/01,0.122
2014/03/02,0.119
2014/03/03,0.119
2014/03/04,0.122
2014/03/05,0.123
2014/03/06,0.125
2014/03/07,0.125
2014/03/08,0.124
2014/03/09,0.124
2014/03/10,0.127
2014/03/11,0.127
2014/03/12,0.129
2014/03/13,0.129
2014/03/14,0.129
2014/03/15,0.127
2014/03/16,0.128
2014/03/17,0.127
2014/03/18,0.125
2014/03/19,0.123
2014/03/20,0.122
2014/03/21,0.121
2014/03/22,0.124
2014/03/23,0.122
2014/03/24,0.119
2014/03/25,0.119
2014/03/26,0.12
2014/03/27,0.117
2014/03/28,0.114
2014/03/29,0.111
2014/03/30,0.107
2014/03/31,0.104
2014/04/01,0.102
2014/04/02,0.1
2014/04/03,0.097
2014/04/04,0.096
2014/04/05,0.094
2014/04/06,0.094
2014/04/07,0.094
2014/04/08,0.094
2014/04/09,0.1
2014/04/10,0.098
2014/04/11,0.097
2014/04/12,0.095
2014/04/13,0.094
2014/04/14,0.094
2014/04/15,0.096
2014/04/16,0.098
2014/04/17,0.101
2014/04/18,0.101
2014/04/19,0.104
2014/04/20,0.105
2014/04/21,0.106
2014/04/22,0.105
2014/04/23,0.104
2014/04/24,0.104
2014/04/25,0.102
2014/04/26,0.099
2014/04/27,0.099
2014/04/28,0.097
2014/04/29,0.095
2014/04/30,0.094
2014/05/01,0.092
2014/05/02,0.091
2014/05/03,0.089
2014/05/04,0.088
2014/05/05,0.087
2014/05/06,0.086
2014/05/07,0.086
2014/05/08,0.086
2014/05/09,0.088
2014/05/10,0.087
2014/05/11,0.087
2014/05/12,0.086
2014/05/13,0.085
2014/05/14,0.084
2014/05/15,0.083
2014/05/16,0.082
2014/05/17,0.081
2014/05/18,0.081
2014/05/19,0.08
2014/05/20,0.081
2014/05/21,0.082
2014/05/22,0.083
2014/05/23,0.084
2014/05/24,0.088
2014/05/25,0.09
2014/05/26,0.093
2014/05/27,0.095
2014/05/28,0.098
2014/05/29,0.099
2014/05/30,0.101
2014/05/31,0.104
2014/06/01,0.107
2014/06/02,0.109
2014/06/03,0.112
2014/06/04,0.114
2014/06/05,0.116
2014/06/06,0.116
2014/06/07,0.116
2014/06/08,0.117
2014/06/09,0.117
2014/06/10,0.118
2014/06/11,0.118
2014/06/12,0.119
2014/06/13,0.117
2014/06/14,0.115
2014/06/15,0.113
2014/06/16,0.111
2014/06/17,0.11
2014/06/18,0.111
2014/06/19,0.111
2014/06/20,0.111
2014/06/21,0.11
2014/06/22,0.109
2014/06/23,0.109
2014/06/24,0.108
2014/06/25,0.108
2014/06/26,0.106
2014/06/27,0.105
2014/06/28,0.105
2014/06/29,0.105
2014/06/30,0.105
2014/07/01,0.107
2014/07/02,0.109
2014/07/03,0.11
2014/07/04,0.11
2014/07/05,0.109
2014/07/06,0.11
2014/07/07,0.11
2014/07/08,0.11
2014/07/09,0.11
2014/07/10,0.11
2014/07/11,0.11
2014/07/12,0.109
2014/07/13,0.11
2014/07/14,0.111
2014/07/15,0.11
2014/07/16,0.111
2014/07/17,0.111
2014/07/18,0.112
2014/07/19,0.112
2014/07/20,0.111
2014/07/21,0.11
2014/07/22,0.11
2014/07/23,0.109
2014/07/24,0.107
2014/07/25,0.106
2014/07/26,0.104
2014/07/27,0.103
2014/07/28,0.102
2014/07/29,0.101
2014/07/30,0.1
2014/07/31,0.099
2014/08/01,0.097
2014/08/02,0.096
2014/08/03,0.096
2014/08/04,0.095
2014/08/05,0.095
2014/08/06,0.095
2014/08/07,0.095
2014/08/08,0.095
2014/08/09,0.094
2014/08/10,0.095
2014/08/11,0.095
2014/08/12,0.095
2014/08/13,0.094
2014/08/14,0.092
2014/08/15,0.091
2014/08/16,0.091
2014/08/17,0.121
2014/08/18,0.117
2014/08/19,0.113
2014/08/20,0.11
2014/08/21,0.107
2014/08/22,0.104
2014/08/23,0.1
2014/08/24,0.097
2014/08/25,0.1
2014/08/26,0.097
2014/08/27,0.094
2014/08/28,0.091
2014/08/29,0.088
2014/08/30,0.084
2014/08/31,0.081
2014/09/01,0.08
2014/09/02,0.08
2014/09/03,0.079
2014/09/04,0.078
2014/09/05,0.078
2014/09/06,0.077
2014/09/07,0.087
2014/09/08,0.086
2014/09/09,0.086
2014/09/10,0.086
2014/09/11,0.085
2014/09/12,0.084
2014/09/13,0.083
2014/09/14,0.082
2014/09/15,0.081
2014/09/16,0.081
2014/09/17,0.079
2014/09/18,0.077
2014/09/19,0.075
2014/09/20,0.073
2014/09/21,0.071
2014/09/22,0.069
2014/09/23,0.069
2014/09/24,0.069
2014/09/25,0.068
2014/09/26,0.095
2014/09/27,0.092
2014/09/28,0.09
2014/09/29,0.087
2014/09/30,0.084
2014/10/01,0.082
2014/10/02,0.079
2014/10/03,0.076
2014/10/04,0.075
2014/10/05,0.072
2014/10/06,0.068
2014/10/07,0.065
2014/10/08,0.062
2014/10/09,0.06
2014/10/10,0.058
2014/10/11,0.058
2014/10/12,0.059
2014/10/13,0.059
2014/10/14,0.06
2014/10/15,0.061
2014/10/16,0.061
2014/10/17,0.061
2014/10/18,0.061
2014/10/19,0.062
2014/10/20,0.062
2014/10/21,0.062
2014/10/22,0.062
2014/10/23,0.062
2014/10/24,0.061
2014/10/25,0.06
2014/10/26,0.059
2014/10/27,0.059
2014/10/28,0.058
2014/10/29,0.057
2014/10/30,0.056
2014/10/31,0.055
2014/11/01,0.055
2014/11/02,0.055
2014/11/03,0.055
2014/11/04,0.055
2014/11/05,0.054
2014/11/06,0.054
2014/11/07,0.054
2014/11/08,0.053
2014/11/09,0.056
2014/11/10,0.056
2014/11/11,0.056
2014/11/12,0.057
2014/11/13,0.059
2014/11/14,0.059
2014/11/15,0.059
2014/11/16,0.06
2014/11/17,0.061
2014/11/18,0.061
2014/11/19,0.061
2014/11/20,0.06
2014/11/21,0.059
2014/11/22,0.058
2014/11/23,0.058
2014/11/24,0.057
2014/11/25,0.057
2014/11/26,0.056
2014/11/27,0.055
2014/11/28,0.055
2014/11/29,0.054
2014/11/30,0.054
2014/12/01,0.054
2014/12/02,0.054
2014/12/03,0.054
2014/12/04,0.054
2014/12/05,0.054
2014/12/06,0.053
2014/12/07,0.054
2014/12/08,0.055
2014/12/09,0.054
2014/12/10,0.054
2014/12/11,0.053
2014/12/12,0.053
2014/12/13,0.052
2014/12/14,0.052
2014/12/15,0.052
2014/12/16,0.051
2014/12/17,0.051
2014/12/18,0.05
2014/12/19,0.05
2014/12/20,0.049
2014/12/21,0.049
2014/12/22,0.048
2014/12/23,0.048
2014/12/24,0.048
2014/12/25,0.047
2014/12/26,0.051
2014/12/27,0.054
2014/12/28,0.054
2014/12/29,0.055
2014/12/30,0.054
2014/12/31,0.054
2015/01/01,0.052
2015/01/02,0.052
2015/01/03,0.051
2015/01/04,0.053
2015/01/05,0.052
2015/01/06,0.051
2015/01/07,0.049
2015/01/08,0.048
2015/01/09,0.047
2015/01/10,0.045
2015/01/11,0.045
2015/01/12,0.05
2015/01/13,0.049
2015/01/14,0.046
2015/01/15,0.044
2015/01/16,0.042
2015/01/17,0.04
2015/01/18,0.039
2015/01/19,0.037
2015/01/20,0.036
2015/01/21,0.035
2015/01/22,0.034
2015/01/23,0.034
2015/01/24,0.033
2015/01/25,0.033
2015/01/26,0.034
2015/01/27,0.035
2015/01/28,0.035
2015/01/29,0.034
2015/01/30,0.034
2015/01/31,0.034
2015/02/01,0.034
2015/02/02,0.034
2015/02/03,0.034
2015/02/04,0.033
2015/02/05,0.033
2015/02/06,0.033
2015/02/07,0.032
2015/02/08,0.032
2015/02/09,0.032
2015/02/10,0.032
2015/02/11,0.032
2015/02/12,0.032
2015/02/13,0.032
2015/02/14,0.033
2015/02/15,0.034
2015/02/16,0.034
2015/02/17,0.035
2015/02/18,0.035
2015/02/19,0.035
2015/02/20,0.035
2015/02/21,0.036
2015/02/22,0.036
2015/02/23,0.035
2015/02/24,0.035
2015/02/25,0.035
2015/02/26,0.035
2015/02/27,0.035
2015/02/28,0.035
2015/03/01,0.036
2015/03/02,0.036
2015/03/03,0.037
2015/03/04,0.037
2015/03/05,0.038
2015/03/06,0.039
2015/03/07,0.04
2015/03/08,0.04
2015/03/09,0.041
2015/03/10,0.041
2015/03/11,0.042
2015/03/12,0.042
2015/03/13,0.042
2015/03/14,0.042
2015/03/15,0.042
2015/03/16,0.042
2015/03/17,0.042
2015/03/18,0.042
2015/03/19,0.041
2015/03/20,0.041
2015/03/21,0.041
2015/03/22,0.04
2015/03/23,0.041
2015/03/24,0.04
2015/03/25,0.04
2015/03/26,0.039
2015/03/27,0.039
2015/03/28,0.038
2015/03/29,0.038
2015/03/30,0.037
2015/03/31,0.037
2015/04/01,0.036
2015/04/02,0.036
2015/04/03,0.036
2015/04/04,0.036
2015/04/05,0.037
2015/04/06,0.037
2015/04/07,0.037
2015/04/08,0.037
2015/04/09,0.037
2015/04/10,0.04
2015/04/11,0.04
2015/04/12,0.04
2015/04/13,0.04
2015/04/14,0.039
2015/04/15,0.038
2015/04/16,0.037
2015/04/17,0.036
2015/04/18,0.035
2015/04/19,0.035
2015/04/20,0.034
2015/04/21,0.033
2015/04/22,0.033
2015/04/23,0.033
2015/04/24,0.033
2015/04/25,0.059
2015/04/26,0.057
2015/04/27,0.055
2015/04/28,0.053
2015/04/29,0.051
2015/04/30,0.05
2015/05/01,0.048
2015/05/02,0.046
2015/05/03,0.044
2015/05/04,0.043
2015/05/05,0.041
2015/05/06,0.039
2015/05/07,0.037
2015/05/08,0.036
2015/05/09,0.034
2015/05/10,0.035
2015/05/11,0.036
2015/05/12,0.036
2015/05/13,0.036
2015/05/14,0.035
2015/05/15,0.035
2015/05/16,0.035
2015/05/17,0.035
2015/05/18,0.035
2015/05/19,0.035
2015/05/20,0.035
2015/05/21,0.035
2015/05/22,0.035
2015/05/23,0.035
2015/05/24,0.035
2015/05/25,0.035
2015/05/26,0.035
2015/05/27,0.035
2015/05/28,0.035
2015/05/29,0.035
2015/05/30,0.035
2015/05/31,0.042
2015/06/01,0.042
2015/06/02,0.042
2015/06/03,0.041
2015/06/04,0.04
2015/06/05,0.039
2015/06/06,0.038
2015/06/07,0.038
2015/06/08,0.038
2015/06/09,0.037
2015/06/10,0.036
2015/06/11,0.036
2015/06/12,0.035
2015/06/13,0.035
2015/06/14,0.035
2015/06/15,0.035
2015/06/16,0.036
2015/06/17,0.037
2015/06/18,0.039
2015/06/19,0.042
2015/06/20,0.041
2015/06/21,0.041
2015/06/22,0.043
2015/06/23,0.043
2015/06/24,0.042
2015/06/25,0.042
2015/06/26,0.041
2015/06/27,0.041
2015/06/28,0.041
2015/06/29,0.04
2015/06/30,0.041
2015/07/01,0.041
2015/07/02,0.041
2015/07/03,0.041
2015/07/04,0.042
2015/07/05,0.043
2015/07/06,0.045
2015/07/07,0.047
2015/07/08,0.05
2015/07/09,0.052
2015/07/10,0.053
2015/07/11,0.054
2015/07/12,0.056
2015/07/13,0.057
2015/07/14,0.059
2015/07/15,0.061
2015/07/16,0.062
2015/07/17,0.062
2015/07/18,0.066
2015/07/19,0.064
2015/07/20,0.067
2015/07/21,0.066
2015/07/22,0.065
2015/07/23,0.065
2015/07/24,0.065
2015/07/25,0.064
2015/07/26,0.064
2015/07/27,0.066
2015/07/28,0.066
2015/07/29,0.068
2015/07/30,0.07
2015/07/31,0.07
2015/08/01,0.07
2015/08/02,0.068
2015/08/03,0.068
2015/08/04,0.069
2015/08/05,0.069
2015/08/06,0.07
2015/08/07,0.07
2015/08/08,0.068
2015/08/09,0.066
2015/08/10,0.066
2015/08/11,0.065
2015/08/12,0.064
2015/08/13,0.062
2015/08/14,0.061
2015/08/15,0.061
2015/08/16,0.06
2015/08/17,0.058
2015/08/18,0.057
2015/08/19,0.056
2015/08/20,0.055
2015/08/21,0.053
2015/08/22,0.052
2015/08/23,0.052
2015/08/24,0.051
2015/08/25,0.05
2015/08/26,0.049
2015/08/27,0.048
2015/08/28,0.048
2015/08/29,0.047
2015/08/30,0.047
2015/08/31,0.047
2015/09/01,0.046
2015/09/02,0.051
2015/09/03,0.051
2015/09/04,0.052
2015/09/05,0.052
2015/09/06,0.052
2015/09/07,0.053
2015/09/08,0.053
2015/09/09,0.053
2015/09/10,0.053
2015/09/11,0.053
2015/09/12,0.053
2015/09/13,0.051
2015/09/14,0.05
2015/09/15,0.048
2015/09/16,0.046
2015/09/17,0.043
2015/09/18,0.041
2015/09/19,0.041
2015/09/20,0.041
2015/09/21,0.042
2015/09/22,0.042
2015/09/23,0.043
2015/09/24,0.043
2015/09/25,0.044
2015/09/26,0.045
2015/09/27,0.045
2015/09/28,0.046
2015/09/29,0.046
2015/09/30,0.046
2015/10/01,0.047
2015/10/02,0.047
2015/10/03,0.046
2015/10/04,0.046
2015/10/05,0.046
2015/10/06,0.046
2015/10/07,0.045
2015/10/08,0.046
2015/10/09,0.046
2015/10/10,0.046
2015/10/11,0.046
2015/10/12,0.046
2015/10/13,0.046
2015/10/14,0.046
2015/10/15,0.047
2015/10/16,0.047
2015/10/17,0.048
2015/10/18,0.049
2015/10/19,0.049
2015/10/20,0.051
2015/10/21,0.051
2015/10/22,0.051
2015/10/23,0.052
2015/10/24,0.053
2015/10/25,0.053
2015/10/26,0.055
2015/10/27,0.055
2015/10/28,0.056
2015/10/29,0.057
2015/10/30,0.058
2015/10/31,0.058
2015/11/01,0.058
2015/11/02,0.06
2015/11/03,0.061
2015/11/04,0.067
2015/11/05,0.068
2015/11/06,0.069
2015/11/07,0.069
2015/11/08,0.07
2015/11/09,0.07
2015/11/10,0.07
2015/11/11,0.068
2015/11/12,0.066
2015/11/13,0.065
2015/11/14,0.063
2015/11/15,0.061
2015/11/16,0.06
2015/11/17,0.059
2015/11/18,0.058
2015/11/19,0.057
2015/11/20,0.056
2015/11/21,0.055
2015/11/22,0.055
2015/11/23,0.055
2015/11/24,0.055
2015/11/25,0.055
2015/11/26,0.055
2015/11/27,0.056
2015/11/28,0.056
2015/11/29,0.057
2015/11/30,0.059
2015/12/01,0.06
2015/12/02,0.061
2015/12/03,0.061
2015/12/04,0.062
2015/12/05,0.062
2015/12/06,0.063
2015/12/07,0.064
2015/12/08,0.064
2015/12/09,0.065
2015/12/10,0.066
2015/12/11,0.069
2015/12/12,0.071
2015/12/13,0.072
2015/12/14,0.073
2015/12/15,0.075
2015/12/16,0.076
2015/12/17,0.076
2015/12/18,0.078
2015/12/19,0.078
2015/12/20,0.078
2015/12/21,0.078
2015/12/22,0.078
2015/12/23,0.079
2015/12/24,0.079
2015/12/25,0.078
2015/12/26,0.078
2015/12/27,0.077
2015/12/28,0.076
2015/12/29,0.076
2015/12/30,0.075
2015/12/31,0.075
2016/01/01,0.074
2016/01/02,0.076
2016/01/03,0.075
2016/01/04,0.075
2016/01/05,0.075
2016/01/06,0.075
2016/01/07,0.077
2016/01/08,0.078
2016/01/09,0.078
2016/01/10,0.078
2016/01/11,0.079
2016/01/12,0.079
2016/01/13,0.079
2016/01/14,0.079
2016/01/15,0.079
2016/01/16,0.077
2016/01/17,0.076
2016/01/18,0.075
2016/01/19,0.076
2016/01/20,0.077
2016/01/21,0.079
2016/01/22,0.08
2016/01/23,0.08
2016/01/24,0.08
2016/01/25,0.08
2016/01/26,0.081
2016/01/27,0.081
2016/01/28,0.081
2016/01/29,0.081
2016/01/30,0.081
2016/01/31,0.08
2016/02/01,0.082
2016/02/02,0.083
2016/02/03,0.083
2016/02/04,0.082
2016/02/05,0.081
2016/02/06,0.079
2016/02/07,0.078
2016/02/08,0.077
2016/02/09,0.075
2016/02/10,0.074
2016/02/11,0.074
2016/02/12,0.074
2016/02/13,0.074
2016/02/14,0.074
2016/02/15,0.074
2016/02/16,0.074
2016/02/17,0.075
2016/02/18,0.077
2016/02/19,0.079
2016/02/20,0.08
2016/02/21,0.081
2016/02/22,0.082
2016/02/23,0.082
2016/02/24,0.083
2016/02/25,0.084
2016/02/26,0.085
2016/02/27,0.086
2016/02/28,0.086
2016/02/29,0.087
2016/03/01,0.088
2016/03/02,0.096
2016/03/03,0.098
2016/03/04,0.099
2016/03/05,0.101
2016/03/06,0.101
2016/03/07,0.102
2016/03/08,0.101
2016/03/09,0.104
2016/03/10,0.102
2016/03/11,0.101
2016/03/12,0.099
2016/03/13,0.098
2016/03/14,0.097
2016/03/15,0.095
2016/03/16,0.094
2016/03/17,0.094
2016/03/18,0.092
2016/03/19,0.09
2016/03/20,0.088
2016/03/21,0.087
2016/03/22,0.087
2016/03/23,0.086
2016/03/24,0.086
2016/03/25,0.085
2016/03/26,0.086
2016/03/27,0.085
2016/03/28,0.087
2016/03/29,0.092
2016/03/30,0.092
2016/03/31,0.093
2016/04/01,0.095
2016/04/02,0.098
2016/04/03,0.099
2016/04/04,0.098
2016/04/05,0.098
2016/04/06,0.1
2016/04/07,0.099
2016/04/08,0.097
2016/04/09,0.095
2016/04/10,0.092
2016/04/11,0.091
2016/04/12,0.09
2016/04/13,0.089
2016/04/14,0.088
2016/04/15,0.088
2016/04/16,0.086
2016/04/17,0.085
2016/04/18,0.085
2016/04/19,0.085
2016/04/20,0.085
2016/04/21,0.085
2016/04/22,0.086
2016/04/23,0.085
2016/04/24,0.085
2016/04/25,0.086
2016/04/26,0.158
2016/04/27,0.153
2016/04/28,0.148
2016/04/29,0.143
2016/04/30,0.138
2016/05/01,0.132
2016/05/02,0.127
2016/05/03,0.122
2016/05/04,0.118
2016/05/05,0.112
2016/05/06,0.107
2016/05/07,0.102
2016/05/08,0.096
2016/05/09,0.091
2016/05/10,0.086
2016/05/11,0.086
2016/05/12,0.087
2016/05/13,0.088
2016/05/14,0.09
2016/05/15,0.092
2016/05/16,0.096
2016/05/17,0.098
2016/05/18,0.101
2016/05/19,0.103
2016/05/20,0.105
2016/05/21,0.109
2016/05/22,0.109
2016/05/23,0.11
2016/05/24,0.11
2016/05/25,0.11
2016/05/26,0.111
2016/05/27,0.117
2016/05/28,0.12
2016/05/29,0.123
2016/05/30,0.127
2016/05/31,0.128
2016/06/01,0.129
2016/06/02,0.13
2016/06/03,0.131
2016/06/04,0.132
2016/06/05,0.133
2016/06/06,0.134
2016/06/07,0.134
2016/06/08,0.133
2016/06/09,0.133
2016/06/10,0.132
2016/06/11,0.131
2016/06/12,0.135
2016/06/13,0.14
2016/06/14,0.147
2016/06/15,0.158
2016/06/16,0.169
2016/06/17,0.179
2016/06/18,0.187
2016/06/19,0.194
2016/06/20,0.202
2016/06/21,0.206
2016/06/22,0.21
2016/06/23,0.209
2016/06/24,0.21
2016/06/25,0.209
2016/06/26,0.207
2016/06/27,0.204
2016/06/28,0.2
2016/06/29,0.195
2016/06/30,0.191
2016/07/01,0.19
2016/07/02,0.188
2016/07/03,0.185
2016/07/04,0.182
2016/07/05,0.18
2016/07/06,0.179
2016/07/07,0.177
2016/07/08,0.176
2016/07/09,0.174
2016/07/10,0.171
2016/07/11,0.171
2016/07/12,0.168
2016/07/13,0.167
2016/07/14,0.167
2016/07/15,0.167
2016/07/16,0.169
2016/07/17,0.171
2016/07/18,0.172
2016/07/19,0.174
2016/07/20,0.177
2016/07/21,0.178
2016/07/22,0.181
2016/07/23,0.184
2016/07/24,0.185
2016/07/25,0.186
2016/07/26,0.188
2016/07/27,0.191
2016/07/28,0.193
2016/07/29,0.195
2016/07/30,0.198
2016/07/31,0.205
2016/08/01,0.205
2016/08/02,0.204
2016/08/03,0.201
2016/08/04,0.197
2016/08/05,0.196
2016/08/06,0.193
2016/08/07,0.194
2016/08/08,0.197
2016/08/09,0.195
2016/08/10,0.193
2016/08/11,0.192
2016/08/12,0.189
2016/08/13,0.186
2016/08/14,0.185
2016/08/15,0.185
2016/08/16,0.185
2016/08/17,0.184
2016/08/18,0.184
2016/08/19,0.185
2016/08/20,0.182
2016/08/21,0.179
2016/08/22,0.177
2016/08/23,0.175
2016/08/24,0.173
2016/08/25,0.17
2016/08/26,0.168
2016/08/27,0.167
2016/08/28,0.166
2016/08/29,0.165
2016/08/30,0.163
2016/08/31,0.162
2016/09/01,0.16
2016/09/02,0.158
2016/09/03,0.159
2016/09/04,0.158
2016/09/05,0.159
2016/09/06,0.159
2016/09/07,0.158
2016/09/08,0.159
2016/09/09,0.161
2016/09/10,0.162
2016/09/11,0.162
2016/09/12,0.163
2016/09/13,0.164
2016/09/14,0.165
2016/09/15,0.164
2016/09/16,0.167
2016/09/17,0.167
2016/09/18,0.167
2016/09/19,0.169
2016/09/20,0.169
2016/09/21,0.169
2016/09/22,0.168
2016/09/23,0.167
2016/09/24,0.168
2016/09/25,0.166
2016/09/26,0.165
2016/09/27,0.164
2016/09/28,0.164
2016/09/29,0.164
2016/09/30,0.164
2016/10/01,0.165
2016/10/02,0.165
2016/10/03,0.167
2016/10/04,0.167
2016/10/05,0.167
2016/10/06,0.168
2016/10/07,0.168
2016/10/08,0.168
2016/10/09,0.168
2016/10/10,0.171
2016/10/11,0.174
2016/10/12,0.176
2016/10/13,0.178
2016/10/14,0.179
2016/10/15,0.181
2016/10/16,0.182
2016/10/17,0.184
2016/10/18,0.187
2016/10/19,0.189
2016/10/20,0.192
2016/10/21,0.191
2016/10/22,0.193
2016/10/23,0.198
2016/10/24,0.203
2016/10/25,0.213
2016/10/26,0.235
2016/10/27,0.238
2016/10/28,0.238
2016/10/29,0.239
2016/10/30,0.237
2016/10/31,0.236
2016/11/01,0.236
2016/11/02,0.234
2016/11/03,0.231
2016/11/04,0.232
2016/11/05,0.229
2016/11/06,0.227
2016/11/07,0.227
2016/11/08,0.224
2016/11/09,0.223
2016/11/10,0.222
2016/11/11,0.219
2016/11/12,0.217
2016/11/13,0.215
2016/11/14,0.213
2016/11/15,0.212
2016/11/16,0.209
2016/11/17,0.213
2016/11/18,0.214
2016/11/19,0.214
2016/11/20,0.215
2016/11/21,0.219
2016/11/22,0.225
2016/11/23,0.235
2016/11/24,0.246
2016/11/25,0.258
2016/11/26,0.262
2016/11/27,0.263
2016/11/28,0.266
2016/11/29,0.267
2016/11/30,0.266
2016/12/01,0.274
2016/12/02,0.278
2016/12/03,0.278
2016/12/04,0.28
2016/12/05,0.281
2016/12/06,0.281
2016/12/07,0.279
2016/12/08,0.276
2016/12/09,0.276
2016/12/10,0.275
2016/12/11,0.273
2016/12/12,0.272
2016/12/13,0.27
2016/12/14,0.268
2016/12/15,0.268
2016/12/16,0.268
2016/12/17,0.268
2016/12/18,0.268
2016/12/19,0.271
2016/12/20,0.271
2016/12/21,0.273
2016/12/22,0.276
2016/12/23,0.279
2016/12/24,0.284
2016/12/25,0.283
2016/12/26,0.289
2016/12/27,0.293
2016/12/28,0.298
2016/12/29,0.305
2016/12/30,0.31
2016/12/31,0.312
2017/01/01,0.318
2017/01/02,0.329
2017/01/03,0.34
2017/01/04,0.381
2017/01/05,0.39
2017/01/06,0.388
2017/01/07,0.384
2017/01/08,0.378
2017/01/09,0.374
2017/01/10,0.37
2017/01/11,0.362
2017/01/12,0.351
2017/01/13,0.34
2017/01/14,0.332
2017/01/15,0.322
2017/01/16,0.317
2017/01/17,0.314
2017/01/18,0.311
2017/01/19,0.313
2017/01/20,0.313
2017/01/21,0.315
2017/01/22,0.318
2017/01/23,0.333
2017/01/24,0.352
2017/01/25,0.361
2017/01/26,0.364
2017/01/27,0.371
2017/01/28,0.385
2017/01/29,0.397
2017/01/30,0.414
2017/01/31,0.422
2017/02/01,0.426
2017/02/02,0.445
2017/02/03,0.457
2017/02/04,0.465
2017/02/05,0.469
2017/02/06,0.5
2017/02/07,0.51
2017/02/08,0.518
2017/02/09,0.521
2017/02/10,0.515
2017/02/11,0.507
2017/02/12,0.498
2017/02/13,0.494
2017/02/14,0.488
2017/02/15,0.483
2017/02/16,0.498
2017/02/17,0.502
2017/02/18,0.51
2017/02/19,0.513
2017/02/20,0.524
2017/02/21,0.542
2017/02/22,0.569
2017/02/23,0.597
2017/02/24,0.628
2017/02/25,0.642
2017/02/26,0.658
2017/02/27,0.685
2017/02/28,0.712
2017/03/01,0.741
2017/03/02,0.775
2017/03/03,0.81
2017/03/04,0.852
2017/03/05,0.878
2017/03/06,0.911
2017/03/07,0.936
2017/03/08,0.945
2017/03/09,0.949
2017/03/10,0.963
2017/03/11,0.962
2017/03/12,0.975
2017/03/13,0.981
2017/03/14,0.988
2017/03/15,0.992
2017/03/16,0.991
2017/03/17,0.985
2017/03/18,0.967
2017/03/19,0.943
2017/03/20,0.935
2017/03/21,0.934
2017/03/22,0.926
2017/03/23,0.915
2017/03/24,0.896
2017/03/25,0.866
2017/03/26,0.835
2017/03/27,0.829
2017/03/28,0.824
2017/03/29,0.812
2017/03/30,0.798
2017/03/31,0.806
2017/04/01,0.804
2017/04/02,0.802
2017/04/03,0.809
2017/04/04,0.82
2017/04/05,0.824
2017/04/06,0.835
2017/04/07,0.847
2017/04/08,0.858
2017/04/09,0.859
2017/04/10,0.863
2017/04/11,0.869
2017/04/12,0.88
2017/04/13,0.915
2017/04/14,0.925
2017/04/15,0.923
2017/04/16,0.922
2017/04/17,0.918
2017/04/18,0.915
2017/04/19,0.904
2017/04/20,0.923
2017/04/21,0.925
2017/04/22,0.914
2017/04/23,0.908
2017/04/24,0.927
2017/04/25,0.945
2017/04/26,0.95
2017/04/27,0.975
2017/04/28,0.994
2017/04/29,1
2017/04/30,0.998
2017/05/01,1.012
2017/05/02,1.038
2017/05/03,1.068
2017/05/04,1.105
2017/05/05,1.165
2017/05/06,1.187
2017/05/07,1.218
2017/05/08,1.249
2017/05/09,1.298
2017/05/10,1.36
2017/05/11,1.419
2017/05/12,1.484
2017/05/13,1.511
2017/05/14,1.516
2017/05/15,1.554
2017/05/16,1.692
2017/05/17,1.848
2017/05/18,1.957
2017/05/19,2.078
2017/05/20,2.123
2017/05/21,2.164
2017/05/22,2.256
2017/05/23,2.356
2017/05/24,2.512
2017/05/25,2.697
2017/05/26,2.823
2017/05/27,2.924
2017/05/28,2.965
2017/05/29,3.051
2017/05/30,3.177
2017/05/31,3.31
2017/06/01,3.468
2017/06/02,3.601
2017/06/03,3.758
2017/06/04,3.855
2017/06/05,3.943
2017/06/06,4.096
2017/06/07,4.316
2017/06/08,4.366
2017/06/09,4.43
2017/06/10,4.459
2017/06/11,4.513
2017/06/12,4.503
2017/06/13,4.51
2017/06/14,4.476
2017/06/15,4.352
2017/06/16,4.219
2017/06/17,4.087
2017/06/18,3.971
2017/06/19,3.898
2017/06/20,3.851
2017/06/21,3.899
2017/06/22,3.952
2017/06/23,3.884
2017/06/24,3.834
2017/06/25,3.802
2017/06/26,3.761
2017/06/27,3.71
2017/06/28,3.678
2017/06/29,3.69
2017/06/30,3.646
2017/07/01,3.531
2017/07/02,3.371
2017/07/03,3.27
2017/07/04,3.199
2017/07/05,3.065
2017/07/06,2.994
2017/07/07,2.904
2017/07/08,2.781
2017/07/09,2.662
2017/07/10,2.542
2017/07/11,2.413
2017/07/12,2.325
2017/07/13,2.252
2017/07/14,2.212
2017/07/15,2.369
2017/07/16,2.259
2017/07/17,2.18
2017/07/18,2.136
2017/07/19,2.086
2017/07/20,2.125
2017/07/21,2.174
2017/07/22,2.171
2017/07/23,2.141
2017/07/24,2.112
2017/07/25,2.071
2017/07/26,2.024
2017/07/27,1.998
2017/07/28,1.998
2017/07/29,1.989
2017/07/30,1.995
2017/07/31,2.04
2017/08/01,1.981
2017/08/02,1.937
2017/08/03,1.884
2017/08/04,1.805
2017/08/05,1.755
2017/08/06,1.702
2017/08/07,1.679
2017/08/08,1.707
2017/08/09,1.744
2017/08/10,1.843
2017/08/11,1.984
2017/08/12,2.138
2017/08/13,2.263
2017/08/14,2.535
2017/08/15,2.876
2017/08/16,3.261
2017/08/17,3.519
2017/08/18,3.75
2017/08/19,3.882
2017/08/20,3.987
2017/08/21,4.204
2017/08/22,4.605
2017/08/23,5.016
2017/08/24,5.49
2017/08/25,6.041
2017/08/26,6.427
2017/08/27,6.476
2017/08/28,6.675
2017/08/29,6.85
2017/08/30,6.895
2017/08/31,6.971
2017/09/01,6.972
2017/09/02,6.858
2017/09/03,6.711
2017/09/04,6.507
2017/09/05,6.172
2017/09/06,5.88
2017/09/07,5.629
2017/09/08,5.261
2017/09/09,4.86
2017/09/10,4.543
2017/09/11,4.192
2017/09/12,3.859
2017/09/13,3.509
2017/09/14,3.214
2017/09/15,2.96
2017/09/16,2.735
2017/09/17,2.531
2017/09/18,2.525
2017/09/19,2.458
2017/09/20,2.412
2017/09/21,2.329
2017/09/22,2.249
2017/09/23,2.178
2017/09/24,2.098
2017/09/25,2.14
2017/09/26,2.149
2017/09/27,2.163
2017/09/28,2.147
2017/09/29,2.11
2017/09/30,2.096
2017/10/01,2.146
2017/10/02,2.213
2017/10/03,2.234
2017/10/04,2.278
2017/10/05,2.322
2017/10/06,2.335
2017/10/07,2.309
2017/10/08,2.29
2017/10/09,2.298
2017/10/10,2.349
2017/10/11,2.366
2017/10/12,2.463
2017/10/13,2.834
2017/10/14,3.072
2017/10/15,3.131
2017/10/16,3.218
2017/10/17,3.301
2017/10/18,3.323
2017/10/19,3.323
2017/10/20,3.314
2017/10/21,3.334
2017/10/22,3.331
2017/10/23,3.353
2017/10/24,3.358
2017/10/25,3.242
2017/10/26,3.105
2017/10/27,3.179
2017/10/28,3.366
2017/10/29,3.579
2017/10/30,3.802
2017/10/31,4.029
2017/11/01,4.294
2017/11/02,4.518
2017/11/03,4.91
2017/11/04,5.236
2017/11/05,5.412
2017/11/06,5.638
2017/11/07,5.808
2017/11/08,5.977
2017/11/09,6.276
2017/11/10,6.593
2017/11/11,7.2
2017/11/12,8.887
2017/11/13,10.022
2017/11/14,10.899
2017/11/15,11.464
2017/11/16,11.797
2017/11/17,11.825
2017/11/18,11.553
2017/11/19,11.142
2017/11/20,10.801
2017/11/21,10.298
2017/11/22,9.777
2017/11/23,9.178
2017/11/24,8.601
2017/11/25,7.866
2017/11/26,7.23
2017/11/27,6.826
2017/11/28,6.6
2017/11/29,6.594
2017/11/30,6.558
2017/12/01,6.449
2017/12/02,6.416
2017/12/03,6.348
2017/12/04,6.35
2017/12/05,6.354
2017/12/06,6.495
2017/12/07,7.634
2017/12/08,10.334
2017/12/09,12.084
2017/12/10,13.405
2017/12/11,14.883
2017/12/12,16.567
2017/12/13,18.006
2017/12/14,19.007
2017/12/15,20.392
2017/12/16,21.758
2017/12/17,22.879
2017/12/18,24.014
2017/12/19,25.474
2017/12/20,27.962
2017/12/21,31.894
2017/12/22,35.48
2017/12/23,38.402
2017/12/24,39.836
2017/12/25,40.838
2017/12/26,42.052
2017/12/27,42.464
2017/12/28,42.303
2017/12/29,41.392
2017/12/30,40.096
2017/12/31,38.123
2018/01/01,36.309
2018/01/02,34.546
2018/01/03,33.094
2018/01/04,31.608
2018/01/05,31.086
2018/01/06,30.776
2018/01/07,30.481
2018/01/08,30.288
2018/01/09,30.238
2018/01/10,30.088
2018/01/11,29.889
2018/01/12,29.787
2018/01/13,29.697
2018/01/14,29.665
2018/01/15,29.207
2018/01/16,28.551
2018/01/17,27.716
2018/01/18,27.142
2018/01/19,26.431
2018/01/20,25.683
2018/01/21,24.591
2018/01/22,22.985
2018/01/23,21.136
2018/01/24,19.639
2018/01/25,18.047
2018/01/26,16.612
2018/01/27,15.257
2018/01/28,13.908
2018/01/29,12.568
2018/01/30,11.43
2018/01/31,10.557
2018/02/01,9.831
2018/02/02,9.538
2018/02/03,8.927
2018/02/04,8.305
2018/02/05,7.882
2018/02/06,7.326
2018/02/07,6.831
2018/02/08,6.359
2018/02/09,5.94
2018/02/10,5.598
2018/02/11,5.205
2018/02/12,4.83
2018/02/13,4.493
2018/02/14,4.154
2018/02/15,3.896
2018/02/16,3.676
2018/02/17,3.508
2018/02/18,3.378
2018/02/19,3.267
2018/02/20,3.196
2018/02/21,3.023
2018/02/22,2.868
2018/02/23,2.985
2018/02/24,3.396
2018/02/25,3.329
2018/02/26,3.229
2018/02/27,3.132
2018/02/28,3.102
2018/03/01,3.006
2018/03/02,2.917
2018/03/03,2.844
2018/03/04,2.766
2018/03/05,2.719
2018/03/06,2.603
2018/03/07,2.457
2018/03/08,2.324
2018/03/09,2.168
2018/03/10,2.145
2018/03/11,2.157
2018/03/12,2.08
2018/03/13,2.164
2018/03/14,2.093
2018/03/15,1.999
2018/03/16,1.897
2018/03/17,1.78
2018/03/18,1.683
2018/03/19,1.617
2018/03/20,1.57
2018/03/21,1.534
2018/03/22,1.485
2018/03/23,1.432
2018/03/24,1.379
2018/03/25,1.343
2018/03/26,1.305
2018/03/27,1.271
2018/03/28,1.239
2018/03/29,1.212
2018/03/30,1.174
2018/03/31,1.139
2018/04/01,1.102
2018/04/02,1.063
2018/04/03,1.033
2018/04/04,1.01
2018/04/05,0.987
2018/04/06,1.024
2018/04/07,1.045
2018/04/08,1.046
2018/04/09,1.023
2018/04/10,0.999
2018/04/11,0.98
2018/04/12,1.015
2018/04/13,1.061
2018/04/14,1.082
2018/04/15,1.096
2018/04/16,1.097
2018/04/17,1.094
2018/04/18,1.087
2018/04/19,1.085
2018/04/20,1.097
2018/04/21,1.125
2018/04/22,1.13
2018/04/23,1.138
2018/04/24,1.309
2018/04/25,1.676
2018/04/26,1.853
2018/04/27,1.97
2018/04/28,2.007
2018/04/29,2.023
2018/04/30,2.004
2018/05/01,1.959
2018/05/02,1.942
2018/05/03,1.912
2018/05/04,1.893
2018/05/05,1.845
2018/05/06,1.821
2018/05/07,1.775
2018/05/08,1.7
2018/05/09,1.621
2018/05/10,1.544
2018/05/11,1.533
2018/05/12,1.496
2018/05/13,1.457
2018/05/14,1.448
2018/05/15,1.451
2018/05/16,1.422
2018/05/17,1.535
2018/05/18,1.69
2018/05/19,1.676
2018/05/20,1.639
2018/05/21,1.605
2018/05/22,1.544
2018/05/23,1.486
2018/05/24,1.431
2018/05/25,1.388
2018/05/26,1.336
2018/05/27,1.277
2018/05/28,1.237
2018/05/29,1.187
2018/05/30,1.116
2018/05/31,1.043
2018/06/01,0.98
2018/06/02,0.931
2018/06/03,0.891
2018/06/04,0.861
2018/06/05,0.823
2018/06/06,0.798
2018/06/07,0.782
2018/06/08,0.759
2018/06/09,0.76
2018/06/10,0.741
2018/06/11,0.74
2018/06/12,0.731
2018/06/13,0.785
2018/06/14,0.799
2018/06/15,0.795
2018/06/16,0.783
2018/06/17,0.822
2018/06/18,0.795
2018/06/19,1.084
2018/06/20,1.872
2018/06/21,2.023
2018/06/22,2.11
2018/06/23,2.056
2018/06/24,1.977
2018/06/25,1.899
2018/06/26,1.813
2018/06/27,1.725
2018/06/28,1.616
2018/06/29,1.499
2018/06/30,1.383
2018/07/01,1.246
2018/07/02,1.122
2018/07/03,1.008
2018/07/04,0.893
2018/07/05,0.831
2018/07/06,0.795
2018/07/07,0.764
2018/07/08,0.743
2018/07/09,0.721
2018/07/10,0.709
2018/07/11,0.694
2018/07/12,0.673
2018/07/13,0.658
2018/07/14,0.637
2018/07/15,0.628
2018/07/16,0.638
2018/07/17,0.648
2018/07/18,0.693
2018/07/19,0.73
2018/07/20,0.738
2018/07/21,0.738
2018/07/22,0.732
2018/07/23,0.755
2018/07/24,0.783
2018/07/25,0.803
2018/07/26,0.816
2018/07/27,0.81
2018/07/28,0.803
2018/07/29,0.799
2018/07/30,0.807
2018/07/31,0.81
2018/08/01,0.79
2018/08/02,0.797
2018/08/03,0.791
2018/08/04,0.773
2018/08/05,0.742
2018/08/06,0.713
2018/08/07,0.687
2018/08/08,0.665
2018/08/09,0.65
2018/08/10,0.635
2018/08/11,0.61
2018/08/12,0.587
2018/08/13,0.577
2018/08/14,0.58
2018/08/15,0.575
2018/08/16,0.582
2018/08/17,0.595
2018/08/18,0.591
2018/08/19,0.601
2018/08/20,0.64
2018/08/21,0.656
2018/08/22,0.666
2018/08/23,0.658
2018/08/24,0.651
2018/08/25,0.663
2018/08/26,0.721
2018/08/27,0.761
2018/08/28,0.843
2018/08/29,0.835
2018/08/30,0.829
2018/08/31,0.825
2018/09/01,0.806
2018/09/02,0.785
2018/09/03,0.767
2018/09/04,0.766
2018/09/05,0.786
2018/09/06,0.787
2018/09/07,0.784
2018/09/08,0.753
2018/09/09,0.727
2018/09/10,0.699
2018/09/11,0.682
2018/09/12,0.675
2018/09/13,0.658
2018/09/14,0.649
2018/09/15,0.625
2018/09/16,0.6
2018/09/17,0.575
2018/09/18,0.556
2018/09/19,0.531
2018/09/20,0.515
2018/09/21,0.525
2018/09/22,0.526
2018/09/23,0.518
2018/09/24,0.505
2018/09/25,0.504
2018/09/26,0.506
2018/09/27,0.521
2018/09/28,0.553
2018/09/29,0.56
2018/09/30,0.555
2018/10/01,0.563
2018/10/02,0.583
2018/10/03,0.585
2018/10/04,0.577
2018/10/05,0.578
2018/10/06,0.575
2018/10/07,0.552
2018/10/08,0.537
2018/10/09,0.525
2018/10/10,0.507
2018/10/11,0.493
2018/10/12,0.486
2018/10/13,0.471
2018/10/14,0.459
2018/10/15,0.469
2018/10/16,0.47
2018/10/17,0.47
2018/10/18,0.469
2018/10/19,0.467
2018/10/20,0.46
2018/10/21,0.451
2018/10/22,0.448
2018/10/23,0.444
2018/10/24,0.442
2018/10/25,0.442
2018/10/26,0.443
2018/10/27,0.432
2018/10/28,0.438
2018/10/29,0.44
2018/10/30,0.436
2018/10/31,0.427
2018/11/01,0.422
2018/11/02,0.419
2018/11/03,0.409
2018/11/04,0.402
2018/11/05,0.401
2018/11/06,0.404
2018/11/07,0.409
2018/11/08,0.419
2018/11/09,0.431
2018/11/10,0.431
2018/11/11,0.424
2018/11/12,0.423
2018/11/13,0.423
2018/11/14,0.44
2018/11/15,0.483
2018/11/16,0.52
2018/11/17,0.518
2018/11/18,0.51
2018/11/19,0.55
2018/11/20,0.63
2018/11/21,0.674
2018/11/22,0.684
2018/11/23,0.68
2018/11/24,0.671
2018/11/25,0.657
2018/11/26,0.651
2018/11/27,0.635
2018/11/28,0.632
2018/11/29,0.649
2018/11/30,0.651
2018/12/01,0.635
2018/12/02,0.605
2018/12/03,0.586
2018/12/04,0.562
2018/12/05,0.536
2018/12/06,0.512
2018/12/07,0.496
2018/12/08,0.465
2018/12/09,0.431
2018/12/10,0.407
2018/12/11,0.387
2018/12/12,0.365
2018/12/13,0.345
2018/12/14,0.332
2018/12/15,0.312
2018/12/16,0.294
2018/12/17,0.282
2018/12/18,0.287
2018/12/19,0.302
2018/12/20,0.312
2018/12/21,0.33
2018/12/22,0.327
2018/12/23,0.319
2018/12/24,0.325
2018/12/25,0.318
2018/12/26,0.307
2018/12/27,0.294
2018/12/28,0.284
2018/12/29,0.275
2018/12/30,0.263
2018/12/31,0.255
2019/01/01,0.24
2019/01/02,0.237
2019/01/03,0.236
2019/01/04,0.237
2019/01/05,0.228
2019/01/06,0.23
2019/01/07,0.244
2019/01/08,0.248
2019/01/09,0.257
2019/01/10,0.265
2019/01/11,0.27
2019/01/12,0.266
2019/01/13,0.257
2019/01/14,0.253
2019/01/15,0.253
2019/01/16,0.259
2019/01/17,0.262
2019/01/18,0.261
2019/01/19,0.257
2019/01/20,0.245
2019/01/21,0.241
2019/01/22,0.241
2019/01/23,0.245
2019/01/24,0.247
2019/01/25,0.254
2019/01/26,0.254
2019/01/27,0.248
2019/01/28,0.252
2019/01/29,0.25
2019/01/30,0.247
2019/01/31,0.252
2019/02/01,0.264
2019/02/02,0.257
2019/02/03,0.247
2019/02/04,0.237
2019/02/05,0.226
2019/02/06,0.222
2019/02/07,0.212
2019/02/08,0.21
2019/02/09,0.208
2019/02/10,0.201
2019/02/11,0.208
2019/02/12,0.24
2019/02/13,0.257
2019/02/14,0.261
2019/02/15,0.271
2019/02/16,0.272
2019/02/17,0.268
2019/02/18,0.278
2019/02/19,0.299
2019/02/20,0.326
2019/02/21,0.348
2019/02/22,0.365
2019/02/23,0.362
2019/02/24,0.367
2019/02/25,0.379
2019/02/26,0.38
2019/02/27,0.381
2019/02/28,0.375
2019/03/01,0.371
2019/03/02,0.361
2019/03/03,0.343
2019/03/04,0.341
2019/03/05,0.343
2019/03/06,0.365
2019/03/07,0.386
2019/03/08,0.399
2019/03/09,0.402
2019/03/10,0.397
2019/03/11,0.4
2019/03/12,0.407
2019/03/13,0.421
2019/03/14,0.433
2019/03/15,0.433
2019/03/16,0.424
2019/03/17,0.408
2019/03/18,0.393
2019/03/19,0.377
2019/03/20,0.37
2019/03/21,0.38
2019/03/22,0.376
2019/03/23,0.363
2019/03/24,0.349
2019/03/25,0.348
2019/03/26,0.351
2019/03/27,0.369
2019/03/28,0.385
2019/03/29,0.43
2019/03/30,0.457
2019/03/31,0.467
2019/04/01,0.503
2019/04/02,0.62
2019/04/03,0.815
2019/04/04,1.019
2019/04/05,1.115
2019/04/06,1.155
2019/04/07,1.202
2019/04/08,1.318
2019/04/09,1.405
2019/04/10,1.447
2019/04/11,1.477
2019/04/12,1.482
2019/04/13,1.424
2019/04/14,1.356
2019/04/15,1.31
2019/04/16,1.264
2019/04/17,1.229
2019/04/18,1.181
2019/04/19,1.163
2019/04/20,1.125
2019/04/21,1.051
2019/04/22,1.037
2019/04/23,1.114
2019/04/24,1.198
2019/04/25,1.221
2019/04/26,1.236
2019/04/27,1.189
2019/04/28,1.125
2019/04/29,1.112
2019/04/30,1.136
2019/05/01,1.092
2019/05/02,1.047
2019/05/03,1.063
2019/05/04,1.047
2019/05/05,1.047
2019/05/06,1.05
2019/05/07,1.12
2019/05/08,1.194
2019/05/09,1.284
2019/05/10,1.453
2019/05/11,1.617
2019/05/12,1.729
2019/05/13,1.817
2019/05/14,1.995
2019/05/15,2.333
2019/05/16,2.729
2019/05/17,3.047
2019/05/18,3.088
2019/05/19,3.128
2019/05/20,3.283
2019/05/21,3.462
2019/05/22,3.524
2019/05/23,3.53
2019/05/24,3.635
2019/05/25,3.584
2019/05/26,3.4
2019/05/27,3.494
2019/05/28,3.589
2019/05/29,3.628
2019/05/30,3.712
2019/05/31,3.99
2019/06/01,4.04
2019/06/02,3.985
2019/06/03,4.241
2019/06/04,4.318
2019/06/05,4.224
2019/06/06,4.036
2019/06/07,3.829
2019/06/08,3.581
2019/06/09,3.296
2019/06/10,3.097
2019/06/11,2.959
2019/06/12,2.85
2019/06/13,2.725
2019/06/14,2.652
2019/06/15,2.524
2019/06/16,2.445
2019/06/17,2.522
2019/06/18,2.531
2019/06/19,2.519
2019/06/20,2.616
2019/06/21,2.774
2019/06/22,2.928
2019/06/23,2.876
2019/06/24,2.892
2019/06/25,3.027
2019/06/26,3.423
2019/06/27,3.884
2019/06/28,4.131
2019/06/29,4.138
2019/06/30,4.136
2019/07/01,4.17
2019/07/02,4.095
2019/07/03,3.94
2019/07/04,3.776
2019/07/05,3.56
2019/07/06,3.281
2019/07/07,3.02
2019/07/08,2.825
2019/07/09,2.683
2019/07/10,2.687
2019/07/11,2.633
2019/07/12,2.526
2019/07/13,2.382
2019/07/14,2.229
2019/07/15,2.158
2019/07/16,2.09
2019/07/17,2.052
2019/07/18,2.073
2019/07/19,2.123
2019/07/20,2.061
2019/07/21,1.964
2019/07/22,1.918
2019/07/23,1.857
2019/07/24,1.806
2019/07/25,1.776
2019/07/26,1.723
2019/07/27,1.639
2019/07/28,1.532
2019/07/29,1.459
2019/07/30,1.475
2019/07/31,1.452
2019/08/01,1.426
2019/08/02,1.401
2019/08/03,1.328
2019/08/04,1.236
2019/08/05,1.25
2019/08/06,1.269
2019/08/07,1.392
2019/08/08,1.54
2019/08/09,1.654
2019/08/10,1.659
2019/08/11,1.627
2019/08/12,1.682
2019/08/13,1.772
2019/08/14,1.784
2019/08/15,1.768
2019/08/16,1.765
2019/08/17,1.711
2019/08/18,1.63
2019/08/19,1.579
2019/08/20,1.552
2019/08/21,1.554
2019/08/22,1.555
2019/08/23,1.505
2019/08/24,1.432
2019/08/25,1.331
2019/08/26,1.278
2019/08/27,1.231
2019/08/28,1.187
2019/08/29,1.141
2019/08/30,1.102
2019/08/31,1.033
2019/09/01,0.971
2019/09/02,0.938
2019/09/03,0.941
2019/09/04,0.962
2019/09/05,0.973
2019/09/06,0.989
2019/09/07,0.978
2019/09/08,0.956
2019/09/09,0.97
2019/09/10,0.992
2019/09/11,1.002
2019/09/12,0.993
2019/09/13,0.987
2019/09/14,0.956
2019/09/15,0.919
2019/09/16,0.906
2019/09/17,0.915
2019/09/18,0.915
2019/09/19,0.93
2019/09/20,0.932
2019/09/21,0.902
2019/09/22,0.866
2019/09/23,0.893
2019/09/24,0.909
2019/09/25,0.928
2019/09/26,0.908
2019/09/27,0.91
2019/09/28,0.872
2019/09/29,0.834
2019/09/30,0.859
2019/10/01,0.9
2019/10/02,0.905
2019/10/03,0.913
2019/10/04,0.883
2019/10/05,0.831
2019/10/06,0.78
2019/10/07,0.748
2019/10/08,0.73
2019/10/09,0.734
2019/10/10,0.742
2019/10/11,0.73
2019/10/12,0.705
2019/10/13,0.669
2019/10/14,0.657
2019/10/15,0.645
2019/10/16,0.648
2019/10/17,0.641
2019/10/18,0.635
2019/10/19,0.615
2019/10/20,0.59
2019/10/21,0.571
2019/10/22,0.56
2019/10/23,0.571
2019/10/24,0.586
2019/10/25,0.623
2019/10/26,0.737
2019/10/27,0.815
2019/10/28,0.874
2019/10/29,0.917
2019/10/30,0.943
2019/10/31,0.983
2019/11/01,1.026
2019/11/02,1.029
2019/11/03,1.016
2019/11/04,1.082
2019/11/05,1.111
2019/11/06,1.123
2019/11/07,1.128
2019/11/08,1.136
2019/11/09,1.096
2019/11/10,1.043
2019/11/11,1.008
2019/11/12,0.98
2019/11/13,0.97
2019/11/14,0.932
2019/11/15,0.905
2019/11/16,0.868
2019/11/17,0.832
2019/11/18,0.81
2019/11/19,0.805
2019/11/20,0.783
2019/11/21,0.791
2019/11/22,0.809
2019/11/23,0.77
2019/11/24,0.728
2019/11/25,0.734
2019/11/26,0.751
2019/11/27,0.752
2019/11/28,0.737
2019/11/29,0.745
2019/11/30,0.746
2019/12/01,0.724
2019/12/02,0.706
2019/12/03,0.682
2019/12/04,0.673
2019/12/05,0.653
2019/12/06,0.641
2019/12/07,0.617
2019/12/08,0.583
2019/12/09,0.566
2019/12/10,0.553
2019/12/11,0.555
2019/12/12,0.546
2019/12/13,0.536
2019/12/14,0.511
2019/12/15,0.514
2019/12/16,0.507
2019/12/17,0.503
2019/12/18,0.514
2019/12/19,0.531
2019/12/20,0.535
2019/12/21,0.517
2019/12/22,0.493
2019/12/23,0.488
2019/12/24,0.48
2019/12/25,0.466
2019/12/26,0.464
2019/12/27,0.451
2019/12/28,0.434
2019/12/29,0.417
2019/12/30,0.405
2019/12/31,0.395
2020/01/01,0.376
2020/01/02,0.365
2020/01/03,0.363
2020/01/04,0.355
2020/01/05,0.347
2020/01/06,0.367
2020/01/07,0.396
2020/01/08,0.452
2020/01/09,0.494
2020/01/10,0.541
2020/01/11,0.544
2020/01/12,0.537
2020/01/13,0.539
2020/01/14,0.561
2020/01/15,0.603
2020/01/16,0.615
2020/01/17,0.629
2020/01/18,0.624
2020/01/19,0.612
2020/01/20,0.595
2020/01/21,0.588
2020/01/22,0.582
2020/01/23,0.574
2020/01/24,0.554
2020/01/25,0.523
2020/01/26,0.496
2020/01/27,0.506
2020/01/28,0.514
2020/01/29,0.515
2020/01/30,0.518
2020/01/31,0.533
2020/02/01,0.535
2020/02/02,0.538
2020/02/03,0.55
2020/02/04,0.573
2020/02/05,0.587
2020/02/06,0.625
2020/02/07,0.672
2020/02/08,0.68
2020/02/09,0.68
2020/02/10,0.716
2020/02/11,0.753
2020/02/12,0.81
2020/02/13,0.855
2020/02/14,0.888
2020/02/15,0.901
2020/02/16,0.889
2020/02/17,0.873
2020/02/18,0.881
2020/02/19,0.892
2020/02/20,0.888
2020/02/21,0.86
2020/02/22,0.824
2020/02/23,0.786
2020/02/24,0.762
2020/02/25,0.744
2020/02/26,0.742
2020/02/27,0.73
2020/02/28,0.71
2020/02/29,0.681
2020/03/01,0.639
2020/03/02,0.625
2020/03/03,0.619
2020/03/04,0.61
2020/03/05,0.608
2020/03/06,0.621
2020/03/07,0.609
2020/03/08,0.587
2020/03/09,0.582
2020/03/10,0.592
2020/03/11,0.619
2020/03/12,0.689
2020/03/13,0.819
2020/03/14,0.861
2020/03/15,0.903
2020/03/16,0.949
2020/03/17,0.994
2020/03/18,1.054
2020/03/19,1.126
2020/03/20,1.232
2020/03/21,1.249
2020/03/22,1.233
2020/03/23,1.243
2020/03/24,1.228
2020/03/25,1.252
2020/03/26,1.253
2020/03/27,1.219
2020/03/28,1.157
2020/03/29,1.071
2020/03/30,0.996
2020/03/31,0.933
2020/04/01,0.868
2020/04/02,0.806
2020/04/03,0.761
2020/04/04,0.702
2020/04/05,0.642
2020/04/06,0.608
2020/04/07,0.587
2020/04/08,0.57
2020/04/09,0.562
2020/04/10,0.548
2020/04/11,0.523
2020/04/12,0.503
2020/04/13,0.484
2020/04/14,0.484
2020/04/15,0.494
2020/04/16,0.508
2020/04/17,0.525
2020/04/18,0.52
2020/04/19,0.511
2020/04/20,0.509
2020/04/21,0.509
2020/04/22,0.526
2020/04/23,0.579
2020/04/24,0.624
2020/04/25,0.649
2020/04/26,0.654
2020/04/27,0.666
2020/04/28,0.671
2020/04/29,0.757
2020/04/30,1.058
2020/05/01,1.323
2020/05/02,1.469
2020/05/03,1.562
2020/05/04,1.64
2020/05/05,1.724
2020/05/06,1.784
2020/05/07,1.908
2020/05/08,2.118
2020/05/09,2.241
2020/05/10,2.24
2020/05/11,2.308
2020/05/12,2.394
2020/05/13,2.529
2020/05/14,2.891
2020/05/15,3.205
2020/05/16,3.296
2020/05/17,3.462
2020/05/18,3.837
2020/05/19,4.254
2020/05/20,4.658
2020/05/21,4.967
2020/05/22,5.096
2020/05/23,5.006
2020/05/24,4.83
2020/05/25,4.634
2020/05/26,4.346
2020/05/27,4.06
2020/05/28,3.829
2020/05/29,3.677
2020/05/30,3.423
2020/05/31,3.178
2020/06/01,2.979
2020/06/02,2.907
2020/06/03,2.774
2020/06/04,2.601
2020/06/05,2.439
2020/06/06,2.232
2020/06/07,2.039
2020/06/08,1.904
2020/06/09,1.754
2020/06/10,1.632
2020/06/11,1.517
2020/06/12,1.386
2020/06/13,1.254
2020/06/14,1.116
2020/06/15,1.063
2020/06/16,1.068
2020/06/17,1.083
2020/06/18,1.126
2020/06/19,1.156
2020/06/20,1.139
2020/06/21,1.113
2020/06/22,1.118
2020/06/23,1.14
2020/06/24,1.165
2020/06/25,1.175
2020/06/26,1.154
2020/06/27,1.108
2020/06/28,1.049
2020/06/29,1.027
2020/06/30,1.053
2020/07/01,1.106
2020/07/02,1.159
2020/07/03,1.206
2020/07/04,1.188
2020/07/05,1.147
2020/07/06,1.13
2020/07/07,1.126
2020/07/08,1.149
2020/07/09,1.189
2020/07/10,1.211
2020/07/11,1.188
2020/07/12,1.14
2020/07/13,1.146
2020/07/14,1.202
2020/07/15,1.29
2020/07/16,1.4
2020/07/17,1.55
2020/07/18,1.671
2020/07/19,1.682
2020/07/20,1.794
2020/07/21,1.99
2020/07/22,2.252
2020/07/23,2.51
2020/07/24,2.664
2020/07/25,2.758
2020/07/26,2.781
2020/07/27,2.967
2020/07/28,3.387
2020/07/29,3.739
2020/07/30,4.117
2020/07/31,4.368
2020/08/01,4.54
2020/08/02,4.578
2020/08/03,4.616
2020/08/04,4.557
2020/08/05,4.696
2020/08/06,4.968
2020/08/07,5.009
2020/08/08,4.812
2020/08/09,4.54
2020/08/10,4.591
2020/08/11,4.615
2020/08/12,4.525
2020/08/13,4.413
2020/08/14,4.263
2020/08/15,4.016
2020/08/16,3.786
2020/08/17,3.685
2020/08/18,3.888
2020/08/19,4.028
2020/08/20,4.089
2020/08/21,4.231
2020/08/22,4.155
2020/08/23,3.932
2020/08/24,3.768
2020/08/25,3.707
2020/08/26,3.717
2020/08/27,3.788
2020/08/28,3.735
2020/08/29,3.581
2020/08/30,3.451
2020/08/31,3.42
2020/09/01,3.446
2020/09/02,3.579
2020/09/03,3.733
2020/09/04,3.971
2020/09/05,3.988
2020/09/06,3.864
2020/09/07,3.77
2020/09/08,3.616
2020/09/09,3.513
2020/09/10,3.474
2020/09/11,3.428
2020/09/12,3.228
2020/09/13,3.032
2020/09/14,2.875
2020/09/15,2.764
2020/09/16,2.665
2020/09/17,2.552
2020/09/18,2.479
2020/09/19,2.36
2020/09/20,2.21
2020/09/21,2.181
2020/09/22,2.197
2020/09/23,2.266
2020/09/24,2.315
2020/09/25,2.318
2020/09/26,2.232
2020/09/27,2.143
2020/09/28,2.129
2020/09/29,2.18
2020/09/30,2.276
2020/10/01,2.461
2020/10/02,2.698
2020/10/03,2.697
2020/10/04,2.66
2020/10/05,2.796
2020/10/06,2.953
2020/10/07,3.012
2020/10/08,3.091
2020/10/09,3.194
2020/10/10,3.192
2020/10/11,3.096
2020/10/12,3.054
2020/10/13,2.982
2020/10/14,2.924
2020/10/15,2.864
2020/10/16,2.764
2020/10/17,2.577
2020/10/18,2.444
2020/10/19,2.332
2020/10/20,2.346
2020/10/21,2.625
2020/10/22,3.117
2020/10/23,3.498
2020/10/24,3.623
2020/10/25,3.676
2020/10/26,4.015
2020/10/27,4.917
2020/10/28,5.943
2020/10/29,6.995
2020/10/30,8.036
2020/10/31,8.975
2020/11/01,9.232
2020/11/02,9.931
2020/11/03,10.419
2020/11/04,10.421
2020/11/05,10.802
2020/11/06,10.99
2020/11/07,10.686
2020/11/08,10.122
2020/11/09,9.631
2020/11/10,9.281
2020/11/11,8.613
2020/11/12,7.975
2020/11/13,7.464
2020/11/14,6.76
2020/11/15,6.045
2020/11/16,5.614
2020/11/17,5.271
2020/11/18,5.049
2020/11/19,4.945
2020/11/20,4.718
2020/11/21,4.397
2020/11/22,4.036
2020/11/23,3.888
2020/11/24,3.954
2020/11/25,4.091
2020/11/26,4.279
2020/11/27,4.31
2020/11/28,4.206
2020/11/29,4.019
2020/11/30,4.18
2020/12/01,4.608
2020/12/02,5.037
2020/12/03,5.504
2020/12/04,5.735
2020/12/05,5.696
2020/12/06,5.493
2020/12/07,5.381
2020/12/08,5.229
2020/12/09,5.084
2020/12/10,4.965
2020/12/11,4.846
2020/12/12,4.598
2020/12/13,4.291
2020/12/14,4.105
2020/12/15,4.017
2020/12/16,4.073
2020/12/17,5.063
2020/12/18,6.017
2020/12/19,6.419
2020/12/20,6.521
2020/12/21,7.372
2020/12/22,7.821
2020/12/23,8.283
2020/12/24,8.59
2020/12/25,8.596
2020/12/26,8.454
2020/12/27,8.499
2020/12/28,8.578
2020/12/29,8.569
2020/12/30,8.567
2020/12/31,8.632
2021/01/01,8.191
2021/01/02,8.17
2021/01/03,8.123
2021/01/04,8.22
2021/01/05,8.484
2021/01/06,8.866
2021/01/07,9.284
2021/01/08,10.132
2021/01/09,10.755
2021/01/10,10.921
2021/01/11,11.433
2021/01/12,12.332
2021/01/13,12.849
2021/01/14,13.472
2021/01/15,14.03
2021/01/16,13.758
2021/01/17,13.215
2021/01/18,12.801
2021/01/19,12.562
2021/01/20,12.236
2021/01/21,12.34
2021/01/22,12.11
2021/01/23,11.487
2021/01/24,10.82
2021/01/25,10.662
2021/01/26,10.121
2021/01/27,9.699
2021/01/28,9.393
2021/01/29,10.336
2021/01/30,10.987
2021/01/31,11.124
2021/02/01,11.759
2021/02/02,12.14
2021/02/03,12.524
2021/02/04,13.243
2021/02/05,13.66
2021/02/06,13.921
2021/02/07,13.77
2021/02/08,14.237
2021/02/09,15.863
2021/02/10,16.937
2021/02/11,18.611
2021/02/12,20.088
2021/02/13,20.424
2021/02/14,20.291
2021/02/15,20.35
2021/02/16,20.484
2021/02/17,20.952
2021/02/18,21.54
2021/02/19,22.164
2021/02/20,22.823
2021/02/21,23.131
2021/02/22,23.465
2021/02/23,24.54
2021/02/24,24.877
2021/02/25,24.781
2021/02/26,24.635
2021/02/27,23.561
2021/02/28,22.441
2021/03/01,22.151
2021/03/02,21.634
2021/03/03,21.253
2021/03/04,20.792
2021/03/05,20.098
2021/03/06,18.941
2021/03/07,17.982
2021/03/08,17.393
2021/03/09,17.321
2021/03/10,17.204
2021/03/11,17.67
2021/03/12,18.063
2021/03/13,19.011
2021/03/14,18.876
2021/03/15,19.368
2021/03/16,19.427
2021/03/17,19.611
2021/03/18,20.347
2021/03/19,20.669
2021/03/20,20.394
2021/03/21,19.758
2021/03/22,19.294
2021/03/23,18.549
2021/03/24,17.948
2021/03/25,17.224
2021/03/26,16.699
2021/03/27,15.969
2021/03/28,15.39
2021/03/29,15.136
2021/03/30,15.27
2021/03/31,15.489
2021/04/01,15.58
2021/04/02,15.787
2021/04/03,16.063
2021/04/04,16.097
2021/04/05,16.552
2021/04/06,17.13
2021/04/07,17.36
2021/04/08,17.679
2021/04/09,18.226
2021/04/10,18.334
2021/04/11,17.971
2021/04/12,18.134
2021/04/13,18.457
2021/04/14,19.905
2021/04/15,21
2021/04/16,23.632
2021/04/17,27.668
2021/04/18,30.354
2021/04/19,34.714
2021/04/20,38.893
2021/04/21,43.081
2021/04/22,46.299
2021/04/23,47.378
2021/04/24,46.022
2021/04/25,43.888
2021/04/26,43.399
2021/04/27,41.775
2021/04/28,39.683
2021/04/29,38.04
2021/04/30,36.003
2021/05/01,33.427
2021/05/02,30.876
2021/05/03,28.792
2021/05/04,26.503
2021/05/05,24.577
2021/05/06,23.345
2021/05/07,22.378
2021/05/08,21.571
2021/05/09,20.57
2021/05/10,20.022
2021/05/11,19.028
2021/05/12,18.139
2021/05/13,17.185
2021/05/14,16.508
2021/05/15,15.872
2021/05/16,15.081
2021/05/17,14.662
2021/05/18,14.324
2021/05/19,14.673
2021/05/20,15.674
2021/05/21,16.581
2021/05/22,16.723
2021/05/23,16.55
2021/05/24,16.468
2021/05/25,16.254
2021/05/26,15.947
2021/05/27,15.483
2021/05/28,14.985
2021/05/29,14.077
2021/05/30,13.052
2021/05/31,12.072
2021/06/01,11.165
2021/06/02,10.348
2021/06/03,9.62
2021/06/04,8.923
2021/06/05,8.237
2021/06/06,7.502
2021/06/07,6.983
2021/06/08,6.483
2021/06/09,6.18
2021/06/10,6.121
2021/06/11,6.134
2021/06/12,6.024
2021/06/13,5.783
2021/06/14,5.788
2021/06/15,5.84
2021/06/16,5.855
2021/06/17,5.751
2021/06/18,5.679
2021/06/19,5.561
2021/06/20,5.458
2021/06/21,5.586
2021/06/22,5.871
2021/06/23,6.172
2021/06/24,6.291
2021/06/25,6.382
2021/06/26,6.255
2021/06/27,6.402
2021/06/28,6.692
2021/06/29,7.07
2021/06/30,7.518
2021/07/01,8.028
2021/07/02,8.524
2021/07/03,8.647
2021/07/04,8.781
2021/07/05,8.653
2021/07/06,8.491
2021/07/07,8.186
2021/07/08,7.669
2021/07/09,7.145
2021/07/10,6.586
2021/07/11,6.085
2021/07/12,5.699
2021/07/13,5.37
2021/07/14,4.937
2021/07/15,4.539
2021/07/16,4.109
2021/07/17,3.724
2021/07/18,3.425
2021/07/19,3.22
2021/07/20,3.018
2021/07/21,2.808
2021/07/22,2.646
2021/07/23,2.603
2021/07/24,2.501
2021/07/25,2.375
2021/07/26,2.367
2021/07/27,2.335
2021/07/28,2.337
2021/07/29,2.322
2021/07/30,2.314
2021/07/31,2.308
2021/08/01,2.287
2021/08/02,2.279
2021/08/03,2.244
2021/08/04,2.269
2021/08/05,2.283
2021/08/06,2.276
2021/08/07,2.257
2021/08/08,2.257
2021/08/09,2.271
2021/08/10,2.293
2021/08/11,2.299
2021/08/12,2.302
2021/08/13,2.556
2021/08/14,2.561
2021/08/15,2.561
2021/08/16,2.623
2021/08/17,2.663
2021/08/18,2.697
2021/08/19,2.661
2021/08/20,2.687
2021/08/21,2.679
2021/08/22,2.725
2021/08/23,2.719
2021/08/24,2.729
2021/08/25,2.679
2021/08/26,2.597
2021/08/27,2.53
2021/08/28,2.506
2021/08/29,2.458
2021/08/30,2.437
2021/08/31,2.42
2021/09/01,2.489
2021/09/02,2.61
2021/09/03,2.697
2021/09/04,2.698
2021/09/05,2.691
2021/09/06,2.786
2021/09/07,2.878
2021/09/08,2.855
2021/09/09,2.813
2021/09/10,2.781
2021/09/11,2.717
2021/09/12,2.623
2021/09/13,2.618
2021/09/14,2.593
2021/09/15,2.629
2021/09/16,2.659
2021/09/17,2.648
2021/09/18,2.62
2021/09/19,2.527
2021/09/20,2.485
2021/09/21,2.489
2021/09/22,2.446
2021/09/23,2.42
2021/09/24,2.428
2021/09/25,2.329
2021/09/26,2.254
2021/09/27,2.221
2021/09/28,2.198
2021/09/29,2.147
2021/09/30,2.136
2021/10/01,2.201
2021/10/02,2.174
2021/10/03,2.177
2021/10/04,2.212
2021/10/05,2.244
2021/10/06,2.424
2021/10/07,2.717
2021/10/08,2.925
2021/10/09,3.018
2021/10/10,3.104
2021/10/11,3.292
2021/10/12,3.428
2021/10/13,3.456
2021/10/14,3.48
2021/10/15,3.592
2021/10/16,3.624
2021/10/17,3.592
2021/10/18,3.582
2021/10/19,3.507
2021/10/20,3.58
2021/10/21,3.639
2021/10/22,3.621
2021/10/23,3.547
2021/10/24,3.414
2021/10/25,3.355
2021/10/26,3.283
2021/10/27,3.174
2021/10/28,3.083
2021/10/29,3.067
2021/10/30,2.978
2021/10/31,2.897
2021/11/01,2.911
2021/11/02,2.992
2021/11/03,3.038
2021/11/04,3.096
2021/11/05,3.195
2021/11/06,3.159
2021/11/07,3.108
2021/11/08,3.197
2021/11/09,3.411
2021/11/10,3.529
2021/11/11,3.546
2021/11/12,3.548
2021/11/13,3.479
2021/11/14,3.357
2021/11/15,3.284
2021/11/16,3.183
2021/11/17,3.112
2021/11/18,2.993
2021/11/19,2.922
2021/11/20,2.916
2021/11/21,2.826
2021/11/22,2.75
2021/11/23,2.676
2021/11/24,2.65
2021/11/25,2.683
2021/11/26,2.691
2021/11/27,2.588
2021/11/28,2.49
2021/11/29,2.431
2021/11/30,2.423
2021/12/01,2.634
2021/12/02,2.743
2021/12/03,2.727
2021/12/04,2.821
2021/12/05,3.126
2021/12/06,3.04
2021/12/07,2.928
2021/12/08,2.812
2021/12/09,2.721
2021/12/10,2.635
2021/12/11,2.508
2021/12/12,2.357
2021/12/13,2.308
